INSERT INTO Movies(id, title, overview, popularity, releaseDate, posterPath, voteCount, voteAvg, revenue) VALUES(399566,'Godzilla vs. Kong','In a time when monsters walk the Earth, humanity’s fight for its future sets Godzilla and Kong on a collision course that will see the two most powerful forces of nature on the planet collide in a spectacular battle for the ages.',9975.169,'2021-03-24','/pgqgaUx1cJb5oZQQ5v0tNARCeBp.jpg',8.4, 3877,'2.854e+08');
INSERT INTO Genres(id, genre) VALUES (28,'Action');
INSERT INTO MovieGenre(movieId, genreId) VALUES (399566,28);
INSERT INTO Genres(id, genre) VALUES (878,'Science Fiction');
INSERT INTO MovieGenre(movieId, genreId) VALUES (399566,878);
INSERT INTO Movies(id, title, overview, popularity, releaseDate, posterPath, voteCount, voteAvg, revenue) VALUES(791373,'Zack Snyder\'s Justice League','Determined to ensure Superman\'s ultimate sacrifice was not in vain, Bruce Wayne aligns forces with Diana Prince with plans to recruit a team of metahumans to protect the world from an approaching threat of catastrophic proportions.',4039.736,'2021-03-18','/tnAuB8q5vv7Ax9UAEje5Xi4BXik.jpg',8.6, 4651,'0');
INSERT INTO MovieGenre(movieId, genreId) VALUES (791373,28);
INSERT INTO Genres(id, genre) VALUES (12,'Adventure');
INSERT INTO MovieGenre(movieId, genreId) VALUES (791373,12);
INSERT INTO Genres(id, genre) VALUES (14,'Fantasy');
INSERT INTO MovieGenre(movieId, genreId) VALUES (791373,14);
INSERT INTO MovieGenre(movieId, genreId) VALUES (791373,878);
INSERT INTO Movies(id, title, overview, popularity, releaseDate, posterPath, voteCount, voteAvg, revenue) VALUES(527774,'Raya and the Last Dragon','Long ago, in the fantasy world of Kumandra, humans and dragons lived together in harmony. But when an evil force threatened the land, the dragons sacrificed themselves to save humanity. Now, 500 years later, that same evil has returned and it’s up to a lone warrior, Raya, to track down the legendary last dragon to restore the fractured land and its divided people.',2246.905,'2021-03-03','/lPsD10PP4rgUGiGR4CCXA6iY0QQ.jpg',8.3, 2122,'5.6482606e+07');
INSERT INTO Genres(id, genre) VALUES (16,'Animation');
INSERT INTO MovieGenre(movieId, genreId) VALUES (527774,16);
INSERT INTO MovieGenre(movieId, genreId) VALUES (527774,12);
INSERT INTO MovieGenre(movieId, genreId) VALUES (527774,14);
INSERT INTO Genres(id, genre) VALUES (10751,'Family');
INSERT INTO MovieGenre(movieId, genreId) VALUES (527774,10751);
INSERT INTO MovieGenre(movieId, genreId) VALUES (527774,28);
INSERT INTO Movies(id, title, overview, popularity, releaseDate, posterPath, voteCount, voteAvg, revenue) VALUES(412656,'Chaos Walking','Two unlikely companions embark on a perilous adventure through the badlands of an unexplored planet as they try to escape a dangerous and disorienting reality, where all inner thoughts are seen and heard by everyone.',1063.919,'2021-02-24','/9kg73Mg8WJKlB9Y2SAJzeDKAnuB.jpg',7.6, 227,'0');
INSERT INTO MovieGenre(movieId, genreId) VALUES (412656,878);
INSERT INTO MovieGenre(movieId, genreId) VALUES (412656,28);
INSERT INTO MovieGenre(movieId, genreId) VALUES (412656,12);
INSERT INTO Genres(id, genre) VALUES (53,'Thriller');
INSERT INTO MovieGenre(movieId, genreId) VALUES (412656,53);
INSERT INTO Movies(id, title, overview, popularity, releaseDate, posterPath, voteCount, voteAvg, revenue) VALUES(464052,'Wonder Woman 1984','A botched store robbery places Wonder Woman in a global battle against a powerful and mysterious ancient force that puts her powers in jeopardy.',1327.684,'2020-12-16','/8UlWHLMpgZm9bx6QYh0NFoq67TZ.jpg',6.8, 4729,'1.6516e+08');
INSERT INTO MovieGenre(movieId, genreId) VALUES (464052,14);
INSERT INTO MovieGenre(movieId, genreId) VALUES (464052,28);
INSERT INTO MovieGenre(movieId, genreId) VALUES (464052,12);
INSERT INTO Movies(id, title, overview, popularity, releaseDate, posterPath, voteCount, voteAvg, revenue) VALUES(600354,'The Father','A man refuses all assistance from his daughter as he ages and, as he tries to make sense of his changing circumstances, he begins to doubt his loved ones, his own mind and even the fabric of his reality.',133.313,'2021-02-26','/uxWXW1YYQENSv7OzHB4Hds0bK3b.jpg',8.3, 201,'924803');
INSERT INTO Genres(id, genre) VALUES (18,'Drama');
INSERT INTO MovieGenre(movieId, genreId) VALUES (600354,18);
INSERT INTO Movies(id, title, overview, popularity, releaseDate, posterPath, voteCount, voteAvg, revenue) VALUES(458576,'Monster Hunter','A portal transports Cpt. Artemis and an elite unit of soldiers to a strange world where powerful monsters rule with deadly ferocity. Faced with relentless danger, the team encounters a mysterious hunter who may be their only hope to find a way home.',1357.833,'2020-12-03','/1UCOF11QCw8kcqvce8LKOO6pimh.jpg',7.1, 1387,'2.5814306e+07');
INSERT INTO MovieGenre(movieId, genreId) VALUES (458576,14);
INSERT INTO MovieGenre(movieId, genreId) VALUES (458576,28);
INSERT INTO MovieGenre(movieId, genreId) VALUES (458576,12);
INSERT INTO Movies(id, title, overview, popularity, releaseDate, posterPath, voteCount, voteAvg, revenue) VALUES(587807,'Tom & Jerry','Tom the cat and Jerry the mouse get kicked out of their home and relocate to a fancy New York hotel, where a scrappy employee named Kayla will lose her job if she can’t evict Jerry before a high-class wedding at the hotel. Her solution? Hiring Tom to get rid of the pesky mouse.',1510.284,'2021-02-11','/6KErczPBROQty7QoIsaa6wJYXZi.jpg',7.4, 1141,'6.689e+07');
INSERT INTO Genres(id, genre) VALUES (35,'Comedy');
INSERT INTO MovieGenre(movieId, genreId) VALUES (587807,35);
INSERT INTO MovieGenre(movieId, genreId) VALUES (587807,10751);
INSERT INTO MovieGenre(movieId, genreId) VALUES (587807,16);
INSERT INTO Movies(id, title, overview, popularity, releaseDate, posterPath, voteCount, voteAvg, revenue) VALUES(621954,'Concrete Cowboy','Sent to live with his estranged father for the summer, a rebellious teen finds kinship in a tight-knit Philadelphia community of Black cowboys.',48.862,'2020-09-10','/qRW2poVt06WCVlIhrolWS5af4YV.jpg',6.2, 26,'0');
INSERT INTO MovieGenre(movieId, genreId) VALUES (621954,18);
INSERT INTO Genres(id, genre) VALUES (37,'Western');
INSERT INTO MovieGenre(movieId, genreId) VALUES (621954,37);
INSERT INTO Movies(id, title, overview, popularity, releaseDate, posterPath, voteCount, voteAvg, revenue) VALUES(508442,'Soul','Joe Gardner is a middle school teacher with a love for jazz music. After a successful gig at the Half Note Club, he suddenly gets into an accident that separates his soul from his body and is transported to the You Seminar, a center in which souls develop and gain passions before being transported to a newborn child. Joe must enlist help from the other souls-in-training, like 22, a soul who has spent eons in the You Seminar, in order to get back to Earth.',623.468,'2020-12-25','/hm58Jw4Lw8OIeECIq5qyPYhAeRJ.jpg',8.3, 5607,'5.74e+07');
INSERT INTO MovieGenre(movieId, genreId) VALUES (508442,10751);
INSERT INTO MovieGenre(movieId, genreId) VALUES (508442,16);
INSERT INTO MovieGenre(movieId, genreId) VALUES (508442,35);
INSERT INTO MovieGenre(movieId, genreId) VALUES (508442,18);
INSERT INTO Genres(id, genre) VALUES (10402,'Music');
INSERT INTO MovieGenre(movieId, genreId) VALUES (508442,10402);
INSERT INTO MovieGenre(movieId, genreId) VALUES (508442,14);
INSERT INTO Movies(id, title, overview, popularity, releaseDate, posterPath, voteCount, voteAvg, revenue) VALUES(299534,'Avengers: Endgame','After the devastating events of Avengers: Infinity War, the universe is in ruins due to the efforts of the Mad Titan, Thanos. With the help of remaining allies, the Avengers must assemble once more in order to undo Thanos\' actions and restore order to the universe once and for all, no matter what consequences may be in store.',266.554,'2019-04-24','/ulzhLuWrPK07P1YkdWQLZnQh1JL.jpg',8.3, 17776,'2.797800564e+09');
INSERT INTO MovieGenre(movieId, genreId) VALUES (299534,12);
INSERT INTO MovieGenre(movieId, genreId) VALUES (299534,878);
INSERT INTO MovieGenre(movieId, genreId) VALUES (299534,28);
INSERT INTO Movies(id, title, overview, popularity, releaseDate, posterPath, voteCount, voteAvg, revenue) VALUES(484718,'Coming 2 America','Prince Akeem Joffer is set to become King of Zamunda when he discovers he has a son he never knew about in America – a street savvy Queens native named Lavelle. Honoring his royal father\'s dying wish to groom this son as the crown prince, Akeem and Semmi set off to America once again.',533.85,'2021-03-05','/nWBPLkqNApY5pgrJFMiI9joSI30.jpg',6.9, 1178,'0');
INSERT INTO MovieGenre(movieId, genreId) VALUES (484718,35);
INSERT INTO Movies(id, title, overview, popularity, releaseDate, posterPath, voteCount, voteAvg, revenue) VALUES(544401,'Cherry','Cherry drifts from college dropout to army medic in Iraq - anchored only by his true love, Emily. But after returning from the war with PTSD, his life spirals into drugs and crime as he struggles to find his place in the world.',1347.32,'2021-02-26','/pwDvkDyaHEU9V7cApQhbcSJMG1w.jpg',7.6, 468,'0');
INSERT INTO Genres(id, genre) VALUES (80,'Crime');
INSERT INTO MovieGenre(movieId, genreId) VALUES (544401,80);
INSERT INTO MovieGenre(movieId, genreId) VALUES (544401,18);
INSERT INTO Movies(id, title, overview, popularity, releaseDate, posterPath, voteCount, voteAvg, revenue) VALUES(660006,'Madame Claude','Paris, the late 1960s. Madame Claude is at the head of a flourishing business dedicated to prostitution that gives her power over both the french political and criminal worlds. But the end of her empire is closer than she thinks.',206.419,'2021-04-02','/9miY5tHWmvVAft4gjqyaXyhLYHY.jpg',6.4, 44,'0');
INSERT INTO MovieGenre(movieId, genreId) VALUES (660006,80);
INSERT INTO MovieGenre(movieId, genreId) VALUES (660006,18);
INSERT INTO Genres(id, genre) VALUES (10749,'Romance');
INSERT INTO MovieGenre(movieId, genreId) VALUES (660006,10749);
INSERT INTO Movies(id, title, overview, popularity, releaseDate, posterPath, voteCount, voteAvg, revenue) VALUES(651589,'Sky High','A commentary on Spanish society dressed as a thriller about the misadventures of a gang of young petty criminals after the real estate crash.',113.893,'2020-12-18','/ha3MABXTeQLf09cFsgcGaA2dpY7.jpg',6.5, 59,'0');
INSERT INTO MovieGenre(movieId, genreId) VALUES (651589,28);
INSERT INTO MovieGenre(movieId, genreId) VALUES (651589,18);
INSERT INTO MovieGenre(movieId, genreId) VALUES (651589,53);
INSERT INTO Movies(id, title, overview, popularity, releaseDate, posterPath, voteCount, voteAvg, revenue) VALUES(460465,'Mortal Kombat','Washed-up MMA fighter Cole Young, unaware of his heritage, and hunted by Emperor Shang Tsung\'s best warrior, Sub-Zero, seeks out and trains with Earth\'s greatest champions as he prepares to stand against the enemies of Outworld in a high stakes battle for the universe.',319.992,'2021-04-07','/8yhtzsbBExY8mUct2GOk4LDDuGH.jpg',8, 10,'0');
INSERT INTO MovieGenre(movieId, genreId) VALUES (460465,14);
INSERT INTO MovieGenre(movieId, genreId) VALUES (460465,28);
INSERT INTO MovieGenre(movieId, genreId) VALUES (460465,12);
INSERT INTO Movies(id, title, overview, popularity, releaseDate, posterPath, voteCount, voteAvg, revenue) VALUES(529203,'The Croods: A New Age','Searching for a safer habitat, the prehistoric Crood family discovers an idyllic, walled-in paradise that meets all of its needs. Unfortunately, they must also learn to live with the Bettermans -- a family that\'s a couple of steps above the Croods on the evolutionary ladder. As tensions between the new neighbors start to rise, a new threat soon propels both clans on an epic adventure that forces them to embrace their differences, draw strength from one another, and survive together.',856.466,'2020-11-25','/tbVZ3Sq88dZaCANlUcewQuHQOaE.jpg',7.5, 1912,'1.3507609e+08');
INSERT INTO MovieGenre(movieId, genreId) VALUES (529203,10751);
INSERT INTO MovieGenre(movieId, genreId) VALUES (529203,14);
INSERT INTO MovieGenre(movieId, genreId) VALUES (529203,16);
INSERT INTO MovieGenre(movieId, genreId) VALUES (529203,35);
INSERT INTO Movies(id, title, overview, popularity, releaseDate, posterPath, voteCount, voteAvg, revenue) VALUES(578908,'Bad Trip','Two pals embark on a road trip full of funny pranks that pull real people into mayhem.',459.858,'2021-03-26','/A1Gy5HX3DKGaNW1Ay30NTIVJqJ6.jpg',6, 100,'0');
INSERT INTO MovieGenre(movieId, genreId) VALUES (578908,35);
INSERT INTO Movies(id, title, overview, popularity, releaseDate, posterPath, voteCount, voteAvg, revenue) VALUES(602269,'The Little Things','Deputy Sheriff Joe "Deke" Deacon joins forces with Sgt. Jim Baxter to search for a serial killer who\'s terrorizing Los Angeles. As they track the culprit, Baxter is unaware that the investigation is dredging up echoes of Deke\'s past, uncovering disturbing secrets that could threaten more than his case.',747.778,'2021-01-28','/c7VlGCCgM9GZivKSzBgzuOVxQn7.jpg',6.4, 719,'2.3205e+07');
INSERT INTO MovieGenre(movieId, genreId) VALUES (602269,53);
INSERT INTO MovieGenre(movieId, genreId) VALUES (602269,80);
INSERT INTO Movies(id, title, overview, popularity, releaseDate, posterPath, voteCount, voteAvg, revenue) VALUES(797394,'Secret Magic Control Agency','The Secret Magic Control Agency sends its two best agents, Hansel and Gretel, to fight against the witch of the Gingerbread House.',1002.638,'2021-03-18','/4ZSzEDVdxWVMVO4oZDvoodQOEfr.jpg',7.3, 76,'0');
INSERT INTO MovieGenre(movieId, genreId) VALUES (797394,16);
INSERT INTO MovieGenre(movieId, genreId) VALUES (797394,35);
INSERT INTO MovieGenre(movieId, genreId) VALUES (797394,14);
INSERT INTO Movies(id, title, overview, popularity, releaseDate, posterPath, voteCount, voteAvg, revenue) VALUES(209112,'Batman v Superman: Dawn of Justice','Fearing the actions of a god-like Super Hero left unchecked, Gotham City’s own formidable, forceful vigilante takes on Metropolis’s most revered, modern-day savior, while the world wrestles with what sort of hero it really needs. And with Batman and Superman at war with one another, a new threat quickly arises, putting mankind in greater danger than it’s ever known before.',110.268,'2016-03-23','/5UsK3grJvtQrtzEgqNlDljJW96w.jpg',5.9, 14589,'8.73634919e+08');
INSERT INTO MovieGenre(movieId, genreId) VALUES (209112,28);
INSERT INTO MovieGenre(movieId, genreId) VALUES (209112,12);
INSERT INTO MovieGenre(movieId, genreId) VALUES (209112,14);
INSERT INTO Movies(id, title, overview, popularity, releaseDate, posterPath, voteCount, voteAvg, revenue) VALUES(802504,'Just Say Yes','Incurable romantic Lotte finds her life upended when her plans for a picture-perfect wedding unravel -- just as her self-absorbed sister gets engaged.',233.626,'2021-04-02','/3btDwus5VN5jOWfA9strpDJWwfj.jpg',6, 41,'0');
INSERT INTO MovieGenre(movieId, genreId) VALUES (802504,35);
INSERT INTO MovieGenre(movieId, genreId) VALUES (802504,10749);
INSERT INTO Movies(id, title, overview, popularity, releaseDate, posterPath, voteCount, voteAvg, revenue) VALUES(582014,'Promising Young Woman','A young woman, traumatized by a tragic event in her past, seeks out vengeance against those who crossed her path.',92.299,'2020-12-13','/73QoFJFmUrJfDG2EynFjNc5gJxk.jpg',7.6, 637,'2.70718e+06');
INSERT INTO MovieGenre(movieId, genreId) VALUES (582014,53);
INSERT INTO MovieGenre(movieId, genreId) VALUES (582014,80);
INSERT INTO MovieGenre(movieId, genreId) VALUES (582014,18);
INSERT INTO Movies(id, title, overview, popularity, releaseDate, posterPath, voteCount, voteAvg, revenue) VALUES(124905,'Godzilla','Ford Brody, a Navy bomb expert, has just reunited with his family in San Francisco when he is forced to go to Japan to help his estranged father, Joe. Soon, both men are swept up in an escalating crisis when an ancient alpha predator arises from the sea to combat malevolent adversaries that threaten the survival of humanity. The creatures leave colossal destruction in their wake, as they make their way toward their final battleground: San Francisco.',181.563,'2014-05-14','/iBZhbCVhLpyxAfW1B8ePUxjScrx.jpg',6.2, 6809,'5.29076069e+08');
INSERT INTO MovieGenre(movieId, genreId) VALUES (124905,28);
INSERT INTO MovieGenre(movieId, genreId) VALUES (124905,18);
INSERT INTO MovieGenre(movieId, genreId) VALUES (124905,878);
INSERT INTO Movies(id, title, overview, popularity, releaseDate, posterPath, voteCount, voteAvg, revenue) VALUES(577922,'Tenet','Armed with only one word - Tenet - and fighting for the survival of the entire world, the Protagonist journeys through a twilight world of international espionage on a mission that will unfold in something beyond real time.',424.489,'2020-08-22','/k68nPLbIST6NP96JmTxmZijEvCA.jpg',7.3, 4921,'3.63129e+08');
INSERT INTO MovieGenre(movieId, genreId) VALUES (577922,28);
INSERT INTO MovieGenre(movieId, genreId) VALUES (577922,53);
INSERT INTO MovieGenre(movieId, genreId) VALUES (577922,878);
INSERT INTO Movies(id, title, overview, popularity, releaseDate, posterPath, voteCount, voteAvg, revenue) VALUES(699102,'A Week Away','Troubled teen Will Hawkins has a run-in with the law that puts him at an important crossroad: go to juvenile detention or attend a Christian summer camp. At first a fish-out-of-water, Will opens his heart, discovers love with a camp regular, and sense of belonging in the last place he expected to find it.',379.502,'2021-03-26','/htTS07IvYv3rv57ftzNEprefwSq.jpg',7, 122,'0');
INSERT INTO MovieGenre(movieId, genreId) VALUES (699102,18);
INSERT INTO MovieGenre(movieId, genreId) VALUES (699102,10751);
INSERT INTO MovieGenre(movieId, genreId) VALUES (699102,10402);
INSERT INTO MovieGenre(movieId, genreId) VALUES (699102,10749);
INSERT INTO Movies(id, title, overview, popularity, releaseDate, posterPath, voteCount, voteAvg, revenue) VALUES(615457,'Nobody','Hutch Mansell, a suburban dad, overlooked husband, nothing neighbor — a "nobody." When two thieves break into his home one night, Hutch\'s unknown long-simmering rage is ignited and propels him on a brutal path that will uncover dark secrets he fought to leave behind.',97.266,'2021-03-18','/oBgWY00bEFeZ9N25wWVyuQddbAo.jpg',7.7, 36,'1.4037512e+07');
INSERT INTO MovieGenre(movieId, genreId) VALUES (615457,28);
INSERT INTO MovieGenre(movieId, genreId) VALUES (615457,53);
INSERT INTO MovieGenre(movieId, genreId) VALUES (615457,80);
INSERT INTO Movies(id, title, overview, popularity, releaseDate, posterPath, voteCount, voteAvg, revenue) VALUES(293167,'Kong: Skull Island','Explore the mysterious and dangerous home of the king of the apes as a team of explorers ventures deep inside the treacherous, primordial island.',221.269,'2017-03-08','/r2517Vz9EhDhj88qwbDVj8DCRZN.jpg',6.5, 8074,'5.66652812e+08');
INSERT INTO MovieGenre(movieId, genreId) VALUES (293167,28);
INSERT INTO MovieGenre(movieId, genreId) VALUES (293167,12);
INSERT INTO MovieGenre(movieId, genreId) VALUES (293167,14);
INSERT INTO Movies(id, title, overview, popularity, releaseDate, posterPath, voteCount, voteAvg, revenue) VALUES(141052,'Justice League','Fuelled by his restored faith in humanity and inspired by Superman\'s selfless act, Bruce Wayne and Diana Prince assemble a team of metahumans consisting of Barry Allen, Arthur Curry and Victor Stone to face the catastrophic threat of Steppenwolf and the Parademons who are on the hunt for three Mother Boxes on Earth.',124.339,'2017-11-15','/eifGNCSDuxJeS1loAXil5bIGgvC.jpg',6.2, 10409,'6.57924295e+08');
INSERT INTO MovieGenre(movieId, genreId) VALUES (141052,28);
INSERT INTO MovieGenre(movieId, genreId) VALUES (141052,12);
INSERT INTO MovieGenre(movieId, genreId) VALUES (141052,14);
INSERT INTO MovieGenre(movieId, genreId) VALUES (141052,878);
INSERT INTO Movies(id, title, overview, popularity, releaseDate, posterPath, voteCount, voteAvg, revenue) VALUES(373571,'Godzilla: King of the Monsters','Follows the heroic efforts of the crypto-zoological agency Monarch as its members face off against a battery of god-sized monsters, including the mighty Godzilla, who collides with Mothra, Rodan, and his ultimate nemesis, the three-headed King Ghidorah. When these ancient super-species, thought to be mere myths, rise again, they all vie for supremacy, leaving humanity\'s very existence hanging in the balance.',510.361,'2019-05-29','/pU3bnutJU91u3b4IeRPQTOP8jhV.jpg',6.7, 3944,'3.86600138e+08');
INSERT INTO MovieGenre(movieId, genreId) VALUES (373571,878);
INSERT INTO MovieGenre(movieId, genreId) VALUES (373571,28);
INSERT INTO Movies(id, title, overview, popularity, releaseDate, posterPath, voteCount, voteAvg, revenue) VALUES(638597,'Yes Day','A mom and dad who usually say no decide to say yes to their kids\' wildest requests — with a few ground rules — on a whirlwind day of fun and adventure.',359.188,'2021-03-12','/rejrD9ovTHJbfmpLM0mbEliEPV6.jpg',7, 447,'0');
INSERT INTO MovieGenre(movieId, genreId) VALUES (638597,35);
INSERT INTO MovieGenre(movieId, genreId) VALUES (638597,10751);
INSERT INTO Movies(id, title, overview, popularity, releaseDate, posterPath, voteCount, voteAvg, revenue) VALUES(567797,'The Dry','Aaron Falk returns to his drought-stricken hometown to attend a tragic funeral. But his return opens a decades-old wound - the unsolved death of a teenage girl.',29.16,'2021-01-01','/zM12bfL2TEqVRXjiQIFUWUMLcCg.jpg',6.9, 28,'0');
INSERT INTO MovieGenre(movieId, genreId) VALUES (567797,18);
INSERT INTO MovieGenre(movieId, genreId) VALUES (567797,80);
INSERT INTO Genres(id, genre) VALUES (9648,'Mystery');
INSERT INTO MovieGenre(movieId, genreId) VALUES (567797,9648);
INSERT INTO MovieGenre(movieId, genreId) VALUES (567797,53);
INSERT INTO Movies(id, title, overview, popularity, releaseDate, posterPath, voteCount, voteAvg, revenue) VALUES(581032,'News of the World','A Texan traveling across the wild West bringing the news of the world to local townspeople, agrees to help rescue a young girl who was kidnapped.',104.975,'2020-12-25','/fYQCgVRsQTEfUrP7cW5iAFVYOlh.jpg',7.1, 838,'0');
INSERT INTO MovieGenre(movieId, genreId) VALUES (581032,28);
INSERT INTO MovieGenre(movieId, genreId) VALUES (581032,12);
INSERT INTO MovieGenre(movieId, genreId) VALUES (581032,18);
INSERT INTO MovieGenre(movieId, genreId) VALUES (581032,37);
INSERT INTO Movies(id, title, overview, popularity, releaseDate, posterPath, voteCount, voteAvg, revenue) VALUES(644583,'The Mauritanian','A detainee at the U.S military\'s Guantanamo Bay detention center is held without charges for over a decade and seeks help from a defense attorney for his release.',40.036,'2021-02-12','/lIADEa6oH74uUapjsPbNRzxus8M.jpg',7.3, 152,'0');
INSERT INTO MovieGenre(movieId, genreId) VALUES (644583,18);
INSERT INTO MovieGenre(movieId, genreId) VALUES (644583,53);
INSERT INTO Movies(id, title, overview, popularity, releaseDate, posterPath, voteCount, voteAvg, revenue) VALUES(436969,'The Suicide Squad','Task Force X - aka the Suicide Squad - is dropped on the remote, enemy-infused island of Corto Maltese to find and destroy Jotunheim, a Nazi-era prison and laboratory.',60.827,'2021-07-30','/aQjO0ifNY8kv8ZA6U61wyNh5sGg.jpg',0, 0,'0');
INSERT INTO MovieGenre(movieId, genreId) VALUES (436969,28);
INSERT INTO MovieGenre(movieId, genreId) VALUES (436969,12);
INSERT INTO MovieGenre(movieId, genreId) VALUES (436969,14);
INSERT INTO MovieGenre(movieId, genreId) VALUES (436969,80);
INSERT INTO Movies(id, title, overview, popularity, releaseDate, posterPath, voteCount, voteAvg, revenue) VALUES(546121,'Run','Chloe, a teenager who is confined to a wheelchair, is homeschooled by her mother, Diane. Chloe soon becomes suspicious of her mother and begins to suspect that she may be harboring a dark secret.',176.764,'2020-11-20','/ilHG4EayOVoYeKqslspY3pR4wzC.jpg',7.5, 658,'265964');
INSERT INTO MovieGenre(movieId, genreId) VALUES (546121,53);
INSERT INTO Genres(id, genre) VALUES (27,'Horror');
INSERT INTO MovieGenre(movieId, genreId) VALUES (546121,27);
INSERT INTO MovieGenre(movieId, genreId) VALUES (546121,18);
INSERT INTO Movies(id, title, overview, popularity, releaseDate, posterPath, voteCount, voteAvg, revenue) VALUES(581734,'Nomadland','A woman in her sixties embarks on a journey through the western United States after losing everything in the Great Recession, living as a van-dwelling modern-day nomad.',183.072,'2020-12-26','/66GUmWpTHgAjyp4aBSXy63PZTiC.jpg',7.6, 457,'0');
INSERT INTO MovieGenre(movieId, genreId) VALUES (581734,18);
INSERT INTO MovieGenre(movieId, genreId) VALUES (581734,37);
INSERT INTO Movies(id, title, overview, popularity, releaseDate, posterPath, voteCount, voteAvg, revenue) VALUES(632357,'The Unholy','Alice, a young hearing-impaired girl who, after a supposed visitation from the Virgin Mary, is inexplicably able to hear, speak and heal the sick. As word spreads and people from near and far flock to witness her miracles, a disgraced journalist hoping to revive his career visits the small New England town to investigate. When terrifying events begin to happen all around, he starts to question if these phenomena are the works of the Virgin Mary or something much more sinister.',814.008,'2021-03-31','/b4gYVcl8pParX8AjkN90iQrWrWO.jpg',6.1, 20,'0');
INSERT INTO MovieGenre(movieId, genreId) VALUES (632357,27);
INSERT INTO Movies(id, title, overview, popularity, releaseDate, posterPath, voteCount, voteAvg, revenue) VALUES(630004,'The Vault','When an engineer learns of a mysterious, impenetrable fortress hidden under The Bank of Spain, he joins a crew of master thieves who plan to steal the legendary lost treasure locked inside while the whole country is distracted by Spain\'s World Cup Final. With thousands of soccer fans cheering in the streets, and security forces closing in, the crew have just minutes to pull off the score of a lifetime.',36.761,'2021-03-04','/eSlazQmwqtlRIbmZ72xBGr0MEFH.jpg',6.6, 37,'0');
INSERT INTO MovieGenre(movieId, genreId) VALUES (630004,80);
INSERT INTO MovieGenre(movieId, genreId) VALUES (630004,28);
INSERT INTO MovieGenre(movieId, genreId) VALUES (630004,53);
INSERT INTO Movies(id, title, overview, popularity, releaseDate, posterPath, voteCount, voteAvg, revenue) VALUES(671,'Harry Potter and the Philosopher\'s Stone','Harry Potter has lived under the stairs at his aunt and uncle\'s house his whole life. But on his 11th birthday, he learns he\'s a powerful wizard -- with a place waiting for him at the Hogwarts School of Witchcraft and Wizardry. As he learns to harness his newfound powers with the help of the school\'s kindly headmaster, Harry uncovers the truth about his parents\' deaths -- and about the villain who\'s to blame.',144.827,'2001-11-16','/wuMc08IPKEatf9rnMNXvIDxqP4W.jpg',7.9, 20006,'9.7647555e+08');
INSERT INTO MovieGenre(movieId, genreId) VALUES (671,12);
INSERT INTO MovieGenre(movieId, genreId) VALUES (671,14);
INSERT INTO Movies(id, title, overview, popularity, releaseDate, posterPath, voteCount, voteAvg, revenue) VALUES(120,'The Lord of the Rings: The Fellowship of the Ring','Young hobbit Frodo Baggins, after inheriting a mysterious ring from his uncle Bilbo, must leave his home in order to keep it from falling into the hands of its evil creator. Along the way, a fellowship is formed to protect the ringbearer and make sure that the ring arrives at its final destination: Mt. Doom, the only place where it can be destroyed.',76.202,'2001-12-18','/6oom5QYQ2yQTMJIbnvbkBL9cHo6.jpg',8.3, 18891,'8.71368364e+08');
INSERT INTO MovieGenre(movieId, genreId) VALUES (120,12);
INSERT INTO MovieGenre(movieId, genreId) VALUES (120,14);
INSERT INTO MovieGenre(movieId, genreId) VALUES (120,28);
INSERT INTO Movies(id, title, overview, popularity, releaseDate, posterPath, voteCount, voteAvg, revenue) VALUES(596161,'Let Him Go','Following the loss of their son, a retired sheriff and his wife leave their Montana ranch to rescue their young grandson from the clutches of a dangerous family living off the grid in the Dakotas.',25.355,'2020-11-05','/EsLZoT8oHhQlGd1QpdbnvnwTzO.jpg',7.1, 218,'7.99746e+06');
INSERT INTO MovieGenre(movieId, genreId) VALUES (596161,18);
INSERT INTO MovieGenre(movieId, genreId) VALUES (596161,53);
INSERT INTO MovieGenre(movieId, genreId) VALUES (596161,80);
INSERT INTO Movies(id, title, overview, popularity, releaseDate, posterPath, voteCount, voteAvg, revenue) VALUES(299536,'Avengers: Infinity War','As the Avengers and their allies have continued to protect the world from threats too large for any one hero to handle, a new danger has emerged from the cosmic shadows: Thanos. A despot of intergalactic infamy, his goal is to collect all six Infinity Stones, artifacts of unimaginable power, and use them to inflict his twisted will on all of reality. Everything the Avengers have fought for has led up to this moment - the fate of Earth and existence itself has never been more uncertain.',283.248,'2018-04-25','/7WsyChQLEftFiDOVTGkv3hFpyyt.jpg',8.3, 21471,'2.046239637e+09');
INSERT INTO MovieGenre(movieId, genreId) VALUES (299536,12);
INSERT INTO MovieGenre(movieId, genreId) VALUES (299536,28);
INSERT INTO MovieGenre(movieId, genreId) VALUES (299536,878);
INSERT INTO Movies(id, title, overview, popularity, releaseDate, posterPath, voteCount, voteAvg, revenue) VALUES(615643,'Minari','A Korean-American family moves to Arkansas in search of their own American Dream. With the arrival of their sly, foul-mouthed, but incredibly loving grandmother, the stability of their relationships is challenged even more in this new life in the rugged Ozarks, testing the undeniable resilience of family and what really makes a home.',48.372,'2021-02-12','/9Bb6K6HINl3vEKCu8WXEZyHvvpq.jpg',7.7, 233,'485158');
INSERT INTO MovieGenre(movieId, genreId) VALUES (615643,18);
INSERT INTO Movies(id, title, overview, popularity, releaseDate, posterPath, voteCount, voteAvg, revenue) VALUES(497698,'Black Widow','Natasha Romanoff, also known as Black Widow, confronts the darker parts of her ledger when a dangerous conspiracy with ties to her past arises. Pursued by a force that will stop at nothing to bring her down, Natasha must deal with her history as a spy and the broken relationships left in her wake long before she became an Avenger.',96.261,'2021-07-07','/qAZ0pzat24kLdO3o8ejmbLxyOac.jpg',0, 0,'0');
INSERT INTO MovieGenre(movieId, genreId) VALUES (497698,28);
INSERT INTO MovieGenre(movieId, genreId) VALUES (497698,12);
INSERT INTO MovieGenre(movieId, genreId) VALUES (497698,53);
INSERT INTO Movies(id, title, overview, popularity, releaseDate, posterPath, voteCount, voteAvg, revenue) VALUES(11,'Star Wars','Princess Leia is captured and held hostage by the evil Imperial forces in their effort to take over the galactic Empire. Venturesome Luke Skywalker and dashing captain Han Solo team together with the loveable robot duo R2-D2 and C-3PO to rescue the beautiful princess and restore peace and justice in the Empire.',57.811,'1977-05-25','/6FfCtAuVAW8XJjZ7eWeLibRLWTw.jpg',8.2, 15367,'7.75398007e+08');
INSERT INTO MovieGenre(movieId, genreId) VALUES (11,12);
INSERT INTO MovieGenre(movieId, genreId) VALUES (11,28);
INSERT INTO MovieGenre(movieId, genreId) VALUES (11,878);
INSERT INTO Movies(id, title, overview, popularity, releaseDate, posterPath, voteCount, voteAvg, revenue) VALUES(19995,'Avatar','In the 22nd century, a paraplegic Marine is dispatched to the moon Pandora on a unique mission, but becomes torn between following orders and protecting an alien civilization.',91.055,'2009-12-10','/6EiRUJpuoeQPghrs3YNktfnqOVh.jpg',7.5, 23164,'2.787965087e+09');
INSERT INTO MovieGenre(movieId, genreId) VALUES (19995,28);
INSERT INTO MovieGenre(movieId, genreId) VALUES (19995,12);
INSERT INTO MovieGenre(movieId, genreId) VALUES (19995,14);
INSERT INTO MovieGenre(movieId, genreId) VALUES (19995,878);
INSERT INTO Movies(id, title, overview, popularity, releaseDate, posterPath, voteCount, voteAvg, revenue) VALUES(513310,'Boss Level','A retired special forces officer is trapped in a never-ending time loop on the day of his death.',37.2,'2021-02-19','/mq3S2Hc4TPK9H7vWk9ekG7NdENB.jpg',6.9, 168,'0');
INSERT INTO MovieGenre(movieId, genreId) VALUES (513310,28);
INSERT INTO MovieGenre(movieId, genreId) VALUES (513310,878);
INSERT INTO MovieGenre(movieId, genreId) VALUES (513310,53);
INSERT INTO MovieGenre(movieId, genreId) VALUES (513310,9648);
INSERT INTO Movies(id, title, overview, popularity, releaseDate, posterPath, voteCount, voteAvg, revenue) VALUES(595743,'SAS: Red Notice','An off-duty SAS soldier, Tom Buckingham, must thwart a terror attack on a train running through the Channel Tunnel. As the action escalates on the train, events transpire in the corridors of power that may make the difference as to whether Buckingham and the civilian passengers make it out of the tunnel alive.',27.661,'2021-03-12','/6Y9fl8tD1xtyUrOHV2MkCYTpzgi.jpg',6, 76,'0');
INSERT INTO MovieGenre(movieId, genreId) VALUES (595743,28);
INSERT INTO MovieGenre(movieId, genreId) VALUES (595743,53);
INSERT INTO Movies(id, title, overview, popularity, releaseDate, posterPath, voteCount, voteAvg, revenue) VALUES(24428,'The Avengers','When an unexpected enemy emerges and threatens global safety and security, Nick Fury, director of the international peacekeeping agency known as S.H.I.E.L.D., finds himself in need of a team to pull the world back from the brink of disaster. Spanning the globe, a daring recruitment effort begins!',139.977,'2012-04-25','/RYMX2wcKCBAr24UyPD7xwmjaTn.jpg',7.7, 24419,'1.518815515e+09');
INSERT INTO MovieGenre(movieId, genreId) VALUES (24428,878);
INSERT INTO MovieGenre(movieId, genreId) VALUES (24428,28);
INSERT INTO MovieGenre(movieId, genreId) VALUES (24428,12);
INSERT INTO Movies(id, title, overview, popularity, releaseDate, posterPath, voteCount, voteAvg, revenue) VALUES(524047,'Greenland','John Garrity, his estranged wife and their young son embark on a perilous journey to find sanctuary as a planet-killing comet hurtles toward Earth. Amid terrifying accounts of cities getting levelled, the Garrity\'s experience the best and worst in humanity. As the countdown to the global apocalypse approaches zero, their incredible trek culminates in a desperate and last-minute flight to a possible safe haven.',87.921,'2020-07-29','/bNo2mcvSwIvnx8K6y1euAc1TLVq.jpg',7.2, 2414,'4.78e+07');
INSERT INTO MovieGenre(movieId, genreId) VALUES (524047,28);
INSERT INTO Movies(id, title, overview, popularity, releaseDate, posterPath, voteCount, voteAvg, revenue) VALUES(694256,'Caught by a Wave','A summer fling born under the Sicilian sun quickly develops into a heartbreaking love story that forces a boy and girl to grow up too quickly.',323.603,'2021-03-25','/j9O2WXJqF45ynkng4SAsZ1h0OCt.jpg',7, 81,'0');
INSERT INTO MovieGenre(movieId, genreId) VALUES (694256,18);
INSERT INTO MovieGenre(movieId, genreId) VALUES (694256,10749);
INSERT INTO Movies(id, title, overview, popularity, releaseDate, posterPath, voteCount, voteAvg, revenue) VALUES(601666,'I Care a Lot','A court-appointed legal guardian defrauds her older clients and traps them under her care. But her latest mark comes with some unexpected baggage.',182.309,'2021-02-19','/gKnhEsjNefpKnUdAkn7INzIFLSu.jpg',6.7, 1166,'0');
INSERT INTO MovieGenre(movieId, genreId) VALUES (601666,35);
INSERT INTO MovieGenre(movieId, genreId) VALUES (601666,80);
INSERT INTO MovieGenre(movieId, genreId) VALUES (601666,53);
INSERT INTO Movies(id, title, overview, popularity, releaseDate, posterPath, voteCount, voteAvg, revenue) VALUES(583406,'Judas and the Black Messiah','Bill O\'Neal infiltrates the Black Panthers on the orders of FBI Agent Mitchell and J. Edgar Hoover. As Black Panther Chairman Fred Hampton ascends—falling for a fellow revolutionary en route—a battle wages for O’Neal’s soul.',114.756,'2021-02-12','/iIgr75GoqFxe1X5Wz9siOODGe9u.jpg',7.5, 344,'4.181e+06');
INSERT INTO MovieGenre(movieId, genreId) VALUES (583406,18);
INSERT INTO Genres(id, genre) VALUES (36,'History');
INSERT INTO MovieGenre(movieId, genreId) VALUES (583406,36);
INSERT INTO Movies(id, title, overview, popularity, releaseDate, posterPath, voteCount, voteAvg, revenue) VALUES(475557,'Joker','During the 1980s, a failed stand-up comedian is driven insane and turns to a life of crime and chaos in Gotham City while becoming an infamous psychopathic crime figure.',471.412,'2019-10-02','/udDclJoHjfjb8Ekgsd4FDteOkCU.jpg',8.2, 17219,'1.074251311e+09');
INSERT INTO MovieGenre(movieId, genreId) VALUES (475557,80);
INSERT INTO MovieGenre(movieId, genreId) VALUES (475557,53);
INSERT INTO MovieGenre(movieId, genreId) VALUES (475557,18);
INSERT INTO Movies(id, title, overview, popularity, releaseDate, posterPath, voteCount, voteAvg, revenue) VALUES(297802,'Aquaman','Once home to the most advanced civilization on Earth, Atlantis is now an underwater kingdom ruled by the power-hungry King Orm. With a vast army at his disposal, Orm plans to conquer the remaining oceanic people and then the surface world. Standing in his way is Arthur Curry, Orm\'s half-human, half-Atlantean brother and true heir to the throne.',122.35,'2018-12-07','/5Kg76ldv7VxeX9YlcQXiowHgdX6.jpg',6.9, 10291,'1.148461807e+09');
INSERT INTO MovieGenre(movieId, genreId) VALUES (297802,28);
INSERT INTO MovieGenre(movieId, genreId) VALUES (297802,12);
INSERT INTO MovieGenre(movieId, genreId) VALUES (297802,14);
INSERT INTO Movies(id, title, overview, popularity, releaseDate, posterPath, voteCount, voteAvg, revenue) VALUES(798141,'Doors','Without warning, millions of mysterious alien “doors” suddenly appear around the globe. In a rush to determine the reason for their arrival, mankind must work together to understand the purpose of these cosmic anomalies.',29.903,'2021-03-23','/pGPUXyhQTOqskKdDOD3Fmicqfc0.jpg',5.7, 41,'0');
INSERT INTO MovieGenre(movieId, genreId) VALUES (798141,878);
INSERT INTO Movies(id, title, overview, popularity, releaseDate, posterPath, voteCount, voteAvg, revenue) VALUES(553604,'Honest Thief','A bank robber tries to turn himself in because he\'s falling in love and wants to live an honest life...but when he realizes the Feds are more corrupt than him, he must fight back to clear his name.',518.754,'2020-09-03','/zeD4PabP6099gpE0STWJrJrCBCs.jpg',6.6, 768,'2.9404235e+07');
INSERT INTO MovieGenre(movieId, genreId) VALUES (553604,53);
INSERT INTO MovieGenre(movieId, genreId) VALUES (553604,28);
INSERT INTO MovieGenre(movieId, genreId) VALUES (553604,80);
INSERT INTO MovieGenre(movieId, genreId) VALUES (553604,18);
INSERT INTO Movies(id, title, overview, popularity, releaseDate, posterPath, voteCount, voteAvg, revenue) VALUES(429617,'Spider-Man: Far from Home','Peter Parker and his friends go on a summer trip to Europe. However, they will hardly be able to rest - Peter will have to agree to help Nick Fury uncover the mystery of creatures that cause natural disasters and destruction throughout the continent.',283.953,'2019-06-28','/4q2NNj4S5dG2RLF9CpXsej7yXl.jpg',7.5, 9571,'1.131927996e+09');
INSERT INTO MovieGenre(movieId, genreId) VALUES (429617,28);
INSERT INTO MovieGenre(movieId, genreId) VALUES (429617,12);
INSERT INTO MovieGenre(movieId, genreId) VALUES (429617,878);
INSERT INTO Movies(id, title, overview, popularity, releaseDate, posterPath, voteCount, voteAvg, revenue) VALUES(1726,'Iron Man','After being held captive in an Afghan cave, billionaire engineer Tony Stark creates a unique weaponized suit of armor to fight evil.',98.372,'2008-04-30','/78lPtwv72eTNqFW9COBYI0dWDJa.jpg',7.6, 20365,'5.85174222e+08');
INSERT INTO MovieGenre(movieId, genreId) VALUES (1726,28);
INSERT INTO MovieGenre(movieId, genreId) VALUES (1726,878);
INSERT INTO MovieGenre(movieId, genreId) VALUES (1726,12);
INSERT INTO Movies(id, title, overview, popularity, releaseDate, posterPath, voteCount, voteAvg, revenue) VALUES(155,'The Dark Knight','Batman raises the stakes in his war on crime. With the help of Lt. Jim Gordon and District Attorney Harvey Dent, Batman sets out to dismantle the remaining criminal organizations that plague the streets. The partnership proves to be effective, but they soon find themselves prey to a reign of chaos unleashed by a rising criminal mastermind known to the terrified citizens of Gotham as the Joker.',65.006,'2008-07-16','/qJ2tW6WMUDux911r6m7haRef0WH.jpg',8.5, 24822,'1.004558444e+09');
INSERT INTO MovieGenre(movieId, genreId) VALUES (155,18);
INSERT INTO MovieGenre(movieId, genreId) VALUES (155,28);
INSERT INTO MovieGenre(movieId, genreId) VALUES (155,80);
INSERT INTO MovieGenre(movieId, genreId) VALUES (155,53);
INSERT INTO Movies(id, title, overview, popularity, releaseDate, posterPath, voteCount, voteAvg, revenue) VALUES(643586,'Willy\'s Wonderland','When his car breaks down, a quiet loner agrees to clean an abandoned family fun center in exchange for repairs. He soon finds himself waging war against possessed animatronic mascots while trapped inside Willy\'s Wonderland.',65.273,'2021-02-12','/keEnkeAvifw8NSEC4f6WsqeLJgF.jpg',7, 165,'0');
INSERT INTO MovieGenre(movieId, genreId) VALUES (643586,27);
INSERT INTO MovieGenre(movieId, genreId) VALUES (643586,28);
INSERT INTO MovieGenre(movieId, genreId) VALUES (643586,53);
INSERT INTO MovieGenre(movieId, genreId) VALUES (643586,35);
INSERT INTO Movies(id, title, overview, popularity, releaseDate, posterPath, voteCount, voteAvg, revenue) VALUES(297762,'Wonder Woman','An Amazon princess comes to the world of Man in the grips of the First World War to confront the forces of evil and bring an end to human conflict.',105.864,'2017-05-30','/imekS7f1OuHyUP2LAiTEM0zBzUz.jpg',7.3, 16293,'8.21847012e+08');
INSERT INTO MovieGenre(movieId, genreId) VALUES (297762,28);
INSERT INTO MovieGenre(movieId, genreId) VALUES (297762,12);
INSERT INTO MovieGenre(movieId, genreId) VALUES (297762,14);
INSERT INTO Movies(id, title, overview, popularity, releaseDate, posterPath, voteCount, voteAvg, revenue) VALUES(802443,'Deadly Illusions','A bestselling female novelist, suffering from writer\'s block, hires an innocent young woman to watch over her twin children. As the novelist dangerously indulges in her new best seller, the line between the life she\'s writing and the one she\'s living becomes blurred.',217.481,'2021-03-18','/wj0PpS8cvXCNB3Wvhe6w5k0Nnke.jpg',5.1, 139,'0');
INSERT INTO MovieGenre(movieId, genreId) VALUES (802443,18);
INSERT INTO MovieGenre(movieId, genreId) VALUES (802443,53);
INSERT INTO Movies(id, title, overview, popularity, releaseDate, posterPath, voteCount, voteAvg, revenue) VALUES(803923,'Every Breath You Take','A psychiatrist, whose client commits suicide, finds his family life disrupted after introducing her surviving brother to his wife and daughter.',32.016,'2021-04-02','/5m9Kj3CbAcy9FlMP3BKOcMtoHmv.jpg',6.3, 3,'0');
INSERT INTO MovieGenre(movieId, genreId) VALUES (803923,53);
INSERT INTO Movies(id, title, overview, popularity, releaseDate, posterPath, voteCount, voteAvg, revenue) VALUES(157336,'Interstellar','The adventures of a group of explorers who make use of a newly discovered wormhole to surpass the limitations on human space travel and conquer the vast distances involved in an interstellar voyage.',90.503,'2014-11-05','/gEU2QniE6E77NI6lCU6MxlNBvIx.jpg',8.3, 25469,'6.75120017e+08');
INSERT INTO MovieGenre(movieId, genreId) VALUES (157336,12);
INSERT INTO MovieGenre(movieId, genreId) VALUES (157336,18);
INSERT INTO MovieGenre(movieId, genreId) VALUES (157336,878);
INSERT INTO Movies(id, title, overview, popularity, releaseDate, posterPath, voteCount, voteAvg, revenue) VALUES(122,'The Lord of the Rings: The Return of the King','Aragorn is revealed as the heir to the ancient kings as he, Gandalf and the other members of the broken fellowship struggle to save Gondor from Sauron\'s forces. Meanwhile, Frodo and Sam take the ring closer to the heart of Mordor, the dark lord\'s realm.',60.786,'2003-12-01','/rCzpDGLbOoPwLjy3OAm5NUPOTrC.jpg',8.5, 17420,'1.118888979e+09');
INSERT INTO MovieGenre(movieId, genreId) VALUES (122,12);
INSERT INTO MovieGenre(movieId, genreId) VALUES (122,14);
INSERT INTO MovieGenre(movieId, genreId) VALUES (122,28);
INSERT INTO Movies(id, title, overview, popularity, releaseDate, posterPath, voteCount, voteAvg, revenue) VALUES(121,'The Lord of the Rings: The Two Towers','Frodo and Sam are trekking to Mordor to destroy the One Ring of Power while Gimli, Legolas and Aragorn search for the orc-captured Merry and Pippin. All along, nefarious wizard Saruman awaits the Fellowship members at the Orthanc Tower in Isengard.',64.31,'2002-12-18','/5VTN0pR8gcqV3EPUHHfMGnJYN9L.jpg',8.3, 16309,'9.262874e+08');
INSERT INTO MovieGenre(movieId, genreId) VALUES (121,12);
INSERT INTO MovieGenre(movieId, genreId) VALUES (121,14);
INSERT INTO MovieGenre(movieId, genreId) VALUES (121,28);
INSERT INTO Movies(id, title, overview, popularity, releaseDate, posterPath, voteCount, voteAvg, revenue) VALUES(299537,'Captain Marvel','The story follows Carol Danvers as she becomes one of the universe’s most powerful heroes when Earth is caught in the middle of a galactic war between two alien races. Set in the 1990s, Captain Marvel is an all-new adventure from a previously unseen period in the history of the Marvel Cinematic Universe.',180.315,'2019-03-06','/AtsgWhDnHTq68L0lLsUrCnM7TjG.jpg',7, 11147,'1.12827609e+09');
INSERT INTO MovieGenre(movieId, genreId) VALUES (299537,28);
INSERT INTO MovieGenre(movieId, genreId) VALUES (299537,12);
INSERT INTO MovieGenre(movieId, genreId) VALUES (299537,878);
INSERT INTO Movies(id, title, overview, popularity, releaseDate, posterPath, voteCount, voteAvg, revenue) VALUES(495764,'Birds of Prey (and the Fantabulous Emancipation of One Harley Quinn)','Harley Quinn joins forces with a singer, an assassin and a police detective to help a young girl who had a hit placed on her after she stole a rare diamond from a crime lord.',658.861,'2020-02-05','/h4VB6m0RwcicVEZvzftYZyKXs6K.jpg',7.1, 7293,'2.01858461e+08');
INSERT INTO MovieGenre(movieId, genreId) VALUES (495764,28);
INSERT INTO MovieGenre(movieId, genreId) VALUES (495764,80);
INSERT INTO Movies(id, title, overview, popularity, releaseDate, posterPath, voteCount, voteAvg, revenue) VALUES(1771,'Captain America: The First Avenger','During World War II, Steve Rogers is a sickly man from Brooklyn who\'s transformed into super-soldier Captain America to aid in the war effort. Rogers must stop the Red Skull – Adolf Hitler\'s ruthless head of weaponry, and the leader of an organization that intends to use a mysterious device of untold powers for world domination.',63.837,'2011-07-22','/vSNxAJTlD0r02V9sPYpOjqDZXUK.jpg',6.9, 16562,'3.70569774e+08');
INSERT INTO MovieGenre(movieId, genreId) VALUES (1771,28);
INSERT INTO MovieGenre(movieId, genreId) VALUES (1771,12);
INSERT INTO MovieGenre(movieId, genreId) VALUES (1771,878);
INSERT INTO Movies(id, title, overview, popularity, releaseDate, posterPath, voteCount, voteAvg, revenue) VALUES(49521,'Man of Steel','A young boy learns that he has extraordinary powers and is not of this earth. As a young man, he journeys to discover where he came from and what he was sent here to do. But the hero in him must emerge if he is to save the world from annihilation and become the symbol of hope for all mankind.',60.463,'2013-06-12','/4qgXzVAYNihFeudrys6WU4I01Q7.jpg',6.6, 11988,'7.54045518e+08');
INSERT INTO MovieGenre(movieId, genreId) VALUES (49521,28);
INSERT INTO MovieGenre(movieId, genreId) VALUES (49521,12);
INSERT INTO MovieGenre(movieId, genreId) VALUES (49521,14);
INSERT INTO MovieGenre(movieId, genreId) VALUES (49521,878);
INSERT INTO Movies(id, title, overview, popularity, releaseDate, posterPath, voteCount, voteAvg, revenue) VALUES(793723,'Sentinelle','Transferred home after a traumatizing combat mission, a highly trained French soldier uses her lethal skills to hunt down the man who hurt her sister.',1211.532,'2021-03-05','/fFRq98cW9lTo6di2o4lK1qUAWaN.jpg',6, 315,'0');
INSERT INTO MovieGenre(movieId, genreId) VALUES (793723,53);
INSERT INTO MovieGenre(movieId, genreId) VALUES (793723,28);
INSERT INTO MovieGenre(movieId, genreId) VALUES (793723,18);
INSERT INTO Movies(id, title, overview, popularity, releaseDate, posterPath, voteCount, voteAvg, revenue) VALUES(625568,'Unhinged','A divorced mother honks impatiently at a deranged middle-aged stranger at a red light while running late on her way to work. His road rage escalates to horrifyingly psychotic proportions as he becomes single-mindedly determined to teach her a deadly lesson for provoking him.',94.227,'2020-07-16','/6JGjweoW3yzCV1VpZX1ATR6m1j0.jpg',6.4, 859,'3.92383e+07');
INSERT INTO MovieGenre(movieId, genreId) VALUES (625568,28);
INSERT INTO MovieGenre(movieId, genreId) VALUES (625568,53);
INSERT INTO Movies(id, title, overview, popularity, releaseDate, posterPath, voteCount, voteAvg, revenue) VALUES(681887,'Cosmic Sin','Bruce Willis and Frank Grillo star in the new epic sci-fi adventure set in the year 2524, four hundred years after humans started colonizing the outer planets. Retired Military General James Ford (Willis) is called back into service after soldiers on a remote planet are attacked by a hostile alien fleet. The threat against the human race escalates into an inevitable interstellar war. General Ford teams up with General Eron Ryle (Grillo) and a team of elite soldiers in a race to stop the imminent attack before it is too late.',32.702,'2021-03-12','/6Wm7P6y22UZA40QuPYHyWyJ6leI.jpg',5.3, 107,'0');
INSERT INTO MovieGenre(movieId, genreId) VALUES (681887,878);
INSERT INTO MovieGenre(movieId, genreId) VALUES (681887,28);
INSERT INTO Genres(id, genre) VALUES (10752,'War');
INSERT INTO MovieGenre(movieId, genreId) VALUES (681887,10752);
INSERT INTO Movies(id, title, overview, popularity, releaseDate, posterPath, voteCount, voteAvg, revenue) VALUES(603,'The Matrix','Set in the 22nd century, The Matrix tells the story of a computer hacker who joins a group of underground insurgents fighting the vast and powerful computers who now rule the earth.',52.407,'1999-03-30','/f89U3ADr1oiB1s9GkdPOEpXUk5H.jpg',8.1, 18956,'4.63517383e+08');
INSERT INTO MovieGenre(movieId, genreId) VALUES (603,28);
INSERT INTO MovieGenre(movieId, genreId) VALUES (603,878);
INSERT INTO Movies(id, title, overview, popularity, releaseDate, posterPath, voteCount, voteAvg, revenue) VALUES(284054,'Black Panther','King T\'Challa returns home to the reclusive, technologically advanced African nation of Wakanda to serve as his country\'s new leader. However, T\'Challa soon finds that he is challenged for the throne by factions within his own country as well as without. Using powers reserved to Wakandan kings, T\'Challa assumes the Black Panther mantle to join with ex-girlfriend Nakia, the queen-mother, his princess-kid sister, members of the Dora Milaje (the Wakandan \'special forces\') and an American secret agent, to prevent Wakanda from being dragged into a world war.',131.257,'2018-02-13','/uxzzxijgPIY7slzFvMotPv8wjKA.jpg',7.4, 17117,'1.346739107e+09');
INSERT INTO MovieGenre(movieId, genreId) VALUES (284054,28);
INSERT INTO MovieGenre(movieId, genreId) VALUES (284054,12);
INSERT INTO MovieGenre(movieId, genreId) VALUES (284054,878);
INSERT INTO Movies(id, title, overview, popularity, releaseDate, posterPath, voteCount, voteAvg, revenue) VALUES(315635,'Spider-Man: Homecoming','Following the events of Captain America: Civil War, Peter Parker, with the help of his mentor Tony Stark, tries to balance his life as an ordinary high school student in Queens, New York City, with fighting crime as his superhero alter ego Spider-Man as a new threat, the Vulture, emerges.',124.296,'2017-07-05','/c24sv2weTHPsmDa7jEMN0m2P3RT.jpg',7.4, 15924,'8.80166924e+08');
INSERT INTO MovieGenre(movieId, genreId) VALUES (315635,28);
INSERT INTO MovieGenre(movieId, genreId) VALUES (315635,12);
INSERT INTO MovieGenre(movieId, genreId) VALUES (315635,878);
INSERT INTO MovieGenre(movieId, genreId) VALUES (315635,18);
INSERT INTO Movies(id, title, overview, popularity, releaseDate, posterPath, voteCount, voteAvg, revenue) VALUES(271110,'Captain America: Civil War','Following the events of Age of Ultron, the collective governments of the world pass an act designed to regulate all superhuman activity. This polarizes opinion amongst the Avengers, causing two factions to side with Iron Man or Captain America, which causes an epic battle between former allies.',108.705,'2016-04-27','/rAGiXaUfPzY7CDEyNKUofk3Kw2e.jpg',7.4, 17805,'1.153296293e+09');
INSERT INTO MovieGenre(movieId, genreId) VALUES (271110,12);
INSERT INTO MovieGenre(movieId, genreId) VALUES (271110,28);
INSERT INTO MovieGenre(movieId, genreId) VALUES (271110,878);
INSERT INTO Movies(id, title, overview, popularity, releaseDate, posterPath, voteCount, voteAvg, revenue) VALUES(785534,'Paper Lives','In the streets of Istanbul, ailing waste warehouse worker Mehmet takes a small boy under his wing and must soon confront his own traumatic childhood.',286.627,'2021-03-12','/cmru6N6Hnw2pJwuo1ctH1CxKqKZ.jpg',8.3, 169,'0');
INSERT INTO MovieGenre(movieId, genreId) VALUES (785534,18);
INSERT INTO Movies(id, title, overview, popularity, releaseDate, posterPath, voteCount, voteAvg, revenue) VALUES(379686,'Space Jam: A New Legacy','With the help of Bugs Bunny and the Looney Tunes, NBA superstar LeBron James must rescue his missing son by navigating through films in the Warner Bros. catalogue as they challenge against the villainous Al-G\'s plot to win a basketball game against his team of mates, which will be seen by the entire world.',206.969,'2021-07-14','/pIoaTjWWNWmBQz0hJJERKqDHFbX.jpg',0, 0,'0');
INSERT INTO MovieGenre(movieId, genreId) VALUES (379686,35);
INSERT INTO MovieGenre(movieId, genreId) VALUES (379686,10751);
INSERT INTO MovieGenre(movieId, genreId) VALUES (379686,12);
INSERT INTO MovieGenre(movieId, genreId) VALUES (379686,14);
INSERT INTO MovieGenre(movieId, genreId) VALUES (379686,878);
INSERT INTO MovieGenre(movieId, genreId) VALUES (379686,16);
INSERT INTO Movies(id, title, overview, popularity, releaseDate, posterPath, voteCount, voteAvg, revenue) VALUES(337401,'Mulan','When the Emperor of China issues a decree that one man per family must serve in the Imperial Chinese Army to defend the country from Huns, Hua Mulan, the eldest daughter of an honored warrior, steps in to take the place of her ailing father. She is spirited, determined and quick on her feet. Disguised as a man by the name of Hua Jun, she is tested every step of the way and must harness her innermost strength and embrace her true potential.',255.699,'2020-09-04','/aKx1ARwG55zZ0GpRvU2WrGrCG9o.jpg',7, 4594,'5.7e+07');
INSERT INTO MovieGenre(movieId, genreId) VALUES (337401,12);
INSERT INTO MovieGenre(movieId, genreId) VALUES (337401,14);
INSERT INTO Movies(id, title, overview, popularity, releaseDate, posterPath, voteCount, voteAvg, revenue) VALUES(458156,'John Wick: Chapter 3 - Parabellum','Super-assassin John Wick returns with a $14 million price tag on his head and an army of bounty-hunting killers on his trail. After killing a member of the shadowy international assassin’s guild, the High Table, John Wick is excommunicado, but the world’s most ruthless hit men and women await his every turn.',216.84,'2019-05-15','/ziEuG1essDuWuC5lpWUaw1uXY2O.jpg',7.4, 6592,'3.26709727e+08');
INSERT INTO MovieGenre(movieId, genreId) VALUES (458156,28);
INSERT INTO MovieGenre(movieId, genreId) VALUES (458156,53);
INSERT INTO MovieGenre(movieId, genreId) VALUES (458156,80);
INSERT INTO Movies(id, title, overview, popularity, releaseDate, posterPath, voteCount, voteAvg, revenue) VALUES(645856,'The Seventh Day','A renowned exorcist teams up with a rookie priest for his first day of training. As they plunge deeper into hell on earth, the lines between good and evil blur, and their own demons emerge.',34.121,'2021-03-26','/dtt2dfMdmlCcgaJZkPPQsIY5oR6.jpg',4.6, 16,'0');
INSERT INTO MovieGenre(movieId, genreId) VALUES (645856,27);
INSERT INTO Movies(id, title, overview, popularity, releaseDate, posterPath, voteCount, voteAvg, revenue) VALUES(272,'Batman Begins','Driven by tragedy, billionaire Bruce Wayne dedicates his life to uncovering and defeating the corruption that plagues his home, Gotham City.  Unable to work within the system, he instead creates a new identity, a symbol of fear for the criminal underworld - The Batman.',50.007,'2005-06-10','/1P3ZyEq02wcTMd3iE4ebtLvncvH.jpg',7.7, 15921,'3.74218673e+08');
INSERT INTO MovieGenre(movieId, genreId) VALUES (272,28);
INSERT INTO MovieGenre(movieId, genreId) VALUES (272,80);
INSERT INTO MovieGenre(movieId, genreId) VALUES (272,18);
INSERT INTO Movies(id, title, overview, popularity, releaseDate, posterPath, voteCount, voteAvg, revenue) VALUES(99861,'Avengers: Age of Ultron','When Tony Stark tries to jumpstart a dormant peacekeeping program, things go awry and Earth’s Mightiest Heroes are put to the ultimate test as the fate of the planet hangs in the balance. As the villainous Ultron emerges, it is up to The Avengers to stop him from enacting his terrible plans, and soon uneasy alliances and unexpected action pave the way for an epic and unique global adventure.',120.023,'2015-04-22','/4ssDuvEDkSArWEdyBl2X5EHvYKU.jpg',7.3, 17668,'1.405403694e+09');
INSERT INTO MovieGenre(movieId, genreId) VALUES (99861,28);
INSERT INTO MovieGenre(movieId, genreId) VALUES (99861,12);
INSERT INTO MovieGenre(movieId, genreId) VALUES (99861,878);
INSERT INTO Movies(id, title, overview, popularity, releaseDate, posterPath, voteCount, voteAvg, revenue) VALUES(284053,'Thor: Ragnarok','Thor is imprisoned on the other side of the universe and finds himself in a race against time to get back to Asgard to stop Ragnarok, the destruction of his home-world and the end of Asgardian civilization, at the hands of a powerful new threat, the ruthless Hela.',126.869,'2017-10-25','/rzRwTcFvttcN1ZpX2xv4j3tSdJu.jpg',7.6, 15677,'8.53977126e+08');
INSERT INTO MovieGenre(movieId, genreId) VALUES (284053,28);
INSERT INTO MovieGenre(movieId, genreId) VALUES (284053,12);
INSERT INTO MovieGenre(movieId, genreId) VALUES (284053,35);
INSERT INTO MovieGenre(movieId, genreId) VALUES (284053,14);
INSERT INTO MovieGenre(movieId, genreId) VALUES (284053,878);
INSERT INTO Movies(id, title, overview, popularity, releaseDate, posterPath, voteCount, voteAvg, revenue) VALUES(181812,'Star Wars: The Rise of Skywalker','The surviving Resistance faces the First Order once again as the journey of Rey, Finn and Poe Dameron continues. With the power and knowledge of generations behind them, the final battle begins.',187.193,'2019-12-18','/db32LaOibwEliAmSL2jjDF6oDdj.jpg',6.5, 6573,'1.074144248e+09');
INSERT INTO MovieGenre(movieId, genreId) VALUES (181812,28);
INSERT INTO MovieGenre(movieId, genreId) VALUES (181812,12);
INSERT INTO MovieGenre(movieId, genreId) VALUES (181812,878);
INSERT INTO Movies(id, title, overview, popularity, releaseDate, posterPath, voteCount, voteAvg, revenue) VALUES(363088,'Ant-Man and the Wasp','Just when his time under house arrest is about to end, Scott Lang once again puts his freedom at risk to help Hope van Dyne and Dr. Hank Pym dive into the quantum realm and try to accomplish, against time and any chance of success, a very dangerous rescue mission.',101.142,'2018-07-04','/eivQmS3wqzqnQWILHLc4FsEfcXP.jpg',7, 9622,'6.22674139e+08');
INSERT INTO MovieGenre(movieId, genreId) VALUES (363088,28);
INSERT INTO MovieGenre(movieId, genreId) VALUES (363088,12);
INSERT INTO MovieGenre(movieId, genreId) VALUES (363088,878);
INSERT INTO Movies(id, title, overview, popularity, releaseDate, posterPath, voteCount, voteAvg, revenue) VALUES(413518,'Pinocchio','In this live-action adaptation of the beloved fairytale, old woodcarver Geppetto fashions a wooden puppet, Pinocchio, who magically comes to life. Pinocchio longs for adventure and is easily led astray, encountering magical beasts, fantastical spectacles, while making friends and foes along his journey. However, his dream is to become a real boy, which can only come true if he finally changes his ways.',61.081,'2019-12-19','/lzqJcPaZA9G8C6eS4Hch475Ng3A.jpg',6.7, 965,'1.7133446e+07');
INSERT INTO MovieGenre(movieId, genreId) VALUES (413518,14);
INSERT INTO MovieGenre(movieId, genreId) VALUES (413518,10751);
INSERT INTO MovieGenre(movieId, genreId) VALUES (413518,12);
INSERT INTO MovieGenre(movieId, genreId) VALUES (413518,18);
INSERT INTO Movies(id, title, overview, popularity, releaseDate, posterPath, voteCount, voteAvg, revenue) VALUES(496243,'Parasite','All unemployed, Ki-taek\'s family takes peculiar interest in the wealthy and glamorous Parks for their livelihood until they get entangled in an unexpected incident.',141.592,'2019-05-30','/7IiTTgloJzvGI1TAYymCfbfl3vT.jpg',8.5, 11088,'2.57591776e+08');
INSERT INTO MovieGenre(movieId, genreId) VALUES (496243,35);
INSERT INTO MovieGenre(movieId, genreId) VALUES (496243,53);
INSERT INTO MovieGenre(movieId, genreId) VALUES (496243,18);
INSERT INTO Movies(id, title, overview, popularity, releaseDate, posterPath, voteCount, voteAvg, revenue) VALUES(651571,'Breach','A hardened mechanic must stay awake and maintain an interstellar ark fleeing the dying planet Earth with a few thousand lucky souls on board... the last of humanity. Unfortunately, humans are not the only passengers. A shapeshifting alien creature has taken residence, its only goal is to kill as many people as possible. The crew must think quickly to stop this menace before it destroys mankind.',566.657,'2020-12-17','/13B6onhL6FzSN2KaNeQeMML05pS.jpg',4.6, 353,'39328');
INSERT INTO MovieGenre(movieId, genreId) VALUES (651571,878);
INSERT INTO MovieGenre(movieId, genreId) VALUES (651571,28);
INSERT INTO Movies(id, title, overview, popularity, releaseDate, posterPath, voteCount, voteAvg, revenue) VALUES(49051,'The Hobbit: An Unexpected Journey','Bilbo Baggins, a hobbit enjoying his quiet life, is swept into an epic quest by Gandalf the Grey and thirteen dwarves who seek to reclaim their mountain home from Smaug, the dragon.',53.239,'2012-11-26','/yHA9Fc37VmpUA5UncTxxo3rTGVA.jpg',7.3, 14620,'1.021103568e+09');
INSERT INTO MovieGenre(movieId, genreId) VALUES (49051,12);
INSERT INTO MovieGenre(movieId, genreId) VALUES (49051,14);
INSERT INTO MovieGenre(movieId, genreId) VALUES (49051,28);
INSERT INTO Movies(id, title, overview, popularity, releaseDate, posterPath, voteCount, voteAvg, revenue) VALUES(613504,'After We Collided','Tessa finds herself struggling with her complicated relationship with Hardin; she faces a dilemma that could change their lives forever.',499.12,'2020-09-02','/kiX7UYfOpYrMFSAGbI6j1pFkLzQ.jpg',7.3, 3573,'4.2e+07');
INSERT INTO MovieGenre(movieId, genreId) VALUES (613504,10749);
INSERT INTO MovieGenre(movieId, genreId) VALUES (613504,18);
INSERT INTO Movies(id, title, overview, popularity, releaseDate, posterPath, voteCount, voteAvg, revenue) VALUES(284052,'Doctor Strange','After his career is destroyed, a brilliant but arrogant surgeon gets a new lease on life when a sorcerer takes him under her wing and trains him to defend the world against evil.',104.467,'2016-10-25','/xf8PbyQcR5ucXErmZNzdKR0s8ya.jpg',7.4, 16733,'6.777e+08');
INSERT INTO MovieGenre(movieId, genreId) VALUES (284052,28);
INSERT INTO MovieGenre(movieId, genreId) VALUES (284052,12);
INSERT INTO MovieGenre(movieId, genreId) VALUES (284052,14);
INSERT INTO MovieGenre(movieId, genreId) VALUES (284052,878);
INSERT INTO Movies(id, title, overview, popularity, releaseDate, posterPath, voteCount, voteAvg, revenue) VALUES(238,'The Godfather','Spanning the years 1945 to 1955, a chronicle of the fictional Italian-American Corleone crime family. When organized crime family patriarch, Vito Corleone barely survives an attempt on his life, his youngest son, Michael steps in to take care of the would-be killers, launching a campaign of bloody revenge.',52.61,'1972-03-14','/3bhkrj58Vtu7enYsRolD1fZdja1.jpg',8.7, 14099,'2.45066411e+08');
INSERT INTO MovieGenre(movieId, genreId) VALUES (238,18);
INSERT INTO MovieGenre(movieId, genreId) VALUES (238,80);
INSERT INTO Movies(id, title, overview, popularity, releaseDate, posterPath, voteCount, voteAvg, revenue) VALUES(664300,'Shiva Baby','At a Jewish funeral service with her parents, a college student runs into her sugar daddy.',26.085,'2020-09-24','/5IBJwMPSCS5XdRT7BO1ZMreFOis.jpg',7.4, 23,'0');
INSERT INTO MovieGenre(movieId, genreId) VALUES (664300,35);
INSERT INTO MovieGenre(movieId, genreId) VALUES (664300,18);
INSERT INTO Movies(id, title, overview, popularity, releaseDate, posterPath, voteCount, voteAvg, revenue) VALUES(799497,'Get the Goat','Bruceuilis, a policeman from the countryside, is assigned to rescue Celestina, a goat considered heritage of his small city, and travels to São Paulo. There, he meets police clerk Trindade, who decides to venture out into the field, even though it is not his specialty.',305.126,'2021-03-18','/rzcdLb0BhPaUJjD2jEcfRMiwOgh.jpg',7.2, 84,'0');
INSERT INTO MovieGenre(movieId, genreId) VALUES (799497,28);
INSERT INTO MovieGenre(movieId, genreId) VALUES (799497,35);
INSERT INTO MovieGenre(movieId, genreId) VALUES (799497,80);
INSERT INTO Movies(id, title, overview, popularity, releaseDate, posterPath, voteCount, voteAvg, revenue) VALUES(619592,'Force of Nature','A gang of thieves plan a heist during a hurricane and encounter trouble when a disgraced cop tries to force everyone in the building to evacuate.',64.778,'2020-07-02','/ucktgbaMSaETUDLUBp1ubGD6aNj.jpg',5.3, 252,'215668');
INSERT INTO MovieGenre(movieId, genreId) VALUES (619592,28);
INSERT INTO MovieGenre(movieId, genreId) VALUES (619592,80);
INSERT INTO Movies(id, title, overview, popularity, releaseDate, posterPath, voteCount, voteAvg, revenue) VALUES(635302,'Demon Slayer the Movie: Mugen Train','Tanjirō Kamado, joined with Inosuke Hashibira, a boy raised by boars who wears a boar\'s head, and Zenitsu Agatsuma, a scared boy who reveals his true power when he sleeps, boards the Infinity Train on a new mission with the Fire Hashira, Kyōjurō Rengoku, to defeat a demon who has been tormenting the people and killing the demon slayers who oppose it!',335.338,'2020-10-16','/yF45egpHwaYLn4jTyZAgk0Cmug9.jpg',8, 546,'3.9918e+08');
INSERT INTO MovieGenre(movieId, genreId) VALUES (635302,16);
INSERT INTO MovieGenre(movieId, genreId) VALUES (635302,28);
INSERT INTO MovieGenre(movieId, genreId) VALUES (635302,12);
INSERT INTO MovieGenre(movieId, genreId) VALUES (635302,14);
INSERT INTO MovieGenre(movieId, genreId) VALUES (635302,18);
INSERT INTO MovieWeekPopularity(movieId, weekNr, popularity, voteAVG, voteCount) VALUES ('399566', 14, 9975.169, 8.4, 3849);
INSERT INTO MovieWeekPopularity(movieId, weekNr, popularity, voteAVG, voteCount) VALUES ('791373', 14, 4039.736, 8.6, 4642);
INSERT INTO MovieWeekPopularity(movieId, weekNr, popularity, voteAVG, voteCount) VALUES ('527774', 14, 2246.905, 8.3, 2119);
INSERT INTO MovieWeekPopularity(movieId, weekNr, popularity, voteAVG, voteCount) VALUES ('412656', 14, 1063.919, 7.6, 223);
INSERT INTO MovieWeekPopularity(movieId, weekNr, popularity, voteAVG, voteCount) VALUES ('464052', 14, 1327.684, 6.8, 4727);
INSERT INTO MovieWeekPopularity(movieId, weekNr, popularity, voteAVG, voteCount) VALUES ('600354', 14, 133.313, 8.3, 200);
INSERT INTO MovieWeekPopularity(movieId, weekNr, popularity, voteAVG, voteCount) VALUES ('458576', 14, 1357.833, 7.1, 1387);
INSERT INTO MovieWeekPopularity(movieId, weekNr, popularity, voteAVG, voteCount) VALUES ('587807', 14, 1510.284, 7.4, 1139);
INSERT INTO MovieWeekPopularity(movieId, weekNr, popularity, voteAVG, voteCount) VALUES ('621954', 14, 48.862, 6.2, 25);
INSERT INTO MovieWeekPopularity(movieId, weekNr, popularity, voteAVG, voteCount) VALUES ('508442', 14, 623.468, 8.3, 5607);
INSERT INTO MovieWeekPopularity(movieId, weekNr, popularity, voteAVG, voteCount) VALUES ('299534', 14, 266.554, 8.3, 17776);
INSERT INTO MovieWeekPopularity(movieId, weekNr, popularity, voteAVG, voteCount) VALUES ('484718', 14, 533.85, 6.9, 1177);
INSERT INTO MovieWeekPopularity(movieId, weekNr, popularity, voteAVG, voteCount) VALUES ('544401', 14, 1347.32, 7.6, 465);
INSERT INTO MovieWeekPopularity(movieId, weekNr, popularity, voteAVG, voteCount) VALUES ('660006', 14, 206.419, 6.4, 44);
INSERT INTO MovieWeekPopularity(movieId, weekNr, popularity, voteAVG, voteCount) VALUES ('651589', 14, 113.893, 6.4, 58);
INSERT INTO MovieWeekPopularity(movieId, weekNr, popularity, voteAVG, voteCount) VALUES ('460465', 14, 319.992, 7.8, 9);
INSERT INTO MovieWeekPopularity(movieId, weekNr, popularity, voteAVG, voteCount) VALUES ('529203', 14, 856.466, 7.5, 1912);
INSERT INTO MovieWeekPopularity(movieId, weekNr, popularity, voteAVG, voteCount) VALUES ('578908', 14, 459.858, 6, 100);
INSERT INTO MovieWeekPopularity(movieId, weekNr, popularity, voteAVG, voteCount) VALUES ('602269', 14, 747.778, 6.4, 719);
INSERT INTO MovieWeekPopularity(movieId, weekNr, popularity, voteAVG, voteCount) VALUES ('797394', 14, 1002.638, 7.3, 75);
INSERT INTO MovieWeekPopularity(movieId, weekNr, popularity, voteAVG, voteCount) VALUES ('209112', 14, 110.268, 5.9, 14589);
INSERT INTO MovieWeekPopularity(movieId, weekNr, popularity, voteAVG, voteCount) VALUES ('802504', 14, 233.626, 6, 41);
INSERT INTO MovieWeekPopularity(movieId, weekNr, popularity, voteAVG, voteCount) VALUES ('582014', 14, 92.299, 7.6, 637);
INSERT INTO MovieWeekPopularity(movieId, weekNr, popularity, voteAVG, voteCount) VALUES ('124905', 14, 181.563, 6.2, 6808);
INSERT INTO MovieWeekPopularity(movieId, weekNr, popularity, voteAVG, voteCount) VALUES ('577922', 14, 424.489, 7.3, 4921);
INSERT INTO MovieWeekPopularity(movieId, weekNr, popularity, voteAVG, voteCount) VALUES ('699102', 14, 379.502, 7, 122);
INSERT INTO MovieWeekPopularity(movieId, weekNr, popularity, voteAVG, voteCount) VALUES ('615457', 14, 97.266, 7.7, 35);
INSERT INTO MovieWeekPopularity(movieId, weekNr, popularity, voteAVG, voteCount) VALUES ('293167', 14, 221.269, 6.5, 8074);
INSERT INTO MovieWeekPopularity(movieId, weekNr, popularity, voteAVG, voteCount) VALUES ('141052', 14, 124.339, 6.2, 10408);
INSERT INTO MovieWeekPopularity(movieId, weekNr, popularity, voteAVG, voteCount) VALUES ('373571', 14, 510.361, 6.7, 3943);
INSERT INTO MovieWeekPopularity(movieId, weekNr, popularity, voteAVG, voteCount) VALUES ('638597', 14, 359.188, 7, 446);
INSERT INTO MovieWeekPopularity(movieId, weekNr, popularity, voteAVG, voteCount) VALUES ('567797', 14, 29.16, 6.9, 28);
INSERT INTO MovieWeekPopularity(movieId, weekNr, popularity, voteAVG, voteCount) VALUES ('581032', 14, 104.975, 7.1, 838);
INSERT INTO MovieWeekPopularity(movieId, weekNr, popularity, voteAVG, voteCount) VALUES ('644583', 14, 40.036, 7.3, 151);
INSERT INTO MovieWeekPopularity(movieId, weekNr, popularity, voteAVG, voteCount) VALUES ('436969', 14, 60.827, 0, 0);
INSERT INTO MovieWeekPopularity(movieId, weekNr, popularity, voteAVG, voteCount) VALUES ('546121', 14, 176.764, 7.5, 653);
INSERT INTO MovieWeekPopularity(movieId, weekNr, popularity, voteAVG, voteCount) VALUES ('581734', 14, 183.072, 7.6, 457);
INSERT INTO MovieWeekPopularity(movieId, weekNr, popularity, voteAVG, voteCount) VALUES ('632357', 14, 814.008, 6.1, 20);
INSERT INTO MovieWeekPopularity(movieId, weekNr, popularity, voteAVG, voteCount) VALUES ('630004', 14, 36.761, 6.6, 37);
INSERT INTO MovieWeekPopularity(movieId, weekNr, popularity, voteAVG, voteCount) VALUES ('671', 14, 144.827, 7.9, 20003);
INSERT INTO MovieWeekPopularity(movieId, weekNr, popularity, voteAVG, voteCount) VALUES ('120', 14, 76.202, 8.3, 18890);
INSERT INTO MovieWeekPopularity(movieId, weekNr, popularity, voteAVG, voteCount) VALUES ('596161', 14, 25.355, 7.1, 218);
INSERT INTO MovieWeekPopularity(movieId, weekNr, popularity, voteAVG, voteCount) VALUES ('299536', 14, 283.248, 8.3, 21469);
INSERT INTO MovieWeekPopularity(movieId, weekNr, popularity, voteAVG, voteCount) VALUES ('615643', 14, 48.372, 7.7, 233);
INSERT INTO MovieWeekPopularity(movieId, weekNr, popularity, voteAVG, voteCount) VALUES ('497698', 14, 96.261, 0, 0);
INSERT INTO MovieWeekPopularity(movieId, weekNr, popularity, voteAVG, voteCount) VALUES ('11', 14, 57.811, 8.2, 15366);
INSERT INTO MovieWeekPopularity(movieId, weekNr, popularity, voteAVG, voteCount) VALUES ('19995', 14, 91.055, 7.5, 23163);
INSERT INTO MovieWeekPopularity(movieId, weekNr, popularity, voteAVG, voteCount) VALUES ('513310', 14, 37.2, 6.9, 168);
INSERT INTO MovieWeekPopularity(movieId, weekNr, popularity, voteAVG, voteCount) VALUES ('595743', 14, 27.661, 6, 76);
INSERT INTO MovieWeekPopularity(movieId, weekNr, popularity, voteAVG, voteCount) VALUES ('24428', 14, 139.977, 7.7, 24418);
INSERT INTO MovieWeekPopularity(movieId, weekNr, popularity, voteAVG, voteCount) VALUES ('524047', 14, 87.921, 7.2, 2414);
INSERT INTO MovieWeekPopularity(movieId, weekNr, popularity, voteAVG, voteCount) VALUES ('694256', 14, 323.603, 7, 81);
INSERT INTO MovieWeekPopularity(movieId, weekNr, popularity, voteAVG, voteCount) VALUES ('601666', 14, 182.309, 6.7, 1166);
INSERT INTO MovieWeekPopularity(movieId, weekNr, popularity, voteAVG, voteCount) VALUES ('583406', 14, 114.756, 7.5, 343);
INSERT INTO MovieWeekPopularity(movieId, weekNr, popularity, voteAVG, voteCount) VALUES ('475557', 14, 471.412, 8.2, 17218);
INSERT INTO MovieWeekPopularity(movieId, weekNr, popularity, voteAVG, voteCount) VALUES ('297802', 14, 122.35, 6.9, 10291);
INSERT INTO MovieWeekPopularity(movieId, weekNr, popularity, voteAVG, voteCount) VALUES ('798141', 14, 29.903, 5.7, 41);
INSERT INTO MovieWeekPopularity(movieId, weekNr, popularity, voteAVG, voteCount) VALUES ('553604', 14, 518.754, 6.6, 768);
INSERT INTO MovieWeekPopularity(movieId, weekNr, popularity, voteAVG, voteCount) VALUES ('429617', 14, 283.953, 7.5, 9571);
INSERT INTO MovieWeekPopularity(movieId, weekNr, popularity, voteAVG, voteCount) VALUES ('1726', 14, 98.372, 7.6, 20363);
INSERT INTO MovieWeekPopularity(movieId, weekNr, popularity, voteAVG, voteCount) VALUES ('155', 14, 65.006, 8.5, 24820);
INSERT INTO MovieWeekPopularity(movieId, weekNr, popularity, voteAVG, voteCount) VALUES ('643586', 14, 65.273, 7, 165);
INSERT INTO MovieWeekPopularity(movieId, weekNr, popularity, voteAVG, voteCount) VALUES ('297762', 14, 105.864, 7.3, 16293);
INSERT INTO MovieWeekPopularity(movieId, weekNr, popularity, voteAVG, voteCount) VALUES ('802443', 14, 217.481, 5.1, 138);
INSERT INTO MovieWeekPopularity(movieId, weekNr, popularity, voteAVG, voteCount) VALUES ('803923', 14, 32.016, 6.3, 3);
INSERT INTO MovieWeekPopularity(movieId, weekNr, popularity, voteAVG, voteCount) VALUES ('157336', 14, 90.503, 8.3, 25467);
INSERT INTO MovieWeekPopularity(movieId, weekNr, popularity, voteAVG, voteCount) VALUES ('122', 14, 60.786, 8.5, 17419);
INSERT INTO MovieWeekPopularity(movieId, weekNr, popularity, voteAVG, voteCount) VALUES ('121', 14, 64.31, 8.3, 16308);
INSERT INTO MovieWeekPopularity(movieId, weekNr, popularity, voteAVG, voteCount) VALUES ('299537', 14, 180.315, 7, 11147);
INSERT INTO MovieWeekPopularity(movieId, weekNr, popularity, voteAVG, voteCount) VALUES ('495764', 14, 658.861, 7.1, 7293);
INSERT INTO MovieWeekPopularity(movieId, weekNr, popularity, voteAVG, voteCount) VALUES ('1771', 14, 63.837, 6.9, 16560);
INSERT INTO MovieWeekPopularity(movieId, weekNr, popularity, voteAVG, voteCount) VALUES ('49521', 14, 60.463, 6.6, 11988);
INSERT INTO MovieWeekPopularity(movieId, weekNr, popularity, voteAVG, voteCount) VALUES ('793723', 14, 1211.532, 6, 315);
INSERT INTO MovieWeekPopularity(movieId, weekNr, popularity, voteAVG, voteCount) VALUES ('625568', 14, 94.227, 6.4, 858);
INSERT INTO MovieWeekPopularity(movieId, weekNr, popularity, voteAVG, voteCount) VALUES ('681887', 14, 32.702, 5.3, 107);
INSERT INTO MovieWeekPopularity(movieId, weekNr, popularity, voteAVG, voteCount) VALUES ('603', 14, 52.407, 8.1, 18955);
INSERT INTO MovieWeekPopularity(movieId, weekNr, popularity, voteAVG, voteCount) VALUES ('284054', 14, 131.257, 7.4, 17116);
INSERT INTO MovieWeekPopularity(movieId, weekNr, popularity, voteAVG, voteCount) VALUES ('315635', 14, 124.296, 7.4, 15923);
INSERT INTO MovieWeekPopularity(movieId, weekNr, popularity, voteAVG, voteCount) VALUES ('271110', 14, 108.705, 7.4, 17803);
INSERT INTO MovieWeekPopularity(movieId, weekNr, popularity, voteAVG, voteCount) VALUES ('785534', 14, 286.627, 8.3, 168);
INSERT INTO MovieWeekPopularity(movieId, weekNr, popularity, voteAVG, voteCount) VALUES ('379686', 14, 206.969, 0, 0);
INSERT INTO MovieWeekPopularity(movieId, weekNr, popularity, voteAVG, voteCount) VALUES ('337401', 14, 255.699, 7, 4592);
INSERT INTO MovieWeekPopularity(movieId, weekNr, popularity, voteAVG, voteCount) VALUES ('458156', 14, 216.84, 7.4, 6592);
INSERT INTO MovieWeekPopularity(movieId, weekNr, popularity, voteAVG, voteCount) VALUES ('645856', 14, 34.121, 4.6, 16);
INSERT INTO MovieWeekPopularity(movieId, weekNr, popularity, voteAVG, voteCount) VALUES ('272', 14, 50.007, 7.7, 15920);
INSERT INTO MovieWeekPopularity(movieId, weekNr, popularity, voteAVG, voteCount) VALUES ('99861', 14, 120.023, 7.3, 17667);
INSERT INTO MovieWeekPopularity(movieId, weekNr, popularity, voteAVG, voteCount) VALUES ('284053', 14, 126.869, 7.6, 15676);
INSERT INTO MovieWeekPopularity(movieId, weekNr, popularity, voteAVG, voteCount) VALUES ('181812', 14, 187.193, 6.5, 6572);
INSERT INTO MovieWeekPopularity(movieId, weekNr, popularity, voteAVG, voteCount) VALUES ('363088', 14, 101.142, 7, 9622);
INSERT INTO MovieWeekPopularity(movieId, weekNr, popularity, voteAVG, voteCount) VALUES ('413518', 14, 61.081, 6.7, 965);
INSERT INTO MovieWeekPopularity(movieId, weekNr, popularity, voteAVG, voteCount) VALUES ('496243', 14, 141.592, 8.5, 11087);
INSERT INTO MovieWeekPopularity(movieId, weekNr, popularity, voteAVG, voteCount) VALUES ('651571', 14, 566.657, 4.6, 353);
INSERT INTO MovieWeekPopularity(movieId, weekNr, popularity, voteAVG, voteCount) VALUES ('49051', 14, 53.239, 7.3, 14620);
INSERT INTO MovieWeekPopularity(movieId, weekNr, popularity, voteAVG, voteCount) VALUES ('613504', 14, 499.12, 7.3, 3571);
INSERT INTO MovieWeekPopularity(movieId, weekNr, popularity, voteAVG, voteCount) VALUES ('284052', 14, 104.467, 7.4, 16732);
INSERT INTO MovieWeekPopularity(movieId, weekNr, popularity, voteAVG, voteCount) VALUES ('238', 14, 52.61, 8.7, 14098);
INSERT INTO MovieWeekPopularity(movieId, weekNr, popularity, voteAVG, voteCount) VALUES ('664300', 14, 26.085, 7.4, 23);
INSERT INTO MovieWeekPopularity(movieId, weekNr, popularity, voteAVG, voteCount) VALUES ('799497', 14, 305.126, 7.1, 83);
INSERT INTO MovieWeekPopularity(movieId, weekNr, popularity, voteAVG, voteCount) VALUES ('619592', 14, 64.778, 5.3, 251);
INSERT INTO MovieWeekPopularity(movieId, weekNr, popularity, voteAVG, voteCount) VALUES ('635302', 14, 335.338, 8, 544);
INSERT INTO Series(id, title, overview, popularity, seasons, releaseDate, posterPath, voteCount, voteAvg) VALUES(88396,'','Following the events of “Avengers: Endgame”, the Falcon, Sam Wilson and the Winter Soldier, Bucky Barnes team up in a global adventure that tests their abilities, and their patience.',3333.064,1,'2021-03-19','/6kbAMLteGO8yyewYau6bJ683sw7.jpg', 7.8, 3087);
INSERT INTO Genres(id, genre) VALUES (10765,'Sci-Fi & Fantasy');
INSERT INTO SeriesGenre(seriesId, genreId) VALUES (88396,10765);
INSERT INTO Genres(id, genre) VALUES (10759,'Action & Adventure');
INSERT INTO SeriesGenre(seriesId, genreId) VALUES (88396,10759);
INSERT INTO SeriesGenre(seriesId, genreId) VALUES (88396,18);
INSERT INTO Series(id, title, overview, popularity, seasons, releaseDate, posterPath, voteCount, voteAvg) VALUES(69050,'','Set in the present, the series offers a bold, subversive take on Archie, Betty, Veronica and their friends, exploring the surreality of small-town life, the darkness and weirdness bubbling beneath Riverdale’s wholesome facade.',1189.111,5,'2017-01-26','/wRbjVBdDo5qHAEOVYoMWpM58FSA.jpg', 8.6, 10897);
INSERT INTO SeriesGenre(seriesId, genreId) VALUES (69050,9648);
INSERT INTO SeriesGenre(seriesId, genreId) VALUES (69050,18);
INSERT INTO SeriesGenre(seriesId, genreId) VALUES (69050,80);
INSERT INTO Series(id, title, overview, popularity, seasons, releaseDate, posterPath, voteCount, voteAvg) VALUES(1429,'','Several hundred years ago, humans were nearly exterminated by Titans. Titans are typically several stories tall, seem to have no intelligence, devour human beings and, worst of all, seem to do it for the pleasure rather than as a food source. A small percentage of humanity survived by walling themselves in a city protected by extremely high walls, even taller than the biggest Titans. Flash forward to the present and the city has not seen a Titan in over 100 years. Teenage boy Eren and his foster sister Mikasa witness something horrific as the city walls are destroyed by a Colossal Titan that appears out of thin air. As the smaller Titans flood the city, the two kids watch in horror as their mother is eaten alive. Eren vows that he will murder every single Titan and take revenge for all of mankind.',220.724,5,'2013-04-07','/aiy35Evcofzl7hASZZvsFgltHTX.jpg', 8.7, 3186);
INSERT INTO SeriesGenre(seriesId, genreId) VALUES (1429,10765);
INSERT INTO SeriesGenre(seriesId, genreId) VALUES (1429,16);
INSERT INTO SeriesGenre(seriesId, genreId) VALUES (1429,10759);
INSERT INTO Series(id, title, overview, popularity, seasons, releaseDate, posterPath, voteCount, voteAvg) VALUES(85271,'','Wanda Maximoff and Vision—two super-powered beings living idealized suburban lives—begin to suspect that everything is not as it seems.',731.258,1,'2021-01-15','/glKDfE6btIRcVB5zrjspRIs4r52.jpg', 8.5, 8002);
INSERT INTO SeriesGenre(seriesId, genreId) VALUES (85271,10765);
INSERT INTO SeriesGenre(seriesId, genreId) VALUES (85271,9648);
INSERT INTO SeriesGenre(seriesId, genreId) VALUES (85271,18);
INSERT INTO Series(id, title, overview, popularity, seasons, releaseDate, posterPath, voteCount, voteAvg) VALUES(1402,'','Sheriff\'s deputy Rick Grimes awakens from a coma to find a post-apocalyptic world dominated by flesh-eating zombies. He sets out to find his family and encounters many other survivors along the way.',961.63,12,'2010-10-31','/rqeYMLryjcawh2JeRpCVUDXYM5b.jpg', 8.1, 10456);
INSERT INTO SeriesGenre(seriesId, genreId) VALUES (1402,10759);
INSERT INTO SeriesGenre(seriesId, genreId) VALUES (1402,18);
INSERT INTO SeriesGenre(seriesId, genreId) VALUES (1402,10765);
INSERT INTO Series(id, title, overview, popularity, seasons, releaseDate, posterPath, voteCount, voteAvg) VALUES(95557,'','Mark Grayson is a normal teenager except for the fact that his father is the most powerful superhero on the planet. Shortly after his seventeenth birthday, Mark begins to develop powers of his own and enters into his father’s tutelage.',887.741,1,'2021-03-26','/yDWJYRAwMNKbIYT8ZB33qy84uzO.jpg', 8.9, 414);
INSERT INTO SeriesGenre(seriesId, genreId) VALUES (95557,16);
INSERT INTO SeriesGenre(seriesId, genreId) VALUES (95557,10759);
INSERT INTO SeriesGenre(seriesId, genreId) VALUES (95557,18);
INSERT INTO Series(id, title, overview, popularity, seasons, releaseDate, posterPath, voteCount, voteAvg) VALUES(98187,'','In Victorian London, a gang of troubled street teens are manipulated into solving crimes for the sinister Doctor Watson and his mysterious business partner, the elusive Sherlock Holmes. As the crimes take on a horrifying supernatural edge and a dark power emerges, it\'ll be up to the Irregulars to come together to save not only London but the entire world.',50.334,1,'2021-03-26','/qN6HCKR3ZRqbpGBWFctVlSTKR2k.jpg', 8, 45);
INSERT INTO SeriesGenre(seriesId, genreId) VALUES (98187,18);
INSERT INTO SeriesGenre(seriesId, genreId) VALUES (98187,9648);
INSERT INTO SeriesGenre(seriesId, genreId) VALUES (98187,10765);
INSERT INTO Series(id, title, overview, popularity, seasons, releaseDate, posterPath, voteCount, voteAvg) VALUES(60735,'','After a particle accelerator causes a freak storm, CSI Investigator Barry Allen is struck by lightning and falls into a coma. Months later he awakens with the power of super speed, granting him the ability to move through Central City like an unseen guardian angel. Though initially excited by his newfound powers, Barry is shocked to discover he is not the only "meta-human" who was created in the wake of the accelerator explosion -- and not everyone is using their new powers for good. Barry partners with S.T.A.R. Labs and dedicates his life to protect the innocent. For now, only a few close friends and associates know that Barry is literally the fastest man alive, but it won\'t be long before the world learns what Barry Allen has become...The Flash.',1560.342,9,'2014-10-07','/lJA2RCMfsWoskqlQhXPSLFQGXEJ.jpg', 7.7, 7270);
INSERT INTO SeriesGenre(seriesId, genreId) VALUES (60735,18);
INSERT INTO SeriesGenre(seriesId, genreId) VALUES (60735,10765);
INSERT INTO Series(id, title, overview, popularity, seasons, releaseDate, posterPath, voteCount, voteAvg) VALUES(1399,'','Seven noble families fight for control of the mythical land of Westeros. Friction between the houses leads to full-scale war. All while a very ancient evil awakens in the farthest north. Amidst the war, a neglected military order of misfits, the Night\'s Watch, is all that stands between the realms of men and icy horrors beyond.',455.601,9,'2011-04-17','/u3bZgnGQ9T01sWNhyveQz0wH0Hl.jpg', 8.4, 13824);
INSERT INTO SeriesGenre(seriesId, genreId) VALUES (1399,10765);
INSERT INTO SeriesGenre(seriesId, genreId) VALUES (1399,18);
INSERT INTO SeriesGenre(seriesId, genreId) VALUES (1399,10759);
INSERT INTO Series(id, title, overview, popularity, seasons, releaseDate, posterPath, voteCount, voteAvg) VALUES(62688,'','Twenty-four-year-old Kara Zor-El, who was taken in by the Danvers family when she was 13 after being sent away from Krypton, must learn to embrace her powers after previously hiding them. The Danvers teach her to be careful with her powers, until she has to reveal them during an unexpected disaster, setting her on her journey of heroism.',255.941,6,'2015-10-26','/zsaiq8ZclPuneuN7loLEbsh1ANJ.jpg', 7.2, 2932);
INSERT INTO SeriesGenre(seriesId, genreId) VALUES (62688,18);
INSERT INTO SeriesGenre(seriesId, genreId) VALUES (62688,10765);
INSERT INTO SeriesGenre(seriesId, genreId) VALUES (62688,10759);
INSERT INTO Series(id, title, overview, popularity, seasons, releaseDate, posterPath, voteCount, voteAvg) VALUES(118956,'','After encounters with a dragon and a princess on her own mission, a Dragon Knight becomes embroiled in events larger than he could have ever imagined.',254.705,1,'2021-03-25','/s1wP1YeQS9fgSHiXZ3yJb2ufB2D.jpg', 8.1, 75);
INSERT INTO SeriesGenre(seriesId, genreId) VALUES (118956,10759);
INSERT INTO SeriesGenre(seriesId, genreId) VALUES (118956,16);
INSERT INTO SeriesGenre(seriesId, genreId) VALUES (118956,10765);
INSERT INTO Series(id, title, overview, popularity, seasons, releaseDate, posterPath, voteCount, voteAvg) VALUES(1416,'','Follows the personal and professional lives of a group of doctors at Seattle’s Grey Sloan Memorial Hospital.',1010.009,18,'2005-03-27','/clnyhPqj1SNgpAdeSS6a6fwE6Bo.jpg', 8.2, 5777);
INSERT INTO SeriesGenre(seriesId, genreId) VALUES (1416,18);
INSERT INTO Series(id, title, overview, popularity, seasons, releaseDate, posterPath, voteCount, voteAvg) VALUES(37854,'','Years ago, the fearsome pirate king Gol D. Roger was executed, leaving a huge pile of treasure and the famous "One Piece" behind. Whoever claims the "One Piece" will be named the new pirate king. Monkey D. Luffy, a boy who consumed one of the "Devil\'s Fruits", has it in his head that he\'ll follow in the footsteps of his idol, the pirate Shanks, and find the One Piece. It helps, of course, that his body has the properties of rubber and he\'s surrounded by a bevy of skilled fighters and thieves to help him along the way. Monkey D. Luffy brings a bunch of his crew followed by, Roronoa Zoro, Nami, Usopp, Sanji, Tony-Tony Chopper, Nico Robin, Franky, and Brook. They will do anything to get the One Piece and become King of the Pirates!..',55.145,22,'1999-10-20','/oUPzuNw6e0NBbb121odI4ncCvRv.jpg', 8.7, 1913);
INSERT INTO SeriesGenre(seriesId, genreId) VALUES (37854,10759);
INSERT INTO SeriesGenre(seriesId, genreId) VALUES (37854,35);
INSERT INTO SeriesGenre(seriesId, genreId) VALUES (37854,16);
INSERT INTO Series(id, title, overview, popularity, seasons, releaseDate, posterPath, voteCount, voteAvg) VALUES(120168,'','Hell-bent on exacting revenge and proving he was framed for his sister\'s murder, Álex sets out to unearth much more than the crime\'s real culprit.',1083.99,2,'2021-03-24','/o7uk5ChRt3quPIv8PcvPfzyXdMw.jpg', 7.9, 242);
INSERT INTO SeriesGenre(seriesId, genreId) VALUES (120168,18);
INSERT INTO SeriesGenre(seriesId, genreId) VALUES (120168,80);
INSERT INTO SeriesGenre(seriesId, genreId) VALUES (120168,9648);
INSERT INTO Series(id, title, overview, popularity, seasons, releaseDate, posterPath, voteCount, voteAvg) VALUES(93454,'','The remarkable story of how murderer Charles Sobhraj was captured. As the chief suspect in unsolved murders of young Western travellers across India, Thailand and Nepal’s ‘Hippie Trail’ in 1975 and 1976, Sobhraj had repeatedly slipped from the grasp of authorities worldwide to become Interpol\'s most wanted man, with arrest warrants on three different continents.',63.96,1,'2021-01-01','/mZve7vS8S7nyYMIJ5rJrjzOGwAZ.jpg', 8.2, 20);
INSERT INTO SeriesGenre(seriesId, genreId) VALUES (93454,18);
INSERT INTO SeriesGenre(seriesId, genreId) VALUES (93454,80);
INSERT INTO Series(id, title, overview, popularity, seasons, releaseDate, posterPath, voteCount, voteAvg) VALUES(79680,'','Set more than seven years after the world has become a frozen wasteland, the remnants of humanity inhabit a gigantic, perpetually-moving train that circles the globe as class warfare, social injustice and the politics of survival play out.',219.783,2,'2020-05-17','/95xQPSqwvQDRoB3rXUn4lRyJrBW.jpg', 7.4, 602);
INSERT INTO SeriesGenre(seriesId, genreId) VALUES (79680,10765);
INSERT INTO Series(id, title, overview, popularity, seasons, releaseDate, posterPath, voteCount, voteAvg) VALUES(65930,'','In a world where eighty percent of the population has some kind of super-powered Quirk, Izuku was unlucky enough to be born completely normal. But that won’t stop him from enrolling in a prestigious hero academy. Now, he’ll get his first taste of brutal rivalry from other schools as he braves the cutthroat, no-holds-barred provisional license exam.',78.652,6,'2016-04-03','/phuYuzqWW9ru8EA3HVjE9W2Rr3M.jpg', 8.9, 2699);
INSERT INTO SeriesGenre(seriesId, genreId) VALUES (65930,10765);
INSERT INTO SeriesGenre(seriesId, genreId) VALUES (65930,10759);
INSERT INTO SeriesGenre(seriesId, genreId) VALUES (65930,35);
INSERT INTO SeriesGenre(seriesId, genreId) VALUES (65930,16);
INSERT INTO Series(id, title, overview, popularity, seasons, releaseDate, posterPath, voteCount, voteAvg) VALUES(71446,'','To carry out the biggest heist in history, a mysterious man called The Professor recruits a band of eight robbers who have a single characteristic: none of them has anything to lose. Five months of seclusion - memorizing every step, every detail, every probability - culminate in eleven days locked up in the National Coinage and Stamp Factory of Spain, surrounded by police forces and with dozens of hostages in their power, to find out whether their suicide wager will lead to everything or nothing.',269.125,3,'2017-05-02','/MoEKaPFHABtA1xKoOteirGaHl1.jpg', 8.3, 12672);
INSERT INTO SeriesGenre(seriesId, genreId) VALUES (71446,80);
INSERT INTO SeriesGenre(seriesId, genreId) VALUES (71446,18);
INSERT INTO Series(id, title, overview, popularity, seasons, releaseDate, posterPath, voteCount, voteAvg) VALUES(117023,'','On the run from their pimp and his henchmen, three women embark on a wild and crazy journey in search of freedom.',439.378,2,'2021-03-19','/uTFX9V2dct1nKjG6zhNiThPm8Tp.jpg', 7.8, 148);
INSERT INTO SeriesGenre(seriesId, genreId) VALUES (117023,10759);
INSERT INTO SeriesGenre(seriesId, genreId) VALUES (117023,80);
INSERT INTO SeriesGenre(seriesId, genreId) VALUES (117023,18);
INSERT INTO Series(id, title, overview, popularity, seasons, releaseDate, posterPath, voteCount, voteAvg) VALUES(90970,'','Thirty-something Hazel Green tries to escape a suffocating marriage — until she realizes her tech billionaire husband has implanted a revolutionary tracking device, the Made for Love, in her brain.',22.695,1,'2021-04-01','/mfQiuyhFM4Yv98WWV0BTswKG8rM.jpg', 8, 5);
INSERT INTO SeriesGenre(seriesId, genreId) VALUES (90970,18);
INSERT INTO SeriesGenre(seriesId, genreId) VALUES (90970,10765);
INSERT INTO SeriesGenre(seriesId, genreId) VALUES (90970,35);
INSERT INTO Series(id, title, overview, popularity, seasons, releaseDate, posterPath, voteCount, voteAvg) VALUES(95057,'','After years of facing megalomaniacal supervillains, monsters wreaking havoc on Metropolis, and alien invaders intent on wiping out the human race, The Man of Steel aka Clark Kent and Lois Lane come face to face with one of their greatest challenges ever: dealing with all the stress, pressures and complexities that come with being working parents in today\'s society.',881.268,2,'2021-02-23','/6SJppowm7cdQgLkvoTlnTUSbjr9.jpg', 8.3, 677);
INSERT INTO SeriesGenre(seriesId, genreId) VALUES (95057,10759);
INSERT INTO SeriesGenre(seriesId, genreId) VALUES (95057,10765);
INSERT INTO Series(id, title, overview, popularity, seasons, releaseDate, posterPath, voteCount, voteAvg) VALUES(96580,'','Crash-landed alien Harry takes on the identity of a small-town Colorado doctor. Arriving with a secret mission, he starts off living a simple life…but things get a bit rocky when he’s roped into solving a local murder and realizes he needs to assimilate into his new world. As he does, he begins to wrestle with the moral dilemma of his mission and asking the big life questions like: “Are human beings worth saving?” and “Why do they fold their pizza before eating it?”',407.64,1,'2021-01-27','/bG5aqfT5lTHuSbcQofNHtH0RyyP.jpg', 8.5, 135);
INSERT INTO SeriesGenre(seriesId, genreId) VALUES (96580,10765);
INSERT INTO Series(id, title, overview, popularity, seasons, releaseDate, posterPath, voteCount, voteAvg) VALUES(119466,'','Two people fall for each other like fate in the midst of a whirlpool of history in May 1980.',2.244,1,'2021-05-03','/ob3c13E7tullx1nqXI4T2ZR31PJ.jpg', 0, 0);
INSERT INTO SeriesGenre(seriesId, genreId) VALUES (119466,18);
INSERT INTO Series(id, title, overview, popularity, seasons, releaseDate, posterPath, voteCount, voteAvg) VALUES(79696,'','After landing from a turbulent but routine flight, the crew and passengers of Montego Air Flight 828 discover five years have passed in what seemed like a few hours. As their new realities become clear, a deeper mystery unfolds and some of the returned passengers soon realize they may be meant for something greater than they ever thought possible.',58.199,3,'2018-09-24','/1xeiUxShzNn8TNdMqy3Hvo9o2R.jpg', 7.7, 294);
INSERT INTO SeriesGenre(seriesId, genreId) VALUES (79696,18);
INSERT INTO SeriesGenre(seriesId, genreId) VALUES (79696,9648);
INSERT INTO Series(id, title, overview, popularity, seasons, releaseDate, posterPath, voteCount, voteAvg) VALUES(82856,'','After the fall of the Galactic Empire, lawlessness has spread throughout the galaxy. A lone gunfighter makes his way through the outer reaches, earning his keep as a bounty hunter.',336.25,2,'2019-11-12','/sWgBv7LV2PRoQgkxwlibdGXKz1S.jpg', 8.5, 6183);
INSERT INTO SeriesGenre(seriesId, genreId) VALUES (82856,10765);
INSERT INTO SeriesGenre(seriesId, genreId) VALUES (82856,10759);
INSERT INTO SeriesGenre(seriesId, genreId) VALUES (82856,37);
INSERT INTO SeriesGenre(seriesId, genreId) VALUES (82856,18);
INSERT INTO Series(id, title, overview, popularity, seasons, releaseDate, posterPath, voteCount, voteAvg) VALUES(114621,'','In present day Minnesota, the Mighty Ducks have evolved from scrappy underdogs to an ultra-competitive, powerhouse youth hockey team. After 12-year-old Evan is unceremoniously cut from the Ducks, he and his mom Alex set out to build their own ragtag team of misfits to challenge the cutthroat, win-at-all-costs culture of competitive youth sports.',16.675,1,'2021-03-26','/625YZePh2KoSX61xVXt3JwuSq4m.jpg', 9.4, 8);
INSERT INTO SeriesGenre(seriesId, genreId) VALUES (114621,10751);
INSERT INTO SeriesGenre(seriesId, genreId) VALUES (114621,35);
INSERT INTO Series(id, title, overview, popularity, seasons, releaseDate, posterPath, voteCount, voteAvg) VALUES(71712,'','A young surgeon with Savant syndrome is recruited into the surgical unit of a prestigious hospital. The question will arise: can a person who doesn\'t have the ability to relate to people actually save their lives',1313.03,4,'2017-09-25','/6tfT03sGp9k4c0J3dypjrI8TSAI.jpg', 8.6, 7484);
INSERT INTO SeriesGenre(seriesId, genreId) VALUES (71712,18);
INSERT INTO Series(id, title, overview, popularity, seasons, releaseDate, posterPath, voteCount, voteAvg) VALUES(1396,'','When Walter White, a New Mexico chemistry teacher, is diagnosed with Stage III cancer and given a prognosis of only two years left to live. He becomes filled with a sense of fearlessness and an unrelenting desire to secure his family\'s financial future at any cost as he enters the dangerous world of drugs and crime.',248.67,6,'2008-01-20','/ggFHVNu6YYI5L9pCfOacjizRGt.jpg', 8.7, 6828);
INSERT INTO SeriesGenre(seriesId, genreId) VALUES (1396,18);
INSERT INTO Series(id, title, overview, popularity, seasons, releaseDate, posterPath, voteCount, voteAvg) VALUES(46952,'','Raymond "Red" Reddington, one of the FBI\'s most wanted fugitives, surrenders in person at FBI Headquarters in Washington, D.C. He claims that he and the FBI have the same interests: bringing down dangerous criminals and terrorists. In the last two decades, he\'s made a list of criminals and terrorists that matter the most but the FBI cannot find because it does not know they exist. Reddington calls this "The Blacklist". Reddington will co-operate, but insists that he will speak only to Elizabeth Keen, a rookie FBI profiler.',201.895,9,'2013-09-23','/htJzeRcYI2ewMm4PTrg98UMXShe.jpg', 7.4, 1916);
INSERT INTO SeriesGenre(seriesId, genreId) VALUES (46952,18);
INSERT INTO SeriesGenre(seriesId, genreId) VALUES (46952,80);
INSERT INTO SeriesGenre(seriesId, genreId) VALUES (46952,9648);
INSERT INTO Series(id, title, overview, popularity, seasons, releaseDate, posterPath, voteCount, voteAvg) VALUES(62286,'','What did the world look like as it was transforming into the horrifying apocalypse depicted in "The Walking Dead"? This spin-off set in Los Angeles, following new characters as they face the beginning of the end of the world, will answer that question.',361.329,7,'2015-08-23','/4UjiPdFKJGJYdxwRs2Rzg7EmWqr.jpg', 7.6, 3323);
INSERT INTO SeriesGenre(seriesId, genreId) VALUES (62286,10759);
INSERT INTO SeriesGenre(seriesId, genreId) VALUES (62286,18);
INSERT INTO Series(id, title, overview, popularity, seasons, releaseDate, posterPath, voteCount, voteAvg) VALUES(95479,'','With his days numbered, high schooler Yuji decides to hunt down and consume the remaining 19 fingers of a deadly curse so it can die with him.',338.969,2,'2020-10-03','/g1rK2nRXSidcMwNliWDIroWWGTn.jpg', 8.5, 815);
INSERT INTO SeriesGenre(seriesId, genreId) VALUES (95479,16);
INSERT INTO SeriesGenre(seriesId, genreId) VALUES (95479,10759);
INSERT INTO SeriesGenre(seriesId, genreId) VALUES (95479,10765);
INSERT INTO Series(id, title, overview, popularity, seasons, releaseDate, posterPath, voteCount, voteAvg) VALUES(106159,'','Two federal agents from two different continents, and two different mindsets, must work together to investigate when wreckage from a destroyed alien spacecraft has mysterious effects on humankind.',38.635,1,'2021-03-01','/cILrZGHgsIEpZ6VKEB3VwC2CadB.jpg', 7.8, 30);
INSERT INTO SeriesGenre(seriesId, genreId) VALUES (106159,18);
INSERT INTO SeriesGenre(seriesId, genreId) VALUES (106159,10765);
INSERT INTO Series(id, title, overview, popularity, seasons, releaseDate, posterPath, voteCount, voteAvg) VALUES(106158,'','Detective Elliot Stabler returns to the NYPD to battle organized crime after a devastating personal loss. The city and police department have changed dramatically in the decade he’s been away, and he must adapt to a criminal justice system in the midst of its own moment of reckoning. Stabler journeys to find absolution and rebuild his life, while leading a new elite task force that is taking apart the city’s most powerful criminal syndicates one by one.',19.531,1,'2021-04-01','/ur8ZV6Dn4FzsU2zIQK7iDQKZcTE.jpg', 9, 8);
INSERT INTO SeriesGenre(seriesId, genreId) VALUES (106158,80);
INSERT INTO SeriesGenre(seriesId, genreId) VALUES (106158,18);
INSERT INTO Series(id, title, overview, popularity, seasons, releaseDate, posterPath, voteCount, voteAvg) VALUES(76231,'','Set in the aftermath of Jax Teller’s death, Ezekiel "EZ" Reyes is fresh out of prison and a prospect in the Mayans M.C. charter on the Cali/Mexi border. Now, EZ must carve out his new identity in a town where he was once the golden boy with the American Dream in his grasp.',447.098,3,'2018-09-04','/gaKhfksFK24N19bjlFpJxamYZ02.jpg', 7.9, 157);
INSERT INTO SeriesGenre(seriesId, genreId) VALUES (76231,80);
INSERT INTO SeriesGenre(seriesId, genreId) VALUES (76231,18);
INSERT INTO Series(id, title, overview, popularity, seasons, releaseDate, posterPath, voteCount, voteAvg) VALUES(87917,'','Explore an aspirational world where NASA and the space program remained a priority and a focal point of our hopes and dreams as told through the lives of NASA astronauts, engineers, and their families.',63.745,2,'2019-11-01','/w5r3AG9Etva4IcyMhVn6TYl577l.jpg', 7.4, 159);
INSERT INTO SeriesGenre(seriesId, genreId) VALUES (87917,10765);
INSERT INTO SeriesGenre(seriesId, genreId) VALUES (87917,18);
INSERT INTO Series(id, title, overview, popularity, seasons, releaseDate, posterPath, voteCount, voteAvg) VALUES(89247,'','Kate Kane, armed with a passion for social justice and a flair for speaking her mind, soars onto the streets of Gotham as Batwoman, an out lesbian and highly trained street fighter primed to snuff out the failing city\'s criminal resurgence. But don\'t call her a hero yet. In a city desperate for a savior, Kate must overcome her own demons before embracing the call to be Gotham\'s symbol of hope',255.159,2,'2019-10-06','/xjyEpcuDbB1jy0ehNQMBiO8KOdr.jpg', 7.3, 1008);
INSERT INTO SeriesGenre(seriesId, genreId) VALUES (89247,10765);
INSERT INTO SeriesGenre(seriesId, genreId) VALUES (89247,10759);
INSERT INTO SeriesGenre(seriesId, genreId) VALUES (89247,9648);
INSERT INTO SeriesGenre(seriesId, genreId) VALUES (89247,80);
INSERT INTO Series(id, title, overview, popularity, seasons, releaseDate, posterPath, voteCount, voteAvg) VALUES(80350,'','Dr. Max Goodwin, the hospital\'s newest medical director, sets out to tear up the bureaucracy and provide exceptional care.',224.792,3,'2018-09-25','/wKTAz8fkoXJoHqPpi4ArAUGDtco.jpg', 8.4, 289);
INSERT INTO SeriesGenre(seriesId, genreId) VALUES (80350,18);
INSERT INTO Series(id, title, overview, popularity, seasons, releaseDate, posterPath, voteCount, voteAvg) VALUES(34307,'','Chicagoan Frank Gallagher is the proud single dad of six smart, industrious, independent kids, who without him would be... perhaps better off. When Frank\'s not at the bar spending what little money they have, he\'s passed out on the floor. But the kids have found ways to grow up in spite of him. They may not be like any family you know, but they make no apologies for being exactly who they are.',74.743,12,'2011-01-09','/9akij7PqZ1g6zl42DQQTtL9CTSb.jpg', 8, 1243);
INSERT INTO SeriesGenre(seriesId, genreId) VALUES (34307,18);
INSERT INTO SeriesGenre(seriesId, genreId) VALUES (34307,35);
INSERT INTO Series(id, title, overview, popularity, seasons, releaseDate, posterPath, voteCount, voteAvg) VALUES(119565,'','The lives of an ambitious businesswoman, a charming gang enforcer and a troubled teen collide amidst a desperate — and sinister — pursuit of wealth.',33.951,1,'2021-04-07','/nR52E9DXyeXFKZKmDTxyWI9kFbh.jpg', 9, 2);
INSERT INTO SeriesGenre(seriesId, genreId) VALUES (119565,80);
INSERT INTO SeriesGenre(seriesId, genreId) VALUES (119565,18);
INSERT INTO Series(id, title, overview, popularity, seasons, releaseDate, posterPath, voteCount, voteAvg) VALUES(120587,'','Real people\'s terrifying tales of the chilling, unexplained and paranormal come to life with dramatic reenactments in this reality series.',129.517,1,'2021-03-31','/Q1ZYG3kDS8iVIHOYOJ9NQmV0q7.jpg', 7.5, 141);
INSERT INTO Genres(id, genre) VALUES (10764,'Reality');
INSERT INTO SeriesGenre(seriesId, genreId) VALUES (120587,10764);
INSERT INTO Series(id, title, overview, popularity, seasons, releaseDate, posterPath, voteCount, voteAvg) VALUES(456,'','Set in Springfield, the average American town, the show focuses on the antics and everyday adventures of the Simpson family; Homer, Marge, Bart, Lisa and Maggie, as well as a virtual cast of thousands. Since the beginning, the series has been a pop culture icon, attracting hundreds of celebrities to guest star. The show has also made name for itself in its fearless satirical take on politics, media and American life in general.',273.261,35,'1989-12-17','/2IWouZK4gkgHhJa3oyYuSWfSqbG.jpg', 7.8, 6346);
INSERT INTO SeriesGenre(seriesId, genreId) VALUES (456,10751);
INSERT INTO SeriesGenre(seriesId, genreId) VALUES (456,16);
INSERT INTO SeriesGenre(seriesId, genreId) VALUES (456,35);
INSERT INTO Series(id, title, overview, popularity, seasons, releaseDate, posterPath, voteCount, voteAvg) VALUES(84958,'','The mercurial villain Loki resumes his role as the God of Mischief following the events of "Avengers: Endgame".',86.184,1,'2021-06-11','/1ggA8LZLrnMzkCrpMDuJKfAO8vZ.jpg', 0, 0);
INSERT INTO SeriesGenre(seriesId, genreId) VALUES (84958,10765);
INSERT INTO SeriesGenre(seriesId, genreId) VALUES (84958,10759);
INSERT INTO SeriesGenre(seriesId, genreId) VALUES (84958,18);
INSERT INTO SeriesGenre(seriesId, genreId) VALUES (84958,80);
INSERT INTO Series(id, title, overview, popularity, seasons, releaseDate, posterPath, voteCount, voteAvg) VALUES(79618,'','In early 90s Boston, an African-American District Attorney comes in from Brooklyn advocating change and forms an unlikely alliance with a corrupt yet venerated FBI veteran invested in maintaining the status quo. Together they take on a family of armored car robbers from Charlestown in a case that grows to encompass and eventually upend Boston’s city-wide criminal justice system.',19.494,2,'2019-06-16','/uw8i3ZlDZrm9ekEJ8CMGW3BVFw1.jpg', 8, 44);
INSERT INTO SeriesGenre(seriesId, genreId) VALUES (79618,80);
INSERT INTO SeriesGenre(seriesId, genreId) VALUES (79618,18);
INSERT INTO Series(id, title, overview, popularity, seasons, releaseDate, posterPath, voteCount, voteAvg) VALUES(1668,'','The misadventures of a group of friends as they navigate the pitfalls of work, life and love in Manhattan.',167.005,11,'1994-09-22','/f496cm9enuEsZkSPzCwnTESEK5s.jpg', 8.4, 4307);
INSERT INTO SeriesGenre(seriesId, genreId) VALUES (1668,35);
INSERT INTO SeriesGenre(seriesId, genreId) VALUES (1668,18);
INSERT INTO Series(id, title, overview, popularity, seasons, releaseDate, posterPath, voteCount, voteAvg) VALUES(57243,'','The Doctor is a Time Lord: a 900 year old alien with 2 hearts, part of a gifted civilization who mastered time travel. The Doctor saves planets for a living—more of a hobby actually, and the Doctor\'s very, very good at it.',102.389,14,'2005-03-26','/cDDb7WA2i7cENhkEEjXEDrXGyNL.jpg', 7.2, 2011);
INSERT INTO SeriesGenre(seriesId, genreId) VALUES (57243,10759);
INSERT INTO SeriesGenre(seriesId, genreId) VALUES (57243,18);
INSERT INTO SeriesGenre(seriesId, genreId) VALUES (57243,10765);
INSERT INTO Series(id, title, overview, popularity, seasons, releaseDate, posterPath, voteCount, voteAvg) VALUES(46639,'','An ex-con becomes the traveling partner of a conman who turns out to be one of the older gods trying to recruit troops to battle the upstart deities. Based on Neil Gaiman\'s fantasy novel.',215.283,4,'2017-04-30','/3KCAZaKHmoMIN9dHutqaMtubQqD.jpg', 7.1, 1029);
INSERT INTO SeriesGenre(seriesId, genreId) VALUES (46639,18);
INSERT INTO SeriesGenre(seriesId, genreId) VALUES (46639,9648);
INSERT INTO SeriesGenre(seriesId, genreId) VALUES (46639,10765);
INSERT INTO Series(id, title, overview, popularity, seasons, releaseDate, posterPath, voteCount, voteAvg) VALUES(79588,'','The origin story of Bruce Wayne\'s legendary butler, Alfred Pennyworth, a former British SAS soldier who forms a security company and goes to work with Thomas Wayne, Bruce\'s billionaire father, in 1960s London.',36.191,2,'2019-07-28','/sF14a0UUhdLmDMv5vQ3QudoM31w.jpg', 8, 188);
INSERT INTO SeriesGenre(seriesId, genreId) VALUES (79588,18);
INSERT INTO SeriesGenre(seriesId, genreId) VALUES (79588,80);
INSERT INTO SeriesGenre(seriesId, genreId) VALUES (79588,10765);
INSERT INTO Series(id, title, overview, popularity, seasons, releaseDate, posterPath, voteCount, voteAvg) VALUES(1418,'','The sitcom is centered on five characters living in Pasadena, California: roommates Leonard Hofstadter and Sheldon Cooper; Penny, a waitress and aspiring actress who lives across the hall; and Leonard and Sheldon\'s equally geeky and socially awkward friends and co-workers, mechanical engineer Howard Wolowitz and astrophysicist Raj Koothrappali. The geekiness and intellect of the four guys is contrasted for comic effect with Penny\'s social skills and common sense.',195.319,13,'2007-09-24','/ooBGRQBdbGzBxAVfExiO8r7kloA.jpg', 7.7, 7031);
INSERT INTO SeriesGenre(seriesId, genreId) VALUES (1418,35);
INSERT INTO Series(id, title, overview, popularity, seasons, releaseDate, posterPath, voteCount, voteAvg) VALUES(44217,'','The adventures of Ragnar Lothbrok, the greatest hero of his age. The series tells the sagas of Ragnar\'s band of Viking brothers and his family, as he rises to become King of the Viking tribes. As well as being a fearless warrior, Ragnar embodies the Norse traditions of devotion to the gods. Legend has it that he was a direct descendant of Odin, the god of war and warriors.',405.811,7,'2013-03-03','/bQLrHIRNEkE3PdIWQrZHynQZazu.jpg', 8, 4300);
INSERT INTO SeriesGenre(seriesId, genreId) VALUES (44217,10759);
INSERT INTO SeriesGenre(seriesId, genreId) VALUES (44217,18);
INSERT INTO Series(id, title, overview, popularity, seasons, releaseDate, posterPath, voteCount, voteAvg) VALUES(66732,'','When a young boy vanishes, a small town uncovers a mystery involving secret experiments, terrifying supernatural forces, and one strange little girl.',242.768,4,'2016-07-15','/x2LSRK2Cm7MZhjluni1msVJ3wDF.jpg', 8.6, 7971);
INSERT INTO SeriesGenre(seriesId, genreId) VALUES (66732,10765);
INSERT INTO SeriesGenre(seriesId, genreId) VALUES (66732,9648);
INSERT INTO SeriesGenre(seriesId, genreId) VALUES (66732,18);
INSERT INTO Series(id, title, overview, popularity, seasons, releaseDate, posterPath, voteCount, voteAvg) VALUES(119934,'','Told through a series of interconnected phone conversations, this groundbreaking series chronicles the mysterious story of a group of strangers whose lives are thrown into disarray in the lead-up to an apocalyptic event.',16.427,1,'2021-03-19','/lzb4SwMTwNZPaifi0qDc9U0imzG.jpg', 7, 4);
INSERT INTO SeriesGenre(seriesId, genreId) VALUES (119934,18);
INSERT INTO SeriesGenre(seriesId, genreId) VALUES (119934,9648);
INSERT INTO Series(id, title, overview, popularity, seasons, releaseDate, posterPath, voteCount, voteAvg) VALUES(63174,'','Bored and unhappy as the Lord of Hell, Lucifer Morningstar abandoned his throne and retired to Los Angeles, where he has teamed up with LAPD detective Chloe Decker to take down criminals. But the longer he\'s away from the underworld, the greater the threat that the worst of humanity could escape.',788.363,6,'2016-01-25','/4EYPN5mVIhKLfxGruy7Dy41dTVn.jpg', 8.5, 8139);
INSERT INTO SeriesGenre(seriesId, genreId) VALUES (63174,80);
INSERT INTO SeriesGenre(seriesId, genreId) VALUES (63174,10765);
INSERT INTO Series(id, title, overview, popularity, seasons, releaseDate, posterPath, voteCount, voteAvg) VALUES(114165,'','A quarter-life crisis causes a young Chinese-American woman to drop out of college and go on a life-changing journey to an isolated monastery in China. But when she returns to find her hometown overrun with crime and corruption, she uses her martial arts skills and Shaolin values to protect her community and bring criminals to justice…all while searching for the assassin who killed her Shaolin mentor and is now targeting her.',40.158,1,'2021-04-07','/sJbzjaCnGdxlaRUCP7UmJGL1RVZ.jpg', 8, 2);
INSERT INTO Series(id, title, overview, popularity, seasons, releaseDate, posterPath, voteCount, voteAvg) VALUES(99489,'','A woman puts everything on the line to achieve her goal of being able to move into a luxury penthouse in the Gangnam District. In the process, she gradually finds herself turning into a monster.',64.802,4,'2020-10-26','/33WzWRlmxjpW00zOGin6qrx6iqU.jpg', 8, 12);
INSERT INTO SeriesGenre(seriesId, genreId) VALUES (99489,18);
INSERT INTO SeriesGenre(seriesId, genreId) VALUES (99489,9648);
INSERT INTO SeriesGenre(seriesId, genreId) VALUES (99489,10751);
INSERT INTO Series(id, title, overview, popularity, seasons, releaseDate, posterPath, voteCount, voteAvg) VALUES(79460,'','In a place where young witches, vampires, and werewolves are nurtured to be their best selves in spite of their worst impulses, Klaus Mikaelson’s daughter, 17-year-old Hope Mikaelson, Alaric Saltzman’s twins, Lizzie and Josie Saltzman, among others, come of age into heroes and villains at The Salvatore School for the Young and Gifted.',485.379,3,'2018-10-25','/qTZIgXrBKURBK1KrsT7fe3qwtl9.jpg', 8.6, 1750);
INSERT INTO SeriesGenre(seriesId, genreId) VALUES (79460,10765);
INSERT INTO SeriesGenre(seriesId, genreId) VALUES (79460,18);
INSERT INTO Series(id, title, overview, popularity, seasons, releaseDate, posterPath, voteCount, voteAvg) VALUES(85937,'','It is the Taishō period in Japan. Tanjirō, a kindhearted boy who sells charcoal for a living, finds his family slaughtered by a demon. To make matters worse, his younger sister Nezuko, the sole survivor, has been transformed into a demon herself. Though devastated by this grim reality, Tanjirō resolves to become a “demon slayer” so that he can turn his sister back into a human, and kill the demon that massacred his family.',44.77,3,'2019-04-06','/wrCVHdkBlBWdJUZPvnJWcBRuhSY.jpg', 8.9, 2083);
INSERT INTO SeriesGenre(seriesId, genreId) VALUES (85937,16);
INSERT INTO SeriesGenre(seriesId, genreId) VALUES (85937,10759);
INSERT INTO SeriesGenre(seriesId, genreId) VALUES (85937,10765);
INSERT INTO Series(id, title, overview, popularity, seasons, releaseDate, posterPath, voteCount, voteAvg) VALUES(97645,'','A family of aliens from a much better world must take refuge in middle America after the destruction of their planet. Their mission: protect the Pupa, a living super computer that will one day evolve into its true form, consume them and terraform the Earth.',25.552,2,'2020-05-08','/dx5Hv04ePwbfsxgieBtAEbZz7XJ.jpg', 7.8, 134);
INSERT INTO SeriesGenre(seriesId, genreId) VALUES (97645,35);
INSERT INTO SeriesGenre(seriesId, genreId) VALUES (97645,16);
INSERT INTO SeriesGenre(seriesId, genreId) VALUES (97645,10765);
INSERT INTO Series(id, title, overview, popularity, seasons, releaseDate, posterPath, voteCount, voteAvg) VALUES(31910,'','Naruto Shippuuden is the continuation of the original animated TV series Naruto.The story revolves around an older and slightly more matured Uzumaki Naruto and his quest to save his friend Uchiha Sasuke from the grips of the snake-like Shinobi, Orochimaru. After 2 and a half years Naruto finally returns to his village of Konoha, and sets about putting his ambitions to work, though it will not be easy, as He has amassed a few (more dangerous) enemies, in the likes of the shinobi organization; Akatsuki.',238.426,21,'2007-02-15','/zAYRe2bJxpWTVrwwmBc00VFkAf4.jpg', 8.6, 5118);
INSERT INTO SeriesGenre(seriesId, genreId) VALUES (31910,16);
INSERT INTO SeriesGenre(seriesId, genreId) VALUES (31910,10759);
INSERT INTO SeriesGenre(seriesId, genreId) VALUES (31910,10765);
INSERT INTO Series(id, title, overview, popularity, seasons, releaseDate, posterPath, voteCount, voteAvg) VALUES(67136,'','Follows the lives and families of three adults living and growing up in the United States of America in present and past times. As their paths cross and their life stories intertwine in curious ways, we find that several of them share the same birthday - and so much more than anyone would expect.',118.08,6,'2016-09-20','/bPaVOvW2LK6oYrRv9Ybb196ywub.jpg', 8.2, 896);
INSERT INTO SeriesGenre(seriesId, genreId) VALUES (67136,35);
INSERT INTO SeriesGenre(seriesId, genreId) VALUES (67136,18);
INSERT INTO Series(id, title, overview, popularity, seasons, releaseDate, posterPath, voteCount, voteAvg) VALUES(65942,'','Natsuki Subaru, an ordinary high school  student, is on his way home from the convenience store when he finds  himself transported to another world. As he\'s lost and confused in a new  world where he doesn\'t even know left from right, the only person to  reach out to him was a beautiful girl with silver hair. Determined to  repay her somehow for saving him from his own despair, Subaru agrees to  help the girl find something she\'s looking for.',53.094,3,'2016-04-04','/2EJ5QSz6f5Iya12DR8pfJ2bNCd2.jpg', 7.7, 166);
INSERT INTO SeriesGenre(seriesId, genreId) VALUES (65942,16);
INSERT INTO SeriesGenre(seriesId, genreId) VALUES (65942,35);
INSERT INTO SeriesGenre(seriesId, genreId) VALUES (65942,18);
INSERT INTO SeriesGenre(seriesId, genreId) VALUES (65942,10765);
INSERT INTO SeriesGenre(seriesId, genreId) VALUES (65942,10759);
INSERT INTO Series(id, title, overview, popularity, seasons, releaseDate, posterPath, voteCount, voteAvg) VALUES(71728,'','The early life of child genius Sheldon Cooper, later seen in The Big Bang Theory.',175.216,5,'2017-09-25','/aESxB2HblKlDzma39xVefa20pbW.jpg', 8, 1183);
INSERT INTO SeriesGenre(seriesId, genreId) VALUES (71728,35);
INSERT INTO Series(id, title, overview, popularity, seasons, releaseDate, posterPath, voteCount, voteAvg) VALUES(76773,'','A group of heroic firefighters at Seattle Fire Station 19—from captain to newest recruit—risk their lives and hearts both in the line of duty and off the clock. These brave men and women are like family, literally and figuratively, and together they put their own lives in jeopardy as first responders to save the lives of others.',237.823,4,'2018-03-22','/lcuCED5Ky2uM5VE6wILOwt5FEb0.jpg', 8.2, 747);
INSERT INTO SeriesGenre(seriesId, genreId) VALUES (76773,10759);
INSERT INTO SeriesGenre(seriesId, genreId) VALUES (76773,18);
INSERT INTO Series(id, title, overview, popularity, seasons, releaseDate, posterPath, voteCount, voteAvg) VALUES(104699,'','The Shaman King is the one who can contact the king of spirits and reshape the world. Every 500 years, shamans, who can commune between the worlds of the living and dead, compete in the Shaman Fight to become the next Shaman King.

Among those aiming for the top is a young shaman named Yoh Asakura.',62.955,1,'2021-04-01','/rFFsdLlwyclyM83ALobrfMhr28A.jpg', 8.3, 49);
INSERT INTO SeriesGenre(seriesId, genreId) VALUES (104699,16);
INSERT INTO SeriesGenre(seriesId, genreId) VALUES (104699,35);
INSERT INTO SeriesGenre(seriesId, genreId) VALUES (104699,10765);
INSERT INTO SeriesGenre(seriesId, genreId) VALUES (104699,10759);
INSERT INTO Series(id, title, overview, popularity, seasons, releaseDate, posterPath, voteCount, voteAvg) VALUES(82684,'','37-year-old corporate worker Mikami Satoru is stabbed by a random killer, and is reborn to an alternate world. But he turns out to be reborn a slime! Thrown into this new world with the name Rimuru Tempest, he begins his quest to create a world that’s welcoming to all races. Broken free from ordinary, stale past life, his fresh adventure in a fantasy world as a slime monster with unique abilities begins.',48.458,3,'2018-10-02','/jQb1ztdko9qc4aCdnMXShcIHXRG.jpg', 8.7, 271);
INSERT INTO SeriesGenre(seriesId, genreId) VALUES (82684,10759);
INSERT INTO SeriesGenre(seriesId, genreId) VALUES (82684,16);
INSERT INTO SeriesGenre(seriesId, genreId) VALUES (82684,10765);
INSERT INTO SeriesGenre(seriesId, genreId) VALUES (82684,35);
INSERT INTO Series(id, title, overview, popularity, seasons, releaseDate, posterPath, voteCount, voteAvg) VALUES(87093,'','A free-spirited mom moves her family from the west coast to the Midwest and gets to know her extended family.',28.203,2,'2019-07-10','/bAgyYV5wQWZLGjL423VX8EwWP4b.jpg', 8.7, 30);
INSERT INTO SeriesGenre(seriesId, genreId) VALUES (87093,35);
INSERT INTO Series(id, title, overview, popularity, seasons, releaseDate, posterPath, voteCount, voteAvg) VALUES(118541,'','"Dear diary… I got reincarnated as a slime."

Even in another world, lives aren\'t always on the line. There\'s plenty of work to be done, from feeding the community and forging the items the community needs; as well as plenty of play ...and hijinks throughout! Join Rimuru and friends as they kick back and enjoy their daily lives.',54.336,1,'2021-04-06','/kUvmzkxPf1UDLdcDJ7qIYvfTZaz.jpg', 7, 1);
INSERT INTO SeriesGenre(seriesId, genreId) VALUES (118541,16);
INSERT INTO SeriesGenre(seriesId, genreId) VALUES (118541,35);
INSERT INTO SeriesGenre(seriesId, genreId) VALUES (118541,10759);
INSERT INTO SeriesGenre(seriesId, genreId) VALUES (118541,10765);
INSERT INTO Series(id, title, overview, popularity, seasons, releaseDate, posterPath, voteCount, voteAvg) VALUES(62104,'','The “Seven Deadly Sins”—a group of evil knights who conspired to overthrow the kingdom of Britannia—were said to have been eradicated by the Holy Knights, although some claim that they still live. Ten years later, the Holy Knights have staged a Coup d\'état and assassinated the king, becoming the new, tyrannical rulers of the kingdom. Elizabeth, the king\'s only daughter, sets out on a journey to find the “Seven Deadly Sins,” and to enlist their help in taking back the kingdom.',52.702,5,'2014-10-05','/3pzQv4g1wcbrSh7zCis0S27O2Ih.jpg', 8.6, 3200);
INSERT INTO SeriesGenre(seriesId, genreId) VALUES (62104,10759);
INSERT INTO SeriesGenre(seriesId, genreId) VALUES (62104,16);
INSERT INTO SeriesGenre(seriesId, genreId) VALUES (62104,10765);
INSERT INTO Series(id, title, overview, popularity, seasons, releaseDate, posterPath, voteCount, voteAvg) VALUES(119284,'','Love — and lies — spiral when a DNA researcher helps discover a way to find the perfect partner, and creates a bold new matchmaking service.',130.281,1,'2021-03-12','/klL9vBIRdEeSLtjhn83pCNcVguZ.jpg', 7.2, 43);
INSERT INTO SeriesGenre(seriesId, genreId) VALUES (119284,80);
INSERT INTO SeriesGenre(seriesId, genreId) VALUES (119284,18);
INSERT INTO SeriesGenre(seriesId, genreId) VALUES (119284,10765);
INSERT INTO Series(id, title, overview, popularity, seasons, releaseDate, posterPath, voteCount, voteAvg) VALUES(1622,'','When they were boys, Sam and Dean Winchester lost their mother to a mysterious and demonic supernatural force. Subsequently, their father raised them to be soldiers. He taught them about the paranormal evil that lives in the dark corners and on the back roads of America ... and he taught them how to kill it. Now, the Winchester brothers crisscross the country in their \'67 Chevy Impala, battling every kind of supernatural threat they encounter along the way. ',292.516,16,'2005-09-13','/KoYWXbnYuS3b0GyQPkbuexlVK9.jpg', 8.2, 4976);
INSERT INTO SeriesGenre(seriesId, genreId) VALUES (1622,18);
INSERT INTO SeriesGenre(seriesId, genreId) VALUES (1622,9648);
INSERT INTO SeriesGenre(seriesId, genreId) VALUES (1622,10765);
INSERT INTO Series(id, title, overview, popularity, seasons, releaseDate, posterPath, voteCount, voteAvg) VALUES(65988,'','Wyatt Earp\'s great granddaughter Wynonna battles demons and other creatures with her unique abilities and a posse of dysfunctional allies - the only thing that can bring the paranormal to justice.',52.8,4,'2016-04-01','/qnIaDelA81dmFaXrhpz6M6dpGSD.jpg', 8, 572);
INSERT INTO SeriesGenre(seriesId, genreId) VALUES (65988,10759);
INSERT INTO SeriesGenre(seriesId, genreId) VALUES (65988,10765);
INSERT INTO SeriesGenre(seriesId, genreId) VALUES (65988,37);
INSERT INTO Series(id, title, overview, popularity, seasons, releaseDate, posterPath, voteCount, voteAvg) VALUES(44006,'','An edge-of-your-seat view into the lives of everyday heroes committed to one of America\'s noblest professions. For the firefighters, rescue squad and paramedics of Chicago Firehouse 51, no occupation is more stressful or dangerous, yet so rewarding and exhilarating. These courageous men and women are among the elite who forge headfirst into danger when everyone else is running the other way and whose actions make the difference between life and death.',218.603,9,'2012-10-10','/6AccYL0eb7uzHn98IKaNjvJbyuA.jpg', 8.3, 1297);
INSERT INTO SeriesGenre(seriesId, genreId) VALUES (44006,18);
INSERT INTO Series(id, title, overview, popularity, seasons, releaseDate, posterPath, voteCount, voteAvg) VALUES(117581,'','Angsty and awkward fifteen year old Ginny Miller often feels more mature than her thirty year old mother, the irresistible and dynamic Georgia Miller. After years on the run, Georgia desperately wants to put down roots in picturesque New England and give her family something they\'ve never had... a normal life. But it\'s not all carpool and Kombucha as Georgia\'s past threatens her and her family\'s new way of life... and Georgia will do anything to protect her family.',258.058,1,'2021-02-24','/e4aqizYQ8eeTGNZMq6WiFfqoZbz.jpg', 8.2, 416);
INSERT INTO SeriesGenre(seriesId, genreId) VALUES (117581,35);
INSERT INTO SeriesGenre(seriesId, genreId) VALUES (117581,18);
INSERT INTO Series(id, title, overview, popularity, seasons, releaseDate, posterPath, voteCount, voteAvg) VALUES(46260,'','In another world, ninja are the ultimate power, and in the Village Hidden in the Leaves live the stealthiest ninja in the land. Twelve years earlier, the fearsome Nine-Tailed Fox terrorized the village and claimed many lives before it was subdued and its spirit sealed within the body of a baby boy. That boy, Naruto Uzumaki, has grown up to become a ninja-in-training who\'s more interested in pranks than in studying ninjutsu.. but Naruto is determined to become the greatest ninja ever!',336.896,5,'2002-10-03','/vauCEnR7CiyBDzRCeElKkCaXIYu.jpg', 8.4, 3404);
INSERT INTO SeriesGenre(seriesId, genreId) VALUES (46260,16);
INSERT INTO SeriesGenre(seriesId, genreId) VALUES (46260,10759);
INSERT INTO SeriesGenre(seriesId, genreId) VALUES (46260,10765);
INSERT INTO Series(id, title, overview, popularity, seasons, releaseDate, posterPath, voteCount, voteAvg) VALUES(86686,'','A young boy\'s horror comic book comes to life in this anthology series of terrifying tales.',18.528,3,'2019-09-26','/2gPdnWIl8bMHBk4P4CqiszpYMcC.jpg', 7.3, 90);
INSERT INTO SeriesGenre(seriesId, genreId) VALUES (86686,9648);
INSERT INTO SeriesGenre(seriesId, genreId) VALUES (86686,35);
INSERT INTO SeriesGenre(seriesId, genreId) VALUES (86686,10765);
INSERT INTO Series(id, title, overview, popularity, seasons, releaseDate, posterPath, voteCount, voteAvg) VALUES(1434,'','Sick, twisted, politically incorrect and Freakin\' Sweet animated series featuring the adventures of the dysfunctional Griffin family. Bumbling Peter and long-suffering Lois have three kids. Stewie (a brilliant but sadistic baby bent on killing his mother and taking over the world), Meg (the oldest, and is the most unpopular girl in town) and Chris (the middle kid, he\'s not very bright but has a passion for movies). The final member of the family is Brian - a talking dog and much more than a pet, he keeps Stewie in check whilst sipping Martinis and sorting through his own life issues.',215.007,22,'1999-01-31','/eWWCRjBfLyePh2tfZdvNcIvKSJe.jpg', 7, 2696);
INSERT INTO SeriesGenre(seriesId, genreId) VALUES (1434,16);
INSERT INTO SeriesGenre(seriesId, genreId) VALUES (1434,35);
INSERT INTO Series(id, title, overview, popularity, seasons, releaseDate, posterPath, voteCount, voteAvg) VALUES(117376,'','Vincenzo Cassano is an Italian lawyer and Mafia consigliere who moves back to Korea due to a conflict within his organization. He ends up crossing paths with a sharp-tongued lawyer named Cha-young, and the two join forces in using villainous methods to take down villains who cannot be punished by the law.',22.821,1,'2021-02-20','/dvXJgEDQXhL9Ouot2WkBHpQiHGd.jpg', 8.7, 14);
INSERT INTO SeriesGenre(seriesId, genreId) VALUES (117376,10759);
INSERT INTO SeriesGenre(seriesId, genreId) VALUES (117376,35);
INSERT INTO Series(id, title, overview, popularity, seasons, releaseDate, posterPath, voteCount, voteAvg) VALUES(95205,'','Robyn McCall, an enigmatic former CIA operative with a mysterious background, uses her extensive skills to help those with nowhere else to turn.',28.228,1,'2021-02-07','/gAgShytJMWSYkjxa7ZDjSZhsnlc.jpg', 8.8, 46);
INSERT INTO SeriesGenre(seriesId, genreId) VALUES (95205,80);
INSERT INTO SeriesGenre(seriesId, genreId) VALUES (95205,18);
INSERT INTO Series(id, title, overview, popularity, seasons, releaseDate, posterPath, voteCount, voteAvg) VALUES(76479,'','A group of vigilantes known informally as “The Boys” set out to take down corrupt superheroes with no more than blue-collar grit and a willingness to fight dirty.',292.518,3,'2019-07-25','/mY7SeH4HFFxW1hiI6cWuwCRKptN.jpg', 8.4, 4347);
INSERT INTO SeriesGenre(seriesId, genreId) VALUES (76479,10765);
INSERT INTO SeriesGenre(seriesId, genreId) VALUES (76479,10759);
INSERT INTO Series(id, title, overview, popularity, seasons, releaseDate, posterPath, voteCount, voteAvg) VALUES(99071,'','In a world of monsters, adventurers and magic, some of the most gifted healers are subjugated to brute force. Keyaru gains the ability to rewind time and turns the tables on those who’ve exploited him in this dark fantasy tale of vengeance and fury.',97.687,1,'2021-01-13','/hynFI7MltF1BBvroh3iJplnBZyc.jpg', 9, 288);
INSERT INTO SeriesGenre(seriesId, genreId) VALUES (99071,16);
INSERT INTO SeriesGenre(seriesId, genreId) VALUES (99071,10759);
INSERT INTO SeriesGenre(seriesId, genreId) VALUES (99071,10765);
INSERT INTO Series(id, title, overview, popularity, seasons, releaseDate, posterPath, voteCount, voteAvg) VALUES(106519,'','Office worker Yoshida has been crushing on his coworker, Airi Gotō, for five years. Despite finally scoring a date with her, his confession is promptly rejected. Drunk and disappointed, he stumbles home, only to find a high school girl sitting on the side of the road. The girl, needing a place to stay the night, attempts to seduce Yoshida. Despite rejecting her advances, he nevertheless invites her into his apartment.

The next morning, the girl, introducing herself as Sayu Ogiwara, reveals that she has run away from Hokkaido all the way to Tokyo. During her six-month spree, she continually traded sexual favors for a roof over her head. Yoshida, however, remains unswayed by her seduction. Instead, he has her do a different kind of work—one that entails washing dishes and doing laundry. And so, a touching relationship between a heartbroken adult and a runaway high school girl begins.',88.588,1,'2021-04-05','/aNpf4vaeZiucPqrOlIKs5Sqxzbs.jpg', 7, 4);
INSERT INTO SeriesGenre(seriesId, genreId) VALUES (106519,16);
INSERT INTO SeriesGenre(seriesId, genreId) VALUES (106519,35);
INSERT INTO SeriesGenre(seriesId, genreId) VALUES (106519,18);
INSERT INTO Series(id, title, overview, popularity, seasons, releaseDate, posterPath, voteCount, voteAvg) VALUES(120582,'','In 1990, two men dressed as cops con their way into a Boston museum and steal a fortune in art. Take a deep dive into this daring and notorious crime.',37.759,1,'2021-04-07','/3HxjWRCrNjQQ2oOr9fdsywxSZbo.jpg', 10, 1);
INSERT INTO Genres(id, genre) VALUES (99,'Documentary');
INSERT INTO SeriesGenre(seriesId, genreId) VALUES (120582,99);
INSERT INTO SeriesGenre(seriesId, genreId) VALUES (120582,80);
INSERT INTO Series(id, title, overview, popularity, seasons, releaseDate, posterPath, voteCount, voteAvg) VALUES(87739,'','In a Kentucky orphanage in the 1950s, a young girl discovers an astonishing talent for chess while struggling with addiction.',130.421,1,'2020-10-23','/zU0htwkhNvBQdVSIKB9s6hgVeFK.jpg', 8.7, 1776);
INSERT INTO SeriesGenre(seriesId, genreId) VALUES (87739,18);
INSERT INTO Series(id, title, overview, popularity, seasons, releaseDate, posterPath, voteCount, voteAvg) VALUES(71912,'','Geralt of Rivia, a mutated monster-hunter for hire, journeys toward his destiny in a turbulent world where people often prove more wicked than beasts.',107.842,2,'2019-12-20','/zrPpUlehQaBf8YX2NrVrKK8IEpf.jpg', 8.1, 2102);
INSERT INTO SeriesGenre(seriesId, genreId) VALUES (71912,10765);
INSERT INTO SeriesGenre(seriesId, genreId) VALUES (71912,18);
INSERT INTO SeriesGenre(seriesId, genreId) VALUES (71912,10759);
INSERT INTO Series(id, title, overview, popularity, seasons, releaseDate, posterPath, voteCount, voteAvg) VALUES(48866,'','100 years in the future, when the Earth has been abandoned due to radioactivity, the last surviving humans live on an ark orbiting the planet — but the ark won\'t last forever. So the repressive regime picks 100 expendable juvenile delinquents to send down to Earth to see if the planet is still habitable.',311.872,7,'2014-03-19','/wcaDIAG1QdXQLRaj4vC1EFdBT2.jpg', 7.9, 5946);
INSERT INTO SeriesGenre(seriesId, genreId) VALUES (48866,10765);
INSERT INTO SeriesGenre(seriesId, genreId) VALUES (48866,18);
INSERT INTO SeriesGenre(seriesId, genreId) VALUES (48866,10759);
INSERT INTO Series(id, title, overview, popularity, seasons, releaseDate, posterPath, voteCount, voteAvg) VALUES(71694,'','Los Angeles. 1983. A storm is coming and it\'s name is crack. Set against the infancy of the crack cocaine epidemic and its ultimate radical impact on the culture as we know it, the story follows numerous characters on a violent collision course.',30.628,4,'2017-07-05','/orvFrLzqSeW5qTFpfJEbPfHRPWg.jpg', 8.1, 134);
INSERT INTO SeriesGenre(seriesId, genreId) VALUES (71694,80);
INSERT INTO SeriesGenre(seriesId, genreId) VALUES (71694,18);
INSERT INTO Series(id, title, overview, popularity, seasons, releaseDate, posterPath, voteCount, voteAvg) VALUES(71790,'','A locally born and bred S.W.A.T. lieutenant is torn between loyalty to the streets and duty to his fellow officers when he\'s tasked to run a highly-trained unit that\'s the last stop for solving crimes in Los Angeles.',170.751,4,'2017-11-02','/ushSkKB8aeLsyyW2c7S7CCmEmRA.jpg', 7.7, 366);
INSERT INTO SeriesGenre(seriesId, genreId) VALUES (71790,10759);
INSERT INTO SeriesGenre(seriesId, genreId) VALUES (71790,80);
INSERT INTO SeriesGenre(seriesId, genreId) VALUES (71790,18);
INSERT INTO Series(id, title, overview, popularity, seasons, releaseDate, posterPath, voteCount, voteAvg) VALUES(117378,'','A psychopath’s ruthless serial murders have left the entire nation gripped with fear and chaos. A honest and justice-seeking rookie police officer and a veteran detective with tragic past, face against the killer. After the encounter with the psychopath, their lives totally change.',11.261,2,'2021-03-03','/qz0axqEwwIa5uaMsUYKGs9u29ut.jpg', 6.8, 5);
INSERT INTO SeriesGenre(seriesId, genreId) VALUES (117378,80);
INSERT INTO SeriesGenre(seriesId, genreId) VALUES (117378,9648);
INSERT INTO Series(id, title, overview, popularity, seasons, releaseDate, posterPath, voteCount, voteAvg) VALUES(66676,'','Teresa flees Mexico after her drug-runner boyfriend is murdered. Settling in Dallas, she looks to become the country\'s reigning drug smuggler and to avenge her lover\'s murder.',55.341,5,'2016-06-23','/rzdC5EHkkKJE6OPVdh6gT1pR1c9.jpg', 7.2, 238);
INSERT INTO SeriesGenre(seriesId, genreId) VALUES (66676,80);
INSERT INTO SeriesGenre(seriesId, genreId) VALUES (66676,18);
INSERT INTO Series(id, title, overview, popularity, seasons, releaseDate, posterPath, voteCount, voteAvg) VALUES(74387,'','An astronaut named Gary and his planet-destroying sidekick Mooncake embark on serialized journeys through space in order to unlock the mystery of “Final Space,” the last point in the universe, if it actually does exist.',35.877,3,'2018-02-26','/zT6tXWsJoBOWJT1PeUEKLTFOoHh.jpg', 8.6, 409);
INSERT INTO SeriesGenre(seriesId, genreId) VALUES (74387,16);
INSERT INTO SeriesGenre(seriesId, genreId) VALUES (74387,10759);
INSERT INTO SeriesGenre(seriesId, genreId) VALUES (74387,10765);
INSERT INTO SeriesGenre(seriesId, genreId) VALUES (74387,35);
INSERT INTO Series(id, title, overview, popularity, seasons, releaseDate, posterPath, voteCount, voteAvg) VALUES(60574,'','A gangster family epic set in 1919 Birmingham, England and centered on a gang who sew razor blades in the peaks of their caps, and their fierce boss Tommy Shelby, who means to move up in the world.',235.166,6,'2013-09-12','/6PX0r5TRRU5y0jZ70y1OtbLYmoD.jpg', 8.6, 2338);
INSERT INTO SeriesGenre(seriesId, genreId) VALUES (60574,80);
INSERT INTO SeriesGenre(seriesId, genreId) VALUES (60574,18);
INSERT INTO Series(id, title, overview, popularity, seasons, releaseDate, posterPath, voteCount, voteAvg) VALUES(86031,'','One fateful day, all of humanity was petrified by a blinding flash of light. After several millennia, high schooler Taiju awakens and finds himself lost in a world of statues. However, he\'s not alone! His science-loving friend Senku\'s been up and running for a few months and he\'s got a grand plan in mind, to kickstart civilization with the power of science!',28.977,3,'2019-07-05','/dLlnzbDCblBXcJqFLXyvN43NIwp.jpg', 8.8, 729);
INSERT INTO SeriesGenre(seriesId, genreId) VALUES (86031,10759);
INSERT INTO SeriesGenre(seriesId, genreId) VALUES (86031,16);
INSERT INTO Series(id, title, overview, popularity, seasons, releaseDate, posterPath, voteCount, voteAvg) VALUES(12971,'','Five years have passed since the fight with Piccolo Jr., and Goku now has a son, Gohan. The peace is interrupted when an alien named Raditz arrives on Earth in a spacecraft and tracks down Goku, revealing to him that that they are members of a near-extinct warrior race called the Saiyans.',200.619,10,'1989-04-26','/f2zhRLqwRLrKhEMeIM7Z5buJFo3.jpg', 8.2, 2191);
INSERT INTO SeriesGenre(seriesId, genreId) VALUES (12971,16);
INSERT INTO SeriesGenre(seriesId, genreId) VALUES (12971,10765);
INSERT INTO SeriesGenre(seriesId, genreId) VALUES (12971,10759);
INSERT INTO Series(id, title, overview, popularity, seasons, releaseDate, posterPath, voteCount, voteAvg) VALUES(58841,'','A riveting police drama about the men and women of the Chicago Police Department\'s District 21 who put it all on the line to serve and protect their community. District 21 is made up of two distinctly different groups: the uniformed cops who patrol the beat and go head-to-head with the city\'s street crimes and the Intelligence Unit that combats the city\'s major offenses - organized crime, drug trafficking, high profile murders and beyond.',174.197,8,'2014-01-08','/OlPR1kctwXzSUJQkZINDDhNlHV.jpg', 8.4, 1393);
INSERT INTO SeriesGenre(seriesId, genreId) VALUES (58841,80);
INSERT INTO SeriesGenre(seriesId, genreId) VALUES (58841,18);
INSERT INTO Series(id, title, overview, popularity, seasons, releaseDate, posterPath, voteCount, voteAvg) VALUES(63247,'','A dark odyssey about the dawn of artificial consciousness and the evolution of sin. Set at the intersection of the near future and the reimagined past, it explores a world in which every human appetite, no matter how noble or depraved, can be indulged.',90.519,4,'2016-10-02','/y55oBgf6bVMI7sFNXwJDrSIxPQt.jpg', 8.1, 3484);
INSERT INTO SeriesGenre(seriesId, genreId) VALUES (63247,37);
INSERT INTO SeriesGenre(seriesId, genreId) VALUES (63247,878);
INSERT INTO Series(id, title, overview, popularity, seasons, releaseDate, posterPath, voteCount, voteAvg) VALUES(43982,'','A drama about the investigations of AC-12, a controversial police anticorruption unit.',37.913,6,'2012-06-26','/ysGUKnnR1pGYIndjXWcjupGbWpS.jpg', 8.2, 138);
INSERT INTO SeriesGenre(seriesId, genreId) VALUES (43982,80);
INSERT INTO SeriesGenre(seriesId, genreId) VALUES (43982,18);
INSERT INTO SeriesGenre(seriesId, genreId) VALUES (43982,9648);
INSERT INTO Series(id, title, overview, popularity, seasons, releaseDate, posterPath, voteCount, voteAvg) VALUES(2316,'','The everyday lives of office employees in the Scranton, Pennsylvania branch of the fictional Dunder Mifflin Paper Company.',82.372,10,'2005-03-24','/qWnJzyZhyy74gjpSjIXWmuk0ifX.jpg', 8.5, 1608);
INSERT INTO SeriesGenre(seriesId, genreId) VALUES (2316,35);
INSERT INTO Series(id, title, overview, popularity, seasons, releaseDate, posterPath, voteCount, voteAvg) VALUES(2190,'','Follows the misadventures of four irreverent grade-schoolers in the quiet, dysfunctional town of South Park, Colorado.',196.655,25,'1997-08-13','/iiCY2QIGSnmtVkIdjkKAfwDs0KF.jpg', 8.2, 2300);
INSERT INTO SeriesGenre(seriesId, genreId) VALUES (2190,35);
INSERT INTO SeriesGenre(seriesId, genreId) VALUES (2190,16);
INSERT INTO Series(id, title, overview, popularity, seasons, releaseDate, posterPath, voteCount, voteAvg) VALUES(1412,'','Spoiled billionaire playboy Oliver Queen is missing and presumed dead when his yacht is lost at sea. He returns five years later a changed man, determined to clean up the city as a hooded vigilante armed with a bow.',170.713,9,'2012-10-10','/gKG5QGz5Ngf8fgWpBsWtlg5L2SF.jpg', 6.6, 4460);
INSERT INTO SeriesGenre(seriesId, genreId) VALUES (1412,80);
INSERT INTO SeriesGenre(seriesId, genreId) VALUES (1412,18);
INSERT INTO SeriesGenre(seriesId, genreId) VALUES (1412,9648);
INSERT INTO SeriesGenre(seriesId, genreId) VALUES (1412,10759);
INSERT INTO Series(id, title, overview, popularity, seasons, releaseDate, posterPath, voteCount, voteAvg) VALUES(87108,'','The true story of one of the worst man-made catastrophes in history: the catastrophic nuclear accident at Chernobyl. A tale of the brave men and women who sacrificed to save Europe from unimaginable disaster.',72.196,1,'2019-05-06','/hlLXt2tOPT6RRnjiUmoxyG1LTFi.jpg', 8.5, 2926);
INSERT INTO SeriesGenre(seriesId, genreId) VALUES (87108,18);
INSERT INTO Series(id, title, overview, popularity, seasons, releaseDate, posterPath, voteCount, voteAvg) VALUES(119761,'','A three-year investigation chronicles the evolution of “Q” in real time, with access to key players, along with an examination of how the anonymous character uses conspiracy theories and information warfare to influence politics.',15.84,1,'2021-03-21','/928q6AQq2xuxXdtHSlzboK8IjLc.jpg', 8, 2);
INSERT INTO SeriesGenre(seriesId, genreId) VALUES (119761,99);
INSERT INTO SeriesWeekPopularity(seriesId, weekNr, popularity, voteAVG, voteCount) VALUES ('88396', 14, 3333.064, 7.8, 3068);
INSERT INTO SeriesWeekPopularity(seriesId, weekNr, popularity, voteAVG, voteCount) VALUES ('69050', 14, 1189.111, 8.6, 10892);
INSERT INTO SeriesWeekPopularity(seriesId, weekNr, popularity, voteAVG, voteCount) VALUES ('1429', 14, 220.724, 8.7, 3183);
INSERT INTO SeriesWeekPopularity(seriesId, weekNr, popularity, voteAVG, voteCount) VALUES ('85271', 14, 731.258, 8.5, 7994);
INSERT INTO SeriesWeekPopularity(seriesId, weekNr, popularity, voteAVG, voteCount) VALUES ('1402', 14, 961.63, 8.1, 10449);
INSERT INTO SeriesWeekPopularity(seriesId, weekNr, popularity, voteAVG, voteCount) VALUES ('95557', 14, 887.741, 8.9, 409);
INSERT INTO SeriesWeekPopularity(seriesId, weekNr, popularity, voteAVG, voteCount) VALUES ('98187', 14, 50.334, 8, 45);
INSERT INTO SeriesWeekPopularity(seriesId, weekNr, popularity, voteAVG, voteCount) VALUES ('60735', 14, 1560.342, 7.7, 7268);
INSERT INTO SeriesWeekPopularity(seriesId, weekNr, popularity, voteAVG, voteCount) VALUES ('1399', 14, 455.601, 8.4, 13817);
INSERT INTO SeriesWeekPopularity(seriesId, weekNr, popularity, voteAVG, voteCount) VALUES ('62688', 14, 255.941, 7.2, 2931);
INSERT INTO SeriesWeekPopularity(seriesId, weekNr, popularity, voteAVG, voteCount) VALUES ('118956', 14, 254.705, 8.1, 74);
INSERT INTO SeriesWeekPopularity(seriesId, weekNr, popularity, voteAVG, voteCount) VALUES ('1416', 14, 1010.009, 8.2, 5776);
INSERT INTO SeriesWeekPopularity(seriesId, weekNr, popularity, voteAVG, voteCount) VALUES ('37854', 14, 55.145, 8.7, 1912);
INSERT INTO SeriesWeekPopularity(seriesId, weekNr, popularity, voteAVG, voteCount) VALUES ('120168', 14, 1083.99, 7.9, 237);
INSERT INTO SeriesWeekPopularity(seriesId, weekNr, popularity, voteAVG, voteCount) VALUES ('93454', 14, 63.96, 8.2, 19);
INSERT INTO SeriesWeekPopularity(seriesId, weekNr, popularity, voteAVG, voteCount) VALUES ('79680', 14, 219.783, 7.4, 602);
INSERT INTO SeriesWeekPopularity(seriesId, weekNr, popularity, voteAVG, voteCount) VALUES ('65930', 14, 78.652, 8.9, 2698);
INSERT INTO SeriesWeekPopularity(seriesId, weekNr, popularity, voteAVG, voteCount) VALUES ('71446', 14, 269.125, 8.3, 12666);
INSERT INTO SeriesWeekPopularity(seriesId, weekNr, popularity, voteAVG, voteCount) VALUES ('117023', 14, 439.378, 7.8, 147);
INSERT INTO SeriesWeekPopularity(seriesId, weekNr, popularity, voteAVG, voteCount) VALUES ('90970', 14, 22.695, 8, 5);
INSERT INTO SeriesWeekPopularity(seriesId, weekNr, popularity, voteAVG, voteCount) VALUES ('95057', 14, 881.268, 8.3, 674);
INSERT INTO SeriesWeekPopularity(seriesId, weekNr, popularity, voteAVG, voteCount) VALUES ('96580', 14, 407.64, 8.5, 135);
INSERT INTO SeriesWeekPopularity(seriesId, weekNr, popularity, voteAVG, voteCount) VALUES ('119466', 14, 2.244, 0, 0);
INSERT INTO SeriesWeekPopularity(seriesId, weekNr, popularity, voteAVG, voteCount) VALUES ('79696', 14, 58.199, 7.7, 293);
INSERT INTO SeriesWeekPopularity(seriesId, weekNr, popularity, voteAVG, voteCount) VALUES ('82856', 14, 336.25, 8.5, 6179);
INSERT INTO SeriesWeekPopularity(seriesId, weekNr, popularity, voteAVG, voteCount) VALUES ('114621', 14, 16.675, 9.4, 8);
INSERT INTO SeriesWeekPopularity(seriesId, weekNr, popularity, voteAVG, voteCount) VALUES ('71712', 14, 1313.03, 8.6, 7481);
INSERT INTO SeriesWeekPopularity(seriesId, weekNr, popularity, voteAVG, voteCount) VALUES ('1396', 14, 248.67, 8.7, 6823);
INSERT INTO SeriesWeekPopularity(seriesId, weekNr, popularity, voteAVG, voteCount) VALUES ('46952', 14, 201.895, 7.4, 1916);
INSERT INTO SeriesWeekPopularity(seriesId, weekNr, popularity, voteAVG, voteCount) VALUES ('62286', 14, 361.329, 7.6, 3322);
INSERT INTO SeriesWeekPopularity(seriesId, weekNr, popularity, voteAVG, voteCount) VALUES ('95479', 14, 338.969, 8.5, 812);
INSERT INTO SeriesWeekPopularity(seriesId, weekNr, popularity, voteAVG, voteCount) VALUES ('106159', 14, 38.635, 7.8, 30);
INSERT INTO SeriesWeekPopularity(seriesId, weekNr, popularity, voteAVG, voteCount) VALUES ('106158', 14, 19.531, 9, 8);
INSERT INTO SeriesWeekPopularity(seriesId, weekNr, popularity, voteAVG, voteCount) VALUES ('76231', 14, 447.098, 7.8, 156);
INSERT INTO SeriesWeekPopularity(seriesId, weekNr, popularity, voteAVG, voteCount) VALUES ('87917', 14, 63.745, 7.4, 159);
INSERT INTO SeriesWeekPopularity(seriesId, weekNr, popularity, voteAVG, voteCount) VALUES ('89247', 14, 255.159, 7.3, 1008);
INSERT INTO SeriesWeekPopularity(seriesId, weekNr, popularity, voteAVG, voteCount) VALUES ('80350', 14, 224.792, 8.4, 287);
INSERT INTO SeriesWeekPopularity(seriesId, weekNr, popularity, voteAVG, voteCount) VALUES ('34307', 14, 74.743, 8, 1243);
INSERT INTO SeriesWeekPopularity(seriesId, weekNr, popularity, voteAVG, voteCount) VALUES ('119565', 14, 33.951, 9, 2);
INSERT INTO SeriesWeekPopularity(seriesId, weekNr, popularity, voteAVG, voteCount) VALUES ('120587', 14, 129.517, 7.5, 137);
INSERT INTO SeriesWeekPopularity(seriesId, weekNr, popularity, voteAVG, voteCount) VALUES ('456', 14, 273.261, 7.8, 6345);
INSERT INTO SeriesWeekPopularity(seriesId, weekNr, popularity, voteAVG, voteCount) VALUES ('84958', 14, 86.184, 0, 0);
INSERT INTO SeriesWeekPopularity(seriesId, weekNr, popularity, voteAVG, voteCount) VALUES ('79618', 14, 19.494, 8, 44);
INSERT INTO SeriesWeekPopularity(seriesId, weekNr, popularity, voteAVG, voteCount) VALUES ('1668', 14, 167.005, 8.4, 4304);
INSERT INTO SeriesWeekPopularity(seriesId, weekNr, popularity, voteAVG, voteCount) VALUES ('57243', 14, 102.389, 7.2, 2009);
INSERT INTO SeriesWeekPopularity(seriesId, weekNr, popularity, voteAVG, voteCount) VALUES ('46639', 14, 215.283, 7.1, 1029);
INSERT INTO SeriesWeekPopularity(seriesId, weekNr, popularity, voteAVG, voteCount) VALUES ('79588', 14, 36.191, 8, 188);
INSERT INTO SeriesWeekPopularity(seriesId, weekNr, popularity, voteAVG, voteCount) VALUES ('1418', 14, 195.319, 7.7, 7029);
INSERT INTO SeriesWeekPopularity(seriesId, weekNr, popularity, voteAVG, voteCount) VALUES ('44217', 14, 405.811, 8, 4299);
INSERT INTO SeriesWeekPopularity(seriesId, weekNr, popularity, voteAVG, voteCount) VALUES ('66732', 14, 242.768, 8.6, 7968);
INSERT INTO SeriesWeekPopularity(seriesId, weekNr, popularity, voteAVG, voteCount) VALUES ('119934', 14, 16.427, 7, 4);
INSERT INTO SeriesWeekPopularity(seriesId, weekNr, popularity, voteAVG, voteCount) VALUES ('63174', 14, 788.363, 8.5, 8137);
INSERT INTO SeriesWeekPopularity(seriesId, weekNr, popularity, voteAVG, voteCount) VALUES ('114165', 14, 40.158, 8, 2);
INSERT INTO SeriesWeekPopularity(seriesId, weekNr, popularity, voteAVG, voteCount) VALUES ('99489', 14, 64.802, 8, 12);
INSERT INTO SeriesWeekPopularity(seriesId, weekNr, popularity, voteAVG, voteCount) VALUES ('79460', 14, 485.379, 8.6, 1750);
INSERT INTO SeriesWeekPopularity(seriesId, weekNr, popularity, voteAVG, voteCount) VALUES ('85937', 14, 44.77, 8.9, 2081);
INSERT INTO SeriesWeekPopularity(seriesId, weekNr, popularity, voteAVG, voteCount) VALUES ('97645', 14, 25.552, 7.8, 134);
INSERT INTO SeriesWeekPopularity(seriesId, weekNr, popularity, voteAVG, voteCount) VALUES ('31910', 14, 238.426, 8.6, 5108);
INSERT INTO SeriesWeekPopularity(seriesId, weekNr, popularity, voteAVG, voteCount) VALUES ('67136', 14, 118.08, 8.2, 893);
INSERT INTO SeriesWeekPopularity(seriesId, weekNr, popularity, voteAVG, voteCount) VALUES ('65942', 14, 53.094, 7.7, 166);
INSERT INTO SeriesWeekPopularity(seriesId, weekNr, popularity, voteAVG, voteCount) VALUES ('71728', 14, 175.216, 8, 1183);
INSERT INTO SeriesWeekPopularity(seriesId, weekNr, popularity, voteAVG, voteCount) VALUES ('76773', 14, 237.823, 8.2, 747);
INSERT INTO SeriesWeekPopularity(seriesId, weekNr, popularity, voteAVG, voteCount) VALUES ('104699', 14, 62.955, 8.3, 49);
INSERT INTO SeriesWeekPopularity(seriesId, weekNr, popularity, voteAVG, voteCount) VALUES ('82684', 14, 48.458, 8.7, 271);
INSERT INTO SeriesWeekPopularity(seriesId, weekNr, popularity, voteAVG, voteCount) VALUES ('87093', 14, 28.203, 8.7, 29);
INSERT INTO SeriesWeekPopularity(seriesId, weekNr, popularity, voteAVG, voteCount) VALUES ('118541', 14, 54.336, 7, 1);
INSERT INTO SeriesWeekPopularity(seriesId, weekNr, popularity, voteAVG, voteCount) VALUES ('62104', 14, 52.702, 8.6, 3197);
INSERT INTO SeriesWeekPopularity(seriesId, weekNr, popularity, voteAVG, voteCount) VALUES ('119284', 14, 130.281, 7.2, 43);
INSERT INTO SeriesWeekPopularity(seriesId, weekNr, popularity, voteAVG, voteCount) VALUES ('1622', 14, 292.516, 8.2, 4974);
INSERT INTO SeriesWeekPopularity(seriesId, weekNr, popularity, voteAVG, voteCount) VALUES ('65988', 14, 52.8, 8, 571);
INSERT INTO SeriesWeekPopularity(seriesId, weekNr, popularity, voteAVG, voteCount) VALUES ('44006', 14, 218.603, 8.3, 1296);
INSERT INTO SeriesWeekPopularity(seriesId, weekNr, popularity, voteAVG, voteCount) VALUES ('117581', 14, 258.058, 8.2, 415);
INSERT INTO SeriesWeekPopularity(seriesId, weekNr, popularity, voteAVG, voteCount) VALUES ('46260', 14, 336.896, 8.4, 3403);
INSERT INTO SeriesWeekPopularity(seriesId, weekNr, popularity, voteAVG, voteCount) VALUES ('86686', 14, 18.528, 7.3, 90);
INSERT INTO SeriesWeekPopularity(seriesId, weekNr, popularity, voteAVG, voteCount) VALUES ('1434', 14, 215.007, 7, 2695);
INSERT INTO SeriesWeekPopularity(seriesId, weekNr, popularity, voteAVG, voteCount) VALUES ('117376', 14, 22.821, 8.7, 14);
INSERT INTO SeriesWeekPopularity(seriesId, weekNr, popularity, voteAVG, voteCount) VALUES ('95205', 14, 28.228, 8.8, 45);
INSERT INTO SeriesWeekPopularity(seriesId, weekNr, popularity, voteAVG, voteCount) VALUES ('76479', 14, 292.518, 8.4, 4343);
INSERT INTO SeriesWeekPopularity(seriesId, weekNr, popularity, voteAVG, voteCount) VALUES ('99071', 14, 97.687, 9, 287);
INSERT INTO SeriesWeekPopularity(seriesId, weekNr, popularity, voteAVG, voteCount) VALUES ('106519', 14, 88.588, 7.3, 3);
INSERT INTO SeriesWeekPopularity(seriesId, weekNr, popularity, voteAVG, voteCount) VALUES ('120582', 14, 37.759, 10, 1);
INSERT INTO SeriesWeekPopularity(seriesId, weekNr, popularity, voteAVG, voteCount) VALUES ('87739', 14, 130.421, 8.7, 1774);
INSERT INTO SeriesWeekPopularity(seriesId, weekNr, popularity, voteAVG, voteCount) VALUES ('71912', 14, 107.842, 8.1, 2101);
INSERT INTO SeriesWeekPopularity(seriesId, weekNr, popularity, voteAVG, voteCount) VALUES ('48866', 14, 311.872, 7.9, 5942);
INSERT INTO SeriesWeekPopularity(seriesId, weekNr, popularity, voteAVG, voteCount) VALUES ('71694', 14, 30.628, 8.1, 134);
INSERT INTO SeriesWeekPopularity(seriesId, weekNr, popularity, voteAVG, voteCount) VALUES ('71790', 14, 170.751, 7.7, 366);
INSERT INTO SeriesWeekPopularity(seriesId, weekNr, popularity, voteAVG, voteCount) VALUES ('117378', 14, 11.261, 6.8, 5);
INSERT INTO SeriesWeekPopularity(seriesId, weekNr, popularity, voteAVG, voteCount) VALUES ('66676', 14, 55.341, 7.2, 238);
INSERT INTO SeriesWeekPopularity(seriesId, weekNr, popularity, voteAVG, voteCount) VALUES ('74387', 14, 35.877, 8.6, 409);
INSERT INTO SeriesWeekPopularity(seriesId, weekNr, popularity, voteAVG, voteCount) VALUES ('60574', 14, 235.166, 8.6, 2335);
INSERT INTO SeriesWeekPopularity(seriesId, weekNr, popularity, voteAVG, voteCount) VALUES ('86031', 14, 28.977, 8.8, 728);
INSERT INTO SeriesWeekPopularity(seriesId, weekNr, popularity, voteAVG, voteCount) VALUES ('12971', 14, 200.619, 8.2, 2189);
INSERT INTO SeriesWeekPopularity(seriesId, weekNr, popularity, voteAVG, voteCount) VALUES ('58841', 14, 174.197, 8.4, 1393);
INSERT INTO SeriesWeekPopularity(seriesId, weekNr, popularity, voteAVG, voteCount) VALUES ('63247', 14, 90.519, 8.1, 3483);
INSERT INTO SeriesWeekPopularity(seriesId, weekNr, popularity, voteAVG, voteCount) VALUES ('43982', 14, 37.913, 8.2, 138);
INSERT INTO SeriesWeekPopularity(seriesId, weekNr, popularity, voteAVG, voteCount) VALUES ('2316', 14, 82.372, 8.5, 1607);
INSERT INTO SeriesWeekPopularity(seriesId, weekNr, popularity, voteAVG, voteCount) VALUES ('2190', 14, 196.655, 8.2, 2299);
INSERT INTO SeriesWeekPopularity(seriesId, weekNr, popularity, voteAVG, voteCount) VALUES ('1412', 14, 170.713, 6.6, 4458);
INSERT INTO SeriesWeekPopularity(seriesId, weekNr, popularity, voteAVG, voteCount) VALUES ('87108', 14, 72.196, 8.5, 2924);
INSERT INTO SeriesWeekPopularity(seriesId, weekNr, popularity, voteAVG, voteCount) VALUES ('119761', 14, 15.84, 8, 2);
