INSERT INTO Movies(id, title, overview, popularity, releaseDate, posterPath, voteCount, voteAvg, revenue, runtime, tagline) VALUES(399566,'Godzilla vs. Kong','In a time when monsters walk the Earth, humanity’s fight for its future sets Godzilla and Kong on a collision course that will see the two most powerful forces of nature on the planet collide in a spectacular battle for the ages.',10365.529,'2021-03-24','/pgqgaUx1cJb5oZQQ5v0tNARCeBp.jpg',4305, 8.4,'3.586e+08', 113, 'One Will Fall');
INSERT INTO Genres(id, genre) VALUES(28,'Action');
INSERT INTO MovieGenre(movieId, genreId) VALUES(399566,'28');
INSERT INTO Genres(id, genre) VALUES(878,'Science Fiction');
INSERT INTO MovieGenre(movieId, genreId) VALUES(399566,'878');
INSERT INTO Countries(id, cname) VALUES('US','United States of America');
INSERT INTO MovieCountry(movieId, countryId) VALUES(399566,'US');
INSERT INTO Movies(id, title, overview, popularity, releaseDate, posterPath, voteCount, voteAvg, revenue, runtime, tagline) VALUES(791373,'Zack Snyder\'s Justice League','Determined to ensure Superman\'s ultimate sacrifice was not in vain, Bruce Wayne aligns forces with Diana Prince with plans to recruit a team of metahumans to protect the world from an approaching threat of catastrophic proportions.',3581.318,'2021-03-18','/tnAuB8q5vv7Ax9UAEje5Xi4BXik.jpg',4829, 8.6,'0', 242, '');
INSERT INTO MovieGenre(movieId, genreId) VALUES(791373,'28');
INSERT INTO Genres(id, genre) VALUES(12,'Adventure');
INSERT INTO MovieGenre(movieId, genreId) VALUES(791373,'12');
INSERT INTO Genres(id, genre) VALUES(14,'Fantasy');
INSERT INTO MovieGenre(movieId, genreId) VALUES(791373,'14');
INSERT INTO MovieGenre(movieId, genreId) VALUES(791373,'878');
INSERT INTO MovieCountry(movieId, countryId) VALUES(791373,'US');
INSERT INTO Movies(id, title, overview, popularity, releaseDate, posterPath, voteCount, voteAvg, revenue, runtime, tagline) VALUES(615678,'Thunder Force','In a world where supervillains are commonplace, two estranged childhood best friends reunite after one devises a treatment that gives them powers to protect their city.',222.628,'2021-04-09','/279yOM4OQREL36B3SECnRxoB4MZ.jpg',228, 5.9,'0', 107, 'Newly super. Almost heroes.');
INSERT INTO MovieGenre(movieId, genreId) VALUES(615678,'28');
INSERT INTO MovieGenre(movieId, genreId) VALUES(615678,'12');
INSERT INTO Genres(id, genre) VALUES(35,'Comedy');
INSERT INTO MovieGenre(movieId, genreId) VALUES(615678,'35');
INSERT INTO MovieGenre(movieId, genreId) VALUES(615678,'14');
INSERT INTO MovieCountry(movieId, countryId) VALUES(615678,'US');
INSERT INTO Movies(id, title, overview, popularity, releaseDate, posterPath, voteCount, voteAvg, revenue, runtime, tagline) VALUES(527774,'Raya and the Last Dragon','Long ago, in the fantasy world of Kumandra, humans and dragons lived together in harmony. But when an evil force threatened the land, the dragons sacrificed themselves to save humanity. Now, 500 years later, that same evil has returned and it’s up to a lone warrior, Raya, to track down the legendary last dragon to restore the fractured land and its divided people.',2685.21,'2021-03-03','/lPsD10PP4rgUGiGR4CCXA6iY0QQ.jpg',2237, 8.3,'5.6482606e+07', 107, 'A quest to save her world.');
INSERT INTO Genres(id, genre) VALUES(16,'Animation');
INSERT INTO MovieGenre(movieId, genreId) VALUES(527774,'16');
INSERT INTO MovieGenre(movieId, genreId) VALUES(527774,'12');
INSERT INTO MovieGenre(movieId, genreId) VALUES(527774,'14');
INSERT INTO Genres(id, genre) VALUES(10751,'Family');
INSERT INTO MovieGenre(movieId, genreId) VALUES(527774,'10751');
INSERT INTO MovieGenre(movieId, genreId) VALUES(527774,'28');
INSERT INTO MovieCountry(movieId, countryId) VALUES(527774,'US');
INSERT INTO Movies(id, title, overview, popularity, releaseDate, posterPath, voteCount, voteAvg, revenue, runtime, tagline) VALUES(412656,'Chaos Walking','Two unlikely companions embark on a perilous adventure through the badlands of an unexplored planet as they try to escape a dangerous and disorienting reality, where all inner thoughts are seen and heard by everyone.',2871.579,'2021-02-24','/9kg73Mg8WJKlB9Y2SAJzeDKAnuB.jpg',324, 7.5,'0', 109, 'No one escapes the noise.');
INSERT INTO MovieGenre(movieId, genreId) VALUES(412656,'878');
INSERT INTO MovieGenre(movieId, genreId) VALUES(412656,'28');
INSERT INTO MovieGenre(movieId, genreId) VALUES(412656,'12');
INSERT INTO Genres(id, genre) VALUES(53,'Thriller');
INSERT INTO MovieGenre(movieId, genreId) VALUES(412656,'53');
INSERT INTO MovieCountry(movieId, countryId) VALUES(412656,'US');
INSERT INTO Movies(id, title, overview, popularity, releaseDate, posterPath, voteCount, voteAvg, revenue, runtime, tagline) VALUES(464052,'Wonder Woman 1984','A botched store robbery places Wonder Woman in a global battle against a powerful and mysterious ancient force that puts her powers in jeopardy.',1276.177,'2020-12-16','/8UlWHLMpgZm9bx6QYh0NFoq67TZ.jpg',4808, 6.8,'1.6516e+08', 151, 'A new era of wonder begins.');
INSERT INTO MovieGenre(movieId, genreId) VALUES(464052,'14');
INSERT INTO MovieGenre(movieId, genreId) VALUES(464052,'28');
INSERT INTO MovieGenre(movieId, genreId) VALUES(464052,'12');
INSERT INTO MovieCountry(movieId, countryId) VALUES(464052,'US');
INSERT INTO Movies(id, title, overview, popularity, releaseDate, posterPath, voteCount, voteAvg, revenue, runtime, tagline) VALUES(600354,'The Father','A man refuses all assistance from his daughter as he ages and, as he tries to make sense of his changing circumstances, he begins to doubt his loved ones, his own mind and even the fabric of his reality.',113.886,'2021-02-26','/uxWXW1YYQENSv7OzHB4Hds0bK3b.jpg',270, 8.3,'924803', 97, '');
INSERT INTO Genres(id, genre) VALUES(18,'Drama');
INSERT INTO MovieGenre(movieId, genreId) VALUES(600354,'18');
INSERT INTO Countries(id, cname) VALUES('FR','France');
INSERT INTO MovieCountry(movieId, countryId) VALUES(600354,'FR');
INSERT INTO Countries(id, cname) VALUES('GB','United Kingdom');
INSERT INTO MovieCountry(movieId, countryId) VALUES(600354,'GB');
INSERT INTO Movies(id, title, overview, popularity, releaseDate, posterPath, voteCount, voteAvg, revenue, runtime, tagline) VALUES(460465,'Mortal Kombat','Washed-up MMA fighter Cole Young, unaware of his heritage, and hunted by Emperor Shang Tsung\'s best warrior, Sub-Zero, seeks out and trains with Earth\'s greatest champions as he prepares to stand against the enemies of Outworld in a high stakes battle for the universe.',577.064,'2021-04-07','/8yhtzsbBExY8mUct2GOk4LDDuGH.jpg',29, 7.8,'0', 110, 'Get over here.');
INSERT INTO MovieGenre(movieId, genreId) VALUES(460465,'14');
INSERT INTO MovieGenre(movieId, genreId) VALUES(460465,'28');
INSERT INTO MovieGenre(movieId, genreId) VALUES(460465,'12');
INSERT INTO Countries(id, cname) VALUES('AU','Australia');
INSERT INTO MovieCountry(movieId, countryId) VALUES(460465,'AU');
INSERT INTO MovieCountry(movieId, countryId) VALUES(460465,'US');
INSERT INTO Movies(id, title, overview, popularity, releaseDate, posterPath, voteCount, voteAvg, revenue, runtime, tagline) VALUES(458576,'Monster Hunter','A portal transports Cpt. Artemis and an elite unit of soldiers to a strange world where powerful monsters rule with deadly ferocity. Faced with relentless danger, the team encounters a mysterious hunter who may be their only hope to find a way home.',1329.927,'2020-12-03','/1UCOF11QCw8kcqvce8LKOO6pimh.jpg',1436, 7.1,'2.5814306e+07', 104, 'Behind our world, there is another.');
INSERT INTO MovieGenre(movieId, genreId) VALUES(458576,'14');
INSERT INTO MovieGenre(movieId, genreId) VALUES(458576,'28');
INSERT INTO MovieGenre(movieId, genreId) VALUES(458576,'12');
INSERT INTO Countries(id, cname) VALUES('DE','Germany');
INSERT INTO MovieCountry(movieId, countryId) VALUES(458576,'DE');
INSERT INTO Countries(id, cname) VALUES('CA','Canada');
INSERT INTO MovieCountry(movieId, countryId) VALUES(458576,'CA');
INSERT INTO Countries(id, cname) VALUES('CN','China');
INSERT INTO MovieCountry(movieId, countryId) VALUES(458576,'CN');
INSERT INTO MovieCountry(movieId, countryId) VALUES(458576,'US');
INSERT INTO Countries(id, cname) VALUES('JP','Japan');
INSERT INTO MovieCountry(movieId, countryId) VALUES(458576,'JP');
INSERT INTO Movies(id, title, overview, popularity, releaseDate, posterPath, voteCount, voteAvg, revenue, runtime, tagline) VALUES(587807,'Tom & Jerry','Tom the cat and Jerry the mouse get kicked out of their home and relocate to a fancy New York hotel, where a scrappy employee named Kayla will lose her job if she can’t evict Jerry before a high-class wedding at the hotel. Her solution? Hiring Tom to get rid of the pesky mouse.',1374.65,'2021-02-11','/6KErczPBROQty7QoIsaa6wJYXZi.jpg',1178, 7.3,'6.689e+07', 101, 'Best of enemies. Worst of friends.');
INSERT INTO MovieGenre(movieId, genreId) VALUES(587807,'35');
INSERT INTO MovieGenre(movieId, genreId) VALUES(587807,'10751');
INSERT INTO MovieGenre(movieId, genreId) VALUES(587807,'16');
INSERT INTO MovieCountry(movieId, countryId) VALUES(587807,'US');
INSERT INTO Movies(id, title, overview, popularity, releaseDate, posterPath, voteCount, voteAvg, revenue, runtime, tagline) VALUES(508442,'Soul','Joe Gardner is a middle school teacher with a love for jazz music. After a successful gig at the Half Note Club, he suddenly gets into an accident that separates his soul from his body and is transported to the You Seminar, a center in which souls develop and gain passions before being transported to a newborn child. Joe must enlist help from the other souls-in-training, like 22, a soul who has spent eons in the You Seminar, in order to get back to Earth.',647.487,'2020-12-25','/hm58Jw4Lw8OIeECIq5qyPYhAeRJ.jpg',5663, 8.3,'5.74e+07', 101, 'Is all this living really worth dying for?');
INSERT INTO MovieGenre(movieId, genreId) VALUES(508442,'10751');
INSERT INTO MovieGenre(movieId, genreId) VALUES(508442,'16');
INSERT INTO MovieGenre(movieId, genreId) VALUES(508442,'35');
INSERT INTO MovieGenre(movieId, genreId) VALUES(508442,'18');
INSERT INTO Genres(id, genre) VALUES(10402,'Music');
INSERT INTO MovieGenre(movieId, genreId) VALUES(508442,'10402');
INSERT INTO MovieGenre(movieId, genreId) VALUES(508442,'14');
INSERT INTO MovieCountry(movieId, countryId) VALUES(508442,'US');
INSERT INTO Movies(id, title, overview, popularity, releaseDate, posterPath, voteCount, voteAvg, revenue, runtime, tagline) VALUES(606523,'Night in Paradise','A gangster tries to clean up his life to care for his sick sister and nephew. But someone targeting him accidentally kills them instead. In shock, he decides to take revenge.',27.028,'2020-09-03','/dYCWUAidqgakGETwZkfGxU7CWhL.jpg',42, 7.4,'0', 131, '');
INSERT INTO Genres(id, genre) VALUES(80,'Crime');
INSERT INTO MovieGenre(movieId, genreId) VALUES(606523,'80');
INSERT INTO MovieGenre(movieId, genreId) VALUES(606523,'18');
INSERT INTO MovieGenre(movieId, genreId) VALUES(606523,'53');
INSERT INTO Countries(id, cname) VALUES('KR','South Korea');
INSERT INTO MovieCountry(movieId, countryId) VALUES(606523,'KR');
INSERT INTO Movies(id, title, overview, popularity, releaseDate, posterPath, voteCount, voteAvg, revenue, runtime, tagline) VALUES(621954,'Concrete Cowboy','Sent to live with his estranged father for the summer, a rebellious teen finds kinship in a tight-knit Philadelphia community of Black cowboys.',187.709,'2020-09-10','/qRW2poVt06WCVlIhrolWS5af4YV.jpg',38, 6.7,'0', 111, 'You are who you ride with.');
INSERT INTO MovieGenre(movieId, genreId) VALUES(621954,'18');
INSERT INTO Genres(id, genre) VALUES(37,'Western');
INSERT INTO MovieGenre(movieId, genreId) VALUES(621954,'37');
INSERT INTO MovieCountry(movieId, countryId) VALUES(621954,'GB');
INSERT INTO MovieCountry(movieId, countryId) VALUES(621954,'US');
INSERT INTO Movies(id, title, overview, popularity, releaseDate, posterPath, voteCount, voteAvg, revenue, runtime, tagline) VALUES(630004,'The Vault','When an engineer learns of a mysterious, impenetrable fortress hidden under The Bank of Spain, he joins a crew of master thieves who plan to steal the legendary lost treasure locked inside while the whole country is distracted by Spain\'s World Cup Final. With thousands of soccer fans cheering in the streets, and security forces closing in, the crew have just minutes to pull off the score of a lifetime.',115.308,'2021-03-04','/eSlazQmwqtlRIbmZ72xBGr0MEFH.jpg',58, 7,'0', 118, 'No job is impossible');
INSERT INTO MovieGenre(movieId, genreId) VALUES(630004,'80');
INSERT INTO MovieGenre(movieId, genreId) VALUES(630004,'28');
INSERT INTO MovieGenre(movieId, genreId) VALUES(630004,'53');
INSERT INTO Countries(id, cname) VALUES('ES','Spain');
INSERT INTO MovieCountry(movieId, countryId) VALUES(630004,'ES');
INSERT INTO Movies(id, title, overview, popularity, releaseDate, posterPath, voteCount, voteAvg, revenue, runtime, tagline) VALUES(299534,'Avengers: Endgame','After the devastating events of Avengers: Infinity War, the universe is in ruins due to the efforts of the Mad Titan, Thanos. With the help of remaining allies, the Avengers must assemble once more in order to undo Thanos\' actions and restore order to the universe once and for all, no matter what consequences may be in store.',349,'2019-04-24','/ulzhLuWrPK07P1YkdWQLZnQh1JL.jpg',17827, 8.3,'2.797800564e+09', 181, 'Part of the journey is the end.');
INSERT INTO MovieGenre(movieId, genreId) VALUES(299534,'12');
INSERT INTO MovieGenre(movieId, genreId) VALUES(299534,'878');
INSERT INTO MovieGenre(movieId, genreId) VALUES(299534,'28');
INSERT INTO MovieCountry(movieId, countryId) VALUES(299534,'US');
INSERT INTO Movies(id, title, overview, popularity, releaseDate, posterPath, voteCount, voteAvg, revenue, runtime, tagline) VALUES(581734,'Nomadland','A woman in her sixties embarks on a journey through the western United States after losing everything in the Great Recession, living as a van-dwelling modern-day nomad.',251.661,'2020-12-26','/66GUmWpTHgAjyp4aBSXy63PZTiC.jpg',494, 7.6,'0', 108, 'See you down the road.');
INSERT INTO MovieGenre(movieId, genreId) VALUES(581734,'18');
INSERT INTO MovieGenre(movieId, genreId) VALUES(581734,'37');
INSERT INTO MovieCountry(movieId, countryId) VALUES(581734,'US');
INSERT INTO Movies(id, title, overview, popularity, releaseDate, posterPath, voteCount, voteAvg, revenue, runtime, tagline) VALUES(209112,'Batman v Superman: Dawn of Justice','Fearing the actions of a god-like Super Hero left unchecked, Gotham City’s own formidable, forceful vigilante takes on Metropolis’s most revered, modern-day savior, while the world wrestles with what sort of hero it really needs. And with Batman and Superman at war with one another, a new threat quickly arises, putting mankind in greater danger than it’s ever known before.',101.971,'2016-03-23','/5UsK3grJvtQrtzEgqNlDljJW96w.jpg',14619, 5.9,'8.73634919e+08', 152, 'Justice or revenge');
INSERT INTO MovieGenre(movieId, genreId) VALUES(209112,'28');
INSERT INTO MovieGenre(movieId, genreId) VALUES(209112,'12');
INSERT INTO MovieGenre(movieId, genreId) VALUES(209112,'14');
INSERT INTO MovieCountry(movieId, countryId) VALUES(209112,'US');
INSERT INTO Movies(id, title, overview, popularity, releaseDate, posterPath, voteCount, voteAvg, revenue, runtime, tagline) VALUES(529203,'The Croods: A New Age','Searching for a safer habitat, the prehistoric Crood family discovers an idyllic, walled-in paradise that meets all of its needs. Unfortunately, they must also learn to live with the Bettermans -- a family that\'s a couple of steps above the Croods on the evolutionary ladder. As tensions between the new neighbors start to rise, a new threat soon propels both clans on an epic adventure that forces them to embrace their differences, draw strength from one another, and survive together.',820.304,'2020-11-25','/tbVZ3Sq88dZaCANlUcewQuHQOaE.jpg',1944, 7.5,'1.3507609e+08', 95, 'The future ain\'t what it used to be.');
INSERT INTO MovieGenre(movieId, genreId) VALUES(529203,'10751');
INSERT INTO MovieGenre(movieId, genreId) VALUES(529203,'14');
INSERT INTO MovieGenre(movieId, genreId) VALUES(529203,'16');
INSERT INTO MovieGenre(movieId, genreId) VALUES(529203,'35');
INSERT INTO MovieCountry(movieId, countryId) VALUES(529203,'US');
INSERT INTO Movies(id, title, overview, popularity, releaseDate, posterPath, voteCount, voteAvg, revenue, runtime, tagline) VALUES(660006,'Madame Claude','Paris, the late 1960s. Madame Claude is at the head of a flourishing business dedicated to prostitution that gives her power over both the french political and criminal worlds. But the end of her empire is closer than she thinks.',230.265,'2021-04-02','/9miY5tHWmvVAft4gjqyaXyhLYHY.jpg',63, 6.2,'0', 112, '');
INSERT INTO MovieGenre(movieId, genreId) VALUES(660006,'80');
INSERT INTO MovieGenre(movieId, genreId) VALUES(660006,'18');
INSERT INTO Genres(id, genre) VALUES(10749,'Romance');
INSERT INTO MovieGenre(movieId, genreId) VALUES(660006,'10749');
INSERT INTO MovieCountry(movieId, countryId) VALUES(660006,'FR');
INSERT INTO Movies(id, title, overview, popularity, releaseDate, posterPath, voteCount, voteAvg, revenue, runtime, tagline) VALUES(484718,'Coming 2 America','Prince Akeem Joffer is set to become King of Zamunda when he discovers he has a son he never knew about in America – a street savvy Queens native named Lavelle. Honoring his royal father\'s dying wish to groom this son as the crown prince, Akeem and Semmi set off to America once again.',496.568,'2021-03-05','/nWBPLkqNApY5pgrJFMiI9joSI30.jpg',1210, 6.8,'0', 110, 'A sequel is in the heir.');
INSERT INTO MovieGenre(movieId, genreId) VALUES(484718,'35');
INSERT INTO MovieCountry(movieId, countryId) VALUES(484718,'US');
INSERT INTO Movies(id, title, overview, popularity, releaseDate, posterPath, voteCount, voteAvg, revenue, runtime, tagline) VALUES(651589,'Sky High','A commentary on Spanish society dressed as a thriller about the misadventures of a gang of young petty criminals after the real estate crash.',89.291,'2020-12-18','/ha3MABXTeQLf09cFsgcGaA2dpY7.jpg',78, 6.6,'0', 121, '');
INSERT INTO MovieGenre(movieId, genreId) VALUES(651589,'28');
INSERT INTO MovieGenre(movieId, genreId) VALUES(651589,'18');
INSERT INTO MovieGenre(movieId, genreId) VALUES(651589,'53');
INSERT INTO MovieCountry(movieId, countryId) VALUES(651589,'ES');
INSERT INTO Movies(id, title, overview, popularity, releaseDate, posterPath, voteCount, voteAvg, revenue, runtime, tagline) VALUES(544401,'Cherry','Cherry drifts from college dropout to army medic in Iraq - anchored only by his true love, Emily. But after returning from the war with PTSD, his life spirals into drugs and crime as he struggles to find his place in the world.',1304.272,'2021-02-26','/pwDvkDyaHEU9V7cApQhbcSJMG1w.jpg',488, 7.6,'0', 140, 'Life leaves a mark.');
INSERT INTO MovieGenre(movieId, genreId) VALUES(544401,'80');
INSERT INTO MovieGenre(movieId, genreId) VALUES(544401,'18');
INSERT INTO MovieCountry(movieId, countryId) VALUES(544401,'US');
INSERT INTO Movies(id, title, overview, popularity, releaseDate, posterPath, voteCount, voteAvg, revenue, runtime, tagline) VALUES(663558,'New Gods: Nezha Reborn','3000 years after the boy-god Nezha conquers the Dragon King then disappears in mythological times, he returns as an ordinary man to find his own path to becoming a true hero.',18.116,'2021-02-06','/lBfBMeNJFfUvpkQsXsMwjcbNcp2.jpg',1, 7,'0', 116, '');
INSERT INTO MovieGenre(movieId, genreId) VALUES(663558,'16');
INSERT INTO MovieGenre(movieId, genreId) VALUES(663558,'28');
INSERT INTO MovieGenre(movieId, genreId) VALUES(663558,'14');
INSERT INTO MovieCountry(movieId, countryId) VALUES(663558,'CN');
INSERT INTO Movies(id, title, overview, popularity, releaseDate, posterPath, voteCount, voteAvg, revenue, runtime, tagline) VALUES(577922,'Tenet','Armed with only one word - Tenet - and fighting for the survival of the entire world, the Protagonist journeys through a twilight world of international espionage on a mission that will unfold in something beyond real time.',482.183,'2020-08-22','/k68nPLbIST6NP96JmTxmZijEvCA.jpg',4976, 7.3,'3.63129e+08', 150, 'Time runs out.');
INSERT INTO MovieGenre(movieId, genreId) VALUES(577922,'28');
INSERT INTO MovieGenre(movieId, genreId) VALUES(577922,'53');
INSERT INTO MovieGenre(movieId, genreId) VALUES(577922,'878');
INSERT INTO MovieCountry(movieId, countryId) VALUES(577922,'GB');
INSERT INTO MovieCountry(movieId, countryId) VALUES(577922,'US');
INSERT INTO Movies(id, title, overview, popularity, releaseDate, posterPath, voteCount, voteAvg, revenue, runtime, tagline) VALUES(582014,'Promising Young Woman','A young woman, traumatized by a tragic event in her past, seeks out vengeance against those who crossed her path.',127.464,'2020-12-13','/73QoFJFmUrJfDG2EynFjNc5gJxk.jpg',685, 7.6,'2.70718e+06', 113, 'Revenge Never Looked So Promising');
INSERT INTO MovieGenre(movieId, genreId) VALUES(582014,'53');
INSERT INTO MovieGenre(movieId, genreId) VALUES(582014,'80');
INSERT INTO MovieGenre(movieId, genreId) VALUES(582014,'18');
INSERT INTO MovieCountry(movieId, countryId) VALUES(582014,'US');
INSERT INTO Movies(id, title, overview, popularity, releaseDate, posterPath, voteCount, voteAvg, revenue, runtime, tagline) VALUES(602269,'The Little Things','Deputy Sheriff Joe "Deke" Deacon joins forces with Sgt. Jim Baxter to search for a serial killer who\'s terrorizing Los Angeles. As they track the culprit, Baxter is unaware that the investigation is dredging up echoes of Deke\'s past, uncovering disturbing secrets that could threaten more than his case.',1016.987,'2021-01-28','/c7VlGCCgM9GZivKSzBgzuOVxQn7.jpg',738, 6.4,'2.3205e+07', 128, 'Some things never let us go.');
INSERT INTO MovieGenre(movieId, genreId) VALUES(602269,'53');
INSERT INTO MovieGenre(movieId, genreId) VALUES(602269,'80');
INSERT INTO MovieCountry(movieId, countryId) VALUES(602269,'US');
INSERT INTO Movies(id, title, overview, popularity, releaseDate, posterPath, voteCount, voteAvg, revenue, runtime, tagline) VALUES(615457,'Nobody','Hutch Mansell, a suburban dad, overlooked husband, nothing neighbor — a "nobody." When two thieves break into his home one night, Hutch\'s unknown long-simmering rage is ignited and propels him on a brutal path that will uncover dark secrets he fought to leave behind.',106.657,'2021-03-18','/oBgWY00bEFeZ9N25wWVyuQddbAo.jpg',40, 7.8,'2.8778735e+07', 92, 'Never underestimate a nobody.');
INSERT INTO MovieGenre(movieId, genreId) VALUES(615457,'28');
INSERT INTO MovieGenre(movieId, genreId) VALUES(615457,'53');
INSERT INTO MovieGenre(movieId, genreId) VALUES(615457,'80');
INSERT INTO MovieCountry(movieId, countryId) VALUES(615457,'US');
INSERT INTO Movies(id, title, overview, popularity, releaseDate, posterPath, voteCount, voteAvg, revenue, runtime, tagline) VALUES(578908,'Bad Trip','Two pals embark on a road trip full of funny pranks that pull real people into mayhem.',643.752,'2021-03-26','/A1Gy5HX3DKGaNW1Ay30NTIVJqJ6.jpg',134, 5.8,'0', 87, 'Friendships run deep.');
INSERT INTO MovieGenre(movieId, genreId) VALUES(578908,'35');
INSERT INTO MovieCountry(movieId, countryId) VALUES(578908,'US');
INSERT INTO Movies(id, title, overview, popularity, releaseDate, posterPath, voteCount, voteAvg, revenue, runtime, tagline) VALUES(644583,'The Mauritanian','A detainee at the U.S military\'s Guantanamo Bay detention center is held without charges for over a decade and seeks help from a defense attorney for his release.',164.374,'2021-02-12','/lIADEa6oH74uUapjsPbNRzxus8M.jpg',166, 7.3,'0', 129, '');
INSERT INTO MovieGenre(movieId, genreId) VALUES(644583,'18');
INSERT INTO MovieGenre(movieId, genreId) VALUES(644583,'53');
INSERT INTO MovieCountry(movieId, countryId) VALUES(644583,'GB');
INSERT INTO MovieCountry(movieId, countryId) VALUES(644583,'US');
INSERT INTO Movies(id, title, overview, popularity, releaseDate, posterPath, voteCount, voteAvg, revenue, runtime, tagline) VALUES(802504,'Just Say Yes','Incurable romantic Lotte finds her life upended when her plans for a picture-perfect wedding unravel -- just as her self-absorbed sister gets engaged.',963.687,'2021-04-02','/3btDwus5VN5jOWfA9strpDJWwfj.jpg',59, 5.9,'0', 97, '');
INSERT INTO MovieGenre(movieId, genreId) VALUES(802504,'35');
INSERT INTO MovieGenre(movieId, genreId) VALUES(802504,'10749');
INSERT INTO Countries(id, cname) VALUES('NL','Netherlands');
INSERT INTO MovieCountry(movieId, countryId) VALUES(802504,'NL');
INSERT INTO Movies(id, title, overview, popularity, releaseDate, posterPath, voteCount, voteAvg, revenue, runtime, tagline) VALUES(671,'Harry Potter and the Philosopher\'s Stone','Harry Potter has lived under the stairs at his aunt and uncle\'s house his whole life. But on his 11th birthday, he learns he\'s a powerful wizard -- with a place waiting for him at the Hogwarts School of Witchcraft and Wizardry. As he learns to harness his newfound powers with the help of the school\'s kindly headmaster, Harry uncovers the truth about his parents\' deaths -- and about the villain who\'s to blame.',149.584,'2001-11-16','/wuMc08IPKEatf9rnMNXvIDxqP4W.jpg',20038, 7.9,'9.7647555e+08', 152, 'Let the Magic Begin.');
INSERT INTO MovieGenre(movieId, genreId) VALUES(671,'12');
INSERT INTO MovieGenre(movieId, genreId) VALUES(671,'14');
INSERT INTO MovieCountry(movieId, countryId) VALUES(671,'GB');
INSERT INTO MovieCountry(movieId, countryId) VALUES(671,'US');
INSERT INTO Movies(id, title, overview, popularity, releaseDate, posterPath, voteCount, voteAvg, revenue, runtime, tagline) VALUES(124905,'Godzilla','Ford Brody, a Navy bomb expert, has just reunited with his family in San Francisco when he is forced to go to Japan to help his estranged father, Joe. Soon, both men are swept up in an escalating crisis when an ancient alpha predator arises from the sea to combat malevolent adversaries that threaten the survival of humanity. The creatures leave colossal destruction in their wake, as they make their way toward their final battleground: San Francisco.',140.806,'2014-05-14','/iBZhbCVhLpyxAfW1B8ePUxjScrx.jpg',6833, 6.2,'5.29076069e+08', 123, 'The world ends, Godzilla begins.');
INSERT INTO MovieGenre(movieId, genreId) VALUES(124905,'28');
INSERT INTO MovieGenre(movieId, genreId) VALUES(124905,'18');
INSERT INTO MovieGenre(movieId, genreId) VALUES(124905,'878');
INSERT INTO MovieCountry(movieId, countryId) VALUES(124905,'JP');
INSERT INTO MovieCountry(movieId, countryId) VALUES(124905,'US');
INSERT INTO Movies(id, title, overview, popularity, releaseDate, posterPath, voteCount, voteAvg, revenue, runtime, tagline) VALUES(797394,'Secret Magic Control Agency','The Secret Magic Control Agency sends its two best agents, Hansel and Gretel, to fight against the witch of the Gingerbread House.',914.072,'2021-03-18','/4ZSzEDVdxWVMVO4oZDvoodQOEfr.jpg',89, 7.2,'0', 104, '');
INSERT INTO MovieGenre(movieId, genreId) VALUES(797394,'16');
INSERT INTO MovieGenre(movieId, genreId) VALUES(797394,'35');
INSERT INTO MovieGenre(movieId, genreId) VALUES(797394,'14');
INSERT INTO Countries(id, cname) VALUES('RU','Russia');
INSERT INTO MovieCountry(movieId, countryId) VALUES(797394,'RU');
INSERT INTO MovieCountry(movieId, countryId) VALUES(797394,'US');
INSERT INTO Movies(id, title, overview, popularity, releaseDate, posterPath, voteCount, voteAvg, revenue, runtime, tagline) VALUES(634528,'The Marksman','Jim Hanson’s quiet life is suddenly disturbed by two people crossing the US/Mexico border – a woman and her young son – desperate to flee a Mexican cartel. After a shootout leaves the mother dead, Jim becomes the boy’s reluctant defender. He embraces his role as Miguel’s protector and will stop at nothing to get him to safety, as they go on the run from the relentless assassins.',101.91,'2021-01-15','/zLe9lWPGgEXV5QMBeUR96h8OH1v.jpg',55, 6.3,'0', 108, 'Justice Comes Down To Him.');
INSERT INTO MovieGenre(movieId, genreId) VALUES(634528,'28');
INSERT INTO MovieGenre(movieId, genreId) VALUES(634528,'53');
INSERT INTO MovieGenre(movieId, genreId) VALUES(634528,'80');
INSERT INTO MovieCountry(movieId, countryId) VALUES(634528,'US');
INSERT INTO Movies(id, title, overview, popularity, releaseDate, posterPath, voteCount, voteAvg, revenue, runtime, tagline) VALUES(373571,'Godzilla: King of the Monsters','Follows the heroic efforts of the crypto-zoological agency Monarch as its members face off against a battery of god-sized monsters, including the mighty Godzilla, who collides with Mothra, Rodan, and his ultimate nemesis, the three-headed King Ghidorah. When these ancient super-species, thought to be mere myths, rise again, they all vie for supremacy, leaving humanity\'s very existence hanging in the balance.',408.629,'2019-05-29','/pU3bnutJU91u3b4IeRPQTOP8jhV.jpg',3973, 6.7,'3.86600138e+08', 132, 'Long live the king.');
INSERT INTO MovieGenre(movieId, genreId) VALUES(373571,'878');
INSERT INTO MovieGenre(movieId, genreId) VALUES(373571,'28');
INSERT INTO MovieCountry(movieId, countryId) VALUES(373571,'CA');
INSERT INTO MovieCountry(movieId, countryId) VALUES(373571,'CN');
INSERT INTO MovieCountry(movieId, countryId) VALUES(373571,'JP');
INSERT INTO MovieCountry(movieId, countryId) VALUES(373571,'US');
INSERT INTO Movies(id, title, overview, popularity, releaseDate, posterPath, voteCount, voteAvg, revenue, runtime, tagline) VALUES(579051,'Silk Road','The true story of Ross Ulbricht, the charismatic young tech-mastermind who unleashed the darknet website Silk Road, and the corrupt DEA agent determined to bring down his billion-dollar empire.',39.012,'2021-02-19','/6KxiEWyIDpz1ikmD7nv3GTX4Uoj.jpg',36, 7,'0', 116, 'A mastermind is a terrible thing to waste.');
INSERT INTO MovieGenre(movieId, genreId) VALUES(579051,'80');
INSERT INTO MovieGenre(movieId, genreId) VALUES(579051,'53');
INSERT INTO MovieGenre(movieId, genreId) VALUES(579051,'18');
INSERT INTO MovieCountry(movieId, countryId) VALUES(579051,'US');
INSERT INTO Movies(id, title, overview, popularity, releaseDate, posterPath, voteCount, voteAvg, revenue, runtime, tagline) VALUES(632357,'The Unholy','Alice, a young hearing-impaired girl who, after a supposed visitation from the Virgin Mary, is inexplicably able to hear, speak and heal the sick. As word spreads and people from near and far flock to witness her miracles, a disgraced journalist hoping to revive his career visits the small New England town to investigate. When terrifying events begin to happen all around, he starts to question if these phenomena are the works of the Virgin Mary or something much more sinister.',585.159,'2021-03-31','/b4gYVcl8pParX8AjkN90iQrWrWO.jpg',27, 6.5,'0', 99, 'Be careful who you pray to.');
INSERT INTO Genres(id, genre) VALUES(27,'Horror');
INSERT INTO MovieGenre(movieId, genreId) VALUES(632357,'27');
INSERT INTO MovieCountry(movieId, countryId) VALUES(632357,'US');
INSERT INTO Movies(id, title, overview, popularity, releaseDate, posterPath, voteCount, voteAvg, revenue, runtime, tagline) VALUES(293167,'Kong: Skull Island','Explore the mysterious and dangerous home of the king of the apes as a team of explorers ventures deep inside the treacherous, primordial island.',152.811,'2017-03-08','/r2517Vz9EhDhj88qwbDVj8DCRZN.jpg',8097, 6.5,'5.66652812e+08', 118, 'All hail the king');
INSERT INTO MovieGenre(movieId, genreId) VALUES(293167,'28');
INSERT INTO MovieGenre(movieId, genreId) VALUES(293167,'12');
INSERT INTO MovieGenre(movieId, genreId) VALUES(293167,'14');
INSERT INTO MovieCountry(movieId, countryId) VALUES(293167,'US');
INSERT INTO Movies(id, title, overview, popularity, releaseDate, posterPath, voteCount, voteAvg, revenue, runtime, tagline) VALUES(546121,'Run','Chloe, a teenager who is confined to a wheelchair, is homeschooled by her mother, Diane. Chloe soon becomes suspicious of her mother and begins to suspect that she may be harboring a dark secret.',176.209,'2020-11-20','/ilHG4EayOVoYeKqslspY3pR4wzC.jpg',742, 7.5,'265964', 90, 'You can\'t escape a mother\'s love.');
INSERT INTO MovieGenre(movieId, genreId) VALUES(546121,'53');
INSERT INTO MovieGenre(movieId, genreId) VALUES(546121,'27');
INSERT INTO MovieGenre(movieId, genreId) VALUES(546121,'18');
INSERT INTO MovieCountry(movieId, countryId) VALUES(546121,'US');
INSERT INTO Movies(id, title, overview, popularity, releaseDate, posterPath, voteCount, voteAvg, revenue, runtime, tagline) VALUES(615643,'Minari','A Korean-American family moves to Arkansas in search of their own American Dream. With the arrival of their sly, foul-mouthed, but incredibly loving grandmother, the stability of their relationships is challenged even more in this new life in the rugged Ozarks, testing the undeniable resilience of family and what really makes a home.',57.27,'2021-02-12','/9Bb6K6HINl3vEKCu8WXEZyHvvpq.jpg',270, 7.7,'485158', 115, 'Hope takes root.');
INSERT INTO MovieGenre(movieId, genreId) VALUES(615643,'18');
INSERT INTO MovieCountry(movieId, countryId) VALUES(615643,'US');
INSERT INTO Movies(id, title, overview, popularity, releaseDate, posterPath, voteCount, voteAvg, revenue, runtime, tagline) VALUES(11,'Star Wars','Princess Leia is captured and held hostage by the evil Imperial forces in their effort to take over the galactic Empire. Venturesome Luke Skywalker and dashing captain Han Solo team together with the loveable robot duo R2-D2 and C-3PO to rescue the beautiful princess and restore peace and justice in the Empire.',66.264,'1977-05-25','/6FfCtAuVAW8XJjZ7eWeLibRLWTw.jpg',15391, 8.2,'7.75398007e+08', 121, 'A long time ago in a galaxy far, far away...');
INSERT INTO MovieGenre(movieId, genreId) VALUES(11,'12');
INSERT INTO MovieGenre(movieId, genreId) VALUES(11,'28');
INSERT INTO MovieGenre(movieId, genreId) VALUES(11,'878');
INSERT INTO MovieCountry(movieId, countryId) VALUES(11,'US');
INSERT INTO Movies(id, title, overview, popularity, releaseDate, posterPath, voteCount, voteAvg, revenue, runtime, tagline) VALUES(120,'The Lord of the Rings: The Fellowship of the Ring','Young hobbit Frodo Baggins, after inheriting a mysterious ring from his uncle Bilbo, must leave his home in order to keep it from falling into the hands of its evil creator. Along the way, a fellowship is formed to protect the ringbearer and make sure that the ring arrives at its final destination: Mt. Doom, the only place where it can be destroyed.',73.094,'2001-12-18','/6oom5QYQ2yQTMJIbnvbkBL9cHo6.jpg',18921, 8.3,'8.71368364e+08', 179, 'One ring to rule them all');
INSERT INTO MovieGenre(movieId, genreId) VALUES(120,'12');
INSERT INTO MovieGenre(movieId, genreId) VALUES(120,'14');
INSERT INTO MovieGenre(movieId, genreId) VALUES(120,'28');
INSERT INTO Countries(id, cname) VALUES('NZ','New Zealand');
INSERT INTO MovieCountry(movieId, countryId) VALUES(120,'NZ');
INSERT INTO MovieCountry(movieId, countryId) VALUES(120,'US');
INSERT INTO Movies(id, title, overview, popularity, releaseDate, posterPath, voteCount, voteAvg, revenue, runtime, tagline) VALUES(299536,'Avengers: Infinity War','As the Avengers and their allies have continued to protect the world from threats too large for any one hero to handle, a new danger has emerged from the cosmic shadows: Thanos. A despot of intergalactic infamy, his goal is to collect all six Infinity Stones, artifacts of unimaginable power, and use them to inflict his twisted will on all of reality. Everything the Avengers have fought for has led up to this moment - the fate of Earth and existence itself has never been more uncertain.',326.54,'2018-04-25','/7WsyChQLEftFiDOVTGkv3hFpyyt.jpg',21511, 8.3,'2.046239637e+09', 149, 'An entire universe. Once and for all.');
INSERT INTO MovieGenre(movieId, genreId) VALUES(299536,'12');
INSERT INTO MovieGenre(movieId, genreId) VALUES(299536,'28');
INSERT INTO MovieGenre(movieId, genreId) VALUES(299536,'878');
INSERT INTO MovieCountry(movieId, countryId) VALUES(299536,'US');
INSERT INTO Movies(id, title, overview, popularity, releaseDate, posterPath, voteCount, voteAvg, revenue, runtime, tagline) VALUES(141052,'Justice League','Fuelled by his restored faith in humanity and inspired by Superman\'s selfless act, Bruce Wayne and Diana Prince assemble a team of metahumans consisting of Barry Allen, Arthur Curry and Victor Stone to face the catastrophic threat of Steppenwolf and the Parademons who are on the hunt for three Mother Boxes on Earth.',117.033,'2017-11-15','/eifGNCSDuxJeS1loAXil5bIGgvC.jpg',10425, 6.2,'6.57924295e+08', 120, '');
INSERT INTO MovieGenre(movieId, genreId) VALUES(141052,'28');
INSERT INTO MovieGenre(movieId, genreId) VALUES(141052,'12');
INSERT INTO MovieGenre(movieId, genreId) VALUES(141052,'14');
INSERT INTO MovieGenre(movieId, genreId) VALUES(141052,'878');
INSERT INTO MovieCountry(movieId, countryId) VALUES(141052,'GB');
INSERT INTO MovieCountry(movieId, countryId) VALUES(141052,'CA');
INSERT INTO MovieCountry(movieId, countryId) VALUES(141052,'US');
INSERT INTO Movies(id, title, overview, popularity, releaseDate, posterPath, voteCount, voteAvg, revenue, runtime, tagline) VALUES(567797,'The Dry','Aaron Falk returns to his drought-stricken hometown to attend a tragic funeral. But his return opens a decades-old wound - the unsolved death of a teenage girl.',46.724,'2021-01-01','/zM12bfL2TEqVRXjiQIFUWUMLcCg.jpg',29, 7,'0', 117, 'Where the truth lies.');
INSERT INTO MovieGenre(movieId, genreId) VALUES(567797,'18');
INSERT INTO MovieGenre(movieId, genreId) VALUES(567797,'80');
INSERT INTO Genres(id, genre) VALUES(9648,'Mystery');
INSERT INTO MovieGenre(movieId, genreId) VALUES(567797,'9648');
INSERT INTO MovieGenre(movieId, genreId) VALUES(567797,'53');
INSERT INTO MovieCountry(movieId, countryId) VALUES(567797,'AU');
INSERT INTO MovieCountry(movieId, countryId) VALUES(567797,'US');
INSERT INTO Movies(id, title, overview, popularity, releaseDate, posterPath, voteCount, voteAvg, revenue, runtime, tagline) VALUES(581032,'News of the World','A Texan traveling across the wild West bringing the news of the world to local townspeople, agrees to help rescue a young girl who was kidnapped.',155.087,'2020-12-25','/fYQCgVRsQTEfUrP7cW5iAFVYOlh.jpg',862, 7.1,'0', 118, 'Find where you belong.');
INSERT INTO MovieGenre(movieId, genreId) VALUES(581032,'28');
INSERT INTO MovieGenre(movieId, genreId) VALUES(581032,'12');
INSERT INTO MovieGenre(movieId, genreId) VALUES(581032,'18');
INSERT INTO MovieGenre(movieId, genreId) VALUES(581032,'37');
INSERT INTO MovieCountry(movieId, countryId) VALUES(581032,'US');
INSERT INTO Movies(id, title, overview, popularity, releaseDate, posterPath, voteCount, voteAvg, revenue, runtime, tagline) VALUES(699102,'A Week Away','Troubled teen Will Hawkins has a run-in with the law that puts him at an important crossroad: go to juvenile detention or attend a Christian summer camp. At first a fish-out-of-water, Will opens his heart, discovers love with a camp regular, and sense of belonging in the last place he expected to find it.',267.519,'2021-03-26','/htTS07IvYv3rv57ftzNEprefwSq.jpg',140, 7.1,'0', 94, '');
INSERT INTO MovieGenre(movieId, genreId) VALUES(699102,'18');
INSERT INTO MovieGenre(movieId, genreId) VALUES(699102,'10751');
INSERT INTO MovieGenre(movieId, genreId) VALUES(699102,'10402');
INSERT INTO MovieGenre(movieId, genreId) VALUES(699102,'10749');
INSERT INTO MovieCountry(movieId, countryId) VALUES(699102,'US');
INSERT INTO Movies(id, title, overview, popularity, releaseDate, posterPath, voteCount, voteAvg, revenue, runtime, tagline) VALUES(24428,'The Avengers','When an unexpected enemy emerges and threatens global safety and security, Nick Fury, director of the international peacekeeping agency known as S.H.I.E.L.D., finds himself in need of a team to pull the world back from the brink of disaster. Spanning the globe, a daring recruitment effort begins!',169.036,'2012-04-25','/RYMX2wcKCBAr24UyPD7xwmjaTn.jpg',24449, 7.7,'1.518815515e+09', 143, 'Some assembly required.');
INSERT INTO MovieGenre(movieId, genreId) VALUES(24428,'878');
INSERT INTO MovieGenre(movieId, genreId) VALUES(24428,'28');
INSERT INTO MovieGenre(movieId, genreId) VALUES(24428,'12');
INSERT INTO MovieCountry(movieId, countryId) VALUES(24428,'US');
INSERT INTO Movies(id, title, overview, popularity, releaseDate, posterPath, voteCount, voteAvg, revenue, runtime, tagline) VALUES(436969,'The Suicide Squad','Task Force X - aka the Suicide Squad - is dropped on the remote, enemy-infused island of Corto Maltese to find and destroy Jotunheim, a Nazi-era prison and laboratory.',53.086,'2021-07-30','/aQjO0ifNY8kv8ZA6U61wyNh5sGg.jpg',0, 0,'0', 0, 'They\'re dying to save the world.');
INSERT INTO MovieGenre(movieId, genreId) VALUES(436969,'28');
INSERT INTO MovieGenre(movieId, genreId) VALUES(436969,'12');
INSERT INTO MovieGenre(movieId, genreId) VALUES(436969,'14');
INSERT INTO MovieGenre(movieId, genreId) VALUES(436969,'80');
INSERT INTO MovieCountry(movieId, countryId) VALUES(436969,'US');
INSERT INTO Movies(id, title, overview, popularity, releaseDate, posterPath, voteCount, voteAvg, revenue, runtime, tagline) VALUES(583406,'Judas and the Black Messiah','Bill O\'Neal infiltrates the Black Panthers on the orders of FBI Agent Mitchell and J. Edgar Hoover. As Black Panther Chairman Fred Hampton ascends—falling for a fellow revolutionary en route—a battle wages for O’Neal’s soul.',132.422,'2021-02-12','/iIgr75GoqFxe1X5Wz9siOODGe9u.jpg',377, 7.5,'4.181e+06', 125, 'You can kill a revolutionary but you can\'t kill the revolution.');
INSERT INTO MovieGenre(movieId, genreId) VALUES(583406,'18');
INSERT INTO Genres(id, genre) VALUES(36,'History');
INSERT INTO MovieGenre(movieId, genreId) VALUES(583406,'36');
INSERT INTO MovieCountry(movieId, countryId) VALUES(583406,'US');
INSERT INTO Movies(id, title, overview, popularity, releaseDate, posterPath, voteCount, voteAvg, revenue, runtime, tagline) VALUES(638597,'Yes Day','A mom and dad who usually say no decide to say yes to their kids\' wildest requests — with a few ground rules — on a whirlwind day of fun and adventure.',327.539,'2021-03-12','/rejrD9ovTHJbfmpLM0mbEliEPV6.jpg',466, 7,'0', 86, 'For 24 hours, kids make the rules.');
INSERT INTO MovieGenre(movieId, genreId) VALUES(638597,'35');
INSERT INTO MovieGenre(movieId, genreId) VALUES(638597,'10751');
INSERT INTO MovieCountry(movieId, countryId) VALUES(638597,'US');
INSERT INTO Movies(id, title, overview, popularity, releaseDate, posterPath, voteCount, voteAvg, revenue, runtime, tagline) VALUES(513310,'Boss Level','A retired special forces officer is trapped in a never-ending time loop on the day of his death.',48.158,'2021-02-19','/wKTsXAQvDy6uip7EiCvHUuCSQJX.jpg',180, 6.9,'0', 100, 'Gone today, here tomorrow');
INSERT INTO MovieGenre(movieId, genreId) VALUES(513310,'28');
INSERT INTO MovieGenre(movieId, genreId) VALUES(513310,'878');
INSERT INTO MovieGenre(movieId, genreId) VALUES(513310,'53');
INSERT INTO MovieGenre(movieId, genreId) VALUES(513310,'9648');
INSERT INTO MovieCountry(movieId, countryId) VALUES(513310,'US');
INSERT INTO Movies(id, title, overview, popularity, releaseDate, posterPath, voteCount, voteAvg, revenue, runtime, tagline) VALUES(475557,'Joker','During the 1980s, a failed stand-up comedian is driven insane and turns to a life of crime and chaos in Gotham City while becoming an infamous psychopathic crime figure.',463.92,'2019-10-02','/udDclJoHjfjb8Ekgsd4FDteOkCU.jpg',17270, 8.2,'1.074251311e+09', 122, 'Put on a happy face.');
INSERT INTO MovieGenre(movieId, genreId) VALUES(475557,'80');
INSERT INTO MovieGenre(movieId, genreId) VALUES(475557,'53');
INSERT INTO MovieGenre(movieId, genreId) VALUES(475557,'18');
INSERT INTO MovieCountry(movieId, countryId) VALUES(475557,'CA');
INSERT INTO MovieCountry(movieId, countryId) VALUES(475557,'US');
INSERT INTO Movies(id, title, overview, popularity, releaseDate, posterPath, voteCount, voteAvg, revenue, runtime, tagline) VALUES(19995,'Avatar','In the 22nd century, a paraplegic Marine is dispatched to the moon Pandora on a unique mission, but becomes torn between following orders and protecting an alien civilization.',89.071,'2009-12-10','/6EiRUJpuoeQPghrs3YNktfnqOVh.jpg',23198, 7.5,'2.787965087e+09', 162, 'Enter the World of Pandora.');
INSERT INTO MovieGenre(movieId, genreId) VALUES(19995,'28');
INSERT INTO MovieGenre(movieId, genreId) VALUES(19995,'12');
INSERT INTO MovieGenre(movieId, genreId) VALUES(19995,'14');
INSERT INTO MovieGenre(movieId, genreId) VALUES(19995,'878');
INSERT INTO MovieCountry(movieId, countryId) VALUES(19995,'US');
INSERT INTO MovieCountry(movieId, countryId) VALUES(19995,'GB');
INSERT INTO Movies(id, title, overview, popularity, releaseDate, posterPath, voteCount, voteAvg, revenue, runtime, tagline) VALUES(497698,'Black Widow','Natasha Romanoff, also known as Black Widow, confronts the darker parts of her ledger when a dangerous conspiracy with ties to her past arises. Pursued by a force that will stop at nothing to bring her down, Natasha must deal with her history as a spy and the broken relationships left in her wake long before she became an Avenger.',95.464,'2021-07-07','/qAZ0pzat24kLdO3o8ejmbLxyOac.jpg',0, 0,'0', 133, 'She\'s Done Running From Her Past.');
INSERT INTO MovieGenre(movieId, genreId) VALUES(497698,'28');
INSERT INTO MovieGenre(movieId, genreId) VALUES(497698,'12');
INSERT INTO MovieGenre(movieId, genreId) VALUES(497698,'53');
INSERT INTO MovieCountry(movieId, countryId) VALUES(497698,'US');
INSERT INTO Movies(id, title, overview, popularity, releaseDate, posterPath, voteCount, voteAvg, revenue, runtime, tagline) VALUES(429617,'Spider-Man: Far from Home','Peter Parker and his friends go on a summer trip to Europe. However, they will hardly be able to rest - Peter will have to agree to help Nick Fury uncover the mystery of creatures that cause natural disasters and destruction throughout the continent.',279.467,'2019-06-28','/4q2NNj4S5dG2RLF9CpXsej7yXl.jpg',9616, 7.5,'1.131927996e+09', 129, 'It’s time to step up.');
INSERT INTO MovieGenre(movieId, genreId) VALUES(429617,'28');
INSERT INTO MovieGenre(movieId, genreId) VALUES(429617,'12');
INSERT INTO MovieGenre(movieId, genreId) VALUES(429617,'878');
INSERT INTO MovieCountry(movieId, countryId) VALUES(429617,'US');
INSERT INTO Movies(id, title, overview, popularity, releaseDate, posterPath, voteCount, voteAvg, revenue, runtime, tagline) VALUES(596161,'Let Him Go','Following the loss of their son, a retired sheriff and his wife leave their Montana ranch to rescue their young grandson from the clutches of a dangerous family living off the grid in the Dakotas.',25.629,'2020-11-05','/EsLZoT8oHhQlGd1QpdbnvnwTzO.jpg',222, 7.1,'7.99746e+06', 114, 'Fight for family.');
INSERT INTO MovieGenre(movieId, genreId) VALUES(596161,'18');
INSERT INTO MovieGenre(movieId, genreId) VALUES(596161,'53');
INSERT INTO MovieGenre(movieId, genreId) VALUES(596161,'80');
INSERT INTO MovieCountry(movieId, countryId) VALUES(596161,'CA');
INSERT INTO MovieCountry(movieId, countryId) VALUES(596161,'US');
INSERT INTO Movies(id, title, overview, popularity, releaseDate, posterPath, voteCount, voteAvg, revenue, runtime, tagline) VALUES(155,'The Dark Knight','Batman raises the stakes in his war on crime. With the help of Lt. Jim Gordon and District Attorney Harvey Dent, Batman sets out to dismantle the remaining criminal organizations that plague the streets. The partnership proves to be effective, but they soon find themselves prey to a reign of chaos unleashed by a rising criminal mastermind known to the terrified citizens of Gotham as the Joker.',63.789,'2008-07-16','/qJ2tW6WMUDux911r6m7haRef0WH.jpg',24858, 8.5,'1.004558444e+09', 152, 'Why So Serious?');
INSERT INTO MovieGenre(movieId, genreId) VALUES(155,'18');
INSERT INTO MovieGenre(movieId, genreId) VALUES(155,'28');
INSERT INTO MovieGenre(movieId, genreId) VALUES(155,'80');
INSERT INTO MovieGenre(movieId, genreId) VALUES(155,'53');
INSERT INTO MovieCountry(movieId, countryId) VALUES(155,'GB');
INSERT INTO MovieCountry(movieId, countryId) VALUES(155,'US');
INSERT INTO Movies(id, title, overview, popularity, releaseDate, posterPath, voteCount, voteAvg, revenue, runtime, tagline) VALUES(297802,'Aquaman','Once home to the most advanced civilization on Earth, Atlantis is now an underwater kingdom ruled by the power-hungry King Orm. With a vast army at his disposal, Orm plans to conquer the remaining oceanic people and then the surface world. Standing in his way is Arthur Curry, Orm\'s half-human, half-Atlantean brother and true heir to the throne.',130.046,'2018-12-07','/5Kg76ldv7VxeX9YlcQXiowHgdX6.jpg',10314, 6.9,'1.148461807e+09', 143, 'Home Is Calling');
INSERT INTO MovieGenre(movieId, genreId) VALUES(297802,'28');
INSERT INTO MovieGenre(movieId, genreId) VALUES(297802,'12');
INSERT INTO MovieGenre(movieId, genreId) VALUES(297802,'14');
INSERT INTO MovieCountry(movieId, countryId) VALUES(297802,'AU');
INSERT INTO MovieCountry(movieId, countryId) VALUES(297802,'US');
INSERT INTO Movies(id, title, overview, popularity, releaseDate, posterPath, voteCount, voteAvg, revenue, runtime, tagline) VALUES(1726,'Iron Man','After being held captive in an Afghan cave, billionaire engineer Tony Stark creates a unique weaponized suit of armor to fight evil.',89.17,'2008-04-30','/78lPtwv72eTNqFW9COBYI0dWDJa.jpg',20396, 7.6,'5.85174222e+08', 126, 'Heroes aren\'t born. They\'re built.');
INSERT INTO MovieGenre(movieId, genreId) VALUES(1726,'28');
INSERT INTO MovieGenre(movieId, genreId) VALUES(1726,'878');
INSERT INTO MovieGenre(movieId, genreId) VALUES(1726,'12');
INSERT INTO MovieCountry(movieId, countryId) VALUES(1726,'US');
INSERT INTO Movies(id, title, overview, popularity, releaseDate, posterPath, voteCount, voteAvg, revenue, runtime, tagline) VALUES(524047,'Greenland','John Garrity, his estranged wife and their young son embark on a perilous journey to find sanctuary as a planet-killing comet hurtles toward Earth. Amid terrifying accounts of cities getting levelled, the Garrity\'s experience the best and worst in humanity. As the countdown to the global apocalypse approaches zero, their incredible trek culminates in a desperate and last-minute flight to a possible safe haven.',95.779,'2020-07-29','/bNo2mcvSwIvnx8K6y1euAc1TLVq.jpg',2435, 7.2,'4.78e+07', 120, '');
INSERT INTO MovieGenre(movieId, genreId) VALUES(524047,'28');
INSERT INTO MovieCountry(movieId, countryId) VALUES(524047,'GB');
INSERT INTO MovieCountry(movieId, countryId) VALUES(524047,'US');
INSERT INTO Movies(id, title, overview, popularity, releaseDate, posterPath, voteCount, voteAvg, revenue, runtime, tagline) VALUES(157336,'Interstellar','The adventures of a group of explorers who make use of a newly discovered wormhole to surpass the limitations on human space travel and conquer the vast distances involved in an interstellar voyage.',97.927,'2014-11-05','/gEU2QniE6E77NI6lCU6MxlNBvIx.jpg',25517, 8.3,'6.75120017e+08', 169, 'Mankind was born on Earth. It was never meant to die here.');
INSERT INTO MovieGenre(movieId, genreId) VALUES(157336,'12');
INSERT INTO MovieGenre(movieId, genreId) VALUES(157336,'18');
INSERT INTO MovieGenre(movieId, genreId) VALUES(157336,'878');
INSERT INTO MovieCountry(movieId, countryId) VALUES(157336,'GB');
INSERT INTO MovieCountry(movieId, countryId) VALUES(157336,'US');
INSERT INTO Movies(id, title, overview, popularity, releaseDate, posterPath, voteCount, voteAvg, revenue, runtime, tagline) VALUES(297762,'Wonder Woman','An Amazon princess comes to the world of Man in the grips of the First World War to confront the forces of evil and bring an end to human conflict.',114.653,'2017-05-30','/imekS7f1OuHyUP2LAiTEM0zBzUz.jpg',16328, 7.3,'8.21847012e+08', 141, 'Power. Grace. Wisdom. Wonder.');
INSERT INTO MovieGenre(movieId, genreId) VALUES(297762,'28');
INSERT INTO MovieGenre(movieId, genreId) VALUES(297762,'12');
INSERT INTO MovieGenre(movieId, genreId) VALUES(297762,'14');
INSERT INTO MovieCountry(movieId, countryId) VALUES(297762,'CN');
INSERT INTO Countries(id, cname) VALUES('HK','Hong Kong');
INSERT INTO MovieCountry(movieId, countryId) VALUES(297762,'HK');
INSERT INTO MovieCountry(movieId, countryId) VALUES(297762,'US');
INSERT INTO Movies(id, title, overview, popularity, releaseDate, posterPath, voteCount, voteAvg, revenue, runtime, tagline) VALUES(803923,'Every Breath You Take','A psychiatrist, whose client commits suicide, finds his family life disrupted after introducing her surviving brother to his wife and daughter.',32.925,'2021-04-02','/nrgNXpH4x9NAkqOKhxEs3TspkHc.jpg',6, 7,'0', 105, '');
INSERT INTO MovieGenre(movieId, genreId) VALUES(803923,'53');
INSERT INTO MovieCountry(movieId, countryId) VALUES(803923,'DE');
INSERT INTO MovieCountry(movieId, countryId) VALUES(803923,'US');
INSERT INTO Movies(id, title, overview, popularity, releaseDate, posterPath, voteCount, voteAvg, revenue, runtime, tagline) VALUES(553604,'Honest Thief','A bank robber tries to turn himself in because he\'s falling in love and wants to live an honest life...but when he realizes the Feds are more corrupt than him, he must fight back to clear his name.',577.353,'2020-09-03','/zeD4PabP6099gpE0STWJrJrCBCs.jpg',782, 6.5,'2.9404235e+07', 99, 'Never steal a man\'s second chance.');
INSERT INTO MovieGenre(movieId, genreId) VALUES(553604,'53');
INSERT INTO MovieGenre(movieId, genreId) VALUES(553604,'28');
INSERT INTO MovieGenre(movieId, genreId) VALUES(553604,'80');
INSERT INTO MovieGenre(movieId, genreId) VALUES(553604,'18');
INSERT INTO Countries(id, cname) VALUES('TH','Thailand');
INSERT INTO MovieCountry(movieId, countryId) VALUES(553604,'TH');
INSERT INTO MovieCountry(movieId, countryId) VALUES(553604,'US');
INSERT INTO Movies(id, title, overview, popularity, releaseDate, posterPath, voteCount, voteAvg, revenue, runtime, tagline) VALUES(595743,'SAS: Red Notice','An off-duty SAS soldier, Tom Buckingham, must thwart a terror attack on a train running through the Channel Tunnel. As the action escalates on the train, events transpire in the corridors of power that may make the difference as to whether Buckingham and the civilian passengers make it out of the tunnel alive.',31.758,'2021-03-12','/6Y9fl8tD1xtyUrOHV2MkCYTpzgi.jpg',78, 6.1,'0', 120, '');
INSERT INTO MovieGenre(movieId, genreId) VALUES(595743,'28');
INSERT INTO MovieGenre(movieId, genreId) VALUES(595743,'53');
INSERT INTO MovieCountry(movieId, countryId) VALUES(595743,'GB');
INSERT INTO Movies(id, title, overview, popularity, releaseDate, posterPath, voteCount, voteAvg, revenue, runtime, tagline) VALUES(601666,'I Care a Lot','A court-appointed legal guardian defrauds her older clients and traps them under her care. But her latest mark comes with some unexpected baggage.',183.771,'2021-02-19','/gKnhEsjNefpKnUdAkn7INzIFLSu.jpg',1203, 6.7,'0', 119, '');
INSERT INTO MovieGenre(movieId, genreId) VALUES(601666,'35');
INSERT INTO MovieGenre(movieId, genreId) VALUES(601666,'80');
INSERT INTO MovieGenre(movieId, genreId) VALUES(601666,'53');
INSERT INTO MovieCountry(movieId, countryId) VALUES(601666,'GB');
INSERT INTO MovieCountry(movieId, countryId) VALUES(601666,'US');
INSERT INTO Movies(id, title, overview, popularity, releaseDate, posterPath, voteCount, voteAvg, revenue, runtime, tagline) VALUES(299537,'Captain Marvel','The story follows Carol Danvers as she becomes one of the universe’s most powerful heroes when Earth is caught in the middle of a galactic war between two alien races. Set in the 1990s, Captain Marvel is an all-new adventure from a previously unseen period in the history of the Marvel Cinematic Universe.',187.668,'2019-03-06','/AtsgWhDnHTq68L0lLsUrCnM7TjG.jpg',11184, 7,'1.12827609e+09', 124, 'Higher. Further. Faster.');
INSERT INTO MovieGenre(movieId, genreId) VALUES(299537,'28');
INSERT INTO MovieGenre(movieId, genreId) VALUES(299537,'12');
INSERT INTO MovieGenre(movieId, genreId) VALUES(299537,'878');
INSERT INTO MovieCountry(movieId, countryId) VALUES(299537,'US');
INSERT INTO Movies(id, title, overview, popularity, releaseDate, posterPath, voteCount, voteAvg, revenue, runtime, tagline) VALUES(643586,'Willy\'s Wonderland','When his car breaks down, a quiet loner agrees to clean an abandoned family fun center in exchange for repairs. He soon finds himself waging war against possessed animatronic mascots while trapped inside Willy\'s Wonderland.',51.728,'2021-02-12','/keEnkeAvifw8NSEC4f6WsqeLJgF.jpg',171, 7,'0', 88, 'Their idea of fun is killer!');
INSERT INTO MovieGenre(movieId, genreId) VALUES(643586,'27');
INSERT INTO MovieGenre(movieId, genreId) VALUES(643586,'28');
INSERT INTO MovieGenre(movieId, genreId) VALUES(643586,'53');
INSERT INTO MovieGenre(movieId, genreId) VALUES(643586,'35');
INSERT INTO MovieCountry(movieId, countryId) VALUES(643586,'US');
INSERT INTO Movies(id, title, overview, popularity, releaseDate, posterPath, voteCount, voteAvg, revenue, runtime, tagline) VALUES(1771,'Captain America: The First Avenger','During World War II, Steve Rogers is a sickly man from Brooklyn who\'s transformed into super-soldier Captain America to aid in the war effort. Rogers must stop the Red Skull – Adolf Hitler\'s ruthless head of weaponry, and the leader of an organization that intends to use a mysterious device of untold powers for world domination.',89.266,'2011-07-22','/vSNxAJTlD0r02V9sPYpOjqDZXUK.jpg',16595, 7,'3.70569774e+08', 124, 'When patriots become heroes');
INSERT INTO MovieGenre(movieId, genreId) VALUES(1771,'28');
INSERT INTO MovieGenre(movieId, genreId) VALUES(1771,'12');
INSERT INTO MovieGenre(movieId, genreId) VALUES(1771,'878');
INSERT INTO MovieCountry(movieId, countryId) VALUES(1771,'US');
INSERT INTO Movies(id, title, overview, popularity, releaseDate, posterPath, voteCount, voteAvg, revenue, runtime, tagline) VALUES(315635,'Spider-Man: Homecoming','Following the events of Captain America: Civil War, Peter Parker, with the help of his mentor Tony Stark, tries to balance his life as an ordinary high school student in Queens, New York City, with fighting crime as his superhero alter ego Spider-Man as a new threat, the Vulture, emerges.',125.147,'2017-07-05','/c24sv2weTHPsmDa7jEMN0m2P3RT.jpg',15952, 7.4,'8.80166924e+08', 133, 'Homework can wait. The city can\'t.');
INSERT INTO MovieGenre(movieId, genreId) VALUES(315635,'28');
INSERT INTO MovieGenre(movieId, genreId) VALUES(315635,'12');
INSERT INTO MovieGenre(movieId, genreId) VALUES(315635,'878');
INSERT INTO MovieGenre(movieId, genreId) VALUES(315635,'18');
INSERT INTO MovieCountry(movieId, countryId) VALUES(315635,'US');
INSERT INTO Movies(id, title, overview, popularity, releaseDate, posterPath, voteCount, voteAvg, revenue, runtime, tagline) VALUES(603,'The Matrix','Set in the 22nd century, The Matrix tells the story of a computer hacker who joins a group of underground insurgents fighting the vast and powerful computers who now rule the earth.',50.744,'1999-03-30','/f89U3ADr1oiB1s9GkdPOEpXUk5H.jpg',18990, 8.1,'4.63517383e+08', 136, 'Welcome to the Real World.');
INSERT INTO MovieGenre(movieId, genreId) VALUES(603,'28');
INSERT INTO MovieGenre(movieId, genreId) VALUES(603,'878');
INSERT INTO MovieCountry(movieId, countryId) VALUES(603,'AU');
INSERT INTO MovieCountry(movieId, countryId) VALUES(603,'CA');
INSERT INTO MovieCountry(movieId, countryId) VALUES(603,'US');
INSERT INTO Movies(id, title, overview, popularity, releaseDate, posterPath, voteCount, voteAvg, revenue, runtime, tagline) VALUES(284054,'Black Panther','King T\'Challa returns home to the reclusive, technologically advanced African nation of Wakanda to serve as his country\'s new leader. However, T\'Challa soon finds that he is challenged for the throne by factions within his own country as well as without. Using powers reserved to Wakandan kings, T\'Challa assumes the Black Panther mantle to join with ex-girlfriend Nakia, the queen-mother, his princess-kid sister, members of the Dora Milaje (the Wakandan \'special forces\') and an American secret agent, to prevent Wakanda from being dragged into a world war.',157.887,'2018-02-13','/uxzzxijgPIY7slzFvMotPv8wjKA.jpg',17152, 7.4,'1.346739107e+09', 134, 'Long live the king.');
INSERT INTO MovieGenre(movieId, genreId) VALUES(284054,'28');
INSERT INTO MovieGenre(movieId, genreId) VALUES(284054,'12');
INSERT INTO MovieGenre(movieId, genreId) VALUES(284054,'878');
INSERT INTO MovieCountry(movieId, countryId) VALUES(284054,'US');
INSERT INTO Movies(id, title, overview, popularity, releaseDate, posterPath, voteCount, voteAvg, revenue, runtime, tagline) VALUES(122,'The Lord of the Rings: The Return of the King','Aragorn is revealed as the heir to the ancient kings as he, Gandalf and the other members of the broken fellowship struggle to save Gondor from Sauron\'s forces. Meanwhile, Frodo and Sam take the ring closer to the heart of Mordor, the dark lord\'s realm.',64.039,'2003-12-01','/rCzpDGLbOoPwLjy3OAm5NUPOTrC.jpg',17449, 8.5,'1.118888979e+09', 201, 'The eye of the enemy is moving.');
INSERT INTO MovieGenre(movieId, genreId) VALUES(122,'12');
INSERT INTO MovieGenre(movieId, genreId) VALUES(122,'14');
INSERT INTO MovieGenre(movieId, genreId) VALUES(122,'28');
INSERT INTO MovieCountry(movieId, countryId) VALUES(122,'NZ');
INSERT INTO MovieCountry(movieId, countryId) VALUES(122,'US');
INSERT INTO Movies(id, title, overview, popularity, releaseDate, posterPath, voteCount, voteAvg, revenue, runtime, tagline) VALUES(495764,'Birds of Prey (and the Fantabulous Emancipation of One Harley Quinn)','Harley Quinn joins forces with a singer, an assassin and a police detective to help a young girl who had a hit placed on her after she stole a rare diamond from a crime lord.',638.176,'2020-02-05','/h4VB6m0RwcicVEZvzftYZyKXs6K.jpg',7331, 7.1,'2.01858461e+08', 109, 'Mind Over Mayhem');
INSERT INTO MovieGenre(movieId, genreId) VALUES(495764,'28');
INSERT INTO MovieGenre(movieId, genreId) VALUES(495764,'80');
INSERT INTO MovieCountry(movieId, countryId) VALUES(495764,'US');
INSERT INTO Movies(id, title, overview, popularity, releaseDate, posterPath, voteCount, voteAvg, revenue, runtime, tagline) VALUES(121,'The Lord of the Rings: The Two Towers','Frodo and Sam are trekking to Mordor to destroy the One Ring of Power while Gimli, Legolas and Aragorn search for the orc-captured Merry and Pippin. All along, nefarious wizard Saruman awaits the Fellowship members at the Orthanc Tower in Isengard.',68.268,'2002-12-18','/5VTN0pR8gcqV3EPUHHfMGnJYN9L.jpg',16332, 8.3,'9.262874e+08', 179, 'A New Power Is Rising.');
INSERT INTO MovieGenre(movieId, genreId) VALUES(121,'12');
INSERT INTO MovieGenre(movieId, genreId) VALUES(121,'14');
INSERT INTO MovieGenre(movieId, genreId) VALUES(121,'28');
INSERT INTO MovieCountry(movieId, countryId) VALUES(121,'NZ');
INSERT INTO MovieCountry(movieId, countryId) VALUES(121,'US');
INSERT INTO Movies(id, title, overview, popularity, releaseDate, posterPath, voteCount, voteAvg, revenue, runtime, tagline) VALUES(271110,'Captain America: Civil War','Following the events of Age of Ultron, the collective governments of the world pass an act designed to regulate all superhuman activity. This polarizes opinion amongst the Avengers, causing two factions to side with Iron Man or Captain America, which causes an epic battle between former allies.',131.808,'2016-04-27','/rAGiXaUfPzY7CDEyNKUofk3Kw2e.jpg',17838, 7.4,'1.153296293e+09', 147, 'Divided We Fall');
INSERT INTO MovieGenre(movieId, genreId) VALUES(271110,'12');
INSERT INTO MovieGenre(movieId, genreId) VALUES(271110,'28');
INSERT INTO MovieGenre(movieId, genreId) VALUES(271110,'878');
INSERT INTO MovieCountry(movieId, countryId) VALUES(271110,'US');
INSERT INTO Movies(id, title, overview, popularity, releaseDate, posterPath, voteCount, voteAvg, revenue, runtime, tagline) VALUES(798141,'Doors','Without warning, millions of mysterious alien “doors” suddenly appear around the globe. In a rush to determine the reason for their arrival, mankind must work together to understand the purpose of these cosmic anomalies.',26.209,'2021-03-23','/pGPUXyhQTOqskKdDOD3Fmicqfc0.jpg',46, 5.7,'0', 84, 'Forget everything you know about the universe.');
INSERT INTO MovieGenre(movieId, genreId) VALUES(798141,'878');
INSERT INTO MovieCountry(movieId, countryId) VALUES(798141,'US');
INSERT INTO Movies(id, title, overview, popularity, releaseDate, posterPath, voteCount, voteAvg, revenue, runtime, tagline) VALUES(272,'Batman Begins','Driven by tragedy, billionaire Bruce Wayne dedicates his life to uncovering and defeating the corruption that plagues his home, Gotham City.  Unable to work within the system, he instead creates a new identity, a symbol of fear for the criminal underworld - The Batman.',62.951,'2005-06-10','/1P3ZyEq02wcTMd3iE4ebtLvncvH.jpg',15949, 7.7,'3.74218673e+08', 140, 'Evil fears the knight.');
INSERT INTO MovieGenre(movieId, genreId) VALUES(272,'28');
INSERT INTO MovieGenre(movieId, genreId) VALUES(272,'80');
INSERT INTO MovieGenre(movieId, genreId) VALUES(272,'18');
INSERT INTO MovieCountry(movieId, countryId) VALUES(272,'GB');
INSERT INTO MovieCountry(movieId, countryId) VALUES(272,'US');
INSERT INTO Movies(id, title, overview, popularity, releaseDate, posterPath, voteCount, voteAvg, revenue, runtime, tagline) VALUES(49521,'Man of Steel','A young boy learns that he has extraordinary powers and is not of this earth. As a young man, he journeys to discover where he came from and what he was sent here to do. But the hero in him must emerge if he is to save the world from annihilation and become the symbol of hope for all mankind.',77.934,'2013-06-12','/4qgXzVAYNihFeudrys6WU4I01Q7.jpg',12008, 6.6,'7.54045518e+08', 143, 'You will believe that a man can fly.');
INSERT INTO MovieGenre(movieId, genreId) VALUES(49521,'28');
INSERT INTO MovieGenre(movieId, genreId) VALUES(49521,'12');
INSERT INTO MovieGenre(movieId, genreId) VALUES(49521,'14');
INSERT INTO MovieGenre(movieId, genreId) VALUES(49521,'878');
INSERT INTO MovieCountry(movieId, countryId) VALUES(49521,'GB');
INSERT INTO MovieCountry(movieId, countryId) VALUES(49521,'US');
INSERT INTO Movies(id, title, overview, popularity, releaseDate, posterPath, voteCount, voteAvg, revenue, runtime, tagline) VALUES(181812,'Star Wars: The Rise of Skywalker','The surviving Resistance faces the First Order once again as the journey of Rey, Finn and Poe Dameron continues. With the power and knowledge of generations behind them, the final battle begins.',213.597,'2019-12-18','/db32LaOibwEliAmSL2jjDF6oDdj.jpg',6591, 6.5,'1.074144248e+09', 142, 'Every generation has a legend');
INSERT INTO MovieGenre(movieId, genreId) VALUES(181812,'28');
INSERT INTO MovieGenre(movieId, genreId) VALUES(181812,'12');
INSERT INTO MovieGenre(movieId, genreId) VALUES(181812,'878');
INSERT INTO MovieCountry(movieId, countryId) VALUES(181812,'US');
INSERT INTO Movies(id, title, overview, popularity, releaseDate, posterPath, voteCount, voteAvg, revenue, runtime, tagline) VALUES(284053,'Thor: Ragnarok','Thor is imprisoned on the other side of the universe and finds himself in a race against time to get back to Asgard to stop Ragnarok, the destruction of his home-world and the end of Asgardian civilization, at the hands of a powerful new threat, the ruthless Hela.',149.347,'2017-10-25','/rzRwTcFvttcN1ZpX2xv4j3tSdJu.jpg',15706, 7.6,'8.53977126e+08', 131, 'No Hammer. No Problem.');
INSERT INTO MovieGenre(movieId, genreId) VALUES(284053,'28');
INSERT INTO MovieGenre(movieId, genreId) VALUES(284053,'12');
INSERT INTO MovieGenre(movieId, genreId) VALUES(284053,'35');
INSERT INTO MovieGenre(movieId, genreId) VALUES(284053,'14');
INSERT INTO MovieGenre(movieId, genreId) VALUES(284053,'878');
INSERT INTO MovieCountry(movieId, countryId) VALUES(284053,'US');
INSERT INTO Movies(id, title, overview, popularity, releaseDate, posterPath, voteCount, voteAvg, revenue, runtime, tagline) VALUES(337401,'Mulan','When the Emperor of China issues a decree that one man per family must serve in the Imperial Chinese Army to defend the country from Huns, Hua Mulan, the eldest daughter of an honored warrior, steps in to take the place of her ailing father. She is spirited, determined and quick on her feet. Disguised as a man by the name of Hua Jun, she is tested every step of the way and must harness her innermost strength and embrace her true potential.',258.952,'2020-09-04','/aKx1ARwG55zZ0GpRvU2WrGrCG9o.jpg',4616, 7,'5.7e+07', 115, '');
INSERT INTO MovieGenre(movieId, genreId) VALUES(337401,'12');
INSERT INTO MovieGenre(movieId, genreId) VALUES(337401,'14');
INSERT INTO MovieCountry(movieId, countryId) VALUES(337401,'CN');
INSERT INTO MovieCountry(movieId, countryId) VALUES(337401,'US');
INSERT INTO Movies(id, title, overview, popularity, releaseDate, posterPath, voteCount, voteAvg, revenue, runtime, tagline) VALUES(645856,'The Seventh Day','A renowned exorcist teams up with a rookie priest for his first day of training. As they plunge deeper into hell on earth, the lines between good and evil blur, and their own demons emerge.',32.473,'2021-03-26','/dtt2dfMdmlCcgaJZkPPQsIY5oR6.jpg',18, 4.5,'0', 87, 'God help us.');
INSERT INTO MovieGenre(movieId, genreId) VALUES(645856,'27');
INSERT INTO MovieCountry(movieId, countryId) VALUES(645856,'US');
INSERT INTO Movies(id, title, overview, popularity, releaseDate, posterPath, voteCount, voteAvg, revenue, runtime, tagline) VALUES(379686,'Space Jam: A New Legacy','With the help of Bugs Bunny and the Looney Tunes, NBA superstar LeBron James must rescue his missing son by navigating through films in the Warner Bros. catalogue as they challenge against the villainous Al-G\'s plot to win a basketball game against his team of mates, which will be seen by the entire world.',124.603,'2021-07-14','/pIoaTjWWNWmBQz0hJJERKqDHFbX.jpg',0, 0,'0', 120, 'Welcome to the Jam!');
INSERT INTO MovieGenre(movieId, genreId) VALUES(379686,'35');
INSERT INTO MovieGenre(movieId, genreId) VALUES(379686,'10751');
INSERT INTO MovieGenre(movieId, genreId) VALUES(379686,'12');
INSERT INTO MovieGenre(movieId, genreId) VALUES(379686,'14');
INSERT INTO MovieGenre(movieId, genreId) VALUES(379686,'878');
INSERT INTO MovieGenre(movieId, genreId) VALUES(379686,'16');
INSERT INTO MovieCountry(movieId, countryId) VALUES(379686,'US');
INSERT INTO Movies(id, title, overview, popularity, releaseDate, posterPath, voteCount, voteAvg, revenue, runtime, tagline) VALUES(694256,'Caught by a Wave','A summer fling born under the Sicilian sun quickly develops into a heartbreaking love story that forces a boy and girl to grow up too quickly.',259.426,'2021-03-25','/j9O2WXJqF45ynkng4SAsZ1h0OCt.jpg',96, 6.9,'0', 99, '');
INSERT INTO MovieGenre(movieId, genreId) VALUES(694256,'18');
INSERT INTO MovieGenre(movieId, genreId) VALUES(694256,'10749');
INSERT INTO Countries(id, cname) VALUES('IT','Italy');
INSERT INTO MovieCountry(movieId, countryId) VALUES(694256,'IT');
INSERT INTO Movies(id, title, overview, popularity, releaseDate, posterPath, voteCount, voteAvg, revenue, runtime, tagline) VALUES(118340,'Guardians of the Galaxy','Light years from Earth, 26 years after being abducted, Peter Quill finds himself the prime target of a manhunt after discovering an orb wanted by Ronan the Accuser.',40.113,'2014-07-30','/r7vmZjiyZw9rpJMQJdXpjgiCOk9.jpg',22292, 7.9,'7.727766e+08', 121, 'All heroes start somewhere.');
INSERT INTO MovieGenre(movieId, genreId) VALUES(118340,'28');
INSERT INTO MovieGenre(movieId, genreId) VALUES(118340,'878');
INSERT INTO MovieGenre(movieId, genreId) VALUES(118340,'12');
INSERT INTO MovieCountry(movieId, countryId) VALUES(118340,'US');
INSERT INTO Movies(id, title, overview, popularity, releaseDate, posterPath, voteCount, voteAvg, revenue, runtime, tagline) VALUES(681887,'Cosmic Sin','Bruce Willis and Frank Grillo star in the new epic sci-fi adventure set in the year 2524, four hundred years after humans started colonizing the outer planets. Retired Military General James Ford (Willis) is called back into service after soldiers on a remote planet are attacked by a hostile alien fleet. The threat against the human race escalates into an inevitable interstellar war. General Ford teams up with General Eron Ryle (Grillo) and a team of elite soldiers in a race to stop the imminent attack before it is too late.',30.119,'2021-03-12','/6Wm7P6y22UZA40QuPYHyWyJ6leI.jpg',114, 5.4,'0', 88, 'First contact has been made. It\'s war.');
INSERT INTO MovieGenre(movieId, genreId) VALUES(681887,'878');
INSERT INTO MovieGenre(movieId, genreId) VALUES(681887,'28');
INSERT INTO Genres(id, genre) VALUES(10752,'War');
INSERT INTO MovieGenre(movieId, genreId) VALUES(681887,'10752');
INSERT INTO MovieCountry(movieId, countryId) VALUES(681887,'US');
INSERT INTO Movies(id, title, overview, popularity, releaseDate, posterPath, voteCount, voteAvg, revenue, runtime, tagline) VALUES(760919,'The Power','London, 1974. As Britain prepares for electrical blackouts to sweep across the country, trainee nurse Val arrives for her first day at the crumbling East London Royal Infirmary. With most of the patients and staff evacuated to another hospital, Val is forced to work the night shift, finding herself in a dark, near empty building. Within these walls lies a deadly secret, forcing Val to face both her own traumatic past and deepest fears.',45.623,'2021-04-08','/sxnlb6cyxhhgC2eAwEYu61Zmd4E.jpg',4, 5.8,'0', 92, 'The darkest place is within...');
INSERT INTO MovieGenre(movieId, genreId) VALUES(760919,'27');
INSERT INTO MovieCountry(movieId, countryId) VALUES(760919,'GB');
INSERT INTO Movies(id, title, overview, popularity, releaseDate, posterPath, voteCount, voteAvg, revenue, runtime, tagline) VALUES(625568,'Unhinged','A divorced mother honks impatiently at a deranged middle-aged stranger at a red light while running late on her way to work. His road rage escalates to horrifyingly psychotic proportions as he becomes single-mindedly determined to teach her a deadly lesson for provoking him.',129.576,'2020-07-16','/6JGjweoW3yzCV1VpZX1ATR6m1j0.jpg',889, 6.4,'3.92383e+07', 90, 'He can happen to anyone.');
INSERT INTO MovieGenre(movieId, genreId) VALUES(625568,'28');
INSERT INTO MovieGenre(movieId, genreId) VALUES(625568,'53');
INSERT INTO MovieCountry(movieId, countryId) VALUES(625568,'US');
INSERT INTO Movies(id, title, overview, popularity, releaseDate, posterPath, voteCount, voteAvg, revenue, runtime, tagline) VALUES(580175,'Another Round','Four high school teachers launch a drinking experiment: upholding a constant low level of intoxication.',30.507,'2020-09-24','/fsn4cjpCvWuP9wU9hcFnK7M8RZC.jpg',517, 7.8,'3.668749e+06', 117, '');
INSERT INTO MovieGenre(movieId, genreId) VALUES(580175,'35');
INSERT INTO MovieGenre(movieId, genreId) VALUES(580175,'18');
INSERT INTO Countries(id, cname) VALUES('DK','Denmark');
INSERT INTO MovieCountry(movieId, countryId) VALUES(580175,'DK');
INSERT INTO MovieCountry(movieId, countryId) VALUES(580175,'NL');
INSERT INTO Countries(id, cname) VALUES('SE','Sweden');
INSERT INTO MovieCountry(movieId, countryId) VALUES(580175,'SE');
INSERT INTO Movies(id, title, overview, popularity, releaseDate, posterPath, voteCount, voteAvg, revenue, runtime, tagline) VALUES(337404,'Cruella','In 1970s London amidst the punk rock revolution, a young grifter named Estella is determined to make a name for herself with her designs. She befriends a pair of young thieves who appreciate her appetite for mischief, and together they are able to build a life for themselves on the London streets. One day, Estella’s flair for fashion catches the eye of the Baroness von Hellman, a fashion legend who is devastatingly chic and terrifyingly haute. But their relationship sets in motion a course of events and revelations that will cause Estella to embrace her wicked side and become the raucous, fashionable and revenge-bent Cruella.',128.132,'2021-05-26','/A0knvX7rlwTyZSKj8H5NiARb45.jpg',0, 0,'0', 134, 'Hello Cruel World');
INSERT INTO MovieGenre(movieId, genreId) VALUES(337404,'35');
INSERT INTO MovieGenre(movieId, genreId) VALUES(337404,'80');
INSERT INTO MovieCountry(movieId, countryId) VALUES(337404,'US');
INSERT INTO Movies(id, title, overview, popularity, releaseDate, posterPath, voteCount, voteAvg, revenue, runtime, tagline) VALUES(496243,'Parasite','All unemployed, Ki-taek\'s family takes peculiar interest in the wealthy and glamorous Parks for their livelihood until they get entangled in an unexpected incident.',143.242,'2019-05-30','/7IiTTgloJzvGI1TAYymCfbfl3vT.jpg',11121, 8.5,'2.57591776e+08', 133, 'Act like you own the place.');
INSERT INTO MovieGenre(movieId, genreId) VALUES(496243,'35');
INSERT INTO MovieGenre(movieId, genreId) VALUES(496243,'53');
INSERT INTO MovieGenre(movieId, genreId) VALUES(496243,'18');
INSERT INTO MovieCountry(movieId, countryId) VALUES(496243,'KR');
INSERT INTO Movies(id, title, overview, popularity, releaseDate, posterPath, voteCount, voteAvg, revenue, runtime, tagline) VALUES(363088,'Ant-Man and the Wasp','Just when his time under house arrest is about to end, Scott Lang once again puts his freedom at risk to help Hope van Dyne and Dr. Hank Pym dive into the quantum realm and try to accomplish, against time and any chance of success, a very dangerous rescue mission.',103.663,'2018-07-04','/eivQmS3wqzqnQWILHLc4FsEfcXP.jpg',9652, 7,'6.22674139e+08', 119, 'Real heroes. Not actual size.');
INSERT INTO MovieGenre(movieId, genreId) VALUES(363088,'28');
INSERT INTO MovieGenre(movieId, genreId) VALUES(363088,'12');
INSERT INTO MovieGenre(movieId, genreId) VALUES(363088,'878');
INSERT INTO MovieCountry(movieId, countryId) VALUES(363088,'US');
INSERT INTO Movies(id, title, overview, popularity, releaseDate, posterPath, voteCount, voteAvg, revenue, runtime, tagline) VALUES(384018,'Fast & Furious Presents: Hobbs & Shaw','Ever since US Diplomatic Security Service Agent Hobbs and lawless outcast Shaw first faced off, they just have traded smack talk and body blows. But when cyber-genetically enhanced anarchist Brixton\'s ruthless actions threaten the future of humanity, they join forces to defeat him.',407.884,'2019-08-01','/qRyy2UmjC5ur9bDi3kpNNRCc5nc.jpg',4785, 6.9,'7.60098996e+08', 137, '');
INSERT INTO MovieGenre(movieId, genreId) VALUES(384018,'28');
INSERT INTO MovieGenre(movieId, genreId) VALUES(384018,'12');
INSERT INTO MovieGenre(movieId, genreId) VALUES(384018,'35');
INSERT INTO MovieCountry(movieId, countryId) VALUES(384018,'US');
INSERT INTO Movies(id, title, overview, popularity, releaseDate, posterPath, voteCount, voteAvg, revenue, runtime, tagline) VALUES(458156,'John Wick: Chapter 3 - Parabellum','Super-assassin John Wick returns with a $14 million price tag on his head and an army of bounty-hunting killers on his trail. After killing a member of the shadowy international assassin’s guild, the High Table, John Wick is excommunicado, but the world’s most ruthless hit men and women await his every turn.',238.486,'2019-05-15','/ziEuG1essDuWuC5lpWUaw1uXY2O.jpg',6619, 7.4,'3.26709727e+08', 130, 'The Grace Period Is Over');
INSERT INTO MovieGenre(movieId, genreId) VALUES(458156,'28');
INSERT INTO MovieGenre(movieId, genreId) VALUES(458156,'53');
INSERT INTO MovieGenre(movieId, genreId) VALUES(458156,'80');
INSERT INTO MovieCountry(movieId, countryId) VALUES(458156,'US');
INSERT INTO Movies(id, title, overview, popularity, releaseDate, posterPath, voteCount, voteAvg, revenue, runtime, tagline) VALUES(635302,'Demon Slayer - Kimetsu no Yaiba - The Movie: Mugen Train','Tanjirō Kamado, joined with Inosuke Hashibira, a boy raised by boars who wears a boar\'s head, and Zenitsu Agatsuma, a scared boy who reveals his true power when he sleeps, boards the Infinity Train on a new mission with the Fire Hashira, Kyōjurō Rengoku, to defeat a demon who has been tormenting the people and killing the demon slayers who oppose it!',337.622,'2020-10-16','/yF45egpHwaYLn4jTyZAgk0Cmug9.jpg',554, 8,'3.9918e+08', 117, 'With your blade, bring an end to the nightmare.');
INSERT INTO MovieGenre(movieId, genreId) VALUES(635302,'16');
INSERT INTO MovieGenre(movieId, genreId) VALUES(635302,'28');
INSERT INTO MovieGenre(movieId, genreId) VALUES(635302,'12');
INSERT INTO MovieGenre(movieId, genreId) VALUES(635302,'14');
INSERT INTO MovieGenre(movieId, genreId) VALUES(635302,'18');
INSERT INTO MovieCountry(movieId, countryId) VALUES(635302,'JP');
INSERT INTO Movies(id, title, overview, popularity, releaseDate, posterPath, voteCount, voteAvg, revenue, runtime, tagline) VALUES(102899,'Ant-Man','Armed with the astonishing ability to shrink in scale but increase in strength, master thief Scott Lang must embrace his inner-hero and help his mentor, Doctor Hank Pym, protect the secret behind his spectacular Ant-Man suit from a new generation of towering threats. Against seemingly insurmountable obstacles, Pym and Lang must plan and pull off a heist that will save the world.',71.995,'2015-07-14','/rQRnQfUl3kfp78nCWq8Ks04vnq1.jpg',15366, 7.1,'5.19311965e+08', 117, 'Heroes don\'t get any bigger.');
INSERT INTO MovieGenre(movieId, genreId) VALUES(102899,'878');
INSERT INTO MovieGenre(movieId, genreId) VALUES(102899,'28');
INSERT INTO MovieGenre(movieId, genreId) VALUES(102899,'12');
INSERT INTO MovieCountry(movieId, countryId) VALUES(102899,'US');
INSERT INTO Movies(id, title, overview, popularity, releaseDate, posterPath, voteCount, voteAvg, revenue, runtime, tagline) VALUES(99861,'Avengers: Age of Ultron','When Tony Stark tries to jumpstart a dormant peacekeeping program, things go awry and Earth’s Mightiest Heroes are put to the ultimate test as the fate of the planet hangs in the balance. As the villainous Ultron emerges, it is up to The Avengers to stop him from enacting his terrible plans, and soon uneasy alliances and unexpected action pave the way for an epic and unique global adventure.',131.503,'2015-04-22','/4ssDuvEDkSArWEdyBl2X5EHvYKU.jpg',17697, 7.3,'1.405403694e+09', 141, 'A New Age Has Come.');
INSERT INTO MovieGenre(movieId, genreId) VALUES(99861,'28');
INSERT INTO MovieGenre(movieId, genreId) VALUES(99861,'12');
INSERT INTO MovieGenre(movieId, genreId) VALUES(99861,'878');
INSERT INTO MovieCountry(movieId, countryId) VALUES(99861,'US');
INSERT INTO Movies(id, title, overview, popularity, releaseDate, posterPath, voteCount, voteAvg, revenue, runtime, tagline) VALUES(283995,'Guardians of the Galaxy Vol. 2','The Guardians must fight to keep their newfound family together as they unravel the mysteries of Peter Quill\'s true parentage.',89.691,'2017-04-19','/y4MBh0EjBlMuOzv9axM4qJlmhzz.jpg',16402, 7.6,'8.63756051e+08', 137, 'Obviously.');
INSERT INTO MovieGenre(movieId, genreId) VALUES(283995,'12');
INSERT INTO MovieGenre(movieId, genreId) VALUES(283995,'28');
INSERT INTO MovieGenre(movieId, genreId) VALUES(283995,'878');
INSERT INTO MovieGenre(movieId, genreId) VALUES(283995,'35');
INSERT INTO MovieCountry(movieId, countryId) VALUES(283995,'US');
INSERT INTO MovieWeekPopularity(movieId, weekNr, popularity, voteAVG, voteCount) VALUES ('399566', 15, 7618.712, 8.4, 4307);
INSERT INTO MovieWeekPopularity(movieId, weekNr, popularity, voteAVG, voteCount) VALUES ('399566', 15, 7618.712, 8.4, 4307);
INSERT INTO MovieWeekPopularity(movieId, weekNr, popularity, voteAVG, voteCount) VALUES ('791373', 15, 3581.318, 8.6, 4827);
INSERT INTO MovieWeekPopularity(movieId, weekNr, popularity, voteAVG, voteCount) VALUES ('791373', 15, 3581.318, 8.6, 4827);
INSERT INTO MovieWeekPopularity(movieId, weekNr, popularity, voteAVG, voteCount) VALUES ('615678', 15, 222.628, 5.9, 226);
INSERT INTO MovieWeekPopularity(movieId, weekNr, popularity, voteAVG, voteCount) VALUES ('615678', 15, 222.628, 5.9, 226);
INSERT INTO MovieWeekPopularity(movieId, weekNr, popularity, voteAVG, voteCount) VALUES ('527774', 15, 2112.937, 8.3, 2238);
INSERT INTO MovieWeekPopularity(movieId, weekNr, popularity, voteAVG, voteCount) VALUES ('527774', 15, 2112.937, 8.3, 2238);
INSERT INTO MovieWeekPopularity(movieId, weekNr, popularity, voteAVG, voteCount) VALUES ('412656', 15, 2871.579, 7.5, 320);
INSERT INTO MovieWeekPopularity(movieId, weekNr, popularity, voteAVG, voteCount) VALUES ('412656', 15, 2871.579, 7.5, 320);
INSERT INTO MovieWeekPopularity(movieId, weekNr, popularity, voteAVG, voteCount) VALUES ('464052', 15, 1276.177, 6.8, 4808);
INSERT INTO MovieWeekPopularity(movieId, weekNr, popularity, voteAVG, voteCount) VALUES ('464052', 15, 1276.177, 6.8, 4808);
INSERT INTO MovieWeekPopularity(movieId, weekNr, popularity, voteAVG, voteCount) VALUES ('600354', 15, 113.886, 8.3, 269);
INSERT INTO MovieWeekPopularity(movieId, weekNr, popularity, voteAVG, voteCount) VALUES ('600354', 15, 113.886, 8.3, 269);
INSERT INTO MovieWeekPopularity(movieId, weekNr, popularity, voteAVG, voteCount) VALUES ('460465', 15, 577.064, 7.8, 29);
INSERT INTO MovieWeekPopularity(movieId, weekNr, popularity, voteAVG, voteCount) VALUES ('460465', 15, 577.064, 7.8, 29);
INSERT INTO MovieWeekPopularity(movieId, weekNr, popularity, voteAVG, voteCount) VALUES ('458576', 15, 1329.927, 7.1, 1435);
INSERT INTO MovieWeekPopularity(movieId, weekNr, popularity, voteAVG, voteCount) VALUES ('458576', 15, 1329.927, 7.1, 1435);
INSERT INTO MovieWeekPopularity(movieId, weekNr, popularity, voteAVG, voteCount) VALUES ('587807', 15, 1374.65, 7.3, 1178);
INSERT INTO MovieWeekPopularity(movieId, weekNr, popularity, voteAVG, voteCount) VALUES ('587807', 15, 1374.65, 7.3, 1178);
INSERT INTO MovieWeekPopularity(movieId, weekNr, popularity, voteAVG, voteCount) VALUES ('508442', 15, 647.487, 8.3, 5662);
INSERT INTO MovieWeekPopularity(movieId, weekNr, popularity, voteAVG, voteCount) VALUES ('508442', 15, 647.487, 8.3, 5662);
INSERT INTO MovieWeekPopularity(movieId, weekNr, popularity, voteAVG, voteCount) VALUES ('606523', 15, 27.028, 7.4, 40);
INSERT INTO MovieWeekPopularity(movieId, weekNr, popularity, voteAVG, voteCount) VALUES ('606523', 15, 27.028, 7.4, 40);
INSERT INTO MovieWeekPopularity(movieId, weekNr, popularity, voteAVG, voteCount) VALUES ('621954', 15, 235.382, 6.7, 38);
INSERT INTO MovieWeekPopularity(movieId, weekNr, popularity, voteAVG, voteCount) VALUES ('621954', 15, 235.382, 6.7, 38);
INSERT INTO MovieWeekPopularity(movieId, weekNr, popularity, voteAVG, voteCount) VALUES ('630004', 15, 86.052, 7, 58);
INSERT INTO MovieWeekPopularity(movieId, weekNr, popularity, voteAVG, voteCount) VALUES ('630004', 15, 86.052, 7, 58);
INSERT INTO MovieWeekPopularity(movieId, weekNr, popularity, voteAVG, voteCount) VALUES ('299534', 15, 287.865, 8.3, 17827);
INSERT INTO MovieWeekPopularity(movieId, weekNr, popularity, voteAVG, voteCount) VALUES ('299534', 15, 287.865, 8.3, 17827);
INSERT INTO MovieWeekPopularity(movieId, weekNr, popularity, voteAVG, voteCount) VALUES ('581734', 15, 251.661, 7.6, 492);
INSERT INTO MovieWeekPopularity(movieId, weekNr, popularity, voteAVG, voteCount) VALUES ('581734', 15, 251.661, 7.6, 492);
INSERT INTO MovieWeekPopularity(movieId, weekNr, popularity, voteAVG, voteCount) VALUES ('209112', 15, 101.971, 5.9, 14619);
INSERT INTO MovieWeekPopularity(movieId, weekNr, popularity, voteAVG, voteCount) VALUES ('209112', 15, 101.971, 5.9, 14619);
INSERT INTO MovieWeekPopularity(movieId, weekNr, popularity, voteAVG, voteCount) VALUES ('529203', 15, 820.304, 7.5, 1944);
INSERT INTO MovieWeekPopularity(movieId, weekNr, popularity, voteAVG, voteCount) VALUES ('529203', 15, 820.304, 7.5, 1944);
INSERT INTO MovieWeekPopularity(movieId, weekNr, popularity, voteAVG, voteCount) VALUES ('660006', 15, 230.265, 6.2, 63);
INSERT INTO MovieWeekPopularity(movieId, weekNr, popularity, voteAVG, voteCount) VALUES ('660006', 15, 230.265, 6.2, 63);
INSERT INTO MovieWeekPopularity(movieId, weekNr, popularity, voteAVG, voteCount) VALUES ('484718', 15, 496.568, 6.8, 1210);
INSERT INTO MovieWeekPopularity(movieId, weekNr, popularity, voteAVG, voteCount) VALUES ('484718', 15, 496.568, 6.8, 1210);
INSERT INTO MovieWeekPopularity(movieId, weekNr, popularity, voteAVG, voteCount) VALUES ('651589', 15, 89.291, 6.6, 78);
INSERT INTO MovieWeekPopularity(movieId, weekNr, popularity, voteAVG, voteCount) VALUES ('651589', 15, 89.291, 6.6, 78);
INSERT INTO MovieWeekPopularity(movieId, weekNr, popularity, voteAVG, voteCount) VALUES ('544401', 15, 1304.272, 7.6, 486);
INSERT INTO MovieWeekPopularity(movieId, weekNr, popularity, voteAVG, voteCount) VALUES ('544401', 15, 1304.272, 7.6, 486);
INSERT INTO MovieWeekPopularity(movieId, weekNr, popularity, voteAVG, voteCount) VALUES ('663558', 15, 18.116, 7, 1);
INSERT INTO MovieWeekPopularity(movieId, weekNr, popularity, voteAVG, voteCount) VALUES ('663558', 15, 18.116, 7, 1);
INSERT INTO MovieWeekPopularity(movieId, weekNr, popularity, voteAVG, voteCount) VALUES ('577922', 15, 482.183, 7.3, 4975);
INSERT INTO MovieWeekPopularity(movieId, weekNr, popularity, voteAVG, voteCount) VALUES ('577922', 15, 482.183, 7.3, 4975);
INSERT INTO MovieWeekPopularity(movieId, weekNr, popularity, voteAVG, voteCount) VALUES ('582014', 15, 127.464, 7.6, 684);
INSERT INTO MovieWeekPopularity(movieId, weekNr, popularity, voteAVG, voteCount) VALUES ('582014', 15, 127.464, 7.6, 684);
INSERT INTO MovieWeekPopularity(movieId, weekNr, popularity, voteAVG, voteCount) VALUES ('602269', 15, 768.496, 6.4, 738);
INSERT INTO MovieWeekPopularity(movieId, weekNr, popularity, voteAVG, voteCount) VALUES ('602269', 15, 768.496, 6.4, 738);
INSERT INTO MovieWeekPopularity(movieId, weekNr, popularity, voteAVG, voteCount) VALUES ('615457', 15, 106.657, 7.8, 40);
INSERT INTO MovieWeekPopularity(movieId, weekNr, popularity, voteAVG, voteCount) VALUES ('615457', 15, 106.657, 7.8, 40);
INSERT INTO MovieWeekPopularity(movieId, weekNr, popularity, voteAVG, voteCount) VALUES ('578908', 15, 643.752, 5.9, 133);
INSERT INTO MovieWeekPopularity(movieId, weekNr, popularity, voteAVG, voteCount) VALUES ('578908', 15, 643.752, 5.9, 133);
INSERT INTO MovieWeekPopularity(movieId, weekNr, popularity, voteAVG, voteCount) VALUES ('644583', 15, 164.374, 7.3, 166);
INSERT INTO MovieWeekPopularity(movieId, weekNr, popularity, voteAVG, voteCount) VALUES ('644583', 15, 164.374, 7.3, 166);
INSERT INTO MovieWeekPopularity(movieId, weekNr, popularity, voteAVG, voteCount) VALUES ('802504', 15, 963.687, 5.9, 59);
INSERT INTO MovieWeekPopularity(movieId, weekNr, popularity, voteAVG, voteCount) VALUES ('802504', 15, 963.687, 5.9, 59);
INSERT INTO MovieWeekPopularity(movieId, weekNr, popularity, voteAVG, voteCount) VALUES ('671', 15, 149.584, 7.9, 20038);
INSERT INTO MovieWeekPopularity(movieId, weekNr, popularity, voteAVG, voteCount) VALUES ('671', 15, 149.584, 7.9, 20038);
INSERT INTO MovieWeekPopularity(movieId, weekNr, popularity, voteAVG, voteCount) VALUES ('124905', 15, 140.806, 6.2, 6833);
INSERT INTO MovieWeekPopularity(movieId, weekNr, popularity, voteAVG, voteCount) VALUES ('124905', 15, 140.806, 6.2, 6833);
INSERT INTO MovieWeekPopularity(movieId, weekNr, popularity, voteAVG, voteCount) VALUES ('797394', 15, 914.072, 7.2, 89);
INSERT INTO MovieWeekPopularity(movieId, weekNr, popularity, voteAVG, voteCount) VALUES ('797394', 15, 914.072, 7.2, 89);
INSERT INTO MovieWeekPopularity(movieId, weekNr, popularity, voteAVG, voteCount) VALUES ('634528', 15, 101.91, 6.3, 55);
INSERT INTO MovieWeekPopularity(movieId, weekNr, popularity, voteAVG, voteCount) VALUES ('634528', 15, 101.91, 6.3, 55);
INSERT INTO MovieWeekPopularity(movieId, weekNr, popularity, voteAVG, voteCount) VALUES ('373571', 15, 408.629, 6.7, 3972);
INSERT INTO MovieWeekPopularity(movieId, weekNr, popularity, voteAVG, voteCount) VALUES ('373571', 15, 408.629, 6.7, 3972);
INSERT INTO MovieWeekPopularity(movieId, weekNr, popularity, voteAVG, voteCount) VALUES ('579051', 15, 39.012, 7, 36);
INSERT INTO MovieWeekPopularity(movieId, weekNr, popularity, voteAVG, voteCount) VALUES ('579051', 15, 39.012, 7, 36);
INSERT INTO MovieWeekPopularity(movieId, weekNr, popularity, voteAVG, voteCount) VALUES ('632357', 15, 585.159, 6.5, 27);
INSERT INTO MovieWeekPopularity(movieId, weekNr, popularity, voteAVG, voteCount) VALUES ('632357', 15, 585.159, 6.5, 27);
INSERT INTO MovieWeekPopularity(movieId, weekNr, popularity, voteAVG, voteCount) VALUES ('293167', 15, 125.333, 6.5, 8097);
INSERT INTO MovieWeekPopularity(movieId, weekNr, popularity, voteAVG, voteCount) VALUES ('293167', 15, 125.333, 6.5, 8097);
INSERT INTO MovieWeekPopularity(movieId, weekNr, popularity, voteAVG, voteCount) VALUES ('546121', 15, 150.51, 7.5, 742);
INSERT INTO MovieWeekPopularity(movieId, weekNr, popularity, voteAVG, voteCount) VALUES ('546121', 15, 150.51, 7.5, 742);
INSERT INTO MovieWeekPopularity(movieId, weekNr, popularity, voteAVG, voteCount) VALUES ('615643', 15, 57.27, 7.7, 270);
INSERT INTO MovieWeekPopularity(movieId, weekNr, popularity, voteAVG, voteCount) VALUES ('615643', 15, 57.27, 7.7, 270);
INSERT INTO MovieWeekPopularity(movieId, weekNr, popularity, voteAVG, voteCount) VALUES ('11', 15, 66.264, 8.2, 15391);
INSERT INTO MovieWeekPopularity(movieId, weekNr, popularity, voteAVG, voteCount) VALUES ('11', 15, 66.264, 8.2, 15391);
INSERT INTO MovieWeekPopularity(movieId, weekNr, popularity, voteAVG, voteCount) VALUES ('120', 15, 73.094, 8.3, 18921);
INSERT INTO MovieWeekPopularity(movieId, weekNr, popularity, voteAVG, voteCount) VALUES ('120', 15, 73.094, 8.3, 18921);
INSERT INTO MovieWeekPopularity(movieId, weekNr, popularity, voteAVG, voteCount) VALUES ('299536', 15, 326.54, 8.3, 21511);
INSERT INTO MovieWeekPopularity(movieId, weekNr, popularity, voteAVG, voteCount) VALUES ('299536', 15, 326.54, 8.3, 21511);
INSERT INTO MovieWeekPopularity(movieId, weekNr, popularity, voteAVG, voteCount) VALUES ('141052', 15, 117.033, 6.2, 10425);
INSERT INTO MovieWeekPopularity(movieId, weekNr, popularity, voteAVG, voteCount) VALUES ('141052', 15, 117.033, 6.2, 10425);
INSERT INTO MovieWeekPopularity(movieId, weekNr, popularity, voteAVG, voteCount) VALUES ('567797', 15, 46.724, 7, 29);
INSERT INTO MovieWeekPopularity(movieId, weekNr, popularity, voteAVG, voteCount) VALUES ('567797', 15, 46.724, 7, 29);
INSERT INTO MovieWeekPopularity(movieId, weekNr, popularity, voteAVG, voteCount) VALUES ('581032', 15, 107.883, 7.1, 862);
INSERT INTO MovieWeekPopularity(movieId, weekNr, popularity, voteAVG, voteCount) VALUES ('581032', 15, 107.883, 7.1, 862);
INSERT INTO MovieWeekPopularity(movieId, weekNr, popularity, voteAVG, voteCount) VALUES ('699102', 15, 267.519, 7.1, 140);
INSERT INTO MovieWeekPopularity(movieId, weekNr, popularity, voteAVG, voteCount) VALUES ('699102', 15, 267.519, 7.1, 140);
INSERT INTO MovieWeekPopularity(movieId, weekNr, popularity, voteAVG, voteCount) VALUES ('24428', 15, 169.036, 7.7, 24449);
INSERT INTO MovieWeekPopularity(movieId, weekNr, popularity, voteAVG, voteCount) VALUES ('24428', 15, 169.036, 7.7, 24449);
INSERT INTO MovieWeekPopularity(movieId, weekNr, popularity, voteAVG, voteCount) VALUES ('436969', 15, 53.086, 0, 0);
INSERT INTO MovieWeekPopularity(movieId, weekNr, popularity, voteAVG, voteCount) VALUES ('436969', 15, 53.086, 0, 0);
INSERT INTO MovieWeekPopularity(movieId, weekNr, popularity, voteAVG, voteCount) VALUES ('583406', 15, 106.273, 7.5, 377);
INSERT INTO MovieWeekPopularity(movieId, weekNr, popularity, voteAVG, voteCount) VALUES ('583406', 15, 106.273, 7.5, 377);
INSERT INTO MovieWeekPopularity(movieId, weekNr, popularity, voteAVG, voteCount) VALUES ('638597', 15, 327.539, 7, 466);
INSERT INTO MovieWeekPopularity(movieId, weekNr, popularity, voteAVG, voteCount) VALUES ('638597', 15, 327.539, 7, 466);
INSERT INTO MovieWeekPopularity(movieId, weekNr, popularity, voteAVG, voteCount) VALUES ('513310', 15, 48.158, 6.9, 180);
INSERT INTO MovieWeekPopularity(movieId, weekNr, popularity, voteAVG, voteCount) VALUES ('513310', 15, 48.158, 6.9, 180);
INSERT INTO MovieWeekPopularity(movieId, weekNr, popularity, voteAVG, voteCount) VALUES ('475557', 15, 463.92, 8.2, 17268);
INSERT INTO MovieWeekPopularity(movieId, weekNr, popularity, voteAVG, voteCount) VALUES ('475557', 15, 463.92, 8.2, 17268);
INSERT INTO MovieWeekPopularity(movieId, weekNr, popularity, voteAVG, voteCount) VALUES ('19995', 15, 89.071, 7.5, 23198);
INSERT INTO MovieWeekPopularity(movieId, weekNr, popularity, voteAVG, voteCount) VALUES ('19995', 15, 89.071, 7.5, 23198);
INSERT INTO MovieWeekPopularity(movieId, weekNr, popularity, voteAVG, voteCount) VALUES ('497698', 15, 95.464, 0, 0);
INSERT INTO MovieWeekPopularity(movieId, weekNr, popularity, voteAVG, voteCount) VALUES ('497698', 15, 95.464, 0, 0);
INSERT INTO MovieWeekPopularity(movieId, weekNr, popularity, voteAVG, voteCount) VALUES ('429617', 15, 279.467, 7.5, 9615);
INSERT INTO MovieWeekPopularity(movieId, weekNr, popularity, voteAVG, voteCount) VALUES ('429617', 15, 279.467, 7.5, 9615);
INSERT INTO MovieWeekPopularity(movieId, weekNr, popularity, voteAVG, voteCount) VALUES ('596161', 15, 25.629, 7.1, 222);
INSERT INTO MovieWeekPopularity(movieId, weekNr, popularity, voteAVG, voteCount) VALUES ('596161', 15, 25.629, 7.1, 222);
INSERT INTO MovieWeekPopularity(movieId, weekNr, popularity, voteAVG, voteCount) VALUES ('155', 15, 63.789, 8.5, 24857);
INSERT INTO MovieWeekPopularity(movieId, weekNr, popularity, voteAVG, voteCount) VALUES ('155', 15, 63.789, 8.5, 24857);
INSERT INTO MovieWeekPopularity(movieId, weekNr, popularity, voteAVG, voteCount) VALUES ('297802', 15, 130.046, 6.9, 10312);
INSERT INTO MovieWeekPopularity(movieId, weekNr, popularity, voteAVG, voteCount) VALUES ('297802', 15, 130.046, 6.9, 10312);
INSERT INTO MovieWeekPopularity(movieId, weekNr, popularity, voteAVG, voteCount) VALUES ('1726', 15, 89.17, 7.6, 20396);
INSERT INTO MovieWeekPopularity(movieId, weekNr, popularity, voteAVG, voteCount) VALUES ('1726', 15, 89.17, 7.6, 20396);
INSERT INTO MovieWeekPopularity(movieId, weekNr, popularity, voteAVG, voteCount) VALUES ('524047', 15, 95.779, 7.2, 2435);
INSERT INTO MovieWeekPopularity(movieId, weekNr, popularity, voteAVG, voteCount) VALUES ('524047', 15, 95.779, 7.2, 2435);
INSERT INTO MovieWeekPopularity(movieId, weekNr, popularity, voteAVG, voteCount) VALUES ('157336', 15, 97.927, 8.3, 25516);
INSERT INTO MovieWeekPopularity(movieId, weekNr, popularity, voteAVG, voteCount) VALUES ('157336', 15, 97.927, 8.3, 25516);
INSERT INTO MovieWeekPopularity(movieId, weekNr, popularity, voteAVG, voteCount) VALUES ('297762', 15, 114.653, 7.3, 16328);
INSERT INTO MovieWeekPopularity(movieId, weekNr, popularity, voteAVG, voteCount) VALUES ('297762', 15, 114.653, 7.3, 16328);
INSERT INTO MovieWeekPopularity(movieId, weekNr, popularity, voteAVG, voteCount) VALUES ('803923', 15, 32.925, 7, 6);
INSERT INTO MovieWeekPopularity(movieId, weekNr, popularity, voteAVG, voteCount) VALUES ('803923', 15, 32.925, 7, 6);
INSERT INTO MovieWeekPopularity(movieId, weekNr, popularity, voteAVG, voteCount) VALUES ('553604', 15, 577.353, 6.5, 782);
INSERT INTO MovieWeekPopularity(movieId, weekNr, popularity, voteAVG, voteCount) VALUES ('553604', 15, 577.353, 6.5, 782);
INSERT INTO MovieWeekPopularity(movieId, weekNr, popularity, voteAVG, voteCount) VALUES ('595743', 15, 31.758, 6.1, 78);
INSERT INTO MovieWeekPopularity(movieId, weekNr, popularity, voteAVG, voteCount) VALUES ('595743', 15, 31.758, 6.1, 78);
INSERT INTO MovieWeekPopularity(movieId, weekNr, popularity, voteAVG, voteCount) VALUES ('601666', 15, 183.771, 6.7, 1203);
INSERT INTO MovieWeekPopularity(movieId, weekNr, popularity, voteAVG, voteCount) VALUES ('601666', 15, 183.771, 6.7, 1203);
INSERT INTO MovieWeekPopularity(movieId, weekNr, popularity, voteAVG, voteCount) VALUES ('299537', 15, 187.668, 7, 11184);
INSERT INTO MovieWeekPopularity(movieId, weekNr, popularity, voteAVG, voteCount) VALUES ('299537', 15, 187.668, 7, 11184);
INSERT INTO MovieWeekPopularity(movieId, weekNr, popularity, voteAVG, voteCount) VALUES ('643586', 15, 51.728, 7, 171);
INSERT INTO MovieWeekPopularity(movieId, weekNr, popularity, voteAVG, voteCount) VALUES ('643586', 15, 51.728, 7, 171);
INSERT INTO MovieWeekPopularity(movieId, weekNr, popularity, voteAVG, voteCount) VALUES ('1771', 15, 89.266, 6.9, 16591);
INSERT INTO MovieWeekPopularity(movieId, weekNr, popularity, voteAVG, voteCount) VALUES ('1771', 15, 89.266, 6.9, 16591);
INSERT INTO MovieWeekPopularity(movieId, weekNr, popularity, voteAVG, voteCount) VALUES ('315635', 15, 125.147, 7.4, 15952);
INSERT INTO MovieWeekPopularity(movieId, weekNr, popularity, voteAVG, voteCount) VALUES ('315635', 15, 125.147, 7.4, 15952);
INSERT INTO MovieWeekPopularity(movieId, weekNr, popularity, voteAVG, voteCount) VALUES ('603', 15, 50.744, 8.1, 18990);
INSERT INTO MovieWeekPopularity(movieId, weekNr, popularity, voteAVG, voteCount) VALUES ('603', 15, 50.744, 8.1, 18990);
INSERT INTO MovieWeekPopularity(movieId, weekNr, popularity, voteAVG, voteCount) VALUES ('284054', 15, 157.887, 7.4, 17152);
INSERT INTO MovieWeekPopularity(movieId, weekNr, popularity, voteAVG, voteCount) VALUES ('284054', 15, 157.887, 7.4, 17152);
INSERT INTO MovieWeekPopularity(movieId, weekNr, popularity, voteAVG, voteCount) VALUES ('122', 15, 64.039, 8.5, 17449);
INSERT INTO MovieWeekPopularity(movieId, weekNr, popularity, voteAVG, voteCount) VALUES ('122', 15, 64.039, 8.5, 17449);
INSERT INTO MovieWeekPopularity(movieId, weekNr, popularity, voteAVG, voteCount) VALUES ('495764', 15, 638.176, 7.1, 7331);
INSERT INTO MovieWeekPopularity(movieId, weekNr, popularity, voteAVG, voteCount) VALUES ('495764', 15, 638.176, 7.1, 7331);
INSERT INTO MovieWeekPopularity(movieId, weekNr, popularity, voteAVG, voteCount) VALUES ('121', 15, 68.268, 8.3, 16332);
INSERT INTO MovieWeekPopularity(movieId, weekNr, popularity, voteAVG, voteCount) VALUES ('121', 15, 68.268, 8.3, 16332);
INSERT INTO MovieWeekPopularity(movieId, weekNr, popularity, voteAVG, voteCount) VALUES ('271110', 15, 131.808, 7.4, 17838);
INSERT INTO MovieWeekPopularity(movieId, weekNr, popularity, voteAVG, voteCount) VALUES ('271110', 15, 131.808, 7.4, 17838);
INSERT INTO MovieWeekPopularity(movieId, weekNr, popularity, voteAVG, voteCount) VALUES ('798141', 15, 26.209, 5.7, 46);
INSERT INTO MovieWeekPopularity(movieId, weekNr, popularity, voteAVG, voteCount) VALUES ('798141', 15, 26.209, 5.7, 46);
INSERT INTO MovieWeekPopularity(movieId, weekNr, popularity, voteAVG, voteCount) VALUES ('272', 15, 48.195, 7.7, 15950);
INSERT INTO MovieWeekPopularity(movieId, weekNr, popularity, voteAVG, voteCount) VALUES ('272', 15, 48.195, 7.7, 15950);
INSERT INTO MovieWeekPopularity(movieId, weekNr, popularity, voteAVG, voteCount) VALUES ('49521', 15, 67.345, 6.6, 12008);
INSERT INTO MovieWeekPopularity(movieId, weekNr, popularity, voteAVG, voteCount) VALUES ('49521', 15, 67.345, 6.6, 12008);
INSERT INTO MovieWeekPopularity(movieId, weekNr, popularity, voteAVG, voteCount) VALUES ('181812', 15, 213.597, 6.5, 6591);
INSERT INTO MovieWeekPopularity(movieId, weekNr, popularity, voteAVG, voteCount) VALUES ('181812', 15, 213.597, 6.5, 6591);
INSERT INTO MovieWeekPopularity(movieId, weekNr, popularity, voteAVG, voteCount) VALUES ('284053', 15, 145.215, 7.6, 15706);
INSERT INTO MovieWeekPopularity(movieId, weekNr, popularity, voteAVG, voteCount) VALUES ('284053', 15, 145.215, 7.6, 15706);
INSERT INTO MovieWeekPopularity(movieId, weekNr, popularity, voteAVG, voteCount) VALUES ('337401', 15, 258.952, 7, 4615);
INSERT INTO MovieWeekPopularity(movieId, weekNr, popularity, voteAVG, voteCount) VALUES ('337401', 15, 258.952, 7, 4615);
INSERT INTO MovieWeekPopularity(movieId, weekNr, popularity, voteAVG, voteCount) VALUES ('645856', 15, 28.947, 4.5, 18);
INSERT INTO MovieWeekPopularity(movieId, weekNr, popularity, voteAVG, voteCount) VALUES ('645856', 15, 28.947, 4.5, 18);
INSERT INTO MovieWeekPopularity(movieId, weekNr, popularity, voteAVG, voteCount) VALUES ('379686', 15, 124.603, 0, 0);
INSERT INTO MovieWeekPopularity(movieId, weekNr, popularity, voteAVG, voteCount) VALUES ('379686', 15, 124.603, 0, 0);
INSERT INTO MovieWeekPopularity(movieId, weekNr, popularity, voteAVG, voteCount) VALUES ('694256', 15, 259.426, 6.9, 96);
INSERT INTO MovieWeekPopularity(movieId, weekNr, popularity, voteAVG, voteCount) VALUES ('694256', 15, 259.426, 6.9, 96);
INSERT INTO MovieWeekPopularity(movieId, weekNr, popularity, voteAVG, voteCount) VALUES ('118340', 15, 40.113, 7.9, 22292);
INSERT INTO MovieWeekPopularity(movieId, weekNr, popularity, voteAVG, voteCount) VALUES ('118340', 15, 40.113, 7.9, 22292);
INSERT INTO MovieWeekPopularity(movieId, weekNr, popularity, voteAVG, voteCount) VALUES ('681887', 15, 30.119, 5.4, 114);
INSERT INTO MovieWeekPopularity(movieId, weekNr, popularity, voteAVG, voteCount) VALUES ('681887', 15, 30.119, 5.4, 114);
INSERT INTO MovieWeekPopularity(movieId, weekNr, popularity, voteAVG, voteCount) VALUES ('760919', 15, 42.468, 5.8, 4);
INSERT INTO MovieWeekPopularity(movieId, weekNr, popularity, voteAVG, voteCount) VALUES ('760919', 15, 42.468, 5.8, 4);
INSERT INTO MovieWeekPopularity(movieId, weekNr, popularity, voteAVG, voteCount) VALUES ('625568', 15, 100.454, 6.4, 889);
INSERT INTO MovieWeekPopularity(movieId, weekNr, popularity, voteAVG, voteCount) VALUES ('625568', 15, 100.454, 6.4, 889);
INSERT INTO MovieWeekPopularity(movieId, weekNr, popularity, voteAVG, voteCount) VALUES ('580175', 15, 30.507, 7.8, 517);
INSERT INTO MovieWeekPopularity(movieId, weekNr, popularity, voteAVG, voteCount) VALUES ('580175', 15, 30.507, 7.8, 517);
INSERT INTO MovieWeekPopularity(movieId, weekNr, popularity, voteAVG, voteCount) VALUES ('337404', 15, 88.907, 0, 0);
INSERT INTO MovieWeekPopularity(movieId, weekNr, popularity, voteAVG, voteCount) VALUES ('337404', 15, 88.907, 0, 0);
INSERT INTO MovieWeekPopularity(movieId, weekNr, popularity, voteAVG, voteCount) VALUES ('496243', 15, 143.242, 8.5, 11121);
INSERT INTO MovieWeekPopularity(movieId, weekNr, popularity, voteAVG, voteCount) VALUES ('496243', 15, 143.242, 8.5, 11121);
INSERT INTO MovieWeekPopularity(movieId, weekNr, popularity, voteAVG, voteCount) VALUES ('363088', 15, 103.663, 7, 9652);
INSERT INTO MovieWeekPopularity(movieId, weekNr, popularity, voteAVG, voteCount) VALUES ('363088', 15, 103.663, 7, 9652);
INSERT INTO MovieWeekPopularity(movieId, weekNr, popularity, voteAVG, voteCount) VALUES ('384018', 15, 407.884, 6.9, 4784);
INSERT INTO MovieWeekPopularity(movieId, weekNr, popularity, voteAVG, voteCount) VALUES ('384018', 15, 407.884, 6.9, 4784);
INSERT INTO MovieWeekPopularity(movieId, weekNr, popularity, voteAVG, voteCount) VALUES ('458156', 15, 238.486, 7.4, 6618);
INSERT INTO MovieWeekPopularity(movieId, weekNr, popularity, voteAVG, voteCount) VALUES ('458156', 15, 238.486, 7.4, 6618);
INSERT INTO MovieWeekPopularity(movieId, weekNr, popularity, voteAVG, voteCount) VALUES ('635302', 15, 337.622, 8, 554);
INSERT INTO MovieWeekPopularity(movieId, weekNr, popularity, voteAVG, voteCount) VALUES ('635302', 15, 337.622, 8, 554);
INSERT INTO MovieWeekPopularity(movieId, weekNr, popularity, voteAVG, voteCount) VALUES ('102899', 15, 63.006, 7.1, 15366);
INSERT INTO MovieWeekPopularity(movieId, weekNr, popularity, voteAVG, voteCount) VALUES ('102899', 15, 63.006, 7.1, 15366);
INSERT INTO MovieWeekPopularity(movieId, weekNr, popularity, voteAVG, voteCount) VALUES ('99861', 15, 131.503, 7.3, 17697);
INSERT INTO MovieWeekPopularity(movieId, weekNr, popularity, voteAVG, voteCount) VALUES ('99861', 15, 131.503, 7.3, 17697);
INSERT INTO MovieWeekPopularity(movieId, weekNr, popularity, voteAVG, voteCount) VALUES ('283995', 15, 89.691, 7.6, 16402);
INSERT INTO MovieWeekPopularity(movieId, weekNr, popularity, voteAVG, voteCount) VALUES ('283995', 15, 89.691, 7.6, 16402);
INSERT INTO Series(id, title, overview, popularity, seasons, episodes, posterPath, voteCount, voteAvg, firstAir, lastAir, tagline) VALUES(88396,'The Falcon and the Winter Soldier','Following the events of “Avengers: Endgame”, the Falcon, Sam Wilson and the Winter Soldier, Bucky Barnes team up in a global adventure that tests their abilities, and their patience.',4323.528,1,6,'/6kbAMLteGO8yyewYau6bJ683sw7.jpg',3616, 7.8,'2021-03-19', '2021-04-09', 'Honor the shield.');
INSERT INTO Genres(id, genre) VALUES(10765,'Sci-Fi & Fantasy');
INSERT INTO SeriesGenre(seriesId, genreId) VALUES(88396,'10765');
INSERT INTO Genres(id, genre) VALUES(10759,'Action & Adventure');
INSERT INTO SeriesGenre(seriesId, genreId) VALUES(88396,'10759');
INSERT INTO SeriesGenre(seriesId, genreId) VALUES(88396,'18');
INSERT INTO Genres(id, genre) VALUES(10768,'War & Politics');
INSERT INTO SeriesGenre(seriesId, genreId) VALUES(88396,'10768');
INSERT INTO SeriesCountry(seriesId, countryId) VALUES(88396,'US');
INSERT INTO Networks(id, nname, logo, originCountry) VALUES('2739','Disney+', '/gJ8VX6JSu3ciXHuC2dDGAo2lvwM.png', 'US');
INSERT INTO SeriesNetwork(seriesId, networkId) VALUES(88396,'2739');
INSERT INTO Series(id, title, overview, popularity, seasons, episodes, posterPath, voteCount, voteAvg, firstAir, lastAir, tagline) VALUES(69050,'Riverdale','Set in the present, the series offers a bold, subversive take on Archie, Betty, Veronica and their friends, exploring the surreality of small-town life, the darkness and weirdness bubbling beneath Riverdale’s wholesome facade.',1038.162,5,87,'/wRbjVBdDo5qHAEOVYoMWpM58FSA.jpg',10955, 8.6,'2017-01-26', '2021-03-31', 'Small town. Big secrets.');
INSERT INTO SeriesGenre(seriesId, genreId) VALUES(69050,'9648');
INSERT INTO SeriesGenre(seriesId, genreId) VALUES(69050,'18');
INSERT INTO SeriesGenre(seriesId, genreId) VALUES(69050,'80');
INSERT INTO SeriesCountry(seriesId, countryId) VALUES(69050,'US');
INSERT INTO Networks(id, nname, logo, originCountry) VALUES('71','The CW', '/ge9hzeaU7nMtQ4PjkFlc68dGAJ9.png', 'US');
INSERT INTO SeriesNetwork(seriesId, networkId) VALUES(69050,'71');
INSERT INTO Series(id, title, overview, popularity, seasons, episodes, posterPath, voteCount, voteAvg, firstAir, lastAir, tagline) VALUES(80828,'The Nevers','In the last years of Victoria\'s reign, London is beset by the "Touched": people — mostly women — who suddenly manifest abnormal abilities, some charming, some very disturbing. Among them are Amalia True, a mysterious, quick-fisted widow, and Penance Adair, a brilliant young inventor. They are the champions of this new underclass, making a home for the Touched, while fighting the forces of… well, pretty much all the forces — to make room for those whom history as we know it has no place.',169.026,1,6,'/cZn3wN4zbEjH7Lv2xt2LxwT4TII.jpg',20, 8.9,'2021-04-11', '2021-04-11', 'A touch of power can change the world.');
INSERT INTO SeriesGenre(seriesId, genreId) VALUES(80828,'10765');
INSERT INTO SeriesGenre(seriesId, genreId) VALUES(80828,'18');
INSERT INTO SeriesCountry(seriesId, countryId) VALUES(80828,'US');
INSERT INTO Networks(id, nname, logo, originCountry) VALUES('49','HBO', '/tuomPhY2UtuPTqqFnKMVHvSb724.png', 'US');
INSERT INTO SeriesNetwork(seriesId, networkId) VALUES(80828,'49');
INSERT INTO Series(id, title, overview, popularity, seasons, episodes, posterPath, voteCount, voteAvg, firstAir, lastAir, tagline) VALUES(1429,'Attack on Titan','Several hundred years ago, humans were nearly exterminated by Titans. Titans are typically several stories tall, seem to have no intelligence, devour human beings and, worst of all, seem to do it for the pleasure rather than as a food source. A small percentage of humanity survived by walling themselves in a city protected by extremely high walls, even taller than the biggest Titans. Flash forward to the present and the city has not seen a Titan in over 100 years. Teenage boy Eren and his foster sister Mikasa witness something horrific as the city walls are destroyed by a Colossal Titan that appears out of thin air. As the smaller Titans flood the city, the two kids watch in horror as their mother is eaten alive. Eren vows that he will murder every single Titan and take revenge for all of mankind.',205.94,4,76,'/aiy35Evcofzl7hASZZvsFgltHTX.jpg',3219, 8.6,'2013-04-07', '2021-03-29', '');
INSERT INTO SeriesGenre(seriesId, genreId) VALUES(1429,'10765');
INSERT INTO SeriesGenre(seriesId, genreId) VALUES(1429,'16');
INSERT INTO SeriesGenre(seriesId, genreId) VALUES(1429,'10759');
INSERT INTO SeriesCountry(seriesId, countryId) VALUES(1429,'JP');
INSERT INTO Networks(id, nname, logo, originCountry) VALUES('12','HTB', '/eJSYeF1YIyQbZdTRNxuvVKaZOIK.png', 'JP');
INSERT INTO SeriesNetwork(seriesId, networkId) VALUES(1429,'12');
INSERT INTO Networks(id, nname, logo, originCountry) VALUES('94','MBS', '/7RNXnyiMbjgqtPAjja13wchcrGI.png', 'JP');
INSERT INTO SeriesNetwork(seriesId, networkId) VALUES(1429,'94');
INSERT INTO Networks(id, nname, logo, originCountry) VALUES('614','Tokyo MX', '/3qFArHw6nrFIdkH2tPht701sNhs.png', 'JP');
INSERT INTO SeriesNetwork(seriesId, networkId) VALUES(1429,'614');
INSERT INTO Networks(id, nname, logo, originCountry) VALUES('861','BS11', '/JQ5bx6n7Qmdmyqz6sqjo5Fz2iR.png', 'JP');
INSERT INTO SeriesNetwork(seriesId, networkId) VALUES(1429,'861');
INSERT INTO Networks(id, nname, logo, originCountry) VALUES('1896','FBS', '/suqJy99xiGr8PV7eQovUFRgquYT.png', 'JP');
INSERT INTO SeriesNetwork(seriesId, networkId) VALUES(1429,'1896');
INSERT INTO Networks(id, nname, logo, originCountry) VALUES('2334','NHK', '/rioX0zGJHGnuEm9iGMVL6N9guA0.png', 'JP');
INSERT INTO SeriesNetwork(seriesId, networkId) VALUES(1429,'2334');
INSERT INTO Series(id, title, overview, popularity, seasons, episodes, posterPath, voteCount, voteAvg, firstAir, lastAir, tagline) VALUES(85271,'WandaVision','Wanda Maximoff and Vision—two super-powered beings living idealized suburban lives—begin to suspect that everything is not as it seems.',625.058,1,9,'/glKDfE6btIRcVB5zrjspRIs4r52.jpg',8079, 8.4,'2021-01-15', '2021-03-05', 'Experience a new vision of reality.');
INSERT INTO SeriesGenre(seriesId, genreId) VALUES(85271,'10765');
INSERT INTO SeriesGenre(seriesId, genreId) VALUES(85271,'9648');
INSERT INTO SeriesGenre(seriesId, genreId) VALUES(85271,'18');
INSERT INTO SeriesCountry(seriesId, countryId) VALUES(85271,'US');
INSERT INTO SeriesNetwork(seriesId, networkId) VALUES(85271,'2739');
INSERT INTO Series(id, title, overview, popularity, seasons, episodes, posterPath, voteCount, voteAvg, firstAir, lastAir, tagline) VALUES(1402,'The Walking Dead','Sheriff\'s deputy Rick Grimes awakens from a coma to find a post-apocalyptic world dominated by flesh-eating zombies. He sets out to find his family and encounters many other survivors along the way.',795.883,11,154,'/rqeYMLryjcawh2JeRpCVUDXYM5b.jpg',10514, 8.1,'2010-10-31', '2021-04-04', 'Fight the dead. Fear the living.');
INSERT INTO SeriesGenre(seriesId, genreId) VALUES(1402,'10759');
INSERT INTO SeriesGenre(seriesId, genreId) VALUES(1402,'18');
INSERT INTO SeriesGenre(seriesId, genreId) VALUES(1402,'10765');
INSERT INTO SeriesCountry(seriesId, countryId) VALUES(1402,'US');
INSERT INTO Networks(id, nname, logo, originCountry) VALUES('174','AMC', '/pmvRmATOCaDykE6JrVoeYxlFHw3.png', 'US');
INSERT INTO SeriesNetwork(seriesId, networkId) VALUES(1402,'174');
INSERT INTO Series(id, title, overview, popularity, seasons, episodes, posterPath, voteCount, voteAvg, firstAir, lastAir, tagline) VALUES(95557,'Invincible','Mark Grayson is a normal teenager except for the fact that his father is the most powerful superhero on the planet. Shortly after his seventeenth birthday, Mark begins to develop powers of his own and enters into his father’s tutelage.',938.02,1,8,'/yDWJYRAwMNKbIYT8ZB33qy84uzO.jpg',575, 8.9,'2021-03-26', '2021-04-09', '');
INSERT INTO SeriesGenre(seriesId, genreId) VALUES(95557,'16');
INSERT INTO SeriesGenre(seriesId, genreId) VALUES(95557,'10759');
INSERT INTO SeriesGenre(seriesId, genreId) VALUES(95557,'18');
INSERT INTO SeriesCountry(seriesId, countryId) VALUES(95557,'CA');
INSERT INTO SeriesCountry(seriesId, countryId) VALUES(95557,'US');
INSERT INTO Countries(id, cname) VALUES('','');
INSERT INTO Networks(id, nname, logo, originCountry) VALUES('1024','Amazon', '/ifhbNuuVnlwYy5oXA5VIb2YR8AZ.png', '');
INSERT INTO SeriesNetwork(seriesId, networkId) VALUES(95557,'1024');
INSERT INTO Series(id, title, overview, popularity, seasons, episodes, posterPath, voteCount, voteAvg, firstAir, lastAir, tagline) VALUES(120462,'THEM','A limited anthology series that explores terror in America.',75.878,1,10,'/bJw1VZ4ACt5TnAvJbHcprzgYc1E.jpg',10, 8.2,'2021-04-09', '2021-04-09', '');
INSERT INTO SeriesGenre(seriesId, genreId) VALUES(120462,'18');
INSERT INTO SeriesGenre(seriesId, genreId) VALUES(120462,'9648');
INSERT INTO SeriesCountry(seriesId, countryId) VALUES(120462,'US');
INSERT INTO SeriesNetwork(seriesId, networkId) VALUES(120462,'1024');
INSERT INTO Series(id, title, overview, popularity, seasons, episodes, posterPath, voteCount, voteAvg, firstAir, lastAir, tagline) VALUES(98187,'The Irregulars','In Victorian London, a gang of troubled street teens are manipulated into solving crimes for the sinister Doctor Watson and his mysterious business partner, the elusive Sherlock Holmes. As the crimes take on a horrifying supernatural edge and a dark power emerges, it\'ll be up to the Irregulars to come together to save not only London but the entire world.',42.663,1,8,'/qN6HCKR3ZRqbpGBWFctVlSTKR2k.jpg',51, 8.1,'2021-03-26', '2021-03-26', 'A darkness has come to London.');
INSERT INTO SeriesGenre(seriesId, genreId) VALUES(98187,'18');
INSERT INTO SeriesGenre(seriesId, genreId) VALUES(98187,'9648');
INSERT INTO SeriesGenre(seriesId, genreId) VALUES(98187,'10765');
INSERT INTO SeriesCountry(seriesId, countryId) VALUES(98187,'GB');
INSERT INTO Networks(id, nname, logo, originCountry) VALUES('213','Netflix', '/wwemzKWzjKYJFfCeiB57q3r4Bcm.png', '');
INSERT INTO SeriesNetwork(seriesId, networkId) VALUES(98187,'213');
INSERT INTO Series(id, title, overview, popularity, seasons, episodes, posterPath, voteCount, voteAvg, firstAir, lastAir, tagline) VALUES(1399,'Game of Thrones','Seven noble families fight for control of the mythical land of Westeros. Friction between the houses leads to full-scale war. All while a very ancient evil awakens in the farthest north. Amidst the war, a neglected military order of misfits, the Night\'s Watch, is all that stands between the realms of men and icy horrors beyond.',469.293,8,73,'/u3bZgnGQ9T01sWNhyveQz0wH0Hl.jpg',13897, 8.4,'2011-04-17', '2019-05-19', 'Winter Is Coming');
INSERT INTO SeriesGenre(seriesId, genreId) VALUES(1399,'10765');
INSERT INTO SeriesGenre(seriesId, genreId) VALUES(1399,'18');
INSERT INTO SeriesGenre(seriesId, genreId) VALUES(1399,'10759');
INSERT INTO SeriesCountry(seriesId, countryId) VALUES(1399,'GB');
INSERT INTO SeriesCountry(seriesId, countryId) VALUES(1399,'US');
INSERT INTO SeriesNetwork(seriesId, networkId) VALUES(1399,'49');
INSERT INTO Series(id, title, overview, popularity, seasons, episodes, posterPath, voteCount, voteAvg, firstAir, lastAir, tagline) VALUES(60735,'The Flash','After a particle accelerator causes a freak storm, CSI Investigator Barry Allen is struck by lightning and falls into a coma. Months later he awakens with the power of super speed, granting him the ability to move through Central City like an unseen guardian angel. Though initially excited by his newfound powers, Barry is shocked to discover he is not the only "meta-human" who was created in the wake of the accelerator explosion -- and not everyone is using their new powers for good. Barry partners with S.T.A.R. Labs and dedicates his life to protect the innocent. For now, only a few close friends and associates know that Barry is literally the fastest man alive, but it won\'t be long before the world learns what Barry Allen has become...The Flash.',1276.118,7,142,'/lJA2RCMfsWoskqlQhXPSLFQGXEJ.jpg',7325, 7.7,'2014-10-07', '2021-04-06', 'The fastest man alive.');
INSERT INTO SeriesGenre(seriesId, genreId) VALUES(60735,'18');
INSERT INTO SeriesGenre(seriesId, genreId) VALUES(60735,'10765');
INSERT INTO SeriesCountry(seriesId, countryId) VALUES(60735,'US');
INSERT INTO SeriesNetwork(seriesId, networkId) VALUES(60735,'71');
INSERT INTO Series(id, title, overview, popularity, seasons, episodes, posterPath, voteCount, voteAvg, firstAir, lastAir, tagline) VALUES(37854,'One Piece','Years ago, the fearsome pirate king Gol D. Roger was executed, leaving a huge pile of treasure and the famous "One Piece" behind. Whoever claims the "One Piece" will be named the new pirate king. Monkey D. Luffy, a boy who consumed one of the "Devil\'s Fruits", has it in his head that he\'ll follow in the footsteps of his idol, the pirate Shanks, and find the One Piece. It helps, of course, that his body has the properties of rubber and he\'s surrounded by a bevy of skilled fighters and thieves to help him along the way. Monkey D. Luffy brings a bunch of his crew followed by, Roronoa Zoro, Nami, Usopp, Sanji, Tony-Tony Chopper, Nico Robin, Franky, and Brook. They will do anything to get the One Piece and become King of the Pirates!..',54.861,21,972,'/oUPzuNw6e0NBbb121odI4ncCvRv.jpg',1922, 8.7,'1999-10-20', '2021-04-11', 'The Mermen have gone too far!');
INSERT INTO SeriesGenre(seriesId, genreId) VALUES(37854,'10759');
INSERT INTO SeriesGenre(seriesId, genreId) VALUES(37854,'35');
INSERT INTO SeriesGenre(seriesId, genreId) VALUES(37854,'16');
INSERT INTO SeriesCountry(seriesId, countryId) VALUES(37854,'JP');
INSERT INTO Networks(id, nname, logo, originCountry) VALUES('1','Fuji TV', '/yS5UJjsSdZXML0YikWTYYHLPKhQ.png', 'JP');
INSERT INTO SeriesNetwork(seriesId, networkId) VALUES(37854,'1');
INSERT INTO Series(id, title, overview, popularity, seasons, episodes, posterPath, voteCount, voteAvg, firstAir, lastAir, tagline) VALUES(1416,'Grey\'s Anatomy','Follows the personal and professional lives of a group of doctors at Seattle’s Grey Sloan Memorial Hospital.',927.829,17,375,'/clnyhPqj1SNgpAdeSS6a6fwE6Bo.jpg',5830, 8.2,'2005-03-27', '2021-04-08', 'The life you save may be your own.');
INSERT INTO SeriesGenre(seriesId, genreId) VALUES(1416,'18');
INSERT INTO SeriesCountry(seriesId, countryId) VALUES(1416,'US');
INSERT INTO Networks(id, nname, logo, originCountry) VALUES('2','ABC', '/ndAvF4JLsliGreX87jAc9GdjmJY.png', 'US');
INSERT INTO SeriesNetwork(seriesId, networkId) VALUES(1416,'2');
INSERT INTO Series(id, title, overview, popularity, seasons, episodes, posterPath, voteCount, voteAvg, firstAir, lastAir, tagline) VALUES(62688,'Supergirl','Twenty-four-year-old Kara Zor-El, who was taken in by the Danvers family when she was 13 after being sent away from Krypton, must learn to embrace her powers after previously hiding them. The Danvers teach her to be careful with her powers, until she has to reveal them during an unexpected disaster, setting her on her journey of heroism.',204.124,6,113,'/zsaiq8ZclPuneuN7loLEbsh1ANJ.jpg',2945, 7.2,'2015-10-26', '2021-04-06', 'A force against fear');
INSERT INTO SeriesGenre(seriesId, genreId) VALUES(62688,'18');
INSERT INTO SeriesGenre(seriesId, genreId) VALUES(62688,'10765');
INSERT INTO SeriesGenre(seriesId, genreId) VALUES(62688,'10759');
INSERT INTO SeriesCountry(seriesId, countryId) VALUES(62688,'US');
INSERT INTO Networks(id, nname, logo, originCountry) VALUES('16','CBS', '/nm8d7P7MJNiBLdgIzUK0gkuEA4r.png', 'US');
INSERT INTO SeriesNetwork(seriesId, networkId) VALUES(62688,'16');
INSERT INTO SeriesNetwork(seriesId, networkId) VALUES(62688,'71');
INSERT INTO Series(id, title, overview, popularity, seasons, episodes, posterPath, voteCount, voteAvg, firstAir, lastAir, tagline) VALUES(65930,'My Hero Academia','In a world where eighty percent of the population has some kind of super-powered Quirk, Izuku was unlucky enough to be born completely normal. But that won’t stop him from enrolling in a prestigious hero academy. Now, he’ll get his first taste of brutal rivalry from other schools as he braves the cutthroat, no-holds-barred provisional license exam.',75.458,5,113,'/phuYuzqWW9ru8EA3HVjE9W2Rr3M.jpg',2721, 8.9,'2016-04-03', '2021-04-10', '');
INSERT INTO SeriesGenre(seriesId, genreId) VALUES(65930,'10765');
INSERT INTO SeriesGenre(seriesId, genreId) VALUES(65930,'10759');
INSERT INTO SeriesGenre(seriesId, genreId) VALUES(65930,'35');
INSERT INTO SeriesGenre(seriesId, genreId) VALUES(65930,'16');
INSERT INTO SeriesCountry(seriesId, countryId) VALUES(65930,'JP');
INSERT INTO SeriesNetwork(seriesId, networkId) VALUES(65930,'94');
INSERT INTO Networks(id, nname, logo, originCountry) VALUES('160','TBS', '/frMsfc7igYUd90lQXpxuasiN5x4.png', 'JP');
INSERT INTO SeriesNetwork(seriesId, networkId) VALUES(65930,'160');
INSERT INTO Series(id, title, overview, popularity, seasons, episodes, posterPath, voteCount, voteAvg, firstAir, lastAir, tagline) VALUES(71446,'Money Heist','To carry out the biggest heist in history, a mysterious man called The Professor recruits a band of eight robbers who have a single characteristic: none of them has anything to lose. Five months of seclusion - memorizing every step, every detail, every probability - culminate in eleven days locked up in the National Coinage and Stamp Factory of Spain, surrounded by police forces and with dozens of hostages in their power, to find out whether their suicide wager will lead to everything or nothing.',211.863,2,31,'/MoEKaPFHABtA1xKoOteirGaHl1.jpg',12718, 8.3,'2017-05-02', '2020-04-03', 'The perfect robbery.');
INSERT INTO SeriesGenre(seriesId, genreId) VALUES(71446,'80');
INSERT INTO SeriesGenre(seriesId, genreId) VALUES(71446,'18');
INSERT INTO SeriesCountry(seriesId, countryId) VALUES(71446,'ES');
INSERT INTO SeriesNetwork(seriesId, networkId) VALUES(71446,'213');
INSERT INTO Networks(id, nname, logo, originCountry) VALUES('400','Antena 3', '/l7MngINTyv0O6mNlwNsUlhQ9iwZ.png', 'ES');
INSERT INTO SeriesNetwork(seriesId, networkId) VALUES(71446,'400');
INSERT INTO Series(id, title, overview, popularity, seasons, episodes, posterPath, voteCount, voteAvg, firstAir, lastAir, tagline) VALUES(114165,'Kung Fu','A quarter-life crisis causes a young Chinese-American woman to drop out of college and go on a life-changing journey to an isolated monastery in China. But when she returns to find her hometown overrun with crime and corruption, she uses her martial arts skills and Shaolin values to protect her community and bring criminals to justice…all while searching for the assassin who killed her Shaolin mentor and is now targeting her.',49.362,1,2,'/sJbzjaCnGdxlaRUCP7UmJGL1RVZ.jpg',27, 8.7,'2021-04-07', '2021-04-07', 'Her past is her future.');
INSERT INTO SeriesCountry(seriesId, countryId) VALUES(114165,'US');
INSERT INTO SeriesNetwork(seriesId, networkId) VALUES(114165,'71');
INSERT INTO Series(id, title, overview, popularity, seasons, episodes, posterPath, voteCount, voteAvg, firstAir, lastAir, tagline) VALUES(93454,'The Serpent','The remarkable story of how murderer Charles Sobhraj was captured. As the chief suspect in unsolved murders of young Western travellers across India, Thailand and Nepal’s ‘Hippie Trail’ in 1975 and 1976, Sobhraj had repeatedly slipped from the grasp of authorities worldwide to become Interpol\'s most wanted man, with arrest warrants on three different continents.',62.546,1,8,'/mZve7vS8S7nyYMIJ5rJrjzOGwAZ.jpg',24, 8.2,'2021-01-01', '2021-02-14', 'What does it take to catch a killer?');
INSERT INTO SeriesGenre(seriesId, genreId) VALUES(93454,'18');
INSERT INTO SeriesGenre(seriesId, genreId) VALUES(93454,'80');
INSERT INTO SeriesCountry(seriesId, countryId) VALUES(93454,'GB');
INSERT INTO Networks(id, nname, logo, originCountry) VALUES('4','BBC One', '/mVn7xESaTNmjBUyUtGNvDQd3CT1.png', 'GB');
INSERT INTO SeriesNetwork(seriesId, networkId) VALUES(93454,'4');
INSERT INTO Series(id, title, overview, popularity, seasons, episodes, posterPath, voteCount, voteAvg, firstAir, lastAir, tagline) VALUES(90970,'Made For Love','Thirty-something Hazel Green tries to escape a suffocating marriage — until she realizes her tech billionaire husband has implanted a revolutionary tracking device, the Made for Love, in her brain.',49.727,1,8,'/mfQiuyhFM4Yv98WWV0BTswKG8rM.jpg',9, 8.1,'2021-04-01', '2021-04-08', 'Modern love is a mindf*ck.');
INSERT INTO SeriesGenre(seriesId, genreId) VALUES(90970,'18');
INSERT INTO SeriesGenre(seriesId, genreId) VALUES(90970,'10765');
INSERT INTO SeriesGenre(seriesId, genreId) VALUES(90970,'35');
INSERT INTO SeriesCountry(seriesId, countryId) VALUES(90970,'US');
INSERT INTO Networks(id, nname, logo, originCountry) VALUES('3186','HBO Max', '/nmU0UMDJB3dRRQSTUqawzF2Od1a.png', 'US');
INSERT INTO SeriesNetwork(seriesId, networkId) VALUES(90970,'3186');
INSERT INTO Series(id, title, overview, popularity, seasons, episodes, posterPath, voteCount, voteAvg, firstAir, lastAir, tagline) VALUES(118956,'DOTA: Dragon\'s Blood','After encounters with a dragon and a princess on her own mission, a Dragon Knight becomes embroiled in events larger than he could have ever imagined.',200.733,1,8,'/s1wP1YeQS9fgSHiXZ3yJb2ufB2D.jpg',90, 8.2,'2021-03-25', '2021-03-25', 'Against all odds, heroes will rise.');
INSERT INTO SeriesGenre(seriesId, genreId) VALUES(118956,'10759');
INSERT INTO SeriesGenre(seriesId, genreId) VALUES(118956,'16');
INSERT INTO SeriesGenre(seriesId, genreId) VALUES(118956,'10765');
INSERT INTO SeriesCountry(seriesId, countryId) VALUES(118956,'KR');
INSERT INTO SeriesCountry(seriesId, countryId) VALUES(118956,'US');
INSERT INTO SeriesNetwork(seriesId, networkId) VALUES(118956,'213');
INSERT INTO Series(id, title, overview, popularity, seasons, episodes, posterPath, voteCount, voteAvg, firstAir, lastAir, tagline) VALUES(120168,'Who Killed Sara?','Hell-bent on exacting revenge and proving he was framed for his sister\'s murder, Álex sets out to unearth much more than the crime\'s real culprit.',904.362,2,11,'/o7uk5ChRt3quPIv8PcvPfzyXdMw.jpg',288, 7.9,'2021-03-24', '2021-03-24', '');
INSERT INTO SeriesGenre(seriesId, genreId) VALUES(120168,'18');
INSERT INTO SeriesGenre(seriesId, genreId) VALUES(120168,'80');
INSERT INTO SeriesGenre(seriesId, genreId) VALUES(120168,'9648');
INSERT INTO Countries(id, cname) VALUES('MX','Mexico');
INSERT INTO SeriesCountry(seriesId, countryId) VALUES(120168,'MX');
INSERT INTO SeriesNetwork(seriesId, networkId) VALUES(120168,'213');
INSERT INTO Series(id, title, overview, popularity, seasons, episodes, posterPath, voteCount, voteAvg, firstAir, lastAir, tagline) VALUES(79680,'Snowpiercer','Set more than seven years after the world has become a frozen wasteland, the remnants of humanity inhabit a gigantic, perpetually-moving train that circles the globe as class warfare, social injustice and the politics of survival play out.',199.932,2,20,'/95xQPSqwvQDRoB3rXUn4lRyJrBW.jpg',610, 7.4,'2020-05-17', '2021-03-29', 'Prepare to brace.');
INSERT INTO SeriesGenre(seriesId, genreId) VALUES(79680,'10765');
INSERT INTO SeriesCountry(seriesId, countryId) VALUES(79680,'US');
INSERT INTO Networks(id, nname, logo, originCountry) VALUES('41','TNT', '/6ISsKwa2XUhSC6oBtHZjYf6xFqv.png', 'US');
INSERT INTO SeriesNetwork(seriesId, networkId) VALUES(79680,'41');
INSERT INTO Series(id, title, overview, popularity, seasons, episodes, posterPath, voteCount, voteAvg, firstAir, lastAir, tagline) VALUES(62286,'Fear the Walking Dead','What did the world look like as it was transforming into the horrifying apocalypse depicted in "The Walking Dead"? This spin-off set in Los Angeles, following new characters as they face the beginning of the end of the world, will answer that question.',459.043,6,85,'/4UjiPdFKJGJYdxwRs2Rzg7EmWqr.jpg',3343, 7.6,'2015-08-23', '2021-04-11', 'Every decision is life or death.');
INSERT INTO SeriesGenre(seriesId, genreId) VALUES(62286,'10759');
INSERT INTO SeriesGenre(seriesId, genreId) VALUES(62286,'18');
INSERT INTO SeriesCountry(seriesId, countryId) VALUES(62286,'US');
INSERT INTO SeriesNetwork(seriesId, networkId) VALUES(62286,'174');
INSERT INTO Series(id, title, overview, popularity, seasons, episodes, posterPath, voteCount, voteAvg, firstAir, lastAir, tagline) VALUES(79696,'Manifest','After landing from a turbulent but routine flight, the crew and passengers of Montego Air Flight 828 discover five years have passed in what seemed like a few hours. As their new realities become clear, a deeper mystery unfolds and some of the returned passengers soon realize they may be meant for something greater than they ever thought possible.',49.225,3,35,'/1xeiUxShzNn8TNdMqy3Hvo9o2R.jpg',295, 7.7,'2018-09-24', '2021-04-08', 'Solve the mystery. Save the passengers.');
INSERT INTO SeriesGenre(seriesId, genreId) VALUES(79696,'18');
INSERT INTO SeriesGenre(seriesId, genreId) VALUES(79696,'9648');
INSERT INTO SeriesCountry(seriesId, countryId) VALUES(79696,'US');
INSERT INTO Networks(id, nname, logo, originCountry) VALUES('6','NBC', '/o3OedEP0f9mfZr33jz2BfXOUK5.png', 'US');
INSERT INTO SeriesNetwork(seriesId, networkId) VALUES(79696,'6');
INSERT INTO Series(id, title, overview, popularity, seasons, episodes, posterPath, voteCount, voteAvg, firstAir, lastAir, tagline) VALUES(96580,'Resident Alien','Crash-landed alien Harry takes on the identity of a small-town Colorado doctor. Arriving with a secret mission, he starts off living a simple life…but things get a bit rocky when he’s roped into solving a local murder and realizes he needs to assimilate into his new world. As he does, he begins to wrestle with the moral dilemma of his mission and asking the big life questions like: “Are human beings worth saving?” and “Why do they fold their pizza before eating it?”',387.639,1,10,'/bG5aqfT5lTHuSbcQofNHtH0RyyP.jpg',150, 8.4,'2021-01-27', '2021-03-31', 'The sci-fi murder mystery doctor dramedy Earth needs now.');
INSERT INTO SeriesGenre(seriesId, genreId) VALUES(96580,'10765');
INSERT INTO SeriesCountry(seriesId, countryId) VALUES(96580,'US');
INSERT INTO Networks(id, nname, logo, originCountry) VALUES('77','Syfy', '/iYfrkobwDhTOFJ4AXYPSLIEeaAT.png', 'US');
INSERT INTO SeriesNetwork(seriesId, networkId) VALUES(96580,'77');
INSERT INTO Series(id, title, overview, popularity, seasons, episodes, posterPath, voteCount, voteAvg, firstAir, lastAir, tagline) VALUES(71712,'The Good Doctor','A young surgeon with Savant syndrome is recruited into the surgical unit of a prestigious hospital. The question will arise: can a person who doesn\'t have the ability to relate to people actually save their lives',1871.878,4,71,'/6tfT03sGp9k4c0J3dypjrI8TSAI.jpg',7683, 8.6,'2017-09-25', '2021-03-29', 'His mind is a mystery, his methods are a miracle.');
INSERT INTO SeriesGenre(seriesId, genreId) VALUES(71712,'18');
INSERT INTO SeriesCountry(seriesId, countryId) VALUES(71712,'US');
INSERT INTO SeriesNetwork(seriesId, networkId) VALUES(71712,'2');
INSERT INTO Series(id, title, overview, popularity, seasons, episodes, posterPath, voteCount, voteAvg, firstAir, lastAir, tagline) VALUES(82856,'The Mandalorian','After the fall of the Galactic Empire, lawlessness has spread throughout the galaxy. A lone gunfighter makes his way through the outer reaches, earning his keep as a bounty hunter.',325.804,2,16,'/sWgBv7LV2PRoQgkxwlibdGXKz1S.jpg',6213, 8.5,'2019-11-12', '2020-12-18', 'Bounty hunting is a complicated profession.');
INSERT INTO SeriesGenre(seriesId, genreId) VALUES(82856,'10765');
INSERT INTO SeriesGenre(seriesId, genreId) VALUES(82856,'10759');
INSERT INTO SeriesGenre(seriesId, genreId) VALUES(82856,'37');
INSERT INTO SeriesGenre(seriesId, genreId) VALUES(82856,'18');
INSERT INTO SeriesCountry(seriesId, countryId) VALUES(82856,'US');
INSERT INTO SeriesNetwork(seriesId, networkId) VALUES(82856,'2739');
INSERT INTO Series(id, title, overview, popularity, seasons, episodes, posterPath, voteCount, voteAvg, firstAir, lastAir, tagline) VALUES(119565,'Snabba Cash','The lives of an ambitious businesswoman, a charming gang enforcer and a troubled teen collide amidst a desperate — and sinister — pursuit of wealth.',28.652,1,6,'/RjJKHRjyXBL8Ia4acAyrPajyOp.jpg',7, 7.1,'2021-04-07', '2021-04-07', '');
INSERT INTO SeriesGenre(seriesId, genreId) VALUES(119565,'80');
INSERT INTO SeriesGenre(seriesId, genreId) VALUES(119565,'18');
INSERT INTO SeriesCountry(seriesId, countryId) VALUES(119565,'SE');
INSERT INTO SeriesNetwork(seriesId, networkId) VALUES(119565,'213');
INSERT INTO Series(id, title, overview, popularity, seasons, episodes, posterPath, voteCount, voteAvg, firstAir, lastAir, tagline) VALUES(114621,'The Mighty Ducks: Game Changers','In present day Minnesota, the Mighty Ducks have evolved from scrappy underdogs to an ultra-competitive, powerhouse youth hockey team. After 12-year-old Evan is unceremoniously cut from the Ducks, he and his mom Alex set out to build their own ragtag team of misfits to challenge the cutthroat, win-at-all-costs culture of competitive youth sports.',25.703,1,6,'/625YZePh2KoSX61xVXt3JwuSq4m.jpg',10, 8.7,'2021-03-26', '2021-04-09', '');
INSERT INTO SeriesGenre(seriesId, genreId) VALUES(114621,'10751');
INSERT INTO SeriesGenre(seriesId, genreId) VALUES(114621,'35');
INSERT INTO SeriesCountry(seriesId, countryId) VALUES(114621,'US');
INSERT INTO SeriesNetwork(seriesId, networkId) VALUES(114621,'2739');
INSERT INTO Series(id, title, overview, popularity, seasons, episodes, posterPath, voteCount, voteAvg, firstAir, lastAir, tagline) VALUES(34307,'Shameless','Chicagoan Frank Gallagher is the proud single dad of six smart, industrious, independent kids, who without him would be... perhaps better off. When Frank\'s not at the bar spending what little money they have, he\'s passed out on the floor. But the kids have found ways to grow up in spite of him. They may not be like any family you know, but they make no apologies for being exactly who they are.',113.626,11,134,'/9akij7PqZ1g6zl42DQQTtL9CTSb.jpg',1254, 8,'2011-01-09', '2021-04-11', 'The Gallaghers. Absolutely, Wildly, Unapologetically... Shameless');
INSERT INTO SeriesGenre(seriesId, genreId) VALUES(34307,'18');
INSERT INTO SeriesGenre(seriesId, genreId) VALUES(34307,'35');
INSERT INTO SeriesCountry(seriesId, countryId) VALUES(34307,'US');
INSERT INTO Networks(id, nname, logo, originCountry) VALUES('67','Showtime', '/Allse9kbjiP6ExaQrnSpIhkurEi.png', 'US');
INSERT INTO SeriesNetwork(seriesId, networkId) VALUES(34307,'67');
INSERT INTO Series(id, title, overview, popularity, seasons, episodes, posterPath, voteCount, voteAvg, firstAir, lastAir, tagline) VALUES(87917,'For All Mankind','Explore an aspirational world where NASA and the space program remained a priority and a focal point of our hopes and dreams as told through the lives of NASA astronauts, engineers, and their families.',70.764,2,20,'/w5r3AG9Etva4IcyMhVn6TYl577l.jpg',162, 7.4,'2019-11-01', '2021-04-09', 'The race continues.');
INSERT INTO SeriesGenre(seriesId, genreId) VALUES(87917,'10765');
INSERT INTO SeriesGenre(seriesId, genreId) VALUES(87917,'18');
INSERT INTO SeriesCountry(seriesId, countryId) VALUES(87917,'US');
INSERT INTO Networks(id, nname, logo, originCountry) VALUES('2552','Apple TV+', '/4KAy34EHvRM25Ih8wb82AuGU7zJ.png', 'US');
INSERT INTO SeriesNetwork(seriesId, networkId) VALUES(87917,'2552');
INSERT INTO Series(id, title, overview, popularity, seasons, episodes, posterPath, voteCount, voteAvg, firstAir, lastAir, tagline) VALUES(95057,'Superman & Lois','After years of facing megalomaniacal supervillains, monsters wreaking havoc on Metropolis, and alien invaders intent on wiping out the human race, The Man of Steel aka Clark Kent and Lois Lane come face to face with one of their greatest challenges ever: dealing with all the stress, pressures and complexities that come with being working parents in today\'s society.',775.869,1,7,'/6SJppowm7cdQgLkvoTlnTUSbjr9.jpg',706, 8.3,'2021-02-23', '2021-03-23', 'Saving the world starts at home.');
INSERT INTO SeriesGenre(seriesId, genreId) VALUES(95057,'10759');
INSERT INTO SeriesGenre(seriesId, genreId) VALUES(95057,'10765');
INSERT INTO SeriesCountry(seriesId, countryId) VALUES(95057,'US');
INSERT INTO SeriesNetwork(seriesId, networkId) VALUES(95057,'71');
INSERT INTO Series(id, title, overview, popularity, seasons, episodes, posterPath, voteCount, voteAvg, firstAir, lastAir, tagline) VALUES(112160,'The Way of the Househusband','Tatsu, a notorious and feared yakuza leader nicknamed "The Immortal Dragon," withdraws from the criminal syndicate and becomes a housekeeper to help his wife, Miku. The series features a variety of comedic settings, typically showing Tatsu\'s domestic activities and intimidating inequality with his looks, as well as multiple encounters with his former colleagues and rivals in the Japanese Criminal Syndicate.',53.825,1,5,'/p63rAZt0s8kedJtdxGwD5VYZafc.jpg',16, 8.8,'2021-04-08', '2021-04-08', '');
INSERT INTO SeriesGenre(seriesId, genreId) VALUES(112160,'16');
INSERT INTO SeriesGenre(seriesId, genreId) VALUES(112160,'35');
INSERT INTO SeriesCountry(seriesId, countryId) VALUES(112160,'JP');
INSERT INTO SeriesNetwork(seriesId, networkId) VALUES(112160,'213');
INSERT INTO Series(id, title, overview, popularity, seasons, episodes, posterPath, voteCount, voteAvg, firstAir, lastAir, tagline) VALUES(117023,'Sky Rojo','On the run from their pimp and his henchmen, three women embark on a wild and crazy journey in search of freedom.',348.174,2,16,'/uTFX9V2dct1nKjG6zhNiThPm8Tp.jpg',160, 7.8,'2021-03-19', '2021-03-19', '');
INSERT INTO SeriesGenre(seriesId, genreId) VALUES(117023,'10759');
INSERT INTO SeriesGenre(seriesId, genreId) VALUES(117023,'80');
INSERT INTO SeriesGenre(seriesId, genreId) VALUES(117023,'18');
INSERT INTO SeriesCountry(seriesId, countryId) VALUES(117023,'ES');
INSERT INTO SeriesNetwork(seriesId, networkId) VALUES(117023,'213');
INSERT INTO Series(id, title, overview, popularity, seasons, episodes, posterPath, voteCount, voteAvg, firstAir, lastAir, tagline) VALUES(1396,'Breaking Bad','When Walter White, a New Mexico chemistry teacher, is diagnosed with Stage III cancer and given a prognosis of only two years left to live. He becomes filled with a sense of fearlessness and an unrelenting desire to secure his family\'s financial future at any cost as he enters the dangerous world of drugs and crime.',246.173,5,62,'/ggFHVNu6YYI5L9pCfOacjizRGt.jpg',6855, 8.7,'2008-01-20', '2013-09-29', 'Remember my name');
INSERT INTO SeriesGenre(seriesId, genreId) VALUES(1396,'18');
INSERT INTO SeriesCountry(seriesId, countryId) VALUES(1396,'US');
INSERT INTO SeriesNetwork(seriesId, networkId) VALUES(1396,'174');
INSERT INTO Series(id, title, overview, popularity, seasons, episodes, posterPath, voteCount, voteAvg, firstAir, lastAir, tagline) VALUES(89247,'Batwoman','Kate Kane, armed with a passion for social justice and a flair for speaking her mind, soars onto the streets of Gotham as Batwoman, an out lesbian and highly trained street fighter primed to snuff out the failing city\'s criminal resurgence. But don\'t call her a hero yet. In a city desperate for a savior, Kate must overcome her own demons before embracing the call to be Gotham\'s symbol of hope',245.377,2,34,'/xjyEpcuDbB1jy0ehNQMBiO8KOdr.jpg',1020, 7.3,'2019-10-06', '2021-04-11', 'Her time is now.');
INSERT INTO SeriesGenre(seriesId, genreId) VALUES(89247,'10765');
INSERT INTO SeriesGenre(seriesId, genreId) VALUES(89247,'10759');
INSERT INTO SeriesGenre(seriesId, genreId) VALUES(89247,'9648');
INSERT INTO SeriesGenre(seriesId, genreId) VALUES(89247,'80');
INSERT INTO SeriesCountry(seriesId, countryId) VALUES(89247,'US');
INSERT INTO SeriesNetwork(seriesId, networkId) VALUES(89247,'71');
INSERT INTO Series(id, title, overview, popularity, seasons, episodes, posterPath, voteCount, voteAvg, firstAir, lastAir, tagline) VALUES(79460,'Legacies','In a place where young witches, vampires, and werewolves are nurtured to be their best selves in spite of their worst impulses, Klaus Mikaelson’s daughter, 17-year-old Hope Mikaelson, Alaric Saltzman’s twins, Lizzie and Josie Saltzman, among others, come of age into heroes and villains at The Salvatore School for the Young and Gifted.',541.296,3,43,'/qTZIgXrBKURBK1KrsT7fe3qwtl9.jpg',1770, 8.6,'2018-10-25', '2021-04-08', 'Heroes. Villains. Whatever.');
INSERT INTO SeriesGenre(seriesId, genreId) VALUES(79460,'10765');
INSERT INTO SeriesGenre(seriesId, genreId) VALUES(79460,'18');
INSERT INTO SeriesNetwork(seriesId, networkId) VALUES(79460,'71');
INSERT INTO Series(id, title, overview, popularity, seasons, episodes, posterPath, voteCount, voteAvg, firstAir, lastAir, tagline) VALUES(79588,'Pennyworth','The origin story of Bruce Wayne\'s legendary butler, Alfred Pennyworth, a former British SAS soldier who forms a security company and goes to work with Thomas Wayne, Bruce\'s billionaire father, in 1960s London.',57.395,2,20,'/sF14a0UUhdLmDMv5vQ3QudoM31w.jpg',190, 8,'2019-07-28', '2021-04-11', 'At your service');
INSERT INTO SeriesGenre(seriesId, genreId) VALUES(79588,'18');
INSERT INTO SeriesGenre(seriesId, genreId) VALUES(79588,'80');
INSERT INTO SeriesGenre(seriesId, genreId) VALUES(79588,'10765');
INSERT INTO SeriesCountry(seriesId, countryId) VALUES(79588,'US');
INSERT INTO Networks(id, nname, logo, originCountry) VALUES('922','Epix', '/9aH86hGHVQfvhAqrDRv1EINoxua.png', 'US');
INSERT INTO SeriesNetwork(seriesId, networkId) VALUES(79588,'922');
INSERT INTO Series(id, title, overview, popularity, seasons, episodes, posterPath, voteCount, voteAvg, firstAir, lastAir, tagline) VALUES(456,'The Simpsons','Set in Springfield, the average American town, the show focuses on the antics and everyday adventures of the Simpson family; Homer, Marge, Bart, Lisa and Maggie, as well as a virtual cast of thousands. Since the beginning, the series has been a pop culture icon, attracting hundreds of celebrities to guest star. The show has also made name for itself in its fearless satirical take on politics, media and American life in general.',292.315,34,706,'/2IWouZK4gkgHhJa3oyYuSWfSqbG.jpg',6369, 7.8,'1989-12-17', '2021-04-11', 'On your marks, get set, d\'oh!');
INSERT INTO SeriesGenre(seriesId, genreId) VALUES(456,'10751');
INSERT INTO SeriesGenre(seriesId, genreId) VALUES(456,'16');
INSERT INTO SeriesGenre(seriesId, genreId) VALUES(456,'35');
INSERT INTO SeriesCountry(seriesId, countryId) VALUES(456,'US');
INSERT INTO Networks(id, nname, logo, originCountry) VALUES('19','FOX', '/1DSpHrWyOORkL9N2QHX7Adt31mQ.png', 'US');
INSERT INTO SeriesNetwork(seriesId, networkId) VALUES(456,'19');
INSERT INTO Series(id, title, overview, popularity, seasons, episodes, posterPath, voteCount, voteAvg, firstAir, lastAir, tagline) VALUES(1668,'Friends','The misadventures of a group of friends as they navigate the pitfalls of work, life and love in Manhattan.',180.565,10,236,'/f496cm9enuEsZkSPzCwnTESEK5s.jpg',4331, 8.4,'1994-09-22', '2004-05-06', 'I\'ll be there for you');
INSERT INTO SeriesGenre(seriesId, genreId) VALUES(1668,'35');
INSERT INTO SeriesGenre(seriesId, genreId) VALUES(1668,'18');
INSERT INTO SeriesCountry(seriesId, countryId) VALUES(1668,'US');
INSERT INTO SeriesNetwork(seriesId, networkId) VALUES(1668,'6');
INSERT INTO Series(id, title, overview, popularity, seasons, episodes, posterPath, voteCount, voteAvg, firstAir, lastAir, tagline) VALUES(106158,'Law & Order: Organized Crime','Detective Elliot Stabler returns to the NYPD to battle organized crime after a devastating personal loss. The city and police department have changed dramatically in the decade he’s been away, and he must adapt to a criminal justice system in the midst of its own moment of reckoning. Stabler journeys to find absolution and rebuild his life, while leading a new elite task force that is taking apart the city’s most powerful criminal syndicates one by one.',13.051,1,4,'/ur8ZV6Dn4FzsU2zIQK7iDQKZcTE.jpg',10, 9,'2021-04-01', '2021-04-08', 'Stabler\'s coming home.');
INSERT INTO SeriesGenre(seriesId, genreId) VALUES(106158,'80');
INSERT INTO SeriesGenre(seriesId, genreId) VALUES(106158,'18');
INSERT INTO SeriesCountry(seriesId, countryId) VALUES(106158,'US');
INSERT INTO SeriesNetwork(seriesId, networkId) VALUES(106158,'6');
INSERT INTO Series(id, title, overview, popularity, seasons, episodes, posterPath, voteCount, voteAvg, firstAir, lastAir, tagline) VALUES(120582,'This is a Robbery: The World\'s Biggest Art Heist','In 1990, two men dressed as cops con their way into a Boston museum and steal a fortune in art. Take a deep dive into this daring and notorious crime.',15.448,1,4,'/bB6pGUAAyI41SMuD08Wk9YQ8Yac.jpg',2, 10,'2021-04-07', '2021-04-07', 'Enter the mystery.');
INSERT INTO Genres(id, genre) VALUES(99,'Documentary');
INSERT INTO SeriesGenre(seriesId, genreId) VALUES(120582,'99');
INSERT INTO SeriesGenre(seriesId, genreId) VALUES(120582,'80');
INSERT INTO SeriesCountry(seriesId, countryId) VALUES(120582,'US');
INSERT INTO SeriesNetwork(seriesId, networkId) VALUES(120582,'213');
INSERT INTO Series(id, title, overview, popularity, seasons, episodes, posterPath, voteCount, voteAvg, firstAir, lastAir, tagline) VALUES(106159,'Debris','Two federal agents from two different continents, and two different mindsets, must work together to investigate when wreckage from a destroyed alien spacecraft has mysterious effects on humankind.',32.007,1,9,'/cILrZGHgsIEpZ6VKEB3VwC2CadB.jpg',35, 7.5,'2021-03-01', '2021-04-12', 'Every piece holds the power to change our world.');
INSERT INTO SeriesGenre(seriesId, genreId) VALUES(106159,'18');
INSERT INTO SeriesGenre(seriesId, genreId) VALUES(106159,'10765');
INSERT INTO SeriesCountry(seriesId, countryId) VALUES(106159,'US');
INSERT INTO SeriesNetwork(seriesId, networkId) VALUES(106159,'6');
INSERT INTO Series(id, title, overview, popularity, seasons, episodes, posterPath, voteCount, voteAvg, firstAir, lastAir, tagline) VALUES(66676,'Queen of the South','Teresa flees Mexico after her drug-runner boyfriend is murdered. Settling in Dallas, she looks to become the country\'s reigning drug smuggler and to avenge her lover\'s murder.',39.349,5,54,'/rzdC5EHkkKJE6OPVdh6gT1pR1c9.jpg',245, 7.2,'2016-06-23', '2021-04-07', '');
INSERT INTO SeriesGenre(seriesId, genreId) VALUES(66676,'80');
INSERT INTO SeriesGenre(seriesId, genreId) VALUES(66676,'18');
INSERT INTO SeriesCountry(seriesId, countryId) VALUES(66676,'US');
INSERT INTO Networks(id, nname, logo, originCountry) VALUES('30','USA Network', '/g1e0H0Ka97IG5SyInMXdJkHGKiH.png', 'US');
INSERT INTO SeriesNetwork(seriesId, networkId) VALUES(66676,'30');
INSERT INTO Series(id, title, overview, popularity, seasons, episodes, posterPath, voteCount, voteAvg, firstAir, lastAir, tagline) VALUES(46952,'The Blacklist','Raymond "Red" Reddington, one of the FBI\'s most wanted fugitives, surrenders in person at FBI Headquarters in Washington, D.C. He claims that he and the FBI have the same interests: bringing down dangerous criminals and terrorists. In the last two decades, he\'s made a list of criminals and terrorists that matter the most but the FBI cannot find because it does not know they exist. Reddington calls this "The Blacklist". Reddington will co-operate, but insists that he will speak only to Elizabeth Keen, a rookie FBI profiler.',201.763,8,167,'/htJzeRcYI2ewMm4PTrg98UMXShe.jpg',1920, 7.4,'2013-09-23', '2021-04-02', 'Family. Business.');
INSERT INTO SeriesGenre(seriesId, genreId) VALUES(46952,'18');
INSERT INTO SeriesGenre(seriesId, genreId) VALUES(46952,'80');
INSERT INTO SeriesGenre(seriesId, genreId) VALUES(46952,'9648');
INSERT INTO SeriesNetwork(seriesId, networkId) VALUES(46952,'6');
INSERT INTO Series(id, title, overview, popularity, seasons, episodes, posterPath, voteCount, voteAvg, firstAir, lastAir, tagline) VALUES(79618,'City on a Hill','In early 90s Boston, an African-American District Attorney comes in from Brooklyn advocating change and forms an unlikely alliance with a corrupt yet venerated FBI veteran invested in maintaining the status quo. Together they take on a family of armored car robbers from Charlestown in a case that grows to encompass and eventually upend Boston’s city-wide criminal justice system.',33.304,2,18,'/uw8i3ZlDZrm9ekEJ8CMGW3BVFw1.jpg',46, 8,'2019-06-16', '2021-04-11', 'Only the bad understand.');
INSERT INTO SeriesGenre(seriesId, genreId) VALUES(79618,'80');
INSERT INTO SeriesGenre(seriesId, genreId) VALUES(79618,'18');
INSERT INTO SeriesCountry(seriesId, countryId) VALUES(79618,'US');
INSERT INTO SeriesNetwork(seriesId, networkId) VALUES(79618,'67');
INSERT INTO Series(id, title, overview, popularity, seasons, episodes, posterPath, voteCount, voteAvg, firstAir, lastAir, tagline) VALUES(95479,'Jujutsu Kaisen','With his days numbered, high schooler Yuji decides to hunt down and consume the remaining 19 fingers of a deadly curse so it can die with him.',315.117,1,24,'/g1rK2nRXSidcMwNliWDIroWWGTn.jpg',841, 8.5,'2020-10-03', '2021-03-27', 'A boy fights... for "the right death."');
INSERT INTO SeriesGenre(seriesId, genreId) VALUES(95479,'16');
INSERT INTO SeriesGenre(seriesId, genreId) VALUES(95479,'10759');
INSERT INTO SeriesGenre(seriesId, genreId) VALUES(95479,'10765');
INSERT INTO SeriesCountry(seriesId, countryId) VALUES(95479,'JP');
INSERT INTO SeriesNetwork(seriesId, networkId) VALUES(95479,'94');
INSERT INTO SeriesNetwork(seriesId, networkId) VALUES(95479,'160');
INSERT INTO Networks(id, nname, logo, originCountry) VALUES('201','CBC', '/qNooLje0YQh1y3y9LUM2Y5QCtiF.png', 'JP');
INSERT INTO SeriesNetwork(seriesId, networkId) VALUES(95479,'201');
INSERT INTO Networks(id, nname, logo, originCountry) VALUES('3658','HBC', '/n77lM12X5dhGHb0I57RmbtqxFsd.png', 'JP');
INSERT INTO SeriesNetwork(seriesId, networkId) VALUES(95479,'3658');
INSERT INTO Series(id, title, overview, popularity, seasons, episodes, posterPath, voteCount, voteAvg, firstAir, lastAir, tagline) VALUES(44217,'Vikings','The adventures of Ragnar Lothbrok, the greatest hero of his age. The series tells the sagas of Ragnar\'s band of Viking brothers and his family, as he rises to become King of the Viking tribes. As well as being a fearless warrior, Ragnar embodies the Norse traditions of devotion to the gods. Legend has it that he was a direct descendant of Odin, the god of war and warriors.',418.839,6,89,'/bQLrHIRNEkE3PdIWQrZHynQZazu.jpg',4327, 8,'2013-03-03', '2020-12-30', '');
INSERT INTO SeriesGenre(seriesId, genreId) VALUES(44217,'10759');
INSERT INTO SeriesGenre(seriesId, genreId) VALUES(44217,'18');
INSERT INTO SeriesCountry(seriesId, countryId) VALUES(44217,'CA');
INSERT INTO Countries(id, cname) VALUES('IE','Ireland');
INSERT INTO SeriesCountry(seriesId, countryId) VALUES(44217,'IE');
INSERT INTO SeriesNetwork(seriesId, networkId) VALUES(44217,'1024');
INSERT INTO Networks(id, nname, logo, originCountry) VALUES('2360','History', '/aeariwRHHb23lyOr3AczHz5aIhb.png', 'CA');
INSERT INTO SeriesNetwork(seriesId, networkId) VALUES(44217,'2360');
INSERT INTO Series(id, title, overview, popularity, seasons, episodes, posterPath, voteCount, voteAvg, firstAir, lastAir, tagline) VALUES(80350,'New Amsterdam','Dr. Max Goodwin, the hospital\'s newest medical director, sets out to tear up the bureaucracy and provide exceptional care.',194.594,3,48,'/wKTAz8fkoXJoHqPpi4ArAUGDtco.jpg',310, 8.4,'2018-09-25', '2021-04-06', 'Break the rules. Heal the system.');
INSERT INTO SeriesGenre(seriesId, genreId) VALUES(80350,'18');
INSERT INTO SeriesCountry(seriesId, countryId) VALUES(80350,'US');
INSERT INTO SeriesNetwork(seriesId, networkId) VALUES(80350,'6');
INSERT INTO Series(id, title, overview, popularity, seasons, episodes, posterPath, voteCount, voteAvg, firstAir, lastAir, tagline) VALUES(76231,'Mayans M.C.','Set in the aftermath of Jax Teller’s death, Ezekiel "EZ" Reyes is fresh out of prison and a prospect in the Mayans M.C. charter on the Cali/Mexi border. Now, EZ must carve out his new identity in a town where he was once the golden boy with the American Dream in his grasp.',332.983,3,28,'/gaKhfksFK24N19bjlFpJxamYZ02.jpg',162, 7.9,'2018-09-04', '2021-04-06', '');
INSERT INTO SeriesGenre(seriesId, genreId) VALUES(76231,'80');
INSERT INTO SeriesGenre(seriesId, genreId) VALUES(76231,'18');
INSERT INTO SeriesCountry(seriesId, countryId) VALUES(76231,'US');
INSERT INTO Networks(id, nname, logo, originCountry) VALUES('88','FX', '/aexGjtcs42DgRtZh7zOxayiry4J.png', 'US');
INSERT INTO SeriesNetwork(seriesId, networkId) VALUES(76231,'88');
INSERT INTO Series(id, title, overview, popularity, seasons, episodes, posterPath, voteCount, voteAvg, firstAir, lastAir, tagline) VALUES(71728,'Young Sheldon','The early life of child genius Sheldon Cooper, later seen in The Big Bang Theory.',190.021,4,80,'/aESxB2HblKlDzma39xVefa20pbW.jpg',1193, 8,'2017-09-25', '2021-04-08', '');
INSERT INTO SeriesGenre(seriesId, genreId) VALUES(71728,'35');
INSERT INTO SeriesCountry(seriesId, countryId) VALUES(71728,'US');
INSERT INTO SeriesNetwork(seriesId, networkId) VALUES(71728,'16');
INSERT INTO Series(id, title, overview, popularity, seasons, episodes, posterPath, voteCount, voteAvg, firstAir, lastAir, tagline) VALUES(66732,'Stranger Things','When a young boy vanishes, a small town uncovers a mystery involving secret experiments, terrifying supernatural forces, and one strange little girl.',224.677,4,26,'/x2LSRK2Cm7MZhjluni1msVJ3wDF.jpg',8004, 8.6,'2016-07-15', '2019-07-04', 'It only gets stranger…');
INSERT INTO SeriesGenre(seriesId, genreId) VALUES(66732,'10765');
INSERT INTO SeriesGenre(seriesId, genreId) VALUES(66732,'9648');
INSERT INTO SeriesGenre(seriesId, genreId) VALUES(66732,'18');
INSERT INTO SeriesCountry(seriesId, countryId) VALUES(66732,'US');
INSERT INTO SeriesNetwork(seriesId, networkId) VALUES(66732,'213');
INSERT INTO Series(id, title, overview, popularity, seasons, episodes, posterPath, voteCount, voteAvg, firstAir, lastAir, tagline) VALUES(119466,'Youth of May','Two people fall for each other like fate in the midst of a whirlpool of history in May 1980.',2.397,1,1,'/xf1JGvmWM1H5XoK8DvxXRAKjRkr.jpg',0, 0,'2021-05-03', '', '');
INSERT INTO SeriesGenre(seriesId, genreId) VALUES(119466,'18');
INSERT INTO SeriesCountry(seriesId, countryId) VALUES(119466,'KR');
INSERT INTO Networks(id, nname, logo, originCountry) VALUES('342','KBS2', '/nFmWwUAf2D3iAtizUcmkxufaM0q.png', 'KR');
INSERT INTO SeriesNetwork(seriesId, networkId) VALUES(119466,'342');
INSERT INTO Series(id, title, overview, popularity, seasons, episodes, posterPath, voteCount, voteAvg, firstAir, lastAir, tagline) VALUES(1418,'The Big Bang Theory','The sitcom is centered on five characters living in Pasadena, California: roommates Leonard Hofstadter and Sheldon Cooper; Penny, a waitress and aspiring actress who lives across the hall; and Leonard and Sheldon\'s equally geeky and socially awkward friends and co-workers, mechanical engineer Howard Wolowitz and astrophysicist Raj Koothrappali. The geekiness and intellect of the four guys is contrasted for comic effect with Penny\'s social skills and common sense.',182.904,12,279,'/ooBGRQBdbGzBxAVfExiO8r7kloA.jpg',7059, 7.7,'2007-09-24', '2019-05-16', '');
INSERT INTO SeriesGenre(seriesId, genreId) VALUES(1418,'35');
INSERT INTO SeriesCountry(seriesId, countryId) VALUES(1418,'US');
INSERT INTO SeriesNetwork(seriesId, networkId) VALUES(1418,'16');
INSERT INTO Series(id, title, overview, popularity, seasons, episodes, posterPath, voteCount, voteAvg, firstAir, lastAir, tagline) VALUES(57243,'Doctor Who','The Doctor is a Time Lord: a 900 year old alien with 2 hearts, part of a gifted civilization who mastered time travel. The Doctor saves planets for a living—more of a hobby actually, and the Doctor\'s very, very good at it.',104.669,13,148,'/cDDb7WA2i7cENhkEEjXEDrXGyNL.jpg',2016, 7.2,'2005-03-26', '2020-03-01', 'Space. For all.');
INSERT INTO SeriesGenre(seriesId, genreId) VALUES(57243,'10759');
INSERT INTO SeriesGenre(seriesId, genreId) VALUES(57243,'18');
INSERT INTO SeriesGenre(seriesId, genreId) VALUES(57243,'10765');
INSERT INTO SeriesCountry(seriesId, countryId) VALUES(57243,'GB');
INSERT INTO SeriesNetwork(seriesId, networkId) VALUES(57243,'4');
INSERT INTO Series(id, title, overview, popularity, seasons, episodes, posterPath, voteCount, voteAvg, firstAir, lastAir, tagline) VALUES(31910,'Naruto Shippūden','Naruto Shippuuden is the continuation of the original animated TV series Naruto.The story revolves around an older and slightly more matured Uzumaki Naruto and his quest to save his friend Uchiha Sasuke from the grips of the snake-like Shinobi, Orochimaru. After 2 and a half years Naruto finally returns to his village of Konoha, and sets about putting his ambitions to work, though it will not be easy, as He has amassed a few (more dangerous) enemies, in the likes of the shinobi organization; Akatsuki.',239.15,20,500,'/zAYRe2bJxpWTVrwwmBc00VFkAf4.jpg',5138, 8.6,'2007-02-15', '2017-03-23', '');
INSERT INTO SeriesGenre(seriesId, genreId) VALUES(31910,'16');
INSERT INTO SeriesGenre(seriesId, genreId) VALUES(31910,'10759');
INSERT INTO SeriesGenre(seriesId, genreId) VALUES(31910,'10765');
INSERT INTO SeriesCountry(seriesId, countryId) VALUES(31910,'JP');
INSERT INTO Networks(id, nname, logo, originCountry) VALUES('98','TV Tokyo', '/kGRavMqgyx4p2X4C96bjRCj50oI.png', 'JP');
INSERT INTO SeriesNetwork(seriesId, networkId) VALUES(31910,'98');
INSERT INTO Series(id, title, overview, popularity, seasons, episodes, posterPath, voteCount, voteAvg, firstAir, lastAir, tagline) VALUES(84958,'Loki','The mercurial villain Loki resumes his role as the God of Mischief following the events of "Avengers: Endgame".',71.472,1,6,'/dqqV9MrRa7O19aiGWCKYFeedY0A.jpg',0, 0,'2021-06-11', '', '');
INSERT INTO SeriesGenre(seriesId, genreId) VALUES(84958,'10765');
INSERT INTO SeriesGenre(seriesId, genreId) VALUES(84958,'10759');
INSERT INTO SeriesGenre(seriesId, genreId) VALUES(84958,'18');
INSERT INTO SeriesGenre(seriesId, genreId) VALUES(84958,'80');
INSERT INTO SeriesCountry(seriesId, countryId) VALUES(84958,'US');
INSERT INTO SeriesNetwork(seriesId, networkId) VALUES(84958,'2739');
INSERT INTO Series(id, title, overview, popularity, seasons, episodes, posterPath, voteCount, voteAvg, firstAir, lastAir, tagline) VALUES(1434,'Family Guy','Sick, twisted, politically incorrect and Freakin\' Sweet animated series featuring the adventures of the dysfunctional Griffin family. Bumbling Peter and long-suffering Lois have three kids. Stewie (a brilliant but sadistic baby bent on killing his mother and taking over the world), Meg (the oldest, and is the most unpopular girl in town) and Chris (the middle kid, he\'s not very bright but has a passion for movies). The final member of the family is Brian - a talking dog and much more than a pet, he keeps Stewie in check whilst sipping Martinis and sorting through his own life issues.',215.215,21,368,'/eWWCRjBfLyePh2tfZdvNcIvKSJe.jpg',2705, 7,'1999-01-31', '2021-04-11', 'Parental Discretion Advised, that\'s how you know it\'s good');
INSERT INTO SeriesGenre(seriesId, genreId) VALUES(1434,'16');
INSERT INTO SeriesGenre(seriesId, genreId) VALUES(1434,'35');
INSERT INTO SeriesCountry(seriesId, countryId) VALUES(1434,'US');
INSERT INTO SeriesNetwork(seriesId, networkId) VALUES(1434,'19');
INSERT INTO Series(id, title, overview, popularity, seasons, episodes, posterPath, voteCount, voteAvg, firstAir, lastAir, tagline) VALUES(46260,'Naruto','In another world, ninja are the ultimate power, and in the Village Hidden in the Leaves live the stealthiest ninja in the land. Twelve years earlier, the fearsome Nine-Tailed Fox terrorized the village and claimed many lives before it was subdued and its spirit sealed within the body of a baby boy. That boy, Naruto Uzumaki, has grown up to become a ninja-in-training who\'s more interested in pranks than in studying ninjutsu.. but Naruto is determined to become the greatest ninja ever!',314.926,4,220,'/vauCEnR7CiyBDzRCeElKkCaXIYu.jpg',3423, 8.4,'2002-10-03', '2007-02-08', '');
INSERT INTO SeriesGenre(seriesId, genreId) VALUES(46260,'16');
INSERT INTO SeriesGenre(seriesId, genreId) VALUES(46260,'10759');
INSERT INTO SeriesGenre(seriesId, genreId) VALUES(46260,'10765');
INSERT INTO SeriesCountry(seriesId, countryId) VALUES(46260,'JP');
INSERT INTO SeriesNetwork(seriesId, networkId) VALUES(46260,'98');
INSERT INTO Series(id, title, overview, popularity, seasons, episodes, posterPath, voteCount, voteAvg, firstAir, lastAir, tagline) VALUES(85937,'Demon Slayer: Kimetsu no Yaiba','It is the Taishō period in Japan. Tanjirō, a kindhearted boy who sells charcoal for a living, finds his family slaughtered by a demon. To make matters worse, his younger sister Nezuko, the sole survivor, has been transformed into a demon herself. Though devastated by this grim reality, Tanjirō resolves to become a “demon slayer” so that he can turn his sister back into a human, and kill the demon that massacred his family.',49.528,2,26,'/wrCVHdkBlBWdJUZPvnJWcBRuhSY.jpg',2100, 8.9,'2019-04-06', '2019-09-28', '');
INSERT INTO SeriesGenre(seriesId, genreId) VALUES(85937,'16');
INSERT INTO SeriesGenre(seriesId, genreId) VALUES(85937,'10759');
INSERT INTO SeriesGenre(seriesId, genreId) VALUES(85937,'10765');
INSERT INTO SeriesCountry(seriesId, countryId) VALUES(85937,'JP');
INSERT INTO SeriesNetwork(seriesId, networkId) VALUES(85937,'614');
INSERT INTO Series(id, title, overview, popularity, seasons, episodes, posterPath, voteCount, voteAvg, firstAir, lastAir, tagline) VALUES(104699,'Shaman King','The Shaman King is the one who can contact the king of spirits and reshape the world. Every 500 years, shamans, who can commune between the worlds of the living and dead, compete in the Shaman Fight to become the next Shaman King.

Among those aiming for the top is a young shaman named Yoh Asakura.',138.509,1,52,'/rFFsdLlwyclyM83ALobrfMhr28A.jpg',63, 8.3,'2021-04-01', '2021-04-08', '');
INSERT INTO SeriesGenre(seriesId, genreId) VALUES(104699,'16');
INSERT INTO SeriesGenre(seriesId, genreId) VALUES(104699,'35');
INSERT INTO SeriesGenre(seriesId, genreId) VALUES(104699,'10765');
INSERT INTO SeriesGenre(seriesId, genreId) VALUES(104699,'10759');
INSERT INTO SeriesCountry(seriesId, countryId) VALUES(104699,'JP');
INSERT INTO SeriesNetwork(seriesId, networkId) VALUES(104699,'98');
INSERT INTO Networks(id, nname, logo, originCountry) VALUES('173','AT-X', '/fERjndErEpveJmQZccJbJDi93rj.png', 'JP');
INSERT INTO SeriesNetwork(seriesId, networkId) VALUES(104699,'173');
INSERT INTO Networks(id, nname, logo, originCountry) VALUES('252','TV Aichi', '/zFZ5KCuvx7K0vP9XgGcidfXjuUd.png', 'JP');
INSERT INTO SeriesNetwork(seriesId, networkId) VALUES(104699,'252');
INSERT INTO Series(id, title, overview, popularity, seasons, episodes, posterPath, voteCount, voteAvg, firstAir, lastAir, tagline) VALUES(62104,'The Seven Deadly Sins','The “Seven Deadly Sins”—a group of evil knights who conspired to overthrow the kingdom of Britannia—were said to have been eradicated by the Holy Knights, although some claim that they still live. Ten years later, the Holy Knights have staged a Coup d\'état and assassinated the king, becoming the new, tyrannical rulers of the kingdom. Elizabeth, the king\'s only daughter, sets out on a journey to find the “Seven Deadly Sins,” and to enlist their help in taking back the kingdom.',46.456,4,86,'/3pzQv4g1wcbrSh7zCis0S27O2Ih.jpg',3212, 8.6,'2014-10-05', '2021-04-07', '');
INSERT INTO SeriesGenre(seriesId, genreId) VALUES(62104,'10759');
INSERT INTO SeriesGenre(seriesId, genreId) VALUES(62104,'16');
INSERT INTO SeriesGenre(seriesId, genreId) VALUES(62104,'10765');
INSERT INTO SeriesNetwork(seriesId, networkId) VALUES(62104,'94');
INSERT INTO SeriesNetwork(seriesId, networkId) VALUES(62104,'98');
INSERT INTO SeriesNetwork(seriesId, networkId) VALUES(62104,'160');
INSERT INTO SeriesNetwork(seriesId, networkId) VALUES(62104,'213');
INSERT INTO Series(id, title, overview, popularity, seasons, episodes, posterPath, voteCount, voteAvg, firstAir, lastAir, tagline) VALUES(106519,'Higehiro: After Being Rejected, I Shaved and Took in a High School Runaway','Office worker Yoshida has been crushing on his coworker, Airi Gotō, for five years. Despite finally scoring a date with her, his confession is promptly rejected. Drunk and disappointed, he stumbles home, only to find a high school girl sitting on the side of the road. The girl, needing a place to stay the night, attempts to seduce Yoshida. Despite rejecting her advances, he nevertheless invites her into his apartment.

The next morning, the girl, introducing herself as Sayu Ogiwara, reveals that she has run away from Hokkaido all the way to Tokyo. During her six-month spree, she continually traded sexual favors for a roof over her head. Yoshida, however, remains unswayed by her seduction. Instead, he has her do a different kind of work—one that entails washing dishes and doing laundry. And so, a touching relationship between a heartbroken adult and a runaway high school girl begins.',193.013,1,13,'/aNpf4vaeZiucPqrOlIKs5Sqxzbs.jpg',6, 7.8,'2021-04-05', '2021-04-12', '');
INSERT INTO SeriesGenre(seriesId, genreId) VALUES(106519,'16');
INSERT INTO SeriesGenre(seriesId, genreId) VALUES(106519,'35');
INSERT INTO SeriesGenre(seriesId, genreId) VALUES(106519,'18');
INSERT INTO SeriesCountry(seriesId, countryId) VALUES(106519,'JP');
INSERT INTO SeriesNetwork(seriesId, networkId) VALUES(106519,'173');
INSERT INTO Series(id, title, overview, popularity, seasons, episodes, posterPath, voteCount, voteAvg, firstAir, lastAir, tagline) VALUES(65334,'Miraculous: Tales of Ladybug & Cat Noir','Normal high school kids by day, protectors of Paris by night! Miraculous follows the heroic adventures of Marinette and Adrien as they transform into Ladybug and Cat Noir and set out to capture akumas, creatures responsible for turning the people of Paris into villains. But neither hero knows the other’s true identity – or that they’re classmates!',405.25,4,79,'/qxbW47zmgFyBVmZSIqD9NA1DEjT.jpg',2376, 7.8,'2015-10-19', '2021-04-11', 'Time to de-evilize!');
INSERT INTO SeriesGenre(seriesId, genreId) VALUES(65334,'10759');
INSERT INTO SeriesGenre(seriesId, genreId) VALUES(65334,'16');
INSERT INTO Genres(id, genre) VALUES(10762,'Kids');
INSERT INTO SeriesGenre(seriesId, genreId) VALUES(65334,'10762');
INSERT INTO SeriesCountry(seriesId, countryId) VALUES(65334,'FR');
INSERT INTO SeriesCountry(seriesId, countryId) VALUES(65334,'JP');
INSERT INTO SeriesCountry(seriesId, countryId) VALUES(65334,'KR');
INSERT INTO Networks(id, nname, logo, originCountry) VALUES('290','TF1', '/fqsd09CrijoGu6qfoNIdgUQmVGO.png', 'FR');
INSERT INTO SeriesNetwork(seriesId, networkId) VALUES(65334,'290');
INSERT INTO Series(id, title, overview, popularity, seasons, episodes, posterPath, voteCount, voteAvg, firstAir, lastAir, tagline) VALUES(63174,'Lucifer','Bored and unhappy as the Lord of Hell, Lucifer Morningstar abandoned his throne and retired to Los Angeles, where he has teamed up with LAPD detective Chloe Decker to take down criminals. But the longer he\'s away from the underworld, the greater the threat that the worst of humanity could escape.',789.89,5,83,'/4EYPN5mVIhKLfxGruy7Dy41dTVn.jpg',8203, 8.5,'2016-01-25', '2020-08-21', 'It\'s good to be bad.');
INSERT INTO SeriesGenre(seriesId, genreId) VALUES(63174,'80');
INSERT INTO SeriesGenre(seriesId, genreId) VALUES(63174,'10765');
INSERT INTO SeriesCountry(seriesId, countryId) VALUES(63174,'US');
INSERT INTO SeriesNetwork(seriesId, networkId) VALUES(63174,'19');
INSERT INTO SeriesNetwork(seriesId, networkId) VALUES(63174,'213');
INSERT INTO Series(id, title, overview, popularity, seasons, episodes, posterPath, voteCount, voteAvg, firstAir, lastAir, tagline) VALUES(76479,'The Boys','A group of vigilantes known informally as “The Boys” set out to take down corrupt superheroes with no more than blue-collar grit and a willingness to fight dirty.',282.98,2,16,'/mY7SeH4HFFxW1hiI6cWuwCRKptN.jpg',4373, 8.4,'2019-07-25', '2020-10-09', 'Never meet your heroes.');
INSERT INTO SeriesGenre(seriesId, genreId) VALUES(76479,'10765');
INSERT INTO SeriesGenre(seriesId, genreId) VALUES(76479,'10759');
INSERT INTO SeriesCountry(seriesId, countryId) VALUES(76479,'US');
INSERT INTO SeriesNetwork(seriesId, networkId) VALUES(76479,'1024');
INSERT INTO Series(id, title, overview, popularity, seasons, episodes, posterPath, voteCount, voteAvg, firstAir, lastAir, tagline) VALUES(120587,'Haunted: Latin America','Real people\'s terrifying tales of the chilling, unexplained and paranormal come to life with dramatic reenactments in this reality series.',82.683,1,5,'/Q1ZYG3kDS8iVIHOYOJ9NQmV0q7.jpg',171, 7.4,'2021-03-31', '2021-03-31', '');
INSERT INTO Genres(id, genre) VALUES(10764,'Reality');
INSERT INTO SeriesGenre(seriesId, genreId) VALUES(120587,'10764');
INSERT INTO SeriesNetwork(seriesId, networkId) VALUES(120587,'213');
INSERT INTO Series(id, title, overview, popularity, seasons, episodes, posterPath, voteCount, voteAvg, firstAir, lastAir, tagline) VALUES(65988,'Wynonna Earp','Wyatt Earp\'s great granddaughter Wynonna battles demons and other creatures with her unique abilities and a posse of dysfunctional allies - the only thing that can bring the paranormal to justice.',60.648,4,49,'/qnIaDelA81dmFaXrhpz6M6dpGSD.jpg',576, 8,'2016-04-01', '2021-04-09', 'Everyone\'s got demons. Hers fight back.');
INSERT INTO SeriesGenre(seriesId, genreId) VALUES(65988,'10759');
INSERT INTO SeriesGenre(seriesId, genreId) VALUES(65988,'10765');
INSERT INTO SeriesGenre(seriesId, genreId) VALUES(65988,'37');
INSERT INTO SeriesCountry(seriesId, countryId) VALUES(65988,'CA');
INSERT INTO SeriesCountry(seriesId, countryId) VALUES(65988,'US');
INSERT INTO SeriesNetwork(seriesId, networkId) VALUES(65988,'77');
INSERT INTO Networks(id, nname, logo, originCountry) VALUES('170','Space', '/l0TrgNyJsY0yV1hTggk9eWDtV5I.png', 'CA');
INSERT INTO SeriesNetwork(seriesId, networkId) VALUES(65988,'170');
INSERT INTO Networks(id, nname, logo, originCountry) VALUES('253','CHCH-DT', '/ea7lVHA90j9UVg5EAEriWkBY6Y5.png', 'CA');
INSERT INTO SeriesNetwork(seriesId, networkId) VALUES(65988,'253');
INSERT INTO Series(id, title, overview, popularity, seasons, episodes, posterPath, voteCount, voteAvg, firstAir, lastAir, tagline) VALUES(76773,'Station 19','A group of heroic firefighters at Seattle Fire Station 19—from captain to newest recruit—risk their lives and hearts both in the line of duty and off the clock. These brave men and women are like family, literally and figuratively, and together they put their own lives in jeopardy as first responders to save the lives of others.',242.115,4,55,'/lcuCED5Ky2uM5VE6wILOwt5FEb0.jpg',757, 8.2,'2018-03-22', '2021-04-08', 'Courage under fire.');
INSERT INTO SeriesGenre(seriesId, genreId) VALUES(76773,'10759');
INSERT INTO SeriesGenre(seriesId, genreId) VALUES(76773,'18');
INSERT INTO SeriesCountry(seriesId, countryId) VALUES(76773,'US');
INSERT INTO SeriesNetwork(seriesId, networkId) VALUES(76773,'2');
INSERT INTO Series(id, title, overview, popularity, seasons, episodes, posterPath, voteCount, voteAvg, firstAir, lastAir, tagline) VALUES(46639,'American Gods','An ex-con becomes the traveling partner of a conman who turns out to be one of the older gods trying to recruit troops to battle the upstart deities. Based on Neil Gaiman\'s fantasy novel.',192.222,3,26,'/3KCAZaKHmoMIN9dHutqaMtubQqD.jpg',1034, 7.1,'2017-04-30', '2021-03-21', 'Believe.');
INSERT INTO SeriesGenre(seriesId, genreId) VALUES(46639,'18');
INSERT INTO SeriesGenre(seriesId, genreId) VALUES(46639,'9648');
INSERT INTO SeriesGenre(seriesId, genreId) VALUES(46639,'10765');
INSERT INTO SeriesCountry(seriesId, countryId) VALUES(46639,'US');
INSERT INTO Networks(id, nname, logo, originCountry) VALUES('318','Starz', '/8GJjw3HHsAJYwIWKIPBPfqMxlEa.png', 'US');
INSERT INTO SeriesNetwork(seriesId, networkId) VALUES(46639,'318');
INSERT INTO Series(id, title, overview, popularity, seasons, episodes, posterPath, voteCount, voteAvg, firstAir, lastAir, tagline) VALUES(86686,'Creepshow','A young boy\'s horror comic book comes to life in this anthology series of terrifying tales.',22.769,2,11,'/2gPdnWIl8bMHBk4P4CqiszpYMcC.jpg',94, 7.3,'2019-09-26', '2021-04-08', '');
INSERT INTO SeriesGenre(seriesId, genreId) VALUES(86686,'9648');
INSERT INTO SeriesGenre(seriesId, genreId) VALUES(86686,'35');
INSERT INTO SeriesGenre(seriesId, genreId) VALUES(86686,'10765');
INSERT INTO SeriesCountry(seriesId, countryId) VALUES(86686,'US');
INSERT INTO Networks(id, nname, logo, originCountry) VALUES('2949','Shudder', '/Ap2jtXPy3QlLMi1GYLtasq7VoN3.png', 'US');
INSERT INTO SeriesNetwork(seriesId, networkId) VALUES(86686,'2949');
INSERT INTO Series(id, title, overview, popularity, seasons, episodes, posterPath, voteCount, voteAvg, firstAir, lastAir, tagline) VALUES(97645,'Solar Opposites','A family of aliens from a much better world must take refuge in middle America after the destruction of their planet. Their mission: protect the Pupa, a living super computer that will one day evolve into its true form, consume them and terraform the Earth.',27.656,2,16,'/dx5Hv04ePwbfsxgieBtAEbZz7XJ.jpg',136, 7.8,'2020-05-08', '2021-03-26', 'You thought your neighbors were weird.');
INSERT INTO SeriesGenre(seriesId, genreId) VALUES(97645,'35');
INSERT INTO SeriesGenre(seriesId, genreId) VALUES(97645,'16');
INSERT INTO SeriesGenre(seriesId, genreId) VALUES(97645,'10765');
INSERT INTO SeriesCountry(seriesId, countryId) VALUES(97645,'US');
INSERT INTO Networks(id, nname, logo, originCountry) VALUES('453','Hulu', '/pqUTCleNUiTLAVlelGxUgWn1ELh.png', 'US');
INSERT INTO SeriesNetwork(seriesId, networkId) VALUES(97645,'453');
INSERT INTO Series(id, title, overview, popularity, seasons, episodes, posterPath, voteCount, voteAvg, firstAir, lastAir, tagline) VALUES(99489,'The Penthouse','A woman puts everything on the line to achieve her goal of being able to move into a luxury penthouse in the Gangnam District. In the process, she gradually finds herself turning into a monster.',56.057,3,35,'/33WzWRlmxjpW00zOGin6qrx6iqU.jpg',13, 8.1,'2020-10-26', '2021-04-02', '');
INSERT INTO SeriesGenre(seriesId, genreId) VALUES(99489,'18');
INSERT INTO SeriesGenre(seriesId, genreId) VALUES(99489,'9648');
INSERT INTO SeriesGenre(seriesId, genreId) VALUES(99489,'10751');
INSERT INTO SeriesCountry(seriesId, countryId) VALUES(99489,'KR');
INSERT INTO Networks(id, nname, logo, originCountry) VALUES('156','SBS', '/uHQFPvRTlpgaIFQVN8eKWEnFOll.png', 'KR');
INSERT INTO SeriesNetwork(seriesId, networkId) VALUES(99489,'156');
INSERT INTO Series(id, title, overview, popularity, seasons, episodes, posterPath, voteCount, voteAvg, firstAir, lastAir, tagline) VALUES(87108,'Chernobyl','The true story of one of the worst man-made catastrophes in history: the catastrophic nuclear accident at Chernobyl. A tale of the brave men and women who sacrificed to save Europe from unimaginable disaster.',93.797,1,5,'/hlLXt2tOPT6RRnjiUmoxyG1LTFi.jpg',2937, 8.5,'2019-05-06', '2019-06-03', 'What is the cost of lies?');
INSERT INTO SeriesGenre(seriesId, genreId) VALUES(87108,'18');
INSERT INTO Countries(id, cname) VALUES('LT','Lithuania');
INSERT INTO SeriesCountry(seriesId, countryId) VALUES(87108,'LT');
INSERT INTO SeriesCountry(seriesId, countryId) VALUES(87108,'GB');
INSERT INTO SeriesCountry(seriesId, countryId) VALUES(87108,'US');
INSERT INTO SeriesNetwork(seriesId, networkId) VALUES(87108,'49');
INSERT INTO Series(id, title, overview, popularity, seasons, episodes, posterPath, voteCount, voteAvg, firstAir, lastAir, tagline) VALUES(117376,'Vincenzo','Vincenzo Cassano is an Italian lawyer and Mafia consigliere who moves back to Korea due to a conflict within his organization. He ends up crossing paths with a sharp-tongued lawyer named Cha-young, and the two join forces in using villainous methods to take down villains who cannot be punished by the law.',33.818,1,20,'/dvXJgEDQXhL9Ouot2WkBHpQiHGd.jpg',14, 8.7,'2021-02-20', '2021-04-11', '');
INSERT INTO SeriesGenre(seriesId, genreId) VALUES(117376,'10759');
INSERT INTO SeriesGenre(seriesId, genreId) VALUES(117376,'35');
INSERT INTO SeriesCountry(seriesId, countryId) VALUES(117376,'KR');
INSERT INTO SeriesNetwork(seriesId, networkId) VALUES(117376,'213');
INSERT INTO Networks(id, nname, logo, originCountry) VALUES('866','tvN', '/aRDq8zBrX3YLpHSfueNQBkNnn7b.png', 'KR');
INSERT INTO SeriesNetwork(seriesId, networkId) VALUES(117376,'866');
INSERT INTO Series(id, title, overview, popularity, seasons, episodes, posterPath, voteCount, voteAvg, firstAir, lastAir, tagline) VALUES(65942,'Re:ZERO -Starting Life in Another World-','Natsuki Subaru, an ordinary high school  student, is on his way home from the convenience store when he finds  himself transported to another world. As he\'s lost and confused in a new  world where he doesn\'t even know left from right, the only person to  reach out to him was a beautiful girl with silver hair. Determined to  repay her somehow for saving him from his own despair, Subaru agrees to  help the girl find something she\'s looking for.',53.571,2,50,'/2EJ5QSz6f5Iya12DR8pfJ2bNCd2.jpg',167, 7.7,'2016-04-04', '2021-03-24', '');
INSERT INTO SeriesGenre(seriesId, genreId) VALUES(65942,'16');
INSERT INTO SeriesGenre(seriesId, genreId) VALUES(65942,'35');
INSERT INTO SeriesGenre(seriesId, genreId) VALUES(65942,'18');
INSERT INTO SeriesGenre(seriesId, genreId) VALUES(65942,'10765');
INSERT INTO SeriesGenre(seriesId, genreId) VALUES(65942,'10759');
INSERT INTO SeriesCountry(seriesId, countryId) VALUES(65942,'JP');
INSERT INTO SeriesNetwork(seriesId, networkId) VALUES(65942,'98');
INSERT INTO Series(id, title, overview, popularity, seasons, episodes, posterPath, voteCount, voteAvg, firstAir, lastAir, tagline) VALUES(67136,'This Is Us','Follows the lives and families of three adults living and growing up in the United States of America in present and past times. As their paths cross and their life stories intertwine in curious ways, we find that several of them share the same birthday - and so much more than anyone would expect.',94.05,5,85,'/bPaVOvW2LK6oYrRv9Ybb196ywub.jpg',898, 8.2,'2016-09-20', '2021-04-06', 'This is real. This is love. This is life.');
INSERT INTO SeriesGenre(seriesId, genreId) VALUES(67136,'35');
INSERT INTO SeriesGenre(seriesId, genreId) VALUES(67136,'18');
INSERT INTO SeriesCountry(seriesId, countryId) VALUES(67136,'US');
INSERT INTO SeriesNetwork(seriesId, networkId) VALUES(67136,'6');
INSERT INTO Series(id, title, overview, popularity, seasons, episodes, posterPath, voteCount, voteAvg, firstAir, lastAir, tagline) VALUES(1412,'Arrow','Spoiled billionaire playboy Oliver Queen is missing and presumed dead when his yacht is lost at sea. He returns five years later a changed man, determined to clean up the city as a hooded vigilante armed with a bow.',164.821,8,170,'/gKG5QGz5Ngf8fgWpBsWtlg5L2SF.jpg',4472, 6.6,'2012-10-10', '2020-01-28', 'Heroes fall. Legends rise.');
INSERT INTO SeriesGenre(seriesId, genreId) VALUES(1412,'80');
INSERT INTO SeriesGenre(seriesId, genreId) VALUES(1412,'18');
INSERT INTO SeriesGenre(seriesId, genreId) VALUES(1412,'9648');
INSERT INTO SeriesGenre(seriesId, genreId) VALUES(1412,'10759');
INSERT INTO SeriesCountry(seriesId, countryId) VALUES(1412,'US');
INSERT INTO SeriesNetwork(seriesId, networkId) VALUES(1412,'71');
INSERT INTO Series(id, title, overview, popularity, seasons, episodes, posterPath, voteCount, voteAvg, firstAir, lastAir, tagline) VALUES(48866,'The 100','100 years in the future, when the Earth has been abandoned due to radioactivity, the last surviving humans live on an ark orbiting the planet — but the ark won\'t last forever. So the repressive regime picks 100 expendable juvenile delinquents to send down to Earth to see if the planet is still habitable.',369.542,7,100,'/wcaDIAG1QdXQLRaj4vC1EFdBT2.jpg',5978, 7.9,'2014-03-19', '2020-09-30', 'Survival isn\'t who you are. It\'s who you become.');
INSERT INTO SeriesGenre(seriesId, genreId) VALUES(48866,'10765');
INSERT INTO SeriesGenre(seriesId, genreId) VALUES(48866,'18');
INSERT INTO SeriesGenre(seriesId, genreId) VALUES(48866,'10759');
INSERT INTO SeriesCountry(seriesId, countryId) VALUES(48866,'US');
INSERT INTO SeriesNetwork(seriesId, networkId) VALUES(48866,'71');
INSERT INTO Series(id, title, overview, popularity, seasons, episodes, posterPath, voteCount, voteAvg, firstAir, lastAir, tagline) VALUES(63247,'Westworld','A dark odyssey about the dawn of artificial consciousness and the evolution of sin. Set at the intersection of the near future and the reimagined past, it explores a world in which every human appetite, no matter how noble or depraved, can be indulged.',80.905,3,28,'/y55oBgf6bVMI7sFNXwJDrSIxPQt.jpg',3492, 8.1,'2016-10-02', '2020-05-03', 'Every hero has a code.');
INSERT INTO SeriesGenre(seriesId, genreId) VALUES(63247,'37');
INSERT INTO SeriesGenre(seriesId, genreId) VALUES(63247,'878');
INSERT INTO SeriesCountry(seriesId, countryId) VALUES(63247,'US');
INSERT INTO SeriesNetwork(seriesId, networkId) VALUES(63247,'49');
INSERT INTO Series(id, title, overview, popularity, seasons, episodes, posterPath, voteCount, voteAvg, firstAir, lastAir, tagline) VALUES(87739,'The Queen\'s Gambit','In a Kentucky orphanage in the 1950s, a young girl discovers an astonishing talent for chess while struggling with addiction.',134.536,1,7,'/zU0htwkhNvBQdVSIKB9s6hgVeFK.jpg',1787, 8.7,'2020-10-23', '2020-10-23', '');
INSERT INTO SeriesGenre(seriesId, genreId) VALUES(87739,'18');
INSERT INTO SeriesCountry(seriesId, countryId) VALUES(87739,'US');
INSERT INTO SeriesNetwork(seriesId, networkId) VALUES(87739,'213');
INSERT INTO Series(id, title, overview, popularity, seasons, episodes, posterPath, voteCount, voteAvg, firstAir, lastAir, tagline) VALUES(79744,'The Rookie','Starting over isn’t easy, especially for small-town guy John Nolan who, after a life-altering incident, is pursuing his dream of being an LAPD officer. As the force’s oldest rookie, he’s met with skepticism from some higher-ups who see him as just a walking midlife crisis.',381.621,3,52,'/6hChiX0vIjWY4y2kz1WndHVMsDu.jpg',437, 8,'2018-10-16', '2021-04-11', 'He’s got this.');
INSERT INTO SeriesGenre(seriesId, genreId) VALUES(79744,'80');
INSERT INTO SeriesGenre(seriesId, genreId) VALUES(79744,'18');
INSERT INTO SeriesCountry(seriesId, countryId) VALUES(79744,'US');
INSERT INTO SeriesNetwork(seriesId, networkId) VALUES(79744,'2');
INSERT INTO Series(id, title, overview, popularity, seasons, episodes, posterPath, voteCount, voteAvg, firstAir, lastAir, tagline) VALUES(103302,'Clarice','In 1993, six months after the events of The Silence of the Lambs, FBI Agent Clarice Starling returns to the field to pursue serial murderers and sexual predators while navigating the high stakes political world of Washington, D.C.',18.556,1,10,'/7OFxU0bBO0HDL4klXmM1ahJPbv8.jpg',78, 7.5,'2021-02-11', '2021-04-08', 'The silence is over.');
INSERT INTO SeriesGenre(seriesId, genreId) VALUES(103302,'80');
INSERT INTO SeriesGenre(seriesId, genreId) VALUES(103302,'18');
INSERT INTO SeriesCountry(seriesId, countryId) VALUES(103302,'US');
INSERT INTO SeriesNetwork(seriesId, networkId) VALUES(103302,'16');
INSERT INTO Series(id, title, overview, popularity, seasons, episodes, posterPath, voteCount, voteAvg, firstAir, lastAir, tagline) VALUES(82684,'That Time I Got Reincarnated as a Slime','37-year-old corporate worker Mikami Satoru is stabbed by a random killer, and is reborn to an alternate world. But he turns out to be reborn a slime! Thrown into this new world with the name Rimuru Tempest, he begins his quest to create a world that’s welcoming to all races. Broken free from ordinary, stale past life, his fresh adventure in a fantasy world as a slime monster with unique abilities begins.',48.262,2,36,'/jQb1ztdko9qc4aCdnMXShcIHXRG.jpg',271, 8.7,'2018-10-02', '2021-03-30', '');
INSERT INTO SeriesGenre(seriesId, genreId) VALUES(82684,'10759');
INSERT INTO SeriesGenre(seriesId, genreId) VALUES(82684,'16');
INSERT INTO SeriesGenre(seriesId, genreId) VALUES(82684,'10765');
INSERT INTO SeriesGenre(seriesId, genreId) VALUES(82684,'35');
INSERT INTO SeriesCountry(seriesId, countryId) VALUES(82684,'JP');
INSERT INTO SeriesNetwork(seriesId, networkId) VALUES(82684,'614');
INSERT INTO SeriesNetwork(seriesId, networkId) VALUES(82684,'861');
INSERT INTO Series(id, title, overview, popularity, seasons, episodes, posterPath, voteCount, voteAvg, firstAir, lastAir, tagline) VALUES(71912,'The Witcher','Geralt of Rivia, a mutated monster-hunter for hire, journeys toward his destiny in a turbulent world where people often prove more wicked than beasts.',102.829,1,8,'/zrPpUlehQaBf8YX2NrVrKK8IEpf.jpg',2116, 8.1,'2019-12-20', '2019-12-20', 'The worst monsters are the ones we create.');
INSERT INTO SeriesGenre(seriesId, genreId) VALUES(71912,'10765');
INSERT INTO SeriesGenre(seriesId, genreId) VALUES(71912,'18');
INSERT INTO SeriesGenre(seriesId, genreId) VALUES(71912,'10759');
INSERT INTO Countries(id, cname) VALUES('PL','Poland');
INSERT INTO SeriesCountry(seriesId, countryId) VALUES(71912,'PL');
INSERT INTO SeriesCountry(seriesId, countryId) VALUES(71912,'GB');
INSERT INTO SeriesCountry(seriesId, countryId) VALUES(71912,'US');
INSERT INTO SeriesNetwork(seriesId, networkId) VALUES(71912,'213');
INSERT INTO Series(id, title, overview, popularity, seasons, episodes, posterPath, voteCount, voteAvg, firstAir, lastAir, tagline) VALUES(118541,'The Slime Diaries: That Time I Got Reincarnated as a Slime','“Dear diary… I got reincarnated as a slime.”

Even in another world, lives aren’t always on the line. There’s plenty of work to be done, from feeding the community and forging the items the community needs; as well as plenty of play …and hijinks throughout! Join Rimuru and friends as they kick back and enjoy their daily lives.',108.043,1,12,'/kUvmzkxPf1UDLdcDJ7qIYvfTZaz.jpg',1, 7,'2021-04-06', '2021-04-06', '');
INSERT INTO SeriesGenre(seriesId, genreId) VALUES(118541,'16');
INSERT INTO SeriesGenre(seriesId, genreId) VALUES(118541,'35');
INSERT INTO SeriesGenre(seriesId, genreId) VALUES(118541,'10759');
INSERT INTO SeriesGenre(seriesId, genreId) VALUES(118541,'10765');
INSERT INTO SeriesCountry(seriesId, countryId) VALUES(118541,'JP');
INSERT INTO SeriesNetwork(seriesId, networkId) VALUES(118541,'614');
INSERT INTO Series(id, title, overview, popularity, seasons, episodes, posterPath, voteCount, voteAvg, firstAir, lastAir, tagline) VALUES(12971,'Dragon Ball Z','Five years have passed since the fight with Piccolo Jr., and Goku now has a son, Gohan. The peace is interrupted when an alien named Raditz arrives on Earth in a spacecraft and tracks down Goku, revealing to him that that they are members of a near-extinct warrior race called the Saiyans.',219.71,9,291,'/f2zhRLqwRLrKhEMeIM7Z5buJFo3.jpg',2201, 8.2,'1989-04-26', '1996-01-31', '');
INSERT INTO SeriesGenre(seriesId, genreId) VALUES(12971,'16');
INSERT INTO SeriesGenre(seriesId, genreId) VALUES(12971,'10765');
INSERT INTO SeriesGenre(seriesId, genreId) VALUES(12971,'10759');
INSERT INTO SeriesCountry(seriesId, countryId) VALUES(12971,'JP');
INSERT INTO SeriesNetwork(seriesId, networkId) VALUES(12971,'1');
INSERT INTO Series(id, title, overview, popularity, seasons, episodes, posterPath, voteCount, voteAvg, firstAir, lastAir, tagline) VALUES(80563,'How Not to Summon a Demon Lord','When it comes to the fantasy MMORPG Cross Reverie, none can match the power of the Demon King Diablo. Possessing the game\'s rarest artifacts and an unrivaled player level, he overpowers all foolish enough to confront him. But despite his fearsome reputation, Diablo\'s true identity is Takuma Sakamoto, a shut-in gamer devoid of any social skills. Defeating hopeless challengers day by day, Takuma cares about nothing else but his virtual life—that is, until a summoning spell suddenly transports him to another world where he has Diablo\'s appearance!

In this new world resembling his favorite game, Takuma is greeted by the two girls who summoned him. They perform an Enslavement Ritual in an attempt to subjugate him, but the spell backfires and causes them to become his slaves instead. With the situation now becoming more awkward than ever, Takuma decides to accompany the girls in finding a way to unbind their contract while learning to adapt to his new existence as the menacing Demon King.',82.675,2,24,'/82ygHSEmEB6VOeLxLGHaT4Px0sk.jpg',39, 8,'2018-07-05', '2021-04-08', '');
INSERT INTO SeriesGenre(seriesId, genreId) VALUES(80563,'10759');
INSERT INTO SeriesGenre(seriesId, genreId) VALUES(80563,'35');
INSERT INTO SeriesGenre(seriesId, genreId) VALUES(80563,'10765');
INSERT INTO SeriesGenre(seriesId, genreId) VALUES(80563,'16');
INSERT INTO SeriesCountry(seriesId, countryId) VALUES(80563,'JP');
INSERT INTO SeriesNetwork(seriesId, networkId) VALUES(80563,'160');
INSERT INTO SeriesNetwork(seriesId, networkId) VALUES(80563,'173');
INSERT INTO Series(id, title, overview, popularity, seasons, episodes, posterPath, voteCount, voteAvg, firstAir, lastAir, tagline) VALUES(71694,'Snowfall','Los Angeles. 1983. A storm is coming and it\'s name is crack. Set against the infancy of the crack cocaine epidemic and its ultimate radical impact on the culture as we know it, the story follows numerous characters on a violent collision course.',136.637,4,40,'/orvFrLzqSeW5qTFpfJEbPfHRPWg.jpg',136, 8.1,'2017-07-05', '2021-04-07', '');
INSERT INTO SeriesGenre(seriesId, genreId) VALUES(71694,'80');
INSERT INTO SeriesGenre(seriesId, genreId) VALUES(71694,'18');
INSERT INTO SeriesNetwork(seriesId, networkId) VALUES(71694,'88');
INSERT INTO Series(id, title, overview, popularity, seasons, episodes, posterPath, voteCount, voteAvg, firstAir, lastAir, tagline) VALUES(44006,'Chicago Fire','An edge-of-your-seat view into the lives of everyday heroes committed to one of America\'s noblest professions. For the firefighters, rescue squad and paramedics of Chicago Firehouse 51, no occupation is more stressful or dangerous, yet so rewarding and exhilarating. These courageous men and women are among the elite who forge headfirst into danger when everyone else is running the other way and whose actions make the difference between life and death.',198.325,9,191,'/6AccYL0eb7uzHn98IKaNjvJbyuA.jpg',1306, 8.3,'2012-10-10', '2021-04-07', 'Feel the heat.');
INSERT INTO SeriesGenre(seriesId, genreId) VALUES(44006,'18');
INSERT INTO SeriesCountry(seriesId, countryId) VALUES(44006,'US');
INSERT INTO SeriesNetwork(seriesId, networkId) VALUES(44006,'6');
INSERT INTO Series(id, title, overview, popularity, seasons, episodes, posterPath, voteCount, voteAvg, firstAir, lastAir, tagline) VALUES(19614,'It','In 1960, seven outcast kids known as "The Losers\' Club" fight an evil demon who poses as a child-killing clown. Thirty years later, they reunite to stop the demon once and for all when it returns to their hometown.',61.621,1,2,'/4ybQ6gopB3H3cu0seVZLznDnIKo.jpg',2184, 6.9,'1990-11-18', '1990-11-20', '');
INSERT INTO SeriesGenre(seriesId, genreId) VALUES(19614,'18');
INSERT INTO SeriesGenre(seriesId, genreId) VALUES(19614,'9648');
INSERT INTO SeriesGenre(seriesId, genreId) VALUES(19614,'10765');
INSERT INTO SeriesCountry(seriesId, countryId) VALUES(19614,'US');
INSERT INTO SeriesNetwork(seriesId, networkId) VALUES(19614,'2');
INSERT INTO Series(id, title, overview, popularity, seasons, episodes, posterPath, voteCount, voteAvg, firstAir, lastAir, tagline) VALUES(117378,'Mouse','A psychopath’s ruthless serial murders have left the entire nation gripped with fear and chaos. A honest and justice-seeking rookie police officer and a veteran detective with tragic past, face against the killer. After the encounter with the psychopath, their lives totally change.',9.413,1,20,'/qz0axqEwwIa5uaMsUYKGs9u29ut.jpg',6, 7.3,'2021-03-03', '2021-04-08', '');
INSERT INTO SeriesGenre(seriesId, genreId) VALUES(117378,'80');
INSERT INTO SeriesGenre(seriesId, genreId) VALUES(117378,'9648');
INSERT INTO SeriesCountry(seriesId, countryId) VALUES(117378,'KR');
INSERT INTO SeriesNetwork(seriesId, networkId) VALUES(117378,'866');
INSERT INTO Series(id, title, overview, popularity, seasons, episodes, posterPath, voteCount, voteAvg, firstAir, lastAir, tagline) VALUES(100565,'86: Eighty Six','The Republic of San Magnolia has been attacked by its neighbor, the Empire. Outside the 85 districts of the Republic there is the "non-existent 86th district," where young men and women continue to fight. Sheen directs the actions of young suicide bombers, while Lena is a "curator" who commands a detachment from a remote rear. The story of the tragic struggle between these two begins!',54.787,1,12,'/96mUvRlJBYOMBdbn30wtoh7QrpY.jpg',1, 10,'2021-04-11', '2021-04-11', '');
INSERT INTO SeriesGenre(seriesId, genreId) VALUES(100565,'16');
INSERT INTO SeriesGenre(seriesId, genreId) VALUES(100565,'18');
INSERT INTO SeriesGenre(seriesId, genreId) VALUES(100565,'10759');
INSERT INTO SeriesGenre(seriesId, genreId) VALUES(100565,'10765');
INSERT INTO SeriesCountry(seriesId, countryId) VALUES(100565,'JP');
INSERT INTO Networks(id, nname, logo, originCountry) VALUES('343','Gunma TV', '/5nhtCgvP4jJ5ZN4ibLzcuw6dUbN.png', 'JP');
INSERT INTO SeriesNetwork(seriesId, networkId) VALUES(100565,'343');
INSERT INTO SeriesNetwork(seriesId, networkId) VALUES(100565,'614');
INSERT INTO SeriesNetwork(seriesId, networkId) VALUES(100565,'861');
INSERT INTO Networks(id, nname, logo, originCountry) VALUES('2478','Tochigi TV', '/2v82HpzoKRveJEJcGHkeTcktMRM.png', 'JP');
INSERT INTO SeriesNetwork(seriesId, networkId) VALUES(100565,'2478');
INSERT INTO Series(id, title, overview, popularity, seasons, episodes, posterPath, voteCount, voteAvg, firstAir, lastAir, tagline) VALUES(1622,'Supernatural','When they were boys, Sam and Dean Winchester lost their mother to a mysterious and demonic supernatural force. Subsequently, their father raised them to be soldiers. He taught them about the paranormal evil that lives in the dark corners and on the back roads of America ... and he taught them how to kill it. Now, the Winchester brothers crisscross the country in their \'67 Chevy Impala, battling every kind of supernatural threat they encounter along the way. ',279.673,15,327,'/KoYWXbnYuS3b0GyQPkbuexlVK9.jpg',4992, 8.2,'2005-09-13', '2020-11-19', 'Between darkness and deliverance');
INSERT INTO SeriesGenre(seriesId, genreId) VALUES(1622,'18');
INSERT INTO SeriesGenre(seriesId, genreId) VALUES(1622,'9648');
INSERT INTO SeriesGenre(seriesId, genreId) VALUES(1622,'10765');
INSERT INTO SeriesCountry(seriesId, countryId) VALUES(1622,'US');
INSERT INTO Networks(id, nname, logo, originCountry) VALUES('21','The WB', '/9GlDHjQj9c2dkfARCR3zlH87R66.png', 'US');
INSERT INTO SeriesNetwork(seriesId, networkId) VALUES(1622,'21');
INSERT INTO SeriesNetwork(seriesId, networkId) VALUES(1622,'71');
INSERT INTO Series(id, title, overview, popularity, seasons, episodes, posterPath, voteCount, voteAvg, firstAir, lastAir, tagline) VALUES(119934,'Calls','Told through a series of interconnected phone conversations, this groundbreaking series chronicles the mysterious story of a group of strangers whose lives are thrown into disarray in the lead-up to an apocalyptic event.',12.068,1,9,'/lzb4SwMTwNZPaifi0qDc9U0imzG.jpg',5, 7,'2021-03-19', '2021-03-19', 'It\'s all in your head.');
INSERT INTO SeriesGenre(seriesId, genreId) VALUES(119934,'18');
INSERT INTO SeriesGenre(seriesId, genreId) VALUES(119934,'9648');
INSERT INTO SeriesCountry(seriesId, countryId) VALUES(119934,'FR');
INSERT INTO SeriesCountry(seriesId, countryId) VALUES(119934,'US');
INSERT INTO SeriesNetwork(seriesId, networkId) VALUES(119934,'2552');
INSERT INTO Series(id, title, overview, popularity, seasons, episodes, posterPath, voteCount, voteAvg, firstAir, lastAir, tagline) VALUES(119769,'Taxi Driver','The story of a mysterious taxi service that takes revenge on behalf of victims who are unable to get justice from the law. Kim Do Ki is a mysterious driver for the taxi company whose mother was murdered. Kang Ha Na is a passionate attorney. Go Eun is an IT specialist, while others consider her a hacker. Along with Kim Do Ki, she works as part of Rainbow Taxi Company to solve people’s problems.',19.723,1,16,'/lghfb8beej1aH9ML8QyeSixniom.jpg',1, 8,'2021-04-09', '2021-04-10', '');
INSERT INTO SeriesGenre(seriesId, genreId) VALUES(119769,'10759');
INSERT INTO SeriesGenre(seriesId, genreId) VALUES(119769,'80');
INSERT INTO SeriesGenre(seriesId, genreId) VALUES(119769,'18');
INSERT INTO SeriesCountry(seriesId, countryId) VALUES(119769,'KR');
INSERT INTO SeriesNetwork(seriesId, networkId) VALUES(119769,'156');
INSERT INTO Series(id, title, overview, popularity, seasons, episodes, posterPath, voteCount, voteAvg, firstAir, lastAir, tagline) VALUES(71790,'S.W.A.T.','A locally born and bred S.W.A.T. lieutenant is torn between loyalty to the streets and duty to his fellow officers when he\'s tasked to run a highly-trained unit that\'s the last stop for solving crimes in Los Angeles.',172.536,4,79,'/ushSkKB8aeLsyyW2c7S7CCmEmRA.jpg',367, 7.7,'2017-11-02', '2021-04-07', 'Serve • Protect • Unite');
INSERT INTO SeriesGenre(seriesId, genreId) VALUES(71790,'10759');
INSERT INTO SeriesGenre(seriesId, genreId) VALUES(71790,'80');
INSERT INTO SeriesGenre(seriesId, genreId) VALUES(71790,'18');
INSERT INTO SeriesCountry(seriesId, countryId) VALUES(71790,'US');
INSERT INTO SeriesNetwork(seriesId, networkId) VALUES(71790,'16');
INSERT INTO Series(id, title, overview, popularity, seasons, episodes, posterPath, voteCount, voteAvg, firstAir, lastAir, tagline) VALUES(100567,'Combatants Will Be Dispatched!','When the evil Kisaragi Corporation sets its sights on interstellar conquest, Combatant Agent Six and his android partner are tasked with taking over a magical planet. But climbing the corporate ladder won’t be easy — a Demon Lord’s army has its own agenda!',102.728,1,12,'/tk0LqlgKzc79nWtTmgGz41yu6p3.jpg',1, 8,'2021-04-04', '2021-04-11', '');
INSERT INTO SeriesGenre(seriesId, genreId) VALUES(100567,'16');
INSERT INTO SeriesGenre(seriesId, genreId) VALUES(100567,'35');
INSERT INTO SeriesGenre(seriesId, genreId) VALUES(100567,'10759');
INSERT INTO SeriesGenre(seriesId, genreId) VALUES(100567,'10765');
INSERT INTO SeriesCountry(seriesId, countryId) VALUES(100567,'JP');
INSERT INTO SeriesNetwork(seriesId, networkId) VALUES(100567,'173');
INSERT INTO Series(id, title, overview, popularity, seasons, episodes, posterPath, voteCount, voteAvg, firstAir, lastAir, tagline) VALUES(19885,'Sherlock','A modern update finds the famous sleuth and his doctor partner solving crime in 21st century London.',54.298,4,12,'/7WTsnHkbA0FaG6R9twfFde0I9hl.jpg',2894, 8.4,'2010-07-25', '2017-01-15', 'A new sleuth for the 21st century.');
INSERT INTO SeriesGenre(seriesId, genreId) VALUES(19885,'80');
INSERT INTO SeriesGenre(seriesId, genreId) VALUES(19885,'18');
INSERT INTO SeriesGenre(seriesId, genreId) VALUES(19885,'9648');
INSERT INTO SeriesCountry(seriesId, countryId) VALUES(19885,'GB');
INSERT INTO SeriesNetwork(seriesId, networkId) VALUES(19885,'4');
INSERT INTO Series(id, title, overview, popularity, seasons, episodes, posterPath, voteCount, voteAvg, firstAir, lastAir, tagline) VALUES(87093,'Family Reunion','A free-spirited mom moves her family from the west coast to the Midwest and gets to know her extended family.',23.975,2,27,'/bAgyYV5wQWZLGjL423VX8EwWP4b.jpg',30, 8.7,'2019-07-10', '2021-04-05', 'Gonna need two plates for this one.');
INSERT INTO SeriesGenre(seriesId, genreId) VALUES(87093,'35');
INSERT INTO SeriesNetwork(seriesId, networkId) VALUES(87093,'213');
INSERT INTO SeriesWeekPopularity(seriesId, weekNr, popularity, voteAVG, voteCount) VALUES ('88396', 15, 4323.528, 7.8, 3585);
INSERT INTO SeriesWeekPopularity(seriesId, weekNr, popularity, voteAVG, voteCount) VALUES ('88396', 15, 4323.528, 7.8, 3585);
INSERT INTO SeriesWeekPopularity(seriesId, weekNr, popularity, voteAVG, voteCount) VALUES ('69050', 15, 1038.162, 8.6, 10955);
INSERT INTO SeriesWeekPopularity(seriesId, weekNr, popularity, voteAVG, voteCount) VALUES ('69050', 15, 1038.162, 8.6, 10955);
INSERT INTO SeriesWeekPopularity(seriesId, weekNr, popularity, voteAVG, voteCount) VALUES ('80828', 15, 169.026, 8.8, 17);
INSERT INTO SeriesWeekPopularity(seriesId, weekNr, popularity, voteAVG, voteCount) VALUES ('80828', 15, 169.026, 8.8, 17);
INSERT INTO SeriesWeekPopularity(seriesId, weekNr, popularity, voteAVG, voteCount) VALUES ('1429', 15, 205.94, 8.6, 3218);
INSERT INTO SeriesWeekPopularity(seriesId, weekNr, popularity, voteAVG, voteCount) VALUES ('1429', 15, 205.94, 8.6, 3218);
INSERT INTO SeriesWeekPopularity(seriesId, weekNr, popularity, voteAVG, voteCount) VALUES ('85271', 15, 625.058, 8.4, 8075);
INSERT INTO SeriesWeekPopularity(seriesId, weekNr, popularity, voteAVG, voteCount) VALUES ('85271', 15, 625.058, 8.4, 8075);
INSERT INTO SeriesWeekPopularity(seriesId, weekNr, popularity, voteAVG, voteCount) VALUES ('1402', 15, 795.883, 8.1, 10511);
INSERT INTO SeriesWeekPopularity(seriesId, weekNr, popularity, voteAVG, voteCount) VALUES ('1402', 15, 795.883, 8.1, 10511);
INSERT INTO SeriesWeekPopularity(seriesId, weekNr, popularity, voteAVG, voteCount) VALUES ('95557', 15, 938.02, 8.9, 566);
INSERT INTO SeriesWeekPopularity(seriesId, weekNr, popularity, voteAVG, voteCount) VALUES ('95557', 15, 938.02, 8.9, 566);
INSERT INTO SeriesWeekPopularity(seriesId, weekNr, popularity, voteAVG, voteCount) VALUES ('120462', 15, 75.878, 8.2, 10);
INSERT INTO SeriesWeekPopularity(seriesId, weekNr, popularity, voteAVG, voteCount) VALUES ('120462', 15, 75.878, 8.2, 10);
INSERT INTO SeriesWeekPopularity(seriesId, weekNr, popularity, voteAVG, voteCount) VALUES ('98187', 15, 42.663, 8.1, 51);
INSERT INTO SeriesWeekPopularity(seriesId, weekNr, popularity, voteAVG, voteCount) VALUES ('98187', 15, 42.663, 8.1, 51);
INSERT INTO SeriesWeekPopularity(seriesId, weekNr, popularity, voteAVG, voteCount) VALUES ('1399', 15, 469.293, 8.4, 13892);
INSERT INTO SeriesWeekPopularity(seriesId, weekNr, popularity, voteAVG, voteCount) VALUES ('1399', 15, 469.293, 8.4, 13892);
INSERT INTO SeriesWeekPopularity(seriesId, weekNr, popularity, voteAVG, voteCount) VALUES ('60735', 15, 1276.118, 7.7, 7320);
INSERT INTO SeriesWeekPopularity(seriesId, weekNr, popularity, voteAVG, voteCount) VALUES ('60735', 15, 1276.118, 7.7, 7320);
INSERT INTO SeriesWeekPopularity(seriesId, weekNr, popularity, voteAVG, voteCount) VALUES ('37854', 15, 54.861, 8.7, 1922);
INSERT INTO SeriesWeekPopularity(seriesId, weekNr, popularity, voteAVG, voteCount) VALUES ('37854', 15, 54.861, 8.7, 1922);
INSERT INTO SeriesWeekPopularity(seriesId, weekNr, popularity, voteAVG, voteCount) VALUES ('1416', 15, 927.829, 8.2, 5821);
INSERT INTO SeriesWeekPopularity(seriesId, weekNr, popularity, voteAVG, voteCount) VALUES ('1416', 15, 927.829, 8.2, 5821);
INSERT INTO SeriesWeekPopularity(seriesId, weekNr, popularity, voteAVG, voteCount) VALUES ('62688', 15, 204.124, 7.2, 2944);
INSERT INTO SeriesWeekPopularity(seriesId, weekNr, popularity, voteAVG, voteCount) VALUES ('62688', 15, 204.124, 7.2, 2944);
INSERT INTO SeriesWeekPopularity(seriesId, weekNr, popularity, voteAVG, voteCount) VALUES ('65930', 15, 75.458, 8.9, 2721);
INSERT INTO SeriesWeekPopularity(seriesId, weekNr, popularity, voteAVG, voteCount) VALUES ('65930', 15, 75.458, 8.9, 2721);
INSERT INTO SeriesWeekPopularity(seriesId, weekNr, popularity, voteAVG, voteCount) VALUES ('71446', 15, 211.863, 8.3, 12714);
INSERT INTO SeriesWeekPopularity(seriesId, weekNr, popularity, voteAVG, voteCount) VALUES ('71446', 15, 211.863, 8.3, 12714);
INSERT INTO SeriesWeekPopularity(seriesId, weekNr, popularity, voteAVG, voteCount) VALUES ('114165', 15, 49.362, 8.7, 26);
INSERT INTO SeriesWeekPopularity(seriesId, weekNr, popularity, voteAVG, voteCount) VALUES ('114165', 15, 49.362, 8.7, 26);
INSERT INTO SeriesWeekPopularity(seriesId, weekNr, popularity, voteAVG, voteCount) VALUES ('93454', 15, 62.546, 8.2, 24);
INSERT INTO SeriesWeekPopularity(seriesId, weekNr, popularity, voteAVG, voteCount) VALUES ('93454', 15, 62.546, 8.2, 24);
INSERT INTO SeriesWeekPopularity(seriesId, weekNr, popularity, voteAVG, voteCount) VALUES ('90970', 15, 49.727, 8.1, 9);
INSERT INTO SeriesWeekPopularity(seriesId, weekNr, popularity, voteAVG, voteCount) VALUES ('90970', 15, 49.727, 8.1, 9);
INSERT INTO SeriesWeekPopularity(seriesId, weekNr, popularity, voteAVG, voteCount) VALUES ('118956', 15, 200.733, 8.2, 90);
INSERT INTO SeriesWeekPopularity(seriesId, weekNr, popularity, voteAVG, voteCount) VALUES ('118956', 15, 200.733, 8.2, 90);
INSERT INTO SeriesWeekPopularity(seriesId, weekNr, popularity, voteAVG, voteCount) VALUES ('120168', 15, 904.362, 7.9, 285);
INSERT INTO SeriesWeekPopularity(seriesId, weekNr, popularity, voteAVG, voteCount) VALUES ('120168', 15, 904.362, 7.9, 285);
INSERT INTO SeriesWeekPopularity(seriesId, weekNr, popularity, voteAVG, voteCount) VALUES ('79680', 15, 199.932, 7.4, 609);
INSERT INTO SeriesWeekPopularity(seriesId, weekNr, popularity, voteAVG, voteCount) VALUES ('79680', 15, 199.932, 7.4, 609);
INSERT INTO SeriesWeekPopularity(seriesId, weekNr, popularity, voteAVG, voteCount) VALUES ('62286', 15, 459.043, 7.6, 3339);
INSERT INTO SeriesWeekPopularity(seriesId, weekNr, popularity, voteAVG, voteCount) VALUES ('62286', 15, 459.043, 7.6, 3339);
INSERT INTO SeriesWeekPopularity(seriesId, weekNr, popularity, voteAVG, voteCount) VALUES ('79696', 15, 49.225, 7.7, 295);
INSERT INTO SeriesWeekPopularity(seriesId, weekNr, popularity, voteAVG, voteCount) VALUES ('79696', 15, 49.225, 7.7, 295);
INSERT INTO SeriesWeekPopularity(seriesId, weekNr, popularity, voteAVG, voteCount) VALUES ('96580', 15, 387.639, 8.4, 150);
INSERT INTO SeriesWeekPopularity(seriesId, weekNr, popularity, voteAVG, voteCount) VALUES ('96580', 15, 387.639, 8.4, 150);
INSERT INTO SeriesWeekPopularity(seriesId, weekNr, popularity, voteAVG, voteCount) VALUES ('71712', 15, 1871.878, 8.6, 7620);
INSERT INTO SeriesWeekPopularity(seriesId, weekNr, popularity, voteAVG, voteCount) VALUES ('71712', 15, 1871.878, 8.6, 7620);
INSERT INTO SeriesWeekPopularity(seriesId, weekNr, popularity, voteAVG, voteCount) VALUES ('82856', 15, 325.804, 8.5, 6207);
INSERT INTO SeriesWeekPopularity(seriesId, weekNr, popularity, voteAVG, voteCount) VALUES ('82856', 15, 325.804, 8.5, 6207);
INSERT INTO SeriesWeekPopularity(seriesId, weekNr, popularity, voteAVG, voteCount) VALUES ('119565', 15, 28.652, 7.1, 7);
INSERT INTO SeriesWeekPopularity(seriesId, weekNr, popularity, voteAVG, voteCount) VALUES ('119565', 15, 28.652, 7.1, 7);
INSERT INTO SeriesWeekPopularity(seriesId, weekNr, popularity, voteAVG, voteCount) VALUES ('114621', 15, 25.703, 8.7, 10);
INSERT INTO SeriesWeekPopularity(seriesId, weekNr, popularity, voteAVG, voteCount) VALUES ('114621', 15, 25.703, 8.7, 10);
INSERT INTO SeriesWeekPopularity(seriesId, weekNr, popularity, voteAVG, voteCount) VALUES ('34307', 15, 113.626, 8, 1254);
INSERT INTO SeriesWeekPopularity(seriesId, weekNr, popularity, voteAVG, voteCount) VALUES ('34307', 15, 113.626, 8, 1254);
INSERT INTO SeriesWeekPopularity(seriesId, weekNr, popularity, voteAVG, voteCount) VALUES ('87917', 15, 70.764, 7.4, 162);
INSERT INTO SeriesWeekPopularity(seriesId, weekNr, popularity, voteAVG, voteCount) VALUES ('87917', 15, 70.764, 7.4, 162);
INSERT INTO SeriesWeekPopularity(seriesId, weekNr, popularity, voteAVG, voteCount) VALUES ('95057', 15, 775.869, 8.3, 704);
INSERT INTO SeriesWeekPopularity(seriesId, weekNr, popularity, voteAVG, voteCount) VALUES ('95057', 15, 775.869, 8.3, 704);
INSERT INTO SeriesWeekPopularity(seriesId, weekNr, popularity, voteAVG, voteCount) VALUES ('112160', 15, 53.825, 8.5, 10);
INSERT INTO SeriesWeekPopularity(seriesId, weekNr, popularity, voteAVG, voteCount) VALUES ('112160', 15, 53.825, 8.5, 10);
INSERT INTO SeriesWeekPopularity(seriesId, weekNr, popularity, voteAVG, voteCount) VALUES ('117023', 15, 348.174, 7.8, 158);
INSERT INTO SeriesWeekPopularity(seriesId, weekNr, popularity, voteAVG, voteCount) VALUES ('117023', 15, 348.174, 7.8, 158);
INSERT INTO SeriesWeekPopularity(seriesId, weekNr, popularity, voteAVG, voteCount) VALUES ('1396', 15, 246.173, 8.7, 6851);
INSERT INTO SeriesWeekPopularity(seriesId, weekNr, popularity, voteAVG, voteCount) VALUES ('1396', 15, 246.173, 8.7, 6851);
INSERT INTO SeriesWeekPopularity(seriesId, weekNr, popularity, voteAVG, voteCount) VALUES ('89247', 15, 245.377, 7.3, 1020);
INSERT INTO SeriesWeekPopularity(seriesId, weekNr, popularity, voteAVG, voteCount) VALUES ('89247', 15, 245.377, 7.3, 1020);
INSERT INTO SeriesWeekPopularity(seriesId, weekNr, popularity, voteAVG, voteCount) VALUES ('79460', 15, 541.296, 8.6, 1770);
INSERT INTO SeriesWeekPopularity(seriesId, weekNr, popularity, voteAVG, voteCount) VALUES ('79460', 15, 541.296, 8.6, 1770);
INSERT INTO SeriesWeekPopularity(seriesId, weekNr, popularity, voteAVG, voteCount) VALUES ('79588', 15, 57.395, 8, 190);
INSERT INTO SeriesWeekPopularity(seriesId, weekNr, popularity, voteAVG, voteCount) VALUES ('79588', 15, 57.395, 8, 190);
INSERT INTO SeriesWeekPopularity(seriesId, weekNr, popularity, voteAVG, voteCount) VALUES ('456', 15, 292.315, 7.8, 6369);
INSERT INTO SeriesWeekPopularity(seriesId, weekNr, popularity, voteAVG, voteCount) VALUES ('456', 15, 292.315, 7.8, 6369);
INSERT INTO SeriesWeekPopularity(seriesId, weekNr, popularity, voteAVG, voteCount) VALUES ('1668', 15, 180.565, 8.4, 4331);
INSERT INTO SeriesWeekPopularity(seriesId, weekNr, popularity, voteAVG, voteCount) VALUES ('1668', 15, 180.565, 8.4, 4331);
INSERT INTO SeriesWeekPopularity(seriesId, weekNr, popularity, voteAVG, voteCount) VALUES ('106158', 15, 13.051, 9, 10);
INSERT INTO SeriesWeekPopularity(seriesId, weekNr, popularity, voteAVG, voteCount) VALUES ('106158', 15, 13.051, 9, 10);
INSERT INTO SeriesWeekPopularity(seriesId, weekNr, popularity, voteAVG, voteCount) VALUES ('120582', 15, 15.448, 10, 2);
INSERT INTO SeriesWeekPopularity(seriesId, weekNr, popularity, voteAVG, voteCount) VALUES ('120582', 15, 15.448, 10, 2);
INSERT INTO SeriesWeekPopularity(seriesId, weekNr, popularity, voteAVG, voteCount) VALUES ('106159', 15, 32.007, 7.5, 35);
INSERT INTO SeriesWeekPopularity(seriesId, weekNr, popularity, voteAVG, voteCount) VALUES ('106159', 15, 32.007, 7.5, 35);
INSERT INTO SeriesWeekPopularity(seriesId, weekNr, popularity, voteAVG, voteCount) VALUES ('66676', 15, 39.349, 7.2, 245);
INSERT INTO SeriesWeekPopularity(seriesId, weekNr, popularity, voteAVG, voteCount) VALUES ('66676', 15, 39.349, 7.2, 245);
INSERT INTO SeriesWeekPopularity(seriesId, weekNr, popularity, voteAVG, voteCount) VALUES ('46952', 15, 201.763, 7.4, 1920);
INSERT INTO SeriesWeekPopularity(seriesId, weekNr, popularity, voteAVG, voteCount) VALUES ('46952', 15, 201.763, 7.4, 1920);
INSERT INTO SeriesWeekPopularity(seriesId, weekNr, popularity, voteAVG, voteCount) VALUES ('79618', 15, 33.304, 8, 46);
INSERT INTO SeriesWeekPopularity(seriesId, weekNr, popularity, voteAVG, voteCount) VALUES ('79618', 15, 33.304, 8, 46);
INSERT INTO SeriesWeekPopularity(seriesId, weekNr, popularity, voteAVG, voteCount) VALUES ('95479', 15, 315.117, 8.5, 841);
INSERT INTO SeriesWeekPopularity(seriesId, weekNr, popularity, voteAVG, voteCount) VALUES ('95479', 15, 315.117, 8.5, 841);
INSERT INTO SeriesWeekPopularity(seriesId, weekNr, popularity, voteAVG, voteCount) VALUES ('44217', 15, 418.839, 8, 4326);
INSERT INTO SeriesWeekPopularity(seriesId, weekNr, popularity, voteAVG, voteCount) VALUES ('44217', 15, 418.839, 8, 4326);
INSERT INTO SeriesWeekPopularity(seriesId, weekNr, popularity, voteAVG, voteCount) VALUES ('80350', 15, 194.594, 8.4, 308);
INSERT INTO SeriesWeekPopularity(seriesId, weekNr, popularity, voteAVG, voteCount) VALUES ('80350', 15, 194.594, 8.4, 308);
INSERT INTO SeriesWeekPopularity(seriesId, weekNr, popularity, voteAVG, voteCount) VALUES ('76231', 15, 332.983, 7.9, 162);
INSERT INTO SeriesWeekPopularity(seriesId, weekNr, popularity, voteAVG, voteCount) VALUES ('76231', 15, 332.983, 7.9, 162);
INSERT INTO SeriesWeekPopularity(seriesId, weekNr, popularity, voteAVG, voteCount) VALUES ('71728', 15, 190.021, 8, 1191);
INSERT INTO SeriesWeekPopularity(seriesId, weekNr, popularity, voteAVG, voteCount) VALUES ('71728', 15, 190.021, 8, 1191);
INSERT INTO SeriesWeekPopularity(seriesId, weekNr, popularity, voteAVG, voteCount) VALUES ('66732', 15, 224.677, 8.6, 8003);
INSERT INTO SeriesWeekPopularity(seriesId, weekNr, popularity, voteAVG, voteCount) VALUES ('66732', 15, 224.677, 8.6, 8003);
INSERT INTO SeriesWeekPopularity(seriesId, weekNr, popularity, voteAVG, voteCount) VALUES ('119466', 15, 2.397, 0, 0);
INSERT INTO SeriesWeekPopularity(seriesId, weekNr, popularity, voteAVG, voteCount) VALUES ('119466', 15, 2.397, 0, 0);
INSERT INTO SeriesWeekPopularity(seriesId, weekNr, popularity, voteAVG, voteCount) VALUES ('1418', 15, 182.904, 7.7, 7057);
INSERT INTO SeriesWeekPopularity(seriesId, weekNr, popularity, voteAVG, voteCount) VALUES ('1418', 15, 182.904, 7.7, 7057);
INSERT INTO SeriesWeekPopularity(seriesId, weekNr, popularity, voteAVG, voteCount) VALUES ('57243', 15, 104.669, 7.2, 2016);
INSERT INTO SeriesWeekPopularity(seriesId, weekNr, popularity, voteAVG, voteCount) VALUES ('57243', 15, 104.669, 7.2, 2016);
INSERT INTO SeriesWeekPopularity(seriesId, weekNr, popularity, voteAVG, voteCount) VALUES ('31910', 15, 239.15, 8.6, 5135);
INSERT INTO SeriesWeekPopularity(seriesId, weekNr, popularity, voteAVG, voteCount) VALUES ('31910', 15, 239.15, 8.6, 5135);
INSERT INTO SeriesWeekPopularity(seriesId, weekNr, popularity, voteAVG, voteCount) VALUES ('84958', 15, 71.472, 0, 0);
INSERT INTO SeriesWeekPopularity(seriesId, weekNr, popularity, voteAVG, voteCount) VALUES ('84958', 15, 71.472, 0, 0);
INSERT INTO SeriesWeekPopularity(seriesId, weekNr, popularity, voteAVG, voteCount) VALUES ('1434', 15, 215.215, 7, 2705);
INSERT INTO SeriesWeekPopularity(seriesId, weekNr, popularity, voteAVG, voteCount) VALUES ('1434', 15, 215.215, 7, 2705);
INSERT INTO SeriesWeekPopularity(seriesId, weekNr, popularity, voteAVG, voteCount) VALUES ('46260', 15, 314.926, 8.4, 3421);
INSERT INTO SeriesWeekPopularity(seriesId, weekNr, popularity, voteAVG, voteCount) VALUES ('46260', 15, 314.926, 8.4, 3421);
INSERT INTO SeriesWeekPopularity(seriesId, weekNr, popularity, voteAVG, voteCount) VALUES ('85937', 15, 49.528, 8.9, 2099);
INSERT INTO SeriesWeekPopularity(seriesId, weekNr, popularity, voteAVG, voteCount) VALUES ('85937', 15, 49.528, 8.9, 2099);
INSERT INTO SeriesWeekPopularity(seriesId, weekNr, popularity, voteAVG, voteCount) VALUES ('104699', 15, 138.509, 8.2, 62);
INSERT INTO SeriesWeekPopularity(seriesId, weekNr, popularity, voteAVG, voteCount) VALUES ('104699', 15, 138.509, 8.2, 62);
INSERT INTO SeriesWeekPopularity(seriesId, weekNr, popularity, voteAVG, voteCount) VALUES ('62104', 15, 46.456, 8.6, 3212);
INSERT INTO SeriesWeekPopularity(seriesId, weekNr, popularity, voteAVG, voteCount) VALUES ('62104', 15, 46.456, 8.6, 3212);
INSERT INTO SeriesWeekPopularity(seriesId, weekNr, popularity, voteAVG, voteCount) VALUES ('106519', 15, 193.013, 7.4, 5);
INSERT INTO SeriesWeekPopularity(seriesId, weekNr, popularity, voteAVG, voteCount) VALUES ('106519', 15, 193.013, 7.4, 5);
INSERT INTO SeriesWeekPopularity(seriesId, weekNr, popularity, voteAVG, voteCount) VALUES ('65334', 15, 405.25, 7.8, 2373);
INSERT INTO SeriesWeekPopularity(seriesId, weekNr, popularity, voteAVG, voteCount) VALUES ('65334', 15, 405.25, 7.8, 2373);
INSERT INTO SeriesWeekPopularity(seriesId, weekNr, popularity, voteAVG, voteCount) VALUES ('63174', 15, 789.89, 8.5, 8198);
INSERT INTO SeriesWeekPopularity(seriesId, weekNr, popularity, voteAVG, voteCount) VALUES ('63174', 15, 789.89, 8.5, 8198);
INSERT INTO SeriesWeekPopularity(seriesId, weekNr, popularity, voteAVG, voteCount) VALUES ('76479', 15, 282.98, 8.4, 4370);
INSERT INTO SeriesWeekPopularity(seriesId, weekNr, popularity, voteAVG, voteCount) VALUES ('76479', 15, 282.98, 8.4, 4370);
INSERT INTO SeriesWeekPopularity(seriesId, weekNr, popularity, voteAVG, voteCount) VALUES ('120587', 15, 82.683, 7.4, 171);
INSERT INTO SeriesWeekPopularity(seriesId, weekNr, popularity, voteAVG, voteCount) VALUES ('120587', 15, 82.683, 7.4, 171);
INSERT INTO SeriesWeekPopularity(seriesId, weekNr, popularity, voteAVG, voteCount) VALUES ('65988', 15, 60.648, 8, 575);
INSERT INTO SeriesWeekPopularity(seriesId, weekNr, popularity, voteAVG, voteCount) VALUES ('65988', 15, 60.648, 8, 575);
INSERT INTO SeriesWeekPopularity(seriesId, weekNr, popularity, voteAVG, voteCount) VALUES ('76773', 15, 242.115, 8.2, 757);
INSERT INTO SeriesWeekPopularity(seriesId, weekNr, popularity, voteAVG, voteCount) VALUES ('76773', 15, 242.115, 8.2, 757);
INSERT INTO SeriesWeekPopularity(seriesId, weekNr, popularity, voteAVG, voteCount) VALUES ('46639', 15, 192.222, 7.1, 1033);
INSERT INTO SeriesWeekPopularity(seriesId, weekNr, popularity, voteAVG, voteCount) VALUES ('46639', 15, 192.222, 7.1, 1033);
INSERT INTO SeriesWeekPopularity(seriesId, weekNr, popularity, voteAVG, voteCount) VALUES ('86686', 15, 22.769, 7.3, 94);
INSERT INTO SeriesWeekPopularity(seriesId, weekNr, popularity, voteAVG, voteCount) VALUES ('86686', 15, 22.769, 7.3, 94);
INSERT INTO SeriesWeekPopularity(seriesId, weekNr, popularity, voteAVG, voteCount) VALUES ('97645', 15, 27.656, 7.8, 136);
INSERT INTO SeriesWeekPopularity(seriesId, weekNr, popularity, voteAVG, voteCount) VALUES ('97645', 15, 27.656, 7.8, 136);
INSERT INTO SeriesWeekPopularity(seriesId, weekNr, popularity, voteAVG, voteCount) VALUES ('99489', 15, 56.057, 8.1, 13);
INSERT INTO SeriesWeekPopularity(seriesId, weekNr, popularity, voteAVG, voteCount) VALUES ('99489', 15, 56.057, 8.1, 13);
INSERT INTO SeriesWeekPopularity(seriesId, weekNr, popularity, voteAVG, voteCount) VALUES ('87108', 15, 93.797, 8.5, 2937);
INSERT INTO SeriesWeekPopularity(seriesId, weekNr, popularity, voteAVG, voteCount) VALUES ('87108', 15, 93.797, 8.5, 2937);
INSERT INTO SeriesWeekPopularity(seriesId, weekNr, popularity, voteAVG, voteCount) VALUES ('117376', 15, 33.818, 8.7, 14);
INSERT INTO SeriesWeekPopularity(seriesId, weekNr, popularity, voteAVG, voteCount) VALUES ('117376', 15, 33.818, 8.7, 14);
INSERT INTO SeriesWeekPopularity(seriesId, weekNr, popularity, voteAVG, voteCount) VALUES ('65942', 15, 53.571, 7.7, 167);
INSERT INTO SeriesWeekPopularity(seriesId, weekNr, popularity, voteAVG, voteCount) VALUES ('65942', 15, 53.571, 7.7, 167);
INSERT INTO SeriesWeekPopularity(seriesId, weekNr, popularity, voteAVG, voteCount) VALUES ('67136', 15, 94.05, 8.2, 898);
INSERT INTO SeriesWeekPopularity(seriesId, weekNr, popularity, voteAVG, voteCount) VALUES ('67136', 15, 94.05, 8.2, 898);
INSERT INTO SeriesWeekPopularity(seriesId, weekNr, popularity, voteAVG, voteCount) VALUES ('1412', 15, 164.821, 6.6, 4471);
INSERT INTO SeriesWeekPopularity(seriesId, weekNr, popularity, voteAVG, voteCount) VALUES ('1412', 15, 164.821, 6.6, 4471);
INSERT INTO SeriesWeekPopularity(seriesId, weekNr, popularity, voteAVG, voteCount) VALUES ('48866', 15, 369.542, 7.9, 5977);
INSERT INTO SeriesWeekPopularity(seriesId, weekNr, popularity, voteAVG, voteCount) VALUES ('48866', 15, 369.542, 7.9, 5977);
INSERT INTO SeriesWeekPopularity(seriesId, weekNr, popularity, voteAVG, voteCount) VALUES ('63247', 15, 80.905, 8.1, 3492);
INSERT INTO SeriesWeekPopularity(seriesId, weekNr, popularity, voteAVG, voteCount) VALUES ('63247', 15, 80.905, 8.1, 3492);
INSERT INTO SeriesWeekPopularity(seriesId, weekNr, popularity, voteAVG, voteCount) VALUES ('87739', 15, 134.536, 8.7, 1787);
INSERT INTO SeriesWeekPopularity(seriesId, weekNr, popularity, voteAVG, voteCount) VALUES ('87739', 15, 134.536, 8.7, 1787);
INSERT INTO SeriesWeekPopularity(seriesId, weekNr, popularity, voteAVG, voteCount) VALUES ('79744', 15, 381.621, 8, 437);
INSERT INTO SeriesWeekPopularity(seriesId, weekNr, popularity, voteAVG, voteCount) VALUES ('79744', 15, 381.621, 8, 437);
INSERT INTO SeriesWeekPopularity(seriesId, weekNr, popularity, voteAVG, voteCount) VALUES ('103302', 15, 18.556, 7.5, 78);
INSERT INTO SeriesWeekPopularity(seriesId, weekNr, popularity, voteAVG, voteCount) VALUES ('103302', 15, 18.556, 7.5, 78);
INSERT INTO SeriesWeekPopularity(seriesId, weekNr, popularity, voteAVG, voteCount) VALUES ('82684', 15, 48.262, 8.7, 271);
INSERT INTO SeriesWeekPopularity(seriesId, weekNr, popularity, voteAVG, voteCount) VALUES ('82684', 15, 48.262, 8.7, 271);
INSERT INTO SeriesWeekPopularity(seriesId, weekNr, popularity, voteAVG, voteCount) VALUES ('71912', 15, 102.829, 8.1, 2116);
INSERT INTO SeriesWeekPopularity(seriesId, weekNr, popularity, voteAVG, voteCount) VALUES ('71912', 15, 102.829, 8.1, 2116);
INSERT INTO SeriesWeekPopularity(seriesId, weekNr, popularity, voteAVG, voteCount) VALUES ('118541', 15, 108.043, 7, 1);
INSERT INTO SeriesWeekPopularity(seriesId, weekNr, popularity, voteAVG, voteCount) VALUES ('118541', 15, 108.043, 7, 1);
INSERT INTO SeriesWeekPopularity(seriesId, weekNr, popularity, voteAVG, voteCount) VALUES ('12971', 15, 219.71, 8.2, 2201);
INSERT INTO SeriesWeekPopularity(seriesId, weekNr, popularity, voteAVG, voteCount) VALUES ('12971', 15, 219.71, 8.2, 2201);
INSERT INTO SeriesWeekPopularity(seriesId, weekNr, popularity, voteAVG, voteCount) VALUES ('80563', 15, 82.675, 8, 39);
INSERT INTO SeriesWeekPopularity(seriesId, weekNr, popularity, voteAVG, voteCount) VALUES ('80563', 15, 82.675, 8, 39);
INSERT INTO SeriesWeekPopularity(seriesId, weekNr, popularity, voteAVG, voteCount) VALUES ('71694', 15, 136.637, 8.1, 136);
INSERT INTO SeriesWeekPopularity(seriesId, weekNr, popularity, voteAVG, voteCount) VALUES ('71694', 15, 136.637, 8.1, 136);
INSERT INTO SeriesWeekPopularity(seriesId, weekNr, popularity, voteAVG, voteCount) VALUES ('44006', 15, 198.325, 8.3, 1305);
INSERT INTO SeriesWeekPopularity(seriesId, weekNr, popularity, voteAVG, voteCount) VALUES ('44006', 15, 198.325, 8.3, 1305);
INSERT INTO SeriesWeekPopularity(seriesId, weekNr, popularity, voteAVG, voteCount) VALUES ('19614', 15, 61.621, 6.9, 2184);
INSERT INTO SeriesWeekPopularity(seriesId, weekNr, popularity, voteAVG, voteCount) VALUES ('19614', 15, 61.621, 6.9, 2184);
INSERT INTO SeriesWeekPopularity(seriesId, weekNr, popularity, voteAVG, voteCount) VALUES ('117378', 15, 9.413, 7.3, 6);
INSERT INTO SeriesWeekPopularity(seriesId, weekNr, popularity, voteAVG, voteCount) VALUES ('117378', 15, 9.413, 7.3, 6);
INSERT INTO SeriesWeekPopularity(seriesId, weekNr, popularity, voteAVG, voteCount) VALUES ('100565', 15, 54.787, 10, 1);
INSERT INTO SeriesWeekPopularity(seriesId, weekNr, popularity, voteAVG, voteCount) VALUES ('100565', 15, 54.787, 10, 1);
INSERT INTO SeriesWeekPopularity(seriesId, weekNr, popularity, voteAVG, voteCount) VALUES ('1622', 15, 279.673, 8.2, 4992);
INSERT INTO SeriesWeekPopularity(seriesId, weekNr, popularity, voteAVG, voteCount) VALUES ('1622', 15, 279.673, 8.2, 4992);
INSERT INTO SeriesWeekPopularity(seriesId, weekNr, popularity, voteAVG, voteCount) VALUES ('119934', 15, 12.068, 7, 5);
INSERT INTO SeriesWeekPopularity(seriesId, weekNr, popularity, voteAVG, voteCount) VALUES ('119934', 15, 12.068, 7, 5);
INSERT INTO SeriesWeekPopularity(seriesId, weekNr, popularity, voteAVG, voteCount) VALUES ('119769', 15, 19.723, 8, 1);
INSERT INTO SeriesWeekPopularity(seriesId, weekNr, popularity, voteAVG, voteCount) VALUES ('119769', 15, 19.723, 8, 1);
INSERT INTO SeriesWeekPopularity(seriesId, weekNr, popularity, voteAVG, voteCount) VALUES ('71790', 15, 172.536, 7.7, 367);
INSERT INTO SeriesWeekPopularity(seriesId, weekNr, popularity, voteAVG, voteCount) VALUES ('71790', 15, 172.536, 7.7, 367);
INSERT INTO SeriesWeekPopularity(seriesId, weekNr, popularity, voteAVG, voteCount) VALUES ('100567', 15, 102.728, 8, 1);
INSERT INTO SeriesWeekPopularity(seriesId, weekNr, popularity, voteAVG, voteCount) VALUES ('100567', 15, 102.728, 8, 1);
INSERT INTO SeriesWeekPopularity(seriesId, weekNr, popularity, voteAVG, voteCount) VALUES ('19885', 15, 54.298, 8.4, 2894);
INSERT INTO SeriesWeekPopularity(seriesId, weekNr, popularity, voteAVG, voteCount) VALUES ('19885', 15, 54.298, 8.4, 2894);
INSERT INTO SeriesWeekPopularity(seriesId, weekNr, popularity, voteAVG, voteCount) VALUES ('87093', 15, 23.975, 8.7, 30);
INSERT INTO SeriesWeekPopularity(seriesId, weekNr, popularity, voteAVG, voteCount) VALUES ('87093', 15, 23.975, 8.7, 30);
INSERT INTO Series(id, title, overview, popularity, seasons, episodes, posterPath, voteCount, voteAvg, firstAir, lastAir, tagline) VALUES(1403,'Marvel\'s Agents of S.H.I.E.L.D.','Agent Phil Coulson of S.H.I.E.L.D. (Strategic Homeland Intervention, Enforcement and Logistics Division) puts together a team of agents to investigate the new, the strange and the unknown around the globe, protecting the ordinary from the extraordinary.',147.009,7,136,'/gHUCCMy1vvj58tzE3dZqeC9SXus.jpg',2468, 7.4,'2013-09-24', '2020-08-12', 'Not all heroes are super.');
INSERT INTO SeriesGenre(seriesId, genreId) VALUES(1403,'18');
INSERT INTO SeriesGenre(seriesId, genreId) VALUES(1403,'10765');
INSERT INTO SeriesGenre(seriesId, genreId) VALUES(1403,'10759');
INSERT INTO SeriesCountry(seriesId, countryId) VALUES(1403,'US');
INSERT INTO SeriesNetwork(seriesId, networkId) VALUES(1403,'2');
INSERT INTO SeriesWeekPopularity(seriesId, weekNr, popularity, voteAVG, voteCount) VALUES ('1403', 15, 147.009, 7.4, 2467);
