INSERT INTO Personen(id, name, birthday, deathday, popularity, profilePath, gender, profession) VALUES(28846,'Alexander Skarsgård','1976-08-25','',12.297,'/hIuDik6KDmHLrqZWxBVdXzUw1kq.jpg',2,'Acting');
INSERT INTO Personen(id, name, birthday, deathday, popularity, profilePath, gender, profession) VALUES(1356210,'Millie Bobby Brown','2004-02-19','',31.984,'/yzfxLMcBMusKzZp9f1Z9Ags8WML.jpg',1,'Acting');
INSERT INTO Personen(id, name, birthday, deathday, popularity, profilePath, gender, profession) VALUES(15556,'Rebecca Hall','1982-05-03','',16.135,'/cVZaQrUY7F5khCBYdKDlEppHnQi.jpg',1,'Acting');
INSERT INTO Personen(id, name, birthday, deathday, popularity, profilePath, gender, profession) VALUES(226366,'Brian Tyree Henry','1982-03-31','',4.211,'/1h4sYFAc1inxcV0Ljrl5v2mMskI.jpg',2,'Acting');
INSERT INTO Personen(id, name, birthday, deathday, popularity, profilePath, gender, profession) VALUES(46364,'Shun Oguri','1982-12-26','',7.169,'/4tfrhvqp3IGHPATor0lYE9X9UD3.jpg',2,'Acting');
INSERT INTO Personen(id, name, birthday, deathday, popularity, profilePath, gender, profession) VALUES(1222992,'Eiza González','1990-01-30','',12.651,'/w2pZ8gLqZNguj8cqrDGbMw2Ibj0.jpg',1,'Acting');
INSERT INTO Personen(id, name, birthday, deathday, popularity, profilePath, gender, profession) VALUES(1139349,'Julian Dennison','2002-10-26','',5.553,'/9wmT8RDfJL2yKuY5AeJuDTkHSJe.jpg',2,'Acting');
INSERT INTO Personen(id, name, birthday, deathday, popularity, profilePath, gender, profession) VALUES(129101,'Lance Reddick','1969-12-31','',4.262,'/22mVtEXZbpt0J7S0LhIhdkfRrZV.jpg',2,'Acting');
INSERT INTO Personen(id, name, birthday, deathday, popularity, profilePath, gender, profession) VALUES(1706,'Terry Rossio','1960-07-02','',6.075,'',2,'Writing');
INSERT INTO Personen(id, name, birthday, deathday, popularity, profilePath, gender, profession) VALUES(2445,'Eric McLeod','','',0.6,'',2,'Production');
INSERT INTO Personen(id, name, birthday, deathday, popularity, profilePath, gender, profession) VALUES(2529,'Ronald R. Reiss','1977-04-21','',0.6,'',2,'Art');
INSERT INTO Personen(id, name, birthday, deathday, popularity, profilePath, gender, profession) VALUES(7232,'Sarah Halley Finn','','',2.861,'/pI3OhmnHhXLEwuv0Vq6qJHivCJA.jpg',1,'Production');
INSERT INTO Personen(id, name, birthday, deathday, popularity, profilePath, gender, profession) VALUES(9343,'Owen Paterson','','',0.98,'',2,'Art');
INSERT INTO Personen(id, name, birthday, deathday, popularity, profilePath, gender, profession) VALUES(11012,'Michael Dougherty','1974-10-28','',3.945,'/spyEbbR2ySIfYY6onH0E4a26Dpo.jpg',2,'Writing');
INSERT INTO Personen(id, name, birthday, deathday, popularity, profilePath, gender, profession) VALUES(21036,'Roy Lee','1969-03-23','',1.192,'/fMY0MiVyrGaK44ejqWzT2txcRVI.jpg',2,'Production');
INSERT INTO Personen(id, name, birthday, deathday, popularity, profilePath, gender, profession) VALUES(55536,'Melissa McCarthy','1970-08-26','',8.978,'/nRNMJlqR33j84cGdB0RxstV3NYm.jpg',1,'Acting');
INSERT INTO Personen(id, name, birthday, deathday, popularity, profilePath, gender, profession) VALUES(6944,'Octavia Spencer','1972-05-25','',10.039,'/jnQTP4RRkoWnyO3yL2PgRHZi0tK.jpg',1,'Acting');
INSERT INTO Personen(id, name, birthday, deathday, popularity, profilePath, gender, profession) VALUES(23532,'Jason Bateman','1969-01-14','',9.439,'/8e6mt0vGjPo6eW52gqRuXy5YnfN.jpg',2,'Acting');
INSERT INTO Personen(id, name, birthday, deathday, popularity, profilePath, gender, profession) VALUES(21127,'Bobby Cannavale','1970-05-03','',6.251,'/gYQwTbEj5IBPYKLGKgrsNGrWAMl.jpg',2,'Acting');
INSERT INTO Personen(id, name, birthday, deathday, popularity, profilePath, gender, profession) VALUES(139820,'Pom Klementieff','1986-05-03','',9.266,'/hfUKAI2kXTMMWjno0i4sLPJud5N.jpg',1,'Acting');
INSERT INTO Personen(id, name, birthday, deathday, popularity, profilePath, gender, profession) VALUES(6832,'Melissa Leo','1960-09-14','',4.583,'/tKNTvhmuO7FZMYYgRrZB6k8FT5K.jpg',1,'Acting');
INSERT INTO Personen(id, name, birthday, deathday, popularity, profilePath, gender, profession) VALUES(1381987,'Taylor Mosby','2002-01-01','',3.503,'/nwNPEmsCePdnDq77qCJUKEOZ8FU.jpg',1,'Acting');
INSERT INTO Personen(id, name, birthday, deathday, popularity, profilePath, gender, profession) VALUES(59845,'Marcella Lowery','1946-04-27','',5.424,'/9GuDeNZZHYx7dULykxM31j2fqix.jpg',1,'Acting');
INSERT INTO Personen(id, name, birthday, deathday, popularity, profilePath, gender, profession) VALUES(10397,'Carol Ramsey','','',0.6,'',1,'Costume & Make-Up');
INSERT INTO Personen(id, name, birthday, deathday, popularity, profilePath, gender, profession) VALUES(23485,'Marc Platt','1957-04-14','',0.6,'/1V51JQqDdoXnC4LElFfSPSjYGfY.jpg',2,'Production');
INSERT INTO Personen(id, name, birthday, deathday, popularity, profilePath, gender, profession) VALUES(25906,'Tia Nolan','','',0.6,'/drs5355XXaEAyBzJiYe36803BpY.jpg',0,'Editing');
INSERT INTO Personen(id, name, birthday, deathday, popularity, profilePath, gender, profession) VALUES(41592,'Andrew Max Cahn','','',0.75,'',2,'Art');
INSERT INTO Personen(id, name, birthday, deathday, popularity, profilePath, gender, profession) VALUES(41080,'Allison Jones','1955-07-13','',0.786,'/d0Kk5DHy2dtoxwX7IelactzN0Hw.jpg',1,'Production');
INSERT INTO Personen(id, name, birthday, deathday, popularity, profilePath, gender, profession) VALUES(50459,'Becki Cross Trujillo','','',0.6,'',0,'Production');
INSERT INTO Personen(id, name, birthday, deathday, popularity, profilePath, gender, profession) VALUES(52600,'Bill Brzeski','','',0.6,'/mMYfNs66GLsnU0mD1LVr5t8r4jU.jpg',2,'Art');
INSERT INTO Personen(id, name, birthday, deathday, popularity, profilePath, gender, profession) VALUES(54164,'Barry Peterson','','',0.6,'/3N9iiLQ39YOf1tlUroQh3rSDBKq.jpg',2,'Camera');
INSERT INTO Personen(id, name, birthday, deathday, popularity, profilePath, gender, profession) VALUES(1610940,'Lewis Tan','1987-02-04','',11.589,'/lkW8gh20BuwzHecXqYH1eRVuWpb.jpg',2,'Acting');
INSERT INTO Personen(id, name, birthday, deathday, popularity, profilePath, gender, profession) VALUES(136347,'Jessica McNamee','1986-02-21','',14.794,'/aAfaMEEqD8syHv5bLi5B3sccrM2.jpg',1,'Acting');
INSERT INTO Personen(id, name, birthday, deathday, popularity, profilePath, gender, profession) VALUES(189230,'Josh Lawson','1981-07-22','',5.741,'/Am9vM77uZd9bGODugwmWtOfzx6E.jpg',2,'Acting');
INSERT INTO Personen(id, name, birthday, deathday, popularity, profilePath, gender, profession) VALUES(13275,'Tadanobu Asano','1973-11-27','',9.36,'/sL0H5my3PAc208n3yu64TO3ug12.jpg',2,'Acting');
INSERT INTO Personen(id, name, birthday, deathday, popularity, profilePath, gender, profession) VALUES(51684,'Mehcad Brooks','1980-10-25','',6.301,'/etlE8YdFgYk6Nbe3uRQcc5uF0t2.jpg',2,'Acting');
INSERT INTO Personen(id, name, birthday, deathday, popularity, profilePath, gender, profession) VALUES(1525689,'Ludi Lin','1987-11-11','',7.083,'/9Ila4K8POeuVWRO9hzyekFjvCDk.jpg',2,'Acting');
INSERT INTO Personen(id, name, birthday, deathday, popularity, profilePath, gender, profession) VALUES(101015,'Ng Chin Han','1969-11-27','',6.981,'/bFrdZelxF1GW2TsIWJFZfC4IEDR.jpg',2,'Acting');
INSERT INTO Personen(id, name, birthday, deathday, popularity, profilePath, gender, profession) VALUES(592496,'Joe Taslim','1981-06-23','',12.785,'/lv85qMVXtofw7VsM7tKR36V0jAy.jpg',2,'Acting');
INSERT INTO Personen(id, name, birthday, deathday, popularity, profilePath, gender, profession) VALUES(2127,'James Wan','1977-02-27','',6.192,'/hZeFnl5vg7lPusYstuFtuY9Lpx5.jpg',2,'Directing');
INSERT INTO Personen(id, name, birthday, deathday, popularity, profilePath, gender, profession) VALUES(40825,'Benjamin Wallfisch','1979-01-01','',0.6,'/dWcshjk0OUi3stGFFrwZIsYKZfQ.jpg',2,'Sound');
INSERT INTO Personen(id, name, birthday, deathday, popularity, profilePath, gender, profession) VALUES(11455,'Dan Lebental','','',1.102,'/kG4N93eMa6fzkJjBsRPQXUcGQlg.jpg',2,'Editing');
INSERT INTO Personen(id, name, birthday, deathday, popularity, profilePath, gender, profession) VALUES(11814,'Todd Garner','','',0.6,'/hRu3nTh08RLwPNFnWlSwE9uu2Pw.jpg',2,'Production');
INSERT INTO Personen(id, name, birthday, deathday, popularity, profilePath, gender, profession) VALUES(17677,'Naaman Marshall','','',1.4,'',0,'Art');
INSERT INTO Personen(id, name, birthday, deathday, popularity, profilePath, gender, profession) VALUES(43518,'Lawrence Kasanoff','','',0.6,'/4ahZJTfqhzINKenq7C34oJRRLYx.jpg',2,'Production');
INSERT INTO Personen(id, name, birthday, deathday, popularity, profilePath, gender, profession) VALUES(54252,'E. Bennett Walsh','','',1.4,'',2,'Production');
INSERT INTO Personen(id, name, birthday, deathday, popularity, profilePath, gender, profession) VALUES(57264,'Dave Callaham','1977-10-24','',5.318,'/mbppbv25p2o2W6FAtPbFNSUeGLj.jpg',2,'Writing');
INSERT INTO Personen(id, name, birthday, deathday, popularity, profilePath, gender, profession) VALUES(880,'Ben Affleck','1972-08-15','',19.708,'/u525jeDOzg9hVdvYfeehTGnw7Aa.jpg',2,'Acting');
INSERT INTO Personen(id, name, birthday, deathday, popularity, profilePath, gender, profession) VALUES(73968,'Henry Cavill','1983-05-05','',26.063,'/hErUwonrQgY5Y7RfxOfv8Fq11MB.jpg',2,'Acting');
INSERT INTO Personen(id, name, birthday, deathday, popularity, profilePath, gender, profession) VALUES(90633,'Gal Gadot','1985-04-30','',31.685,'/cIi5pCTdVpD4Hn0OEcJhJeNKYMw.jpg',1,'Acting');
INSERT INTO Personen(id, name, birthday, deathday, popularity, profilePath, gender, profession) VALUES(117642,'Jason Momoa','1979-08-01','',16.352,'/6dEFBpZH8C8OijsynkSajQT99Pb.jpg',2,'Acting');
INSERT INTO Personen(id, name, birthday, deathday, popularity, profilePath, gender, profession) VALUES(132157,'Ezra Miller','1992-09-30','',9.005,'/6wmTpbYpmhthaxzM5ss3377F9IV.jpg',3,'Acting');
INSERT INTO Personen(id, name, birthday, deathday, popularity, profilePath, gender, profession) VALUES(1313559,'Ray Fisher','1991-09-08','',3.107,'/310snvA05xDOQZDn2fJSp242GHw.jpg',2,'Acting');
INSERT INTO Personen(id, name, birthday, deathday, popularity, profilePath, gender, profession) VALUES(9273,'Amy Adams','1974-08-20','',10.5,'/1h2r2VTpoFb5QefAaBYYQgQzL9z.jpg',1,'Acting');
INSERT INTO Personen(id, name, birthday, deathday, popularity, profilePath, gender, profession) VALUES(16940,'Jeremy Irons','1948-09-19','',10.568,'/jWhutvBrpV09KQK7LqZxSdGSXFk.jpg',2,'Acting');
INSERT INTO Personen(id, name, birthday, deathday, popularity, profilePath, gender, profession) VALUES(282,'Charles Roven','1949-08-02','',1.571,'/4uJLoVstC1CBcArXFOe53N2fDr1.jpg',0,'Production');
INSERT INTO Personen(id, name, birthday, deathday, popularity, profilePath, gender, profession) VALUES(525,'Christopher Nolan','1970-07-30','',5.814,'/xuAIuYSmsUzKlUMBFGVZaWsY3DZ.jpg',2,'Directing');
INSERT INTO Personen(id, name, birthday, deathday, popularity, profilePath, gender, profession) VALUES(556,'Emma Thomas','1971-12-09','',3.086,'/6GemtNCy856iLho6WRsFASxQTAp.jpg',1,'Production');
INSERT INTO Personen(id, name, birthday, deathday, popularity, profilePath, gender, profession) VALUES(563,'Dody Dorn','1955-04-20','',0.6,'/d3RESRZlLhsOIUQNIWxVqaO21q3.jpg',1,'Editing');
INSERT INTO Personen(id, name, birthday, deathday, popularity, profilePath, gender, profession) VALUES(2057,'Kim McGarrity','','',1.138,'',1,'Crew');
INSERT INTO Personen(id, name, birthday, deathday, popularity, profilePath, gender, profession) VALUES(2293,'Frank Miller','1957-01-27','',2.861,'/2eqqLG9Sv4i1ZlM14wY2LTTEbld.jpg',2,'Writing');
INSERT INTO Personen(id, name, birthday, deathday, popularity, profilePath, gender, profession) VALUES(2953,'Lora Kennedy','','',0.6,'/iLrYUr57iX8LdHxnh3bflegzWuE.jpg',1,'Production');
INSERT INTO Personen(id, name, birthday, deathday, popularity, profilePath, gender, profession) VALUES(3896,'Liam Neeson','1952-06-07','',19.662,'/jrf9LaTFWfLA5DBhFWENFsWh4Y9.jpg',2,'Acting');
INSERT INTO Personen(id, name, birthday, deathday, popularity, profilePath, gender, profession) VALUES(26723,'Katheryn Winnick','1977-12-17','',35.054,'/vQSqH3ybDWZHZIqX4NZKhOCXAhQ.jpg',1,'Acting');
INSERT INTO Personen(id, name, birthday, deathday, popularity, profilePath, gender, profession) VALUES(589722,'Teresa Ruiz','1988-12-21','',7.452,'/bu0bGNDzIpaVfrOBBb1PERirBB9.jpg',1,'Acting');
INSERT INTO Personen(id, name, birthday, deathday, popularity, profilePath, gender, profession) VALUES(937009,'Juan Pablo Raba','1974-01-14','',1.927,'/xXgB3pOpYWs8NlePS0QrRiYV5FD.jpg',2,'Acting');
INSERT INTO Personen(id, name, birthday, deathday, popularity, profilePath, gender, profession) VALUES(85419,'Dylan Kenin','','',3.504,'/yGq7PooU34xeRWFORF96fmJmvl9.jpg',2,'Acting');
INSERT INTO Personen(id, name, birthday, deathday, popularity, profilePath, gender, profession) VALUES(53969,'Luce Rains','','',1.969,'/az7wB3HJNQ7T3TmDdZ3rIdZ6bxO.jpg',2,'Acting');
INSERT INTO Personen(id, name, birthday, deathday, popularity, profilePath, gender, profession) VALUES(1715155,'Chase Mullins','','',1.132,'/eaGnQeSbxoDzeiMLygkohlgaOL1.jpg',0,'Acting');
INSERT INTO Personen(id, name, birthday, deathday, popularity, profilePath, gender, profession) VALUES(1725188,'Christopher Mele','','',0.6,'/syCDYJwf4UGDlVKLSlK4WLD9Oqt.jpg',0,'Acting');
INSERT INTO Personen(id, name, birthday, deathday, popularity, profilePath, gender, profession) VALUES(4746,'Robert Lorenz','','',1.586,'',2,'Production');
INSERT INTO Personen(id, name, birthday, deathday, popularity, profilePath, gender, profession) VALUES(91854,'Francisco X. Pérez','','',1.38,'',0,'Costume & Make-Up');
INSERT INTO Personen(id, name, birthday, deathday, popularity, profilePath, gender, profession) VALUES(114298,'Wilhelm Pfau','','',0.6,'',2,'Art');
INSERT INTO Personen(id, name, birthday, deathday, popularity, profilePath, gender, profession) VALUES(206574,'Mark Williams','1959-08-22','',1.252,'/dmOeFb4qxG5TmDy1RW8CBzCCEOT.jpg',2,'Production');
INSERT INTO Personen(id, name, birthday, deathday, popularity, profilePath, gender, profession) VALUES(958691,'Charisse Cardenas','','',1.4,'',0,'Art');
INSERT INTO Personen(id, name, birthday, deathday, popularity, profilePath, gender, profession) VALUES(1018084,'Warren T. Goz','','',0.6,'',0,'Production');
INSERT INTO Personen(id, name, birthday, deathday, popularity, profilePath, gender, profession) VALUES(1136406,'Tom Holland','1996-06-01','',21.631,'/k4Oimp5juy6qHPtFWUFpgEX4Sln.jpg',2,'Acting');
INSERT INTO Personen(id, name, birthday, deathday, popularity, profilePath, gender, profession) VALUES(1315036,'Daisy Ridley','1992-04-10','',12.881,'/n8kBnNOi9VmELHJy3FdZjrSN9zT.jpg',1,'Acting');
INSERT INTO Personen(id, name, birthday, deathday, popularity, profilePath, gender, profession) VALUES(1019,'Mads Mikkelsen','1965-11-22','',21.404,'/oQBzMxGTMOIVrFGUqHnWK5lB61G.jpg',2,'Acting');
INSERT INTO Personen(id, name, birthday, deathday, popularity, profilePath, gender, profession) VALUES(76961,'Demián Bichir','1963-08-01','',3.492,'/sw8TqPQLbMMgLbkNNUIW649THWJ.jpg',2,'Acting');
INSERT INTO Personen(id, name, birthday, deathday, popularity, profilePath, gender, profession) VALUES(35013,'David Oyelowo','1976-04-01','',3.021,'/rYMhOxFoMVedBL4LlnF27nWp2OE.jpg',2,'Acting');
INSERT INTO Personen(id, name, birthday, deathday, popularity, profilePath, gender, profession) VALUES(200043,'Kurt Sutter','1960-05-05','',3.218,'/A4c9xpj2VuZXGvSv6z1S912Xwnd.jpg',2,'Writing');
INSERT INTO Personen(id, name, birthday, deathday, popularity, profilePath, gender, profession) VALUES(1765068,'Cynthia Erivo','1987-01-08','',3.975,'/vWLhplaio80fuv5mACLImjstg2v.jpg',1,'Acting');
INSERT INTO Personen(id, name, birthday, deathday, popularity, profilePath, gender, profession) VALUES(1254367,'Bethany Anne Lind','','',2.136,'/d0FjeKbWYhbTzFSimCnC9K1Maza.jpg',1,'Acting');
INSERT INTO Personen(id, name, birthday, deathday, popularity, profilePath, gender, profession) VALUES(1000,'Dan Weil','','',0.6,'',2,'Art');
INSERT INTO Personen(id, name, birthday, deathday, popularity, profilePath, gender, profession) VALUES(546,'Jeanne McCarthy','','',1.891,'',1,'Production');
INSERT INTO Personen(id, name, birthday, deathday, popularity, profilePath, gender, profession) VALUES(7229,'Marco Beltrami','1966-10-07','',1.502,'/fb3TfFITlOC0BN3kNpUXj1FL0LN.jpg',2,'Sound');
INSERT INTO Personen(id, name, birthday, deathday, popularity, profilePath, gender, profession) VALUES(5327,'Andrew Mondshein','','',1.22,'',2,'Editing');
INSERT INTO Personen(id, name, birthday, deathday, popularity, profilePath, gender, profession) VALUES(10950,'Erwin Stoff','1951-04-26','',0.6,'',2,'Production');
INSERT INTO Personen(id, name, birthday, deathday, popularity, profilePath, gender, profession) VALUES(11694,'Doug Liman','1965-07-24','',3.631,'/6ebrRCsERA1IchMiF5SufD66stS.jpg',2,'Directing');
INSERT INTO Personen(id, name, birthday, deathday, popularity, profilePath, gender, profession) VALUES(11696,'Patrick Wachsberger','','',0.694,'',2,'Production');
INSERT INTO Personen(id, name, birthday, deathday, popularity, profilePath, gender, profession) VALUES(11697,'Erik Feig','','',0.648,'',2,'Production');
INSERT INTO Personen(id, name, birthday, deathday, popularity, profilePath, gender, profession) VALUES(59410,'Bob Odenkirk','1962-10-22','',15.362,'/rF0Lb6SBhGSTvjRffmlKRSeI3jE.jpg',2,'Acting');
INSERT INTO Personen(id, name, birthday, deathday, popularity, profilePath, gender, profession) VALUES(113332,'Aleksey Serebryakov','1964-06-03','',4.071,'/oFeLJoqKyhx0YgNxa6gfALMf0H5.jpg',2,'Acting');
INSERT INTO Personen(id, name, birthday, deathday, popularity, profilePath, gender, profession) VALUES(935,'Connie Nielsen','1965-07-03','',22.386,'/lvQypTfeH2Gn2PTbzq6XkT2PLmn.jpg',1,'Acting');
INSERT INTO Personen(id, name, birthday, deathday, popularity, profilePath, gender, profession) VALUES(1062,'Christopher Lloyd','1938-10-22','',14.751,'/nxVjpyb3UrfbPZnEyDNlQVlFAs5.jpg',2,'Acting');
INSERT INTO Personen(id, name, birthday, deathday, popularity, profilePath, gender, profession) VALUES(11086,'Michael Ironside','1950-02-12','',5.84,'/mzHmxtKcMJjDqWxKd67mKQJFW1B.jpg',2,'Acting');
INSERT INTO Personen(id, name, birthday, deathday, popularity, profilePath, gender, profession) VALUES(5414,'Colin Salmon','1962-12-06','',2.27,'/73wYPkofjYaHKrqJcaqkLSErmEe.jpg',2,'Acting');
INSERT INTO Personen(id, name, birthday, deathday, popularity, profilePath, gender, profession) VALUES(150,'RZA','1969-07-05','',3.719,'/2PVYCKXb1X3PLawJNoYGLN1x0In.jpg',2,'Sound');
INSERT INTO Personen(id, name, birthday, deathday, popularity, profilePath, gender, profession) VALUES(63814,'Billy MacLellan','1974-01-31','',2.701,'/9ObnhjbbeVEhk8g941FrLq4W0r7.jpg',2,'Acting');
INSERT INTO Personen(id, name, birthday, deathday, popularity, profilePath, gender, profession) VALUES(2219,'Tobey Maguire','1975-06-27','',7.439,'/ncF4HivY2W6SQW5dEP3N3I4mfT0.jpg',2,'Acting');
INSERT INTO Personen(id, name, birthday, deathday, popularity, profilePath, gender, profession) VALUES(5914,'Mary Vernieu','','',1.656,'',1,'Production');
INSERT INTO Personen(id, name, birthday, deathday, popularity, profilePath, gender, profession) VALUES(6114,'Marc S. Fischer','','',1.4,'',2,'Production');
INSERT INTO Personen(id, name, birthday, deathday, popularity, profilePath, gender, profession) VALUES(40684,'David Leitch','1969-12-31','',3.656,'/qykhwWkXTAteD9yvsmItXh9LxCq.jpg',2,'Directing');
INSERT INTO Personen(id, name, birthday, deathday, popularity, profilePath, gender, profession) VALUES(60521,'William Yeh','','',0.6,'',2,'Editing');
INSERT INTO Personen(id, name, birthday, deathday, popularity, profilePath, gender, profession) VALUES(61140,'Sara McCudden','','',0.6,'',1,'Art');
INSERT INTO Personen(id, name, birthday, deathday, popularity, profilePath, gender, profession) VALUES(225635,'David Buckley','1976-06-07','',0.6,'',2,'Sound');
INSERT INTO Personen(id, name, birthday, deathday, popularity, profilePath, gender, profession) VALUES(1663195,'Kelly Marie Tran','1989-01-17','',3.748,'/2YuymbQfIlaUx8xtAxL5OOCsw6H.jpg',1,'Acting');
INSERT INTO Personen(id, name, birthday, deathday, popularity, profilePath, gender, profession) VALUES(1625558,'Awkwafina','1989-06-02','',13.028,'/l5AKkg3H1QhMuXmTTmq1EyjyiRb.jpg',1,'Acting');
INSERT INTO Personen(id, name, birthday, deathday, popularity, profilePath, gender, profession) VALUES(2362044,'Izaac Wang','2007-10-22','',4.06,'/bzvi6adMl3zmzC7gWhS4cmO61S4.jpg',2,'Acting');
INSERT INTO Personen(id, name, birthday, deathday, popularity, profilePath, gender, profession) VALUES(97576,'Gemma Chan','1982-11-29','',3.85,'/srz0uSI4tDsuxTDXMzLwsEY44Wy.jpg',1,'Acting');
INSERT INTO Personen(id, name, birthday, deathday, popularity, profilePath, gender, profession) VALUES(18307,'Daniel Dae Kim','1968-08-09','',9.692,'/aXbTKgL4u6oVumQ459B9VkGTn4A.jpg',2,'Acting');
INSERT INTO Personen(id, name, birthday, deathday, popularity, profilePath, gender, profession) VALUES(30082,'Benedict Wong','1971-06-03','',6.969,'/ukmfsl59Isvn9odgzMWBidA3cmt.jpg',2,'Acting');
INSERT INTO Personen(id, name, birthday, deathday, popularity, profilePath, gender, profession) VALUES(1465325,'Jona Xiao','1989-05-18','',2.296,'/bEd5FvgkrZloJ0Vb9A3ijEwEV5f.jpg',1,'Acting');
INSERT INTO Personen(id, name, birthday, deathday, popularity, profilePath, gender, profession) VALUES(25540,'Sandra Oh','1971-07-20','',4.073,'/zU8vjebHxcP60ESEL5Ok68KWZvj.jpg',1,'Acting');
INSERT INTO Personen(id, name, birthday, deathday, popularity, profilePath, gender, profession) VALUES(1213,'James Newton Howard','1951-06-09','',1.917,'/qB4JgzCXCjr7NwW7UNrgBrWZDlo.jpg',2,'Sound');
INSERT INTO Personen(id, name, birthday, deathday, popularity, profilePath, gender, profession) VALUES(44029,'Fabienne Rawley','','',0.699,'/94hWzJiJskQYepoxrHg1wZ2Yc2G.jpg',1,'Editing');
INSERT INTO Personen(id, name, birthday, deathday, popularity, profilePath, gender, profession) VALUES(61416,'Peter Del Vecho','','',1.538,'',2,'Production');
INSERT INTO Personen(id, name, birthday, deathday, popularity, profilePath, gender, profession) VALUES(70240,'Paul A. Felix','','',0.6,'',0,'Art');
INSERT INTO Personen(id, name, birthday, deathday, popularity, profilePath, gender, profession) VALUES(137198,'Jamie Sparer Roberts','','',0.636,'/qAXxHH7GIXTnySqB0GUi7hLxW89.jpg',0,'Production');
INSERT INTO Personen(id, name, birthday, deathday, popularity, profilePath, gender, profession) VALUES(227439,'Don Hall','1969-01-01','',2.08,'/wT8rqrI65ROqwuJUGEv1A0rLoE0.jpg',2,'Directing');
INSERT INTO Personen(id, name, birthday, deathday, popularity, profilePath, gender, profession) VALUES(1117307,'Shannon Stein','','',0.6,'',0,'Editing');
INSERT INTO Personen(id, name, birthday, deathday, popularity, profilePath, gender, profession) VALUES(47296,'Jeffrey Dean Morgan','1966-04-22','',11.316,'/s0YlYSyLizIQ84qiUBa86mi2fGE.jpg',2,'Acting');
INSERT INTO Personen(id, name, birthday, deathday, popularity, profilePath, gender, profession) VALUES(2067034,'Cricket Brown','','',1.13,'/kYBJ9YItPmbvl3009eKAkvkIlYl.jpg',1,'Acting');
INSERT INTO Personen(id, name, birthday, deathday, popularity, profilePath, gender, profession) VALUES(2130,'Cary Elwes','1962-10-26','',7.472,'/9UszBdQJ9PmyBydIeIBxlStozhW.jpg',2,'Acting');
INSERT INTO Personen(id, name, birthday, deathday, popularity, profilePath, gender, profession) VALUES(221944,'Katie Aselton','1978-10-01','',2.578,'/4kFwHnj9VpVpNoMpD0xduerFKS.jpg',1,'Acting');
INSERT INTO Personen(id, name, birthday, deathday, popularity, profilePath, gender, profession) VALUES(6573,'William Sadler','1950-04-13','',8.918,'/rWeb2kjYCA7V9MC9kRwRpm57YoY.jpg',2,'Acting');
INSERT INTO Personen(id, name, birthday, deathday, popularity, profilePath, gender, profession) VALUES(87194,'Christine Adams','1974-08-15','',3.256,'/yUMJguEggbkNzUZnvRCYgebU0Ck.jpg',1,'Acting');
INSERT INTO Personen(id, name, birthday, deathday, popularity, profilePath, gender, profession) VALUES(647347,'Diogo Morgado','1981-01-17','',1.811,'/bUVp5Qv0yHY4GOxwCwu4ox7v9qC.jpg',2,'Acting');
INSERT INTO Personen(id, name, birthday, deathday, popularity, profilePath, gender, profession) VALUES(2551945,'Marina Mazepa','','',1.542,'/5ehZVW7MX9nuR7e7NGIeUG05q0L.jpg',0,'Acting');
INSERT INTO Personen(id, name, birthday, deathday, popularity, profilePath, gender, profession) VALUES(7623,'Sam Raimi','1959-10-23','',5.476,'/8gssvwiPrFRuFRlr5ruKx68k1Jl.jpg',2,'Directing');
INSERT INTO Personen(id, name, birthday, deathday, popularity, profilePath, gender, profession) VALUES(9419,'Benjamin L. Cook','','',1.38,'',0,'Sound');
INSERT INTO Personen(id, name, birthday, deathday, popularity, profilePath, gender, profession) VALUES(11359,'Robert Tapert','1955-05-14','',0.779,'/tAtStnFgeJaTm9QmhajADZGiQi9.jpg',2,'Production');
INSERT INTO Personen(id, name, birthday, deathday, popularity, profilePath, gender, profession) VALUES(42036,'Kami Asgar','1965-05-26','',0.6,'',2,'Sound');
INSERT INTO Personen(id, name, birthday, deathday, popularity, profilePath, gender, profession) VALUES(73417,'Joseph Bishara','1970-07-26','',2.258,'/jkFmkZcd16cEX2yGFNNAsNJyN5U.jpg',2,'Sound');
INSERT INTO Personen(id, name, birthday, deathday, popularity, profilePath, gender, profession) VALUES(80675,'Evan Spiliotopoulos','','',1.799,'',2,'Writing');
INSERT INTO Personen(id, name, birthday, deathday, popularity, profilePath, gender, profession) VALUES(939345,'Patrick Seitz','','',1.623,'/e13Y5m1Ye4CXn7cMUOUvyHGBBRq.jpg',2,'Acting');
INSERT INTO Personen(id, name, birthday, deathday, popularity, profilePath, gender, profession) VALUES(1231115,'Jordan Rodrigues','1992-07-20','',3.863,'/7g9T47nMfC29itacF4bIhcaBJTh.jpg',2,'Acting');
INSERT INTO Personen(id, name, birthday, deathday, popularity, profilePath, gender, profession) VALUES(53828,'Jennifer Carpenter','1979-12-07','',5.981,'/iCizTujmvyrMSIV1ougo2FhrekH.jpg',1,'Acting');
INSERT INTO Personen(id, name, birthday, deathday, popularity, profilePath, gender, profession) VALUES(74949,'Joel McHale','1971-11-20','',4.497,'/jFtqHLCrmGSIJtwdxloO3KM98iC.jpg',2,'Acting');
INSERT INTO Personen(id, name, birthday, deathday, popularity, profilePath, gender, profession) VALUES(1620226,'Ike Amadi','','',0.709,'/xsv09XrYPk5bdY3cAUwKqJnraxC.jpg',2,'Acting');
INSERT INTO Personen(id, name, birthday, deathday, popularity, profilePath, gender, profession) VALUES(571562,'Steve Blum','1960-04-29','',3.334,'/cpO0muunoigq1WHegeOEI1AIQAo.jpg',2,'Acting');
INSERT INTO Personen(id, name, birthday, deathday, popularity, profilePath, gender, profession) VALUES(1509454,'Artt Butler','1969-10-13','',0.794,'/3s8x2L87RM1GxJCzruD0X959VFa.jpg',2,'Acting');
INSERT INTO Personen(id, name, birthday, deathday, popularity, profilePath, gender, profession) VALUES(1352628,'Darin De Paul','','',1.216,'/vGzewVsLWtXyEU7X3iNdjWEd6y9.jpg',2,'Acting');
INSERT INTO Personen(id, name, birthday, deathday, popularity, profilePath, gender, profession) VALUES(57257,'John Tobias','','',0.6,'',0,'Crew');
INSERT INTO Personen(id, name, birthday, deathday, popularity, profilePath, gender, profession) VALUES(90881,'Kelly Ann Foley','','',0.6,'',1,'Sound');
INSERT INTO Personen(id, name, birthday, deathday, popularity, profilePath, gender, profession) VALUES(105642,'Rick Morales','','',1.124,'/qmzubkG4gb89WeFelMpa1VKvjfs.jpg',0,'Directing');
INSERT INTO Personen(id, name, birthday, deathday, popularity, profilePath, gender, profession) VALUES(141043,'Sam Register','1969-06-16','',2.905,'/9K1RTX51GDbegrAhMeLQLSGyF3B.jpg',2,'Production');
INSERT INTO Personen(id, name, birthday, deathday, popularity, profilePath, gender, profession) VALUES(150856,'James Krieg','','',2.806,'',2,'Writing');
INSERT INTO Personen(id, name, birthday, deathday, popularity, profilePath, gender, profession) VALUES(204553,'Ethan Spaulding','','',2.798,'/pUIaHF2enwtacdArUOysvYjmqaW.jpg',2,'Directing');
INSERT INTO Personen(id, name, birthday, deathday, popularity, profilePath, gender, profession) VALUES(1183647,'Eric V. Hachikian','','',0.6,'',0,'Sound');
INSERT INTO Personen(id, name, birthday, deathday, popularity, profilePath, gender, profession) VALUES(18182,'Olga Kurylenko','1979-11-14','',13.941,'/q0QXFRg5bSnaLjbvhamfclt0eId.jpg',1,'Acting');
INSERT INTO Personen(id, name, birthday, deathday, popularity, profilePath, gender, profession) VALUES(1431070,'Marilyn Lima','1995-09-28','',3.031,'/o3lYJpFWLJ6NAvVx6pzFr3dRrMM.jpg',1,'Acting');
INSERT INTO Personen(id, name, birthday, deathday, popularity, profilePath, gender, profession) VALUES(1671403,'Michel Nabokoff','','',1.885,'/eOVfFjiWVgaV6cidbSUzH6kXxCZ.jpg',0,'Acting');
INSERT INTO Personen(id, name, birthday, deathday, popularity, profilePath, gender, profession) VALUES(102517,'Martin Swabey','','',1.341,'/gBV5ElUGdHEIt1LZBdiAHaaIhR9.jpg',0,'Acting');
INSERT INTO Personen(id, name, birthday, deathday, popularity, profilePath, gender, profession) VALUES(1778568,'Carole Weyers','','',1.732,'/x0AMwBYXFv2XkLPnp8rNDYoIpLc.jpg',0,'Acting');
INSERT INTO Personen(id, name, birthday, deathday, popularity, profilePath, gender, profession) VALUES(2965552,'Andrey Gorlenko','','',0.731,'/sAg4uptBeXDahtksUlT9dJMb9JM.jpg',0,'Acting');
INSERT INTO Personen(id, name, birthday, deathday, popularity, profilePath, gender, profession) VALUES(586193,'Antonia Malinova','','',1.388,'/eYfsNxJXyyMm85Tb6ntjfZOqhH7.jpg',0,'Acting');
INSERT INTO Personen(id, name, birthday, deathday, popularity, profilePath, gender, profession) VALUES(2707004,'Gabriel Almaer','','',0.828,'/ht7ixpjz0Kg46pGxpWcuJSXbxkr.jpg',2,'Acting');
INSERT INTO Personen(id, name, birthday, deathday, popularity, profilePath, gender, profession) VALUES(66869,'Soline Guyonneau','','',0.629,'',1,'Editing');
INSERT INTO Personen(id, name, birthday, deathday, popularity, profilePath, gender, profession) VALUES(84439,'Julien Leclercq','1979-08-07','',2.247,'/xP2OPVSMg2S19A1KzECnaqswqh8.jpg',2,'Directing');
INSERT INTO Personen(id, name, birthday, deathday, popularity, profilePath, gender, profession) VALUES(581267,'Matthieu Serveau','','',0.6,'',0,'Acting');
INSERT INTO Personen(id, name, birthday, deathday, popularity, profilePath, gender, profession) VALUES(1163450,'Emmanuelle Youchnovski','','',0.608,'/pjLbPFpJEDOmO6U3E3LgQiYGAuK.jpg',1,'Costume & Make-Up');
INSERT INTO Personen(id, name, birthday, deathday, popularity, profilePath, gender, profession) VALUES(1398142,'Julien Madon','1979-03-19','',0.6,'/dPgD3WOORtJROP2GqiyxUT02AWy.jpg',2,'Production');
INSERT INTO Personen(id, name, birthday, deathday, popularity, profilePath, gender, profession) VALUES(1759596,'Brecht Goyvaerts','','',0.6,'',2,'Camera');
INSERT INTO Personen(id, name, birthday, deathday, popularity, profilePath, gender, profession) VALUES(63,'Milla Jovovich','1975-12-17','',15.661,'/usWnHCzbADijULREZYSJ0qfM00y.jpg',1,'Acting');
INSERT INTO Personen(id, name, birthday, deathday, popularity, profilePath, gender, profession) VALUES(57207,'Tony Jaa','1976-02-05','',9.045,'/anBSs0nh4n4cpiwRl5QmjT5zRrt.jpg',2,'Acting');
INSERT INTO Personen(id, name, birthday, deathday, popularity, profilePath, gender, profession) VALUES(76126,'T.I.','1980-09-25','',5.027,'/dHnR4QavU2ILjvbr3SXBh4cJSdJ.jpg',2,'Acting');
INSERT INTO Personen(id, name, birthday, deathday, popularity, profilePath, gender, profession) VALUES(2372,'Ron Perlman','1950-04-13','',8.556,'/lMC87jzKMYFN8Hjzuz2PdgFgGWp.jpg',2,'Acting');
INSERT INTO Personen(id, name, birthday, deathday, popularity, profilePath, gender, profession) VALUES(935201,'Diego Boneta','1990-11-29','',5.667,'/yklpeuynWTgcSaC7alN5jlha6jT.jpg',2,'Acting');
INSERT INTO Personen(id, name, birthday, deathday, popularity, profilePath, gender, profession) VALUES(22122,'Meagan Good','1981-08-08','',5.843,'/j7srB4EzF926BHG8sr1BEK76AaG.jpg',1,'Acting');
INSERT INTO Personen(id, name, birthday, deathday, popularity, profilePath, gender, profession) VALUES(1056053,'Josh Helman','1986-02-22','',4.386,'/1thwLjrgvFv7ifjyVtTKQh23OCh.jpg',2,'Acting');
INSERT INTO Personen(id, name, birthday, deathday, popularity, profilePath, gender, profession) VALUES(8178,'Jin Au-Yeung','1982-06-04','',2.208,'/uZRNsDfYl5fnKtcLp7MQ3t90ZtS.jpg',2,'Acting');
INSERT INTO Personen(id, name, birthday, deathday, popularity, profilePath, gender, profession) VALUES(4014,'Paul W. S. Anderson','1965-03-04','',4.217,'/AeYYSi30WCkowdk04Awa0kr1E4S.jpg',2,'Directing');
INSERT INTO Personen(id, name, birthday, deathday, popularity, profilePath, gender, profession) VALUES(4016,'Jeremy Bolt','','',1.018,'/pqbpSnsM5Ord6t6Fx7AqCb0bGqo.jpg',2,'Production');
INSERT INTO Personen(id, name, birthday, deathday, popularity, profilePath, gender, profession) VALUES(4017,'Robert Kulzer','','',0.744,'',2,'Production');
INSERT INTO Personen(id, name, birthday, deathday, popularity, profilePath, gender, profession) VALUES(2214,'Paul Haslinger','1962-12-11','',0.624,'',2,'Sound');
INSERT INTO Personen(id, name, birthday, deathday, popularity, profilePath, gender, profession) VALUES(17612,'Tamara Notcutt','1979-03-10','',1.473,'',1,'Production');
INSERT INTO Personen(id, name, birthday, deathday, popularity, profilePath, gender, profession) VALUES(17080,'Martin Moszkowicz','1958-01-01','',0.828,'',2,'Production');
INSERT INTO Personen(id, name, birthday, deathday, popularity, profilePath, gender, profession) VALUES(144216,'Ciara Bravo','1997-03-18','',11.407,'/dnMZJgfFSk0hHtKX4yMw2TBOjYT.jpg',1,'Acting');
INSERT INTO Personen(id, name, birthday, deathday, popularity, profilePath, gender, profession) VALUES(1007683,'Jack Reynor','1992-01-23','',2.736,'/39u0sE8pTKXROLVb1PoRDGQSAWx.jpg',2,'Acting');
INSERT INTO Personen(id, name, birthday, deathday, popularity, profilePath, gender, profession) VALUES(18313,'Michael Rispoli','1960-11-27','',3.589,'/4rtCKJTtPq9cSHFQqZSbyCLLWCO.jpg',2,'Acting');
INSERT INTO Personen(id, name, birthday, deathday, popularity, profilePath, gender, profession) VALUES(1826682,'Jeffrey Wahlberg','1996-07-17','',5.678,'/wYFwtsR6uMwiMIUQvJhX51TnXY9.jpg',2,'Acting');
INSERT INTO Personen(id, name, birthday, deathday, popularity, profilePath, gender, profession) VALUES(1560185,'Forrest Goodluck','1998-08-06','',2.156,'/rnaoSD6GmL6NGnzLnij5ScLpEJP.jpg',2,'Acting');
INSERT INTO Personen(id, name, birthday, deathday, popularity, profilePath, gender, profession) VALUES(1900369,'Michael Gandolfini','1999-05-10','',1.22,'/949lN8eoD3oXx1TmpjzmPQvt2TI.jpg',2,'Acting');
INSERT INTO Personen(id, name, birthday, deathday, popularity, profilePath, gender, profession) VALUES(2402750,'Suhail Dabbach','1965-01-01','',0.612,'/pBoXG86unmX5OuoA5aKkJfIrFVR.jpg',2,'Acting');
INSERT INTO Personen(id, name, birthday, deathday, popularity, profilePath, gender, profession) VALUES(1317,'Philip Ivey','1969-03-12','',0.704,'',2,'Art');
INSERT INTO Personen(id, name, birthday, deathday, popularity, profilePath, gender, profession) VALUES(3965,'Deborah Aquila','','',2.152,'',1,'Production');
INSERT INTO Personen(id, name, birthday, deathday, popularity, profilePath, gender, profession) VALUES(5673,'Marco Trentini','','',0.84,'',2,'Art');
INSERT INTO Personen(id, name, birthday, deathday, popularity, profilePath, gender, profession) VALUES(9040,'Newton Thomas Sigel','','',0.859,'/mTauZZzOY0fhpNkNjeOeDHDk8xm.jpg',2,'Camera');
INSERT INTO Personen(id, name, birthday, deathday, popularity, profilePath, gender, profession) VALUES(19271,'Anthony Russo','1970-02-03','',3.541,'/fIa5wXK7MHAquhefTr3TcnZiYy8.jpg',2,'Directing');
INSERT INTO Personen(id, name, birthday, deathday, popularity, profilePath, gender, profession) VALUES(19272,'Joe Russo','1971-07-18','',2.703,'/679Os4tbY1YsU01KdLhM1NPXNWu.jpg',2,'Directing');
INSERT INTO Personen(id, name, birthday, deathday, popularity, profilePath, gender, profession) VALUES(56734,'Chloë Grace Moretz','1997-02-10','',32.094,'/yq4rYmaTRC5degaOYmJQFpaiho1.jpg',1,'Acting');
INSERT INTO Personen(id, name, birthday, deathday, popularity, profilePath, gender, profession) VALUES(454,'Michael Peña','1976-01-13','',8.815,'/tu5CtDtVP4oZBVQgi0s4vgZErIg.jpg',2,'Acting');
INSERT INTO Personen(id, name, birthday, deathday, popularity, profilePath, gender, profession) VALUES(1226277,'Colin Jost','','',1.35,'/cuNRnDX02digyoqYVyFGkwd78fn.jpg',2,'Acting');
INSERT INTO Personen(id, name, birthday, deathday, popularity, profilePath, gender, profession) VALUES(1091324,'Rob Delaney','1977-01-19','',1.87,'/sFLUYtE6j9gli1GEhfGBwigqKme.jpg',2,'Acting');
INSERT INTO Personen(id, name, birthday, deathday, popularity, profilePath, gender, profession) VALUES(979599,'Pallavi Sharda','1990-03-05','',4.775,'/zjx62adlW0rN9lNHZQ7j0DrG9qq.jpg',1,'Acting');
INSERT INTO Personen(id, name, birthday, deathday, popularity, profilePath, gender, profession) VALUES(1674734,'Jordan Bolger','1994-11-09','',4.799,'/zGSxXrllgm3MNVT0jjvnAQFacPS.jpg',2,'Acting');
INSERT INTO Personen(id, name, birthday, deathday, popularity, profilePath, gender, profession) VALUES(1600085,'Patsy Ferran','','',4.07,'/m2twb29so7T5cW5IVs611FhQkZl.jpg',1,'Acting');
INSERT INTO Personen(id, name, birthday, deathday, popularity, profilePath, gender, profession) VALUES(83586,'Ken Jeong','1969-07-13','',7.227,'/qyQjrabai21fueat4oPVylRbBwC.jpg',2,'Acting');
INSERT INTO Personen(id, name, birthday, deathday, popularity, profilePath, gender, profession) VALUES(1113,'Lucinda Syson','','',1.968,'',1,'Production');
INSERT INTO Personen(id, name, birthday, deathday, popularity, profilePath, gender, profession) VALUES(13594,'Joseph Barbera','1911-03-24','2006-12-18',5.076,'/lpjg99DpaK0RDbbe6mqk1Z7YIke.jpg',2,'Production');
INSERT INTO Personen(id, name, birthday, deathday, popularity, profilePath, gender, profession) VALUES(13620,'William Hanna','1910-07-14','2001-03-22',5.43,'/zf5WRsouQN0ozuJ4vFosXylPjaZ.jpg',2,'Directing');
INSERT INTO Personen(id, name, birthday, deathday, popularity, profilePath, gender, profession) VALUES(20400,'Tim Story','1970-03-13','',3.748,'/d1VJwZmNnsZlDq9aAjJf95tehKh.jpg',2,'Directing');
INSERT INTO Personen(id, name, birthday, deathday, popularity, profilePath, gender, profession) VALUES(25457,'Adam Goodman','','',0.694,'',2,'Production');
INSERT INTO Personen(id, name, birthday, deathday, popularity, profilePath, gender, profession) VALUES(34894,'Allison Abbate','','',0.98,'',0,'Production');
INSERT INTO Personen(id, name, birthday, deathday, popularity, profilePath, gender, profession) VALUES(49911,'Christopher Lennertz','1972-01-02','',1.632,'/4WIa3Ntb4tDzXrOTvuhpKbKDJuc.jpg',2,'Sound');
INSERT INTO Personen(id, name, birthday, deathday, popularity, profilePath, gender, profession) VALUES(19024,'Javier Gutiérrez','1971-01-17','',2.02,'/xkVnaiiXtYJLjlJRsj8zD9r7k6t.jpg',2,'Acting');
INSERT INTO Personen(id, name, birthday, deathday, popularity, profilePath, gender, profession) VALUES(24977,'Karra Elejalde','1960-10-10','',1.619,'/kHODqgc2c7RaZz9Sp7cedgadvzG.jpg',2,'Acting');
INSERT INTO Personen(id, name, birthday, deathday, popularity, profilePath, gender, profession) VALUES(15598,'Luis Callejo','1970-08-01','',4.283,'/s4SkMqVL7cGNLuCgYDSHzOfiu1p.jpg',2,'Acting');
INSERT INTO Personen(id, name, birthday, deathday, popularity, profilePath, gender, profession) VALUES(578014,'Patrick Criado','1995-09-23','',2.646,'/oTWhaKWNKqfSMmoGthLdImJ5s6e.jpg',2,'Acting');
INSERT INTO Personen(id, name, birthday, deathday, popularity, profilePath, gender, profession) VALUES(51905,'Andrés Gertrúdix','','',2.191,'/qR9EyorWi9Z8WnoFcY5AskYBW4B.jpg',0,'Acting');
INSERT INTO Personen(id, name, birthday, deathday, popularity, profilePath, gender, profession) VALUES(589477,'Isak Férriz','1979-06-20','',2.086,'/E0k8pmQ1dFb9if45EmDW6yXVUm.jpg',2,'Acting');
INSERT INTO Personen(id, name, birthday, deathday, popularity, profilePath, gender, profession) VALUES(1276266,'Miquel Gelabert','','',1.29,'/6IHxfYEmDx5sczYES4CANUJzOlL.jpg',2,'Acting');
INSERT INTO Personen(id, name, birthday, deathday, popularity, profilePath, gender, profession) VALUES(1697450,'Florin Opritescu','','',1.548,'/euP2mg4HMKwM4iSbGICbSTlELJ5.jpg',2,'Acting');
INSERT INTO Personen(id, name, birthday, deathday, popularity, profilePath, gender, profession) VALUES(56657,'Zacarías M. de la Riva','1972-08-12','',1.128,'/gnj5emm11IjkIV4Y7xYAeu0G72.jpg',2,'Sound');
INSERT INTO Personen(id, name, birthday, deathday, popularity, profilePath, gender, profession) VALUES(939474,'Antonio Frutos','','',0.6,'',2,'Editing');
INSERT INTO Personen(id, name, birthday, deathday, popularity, profilePath, gender, profession) VALUES(942871,'Rosa Estévez','','',0.6,'',1,'Production');
INSERT INTO Personen(id, name, birthday, deathday, popularity, profilePath, gender, profession) VALUES(1346215,'Lluís Quílez','1978-12-08','',0.652,'/gv5WxVXM6QLLgXpX6vkurtTzPpL.jpg',2,'Directing');
INSERT INTO Personen(id, name, birthday, deathday, popularity, profilePath, gender, profession) VALUES(1381199,'Josep Amorós','','',0.648,'',0,'Production');
INSERT INTO Personen(id, name, birthday, deathday, popularity, profilePath, gender, profession) VALUES(1396663,'Pedro Uriol','','',0.6,'',0,'Production');
INSERT INTO Personen(id, name, birthday, deathday, popularity, profilePath, gender, profession) VALUES(1439846,'Isaac Vila','','',0.98,'',2,'Camera');
INSERT INTO Personen(id, name, birthday, deathday, popularity, profilePath, gender, profession) VALUES(2445313,'Raff Law','1996-10-06','',1.875,'/baGvvBxZhKUEgtoCu4a4IUH7OGN.jpg',2,'Acting');
INSERT INTO Personen(id, name, birthday, deathday, popularity, profilePath, gender, profession) VALUES(3895,'Michael Caine','1933-03-14','',11.974,'/klNx4UqkcE9u7P3vsg20AKwgplw.jpg',2,'Acting');
INSERT INTO Personen(id, name, birthday, deathday, popularity, profilePath, gender, profession) VALUES(17286,'Lena Headey','1973-10-03','',14.591,'/xR2IBnBlUdyBe5hecaVdtRuQqUE.jpg',1,'Acting');
INSERT INTO Personen(id, name, birthday, deathday, popularity, profilePath, gender, profession) VALUES(1363086,'Franz Drameh','1993-01-01','',2.581,'/xSEv3SN8CSn0bozoOnPd77kEOiD.jpg',2,'Acting');
INSERT INTO Personen(id, name, birthday, deathday, popularity, profilePath, gender, profession) VALUES(1715074,'Sophie Simnett','1997-12-05','',6.225,'/pLSUt6bewkHGnSLbO4XOZ1QClYx.jpg',1,'Acting');
INSERT INTO Personen(id, name, birthday, deathday, popularity, profilePath, gender, profession) VALUES(80536,'David Walliams','1971-08-20','',4.713,'/jC139tWQdQPXJ0PJ7pnXF8Mw2M8.jpg',2,'Acting');
INSERT INTO Personen(id, name, birthday, deathday, popularity, profilePath, gender, profession) VALUES(1089873,'Rita Ora','1990-11-26','',2.256,'/dpFKnuPT6NaHztu5Q3WtYp8JWgP.jpg',1,'Acting');
INSERT INTO Personen(id, name, birthday, deathday, popularity, profilePath, gender, profession) VALUES(175462,'Leigh Francis','1973-05-30','',1.214,'',2,'Acting');
INSERT INTO Personen(id, name, birthday, deathday, popularity, profilePath, gender, profession) VALUES(24218,'Jeremy Gibbs','','',0.6,'',0,'Editing');
INSERT INTO Personen(id, name, birthday, deathday, popularity, profilePath, gender, profession) VALUES(41334,'Tony Noble','','',0.98,'',0,'Art');
INSERT INTO Personen(id, name, birthday, deathday, popularity, profilePath, gender, profession) VALUES(307791,'Matthew Parkhill','','',1.38,'',0,'Directing');
INSERT INTO Personen(id, name, birthday, deathday, popularity, profilePath, gender, profession) VALUES(933208,'Kevin Lehane','','',0.6,'',0,'Writing');
INSERT INTO Personen(id, name, birthday, deathday, popularity, profilePath, gender, profession) VALUES(965577,'John Wrathall','','',0.6,'',2,'Writing');
INSERT INTO Personen(id, name, birthday, deathday, popularity, profilePath, gender, profession) VALUES(1104979,'Tom Grass','','',0.6,'',0,'Crew');
INSERT INTO Personen(id, name, birthday, deathday, popularity, profilePath, gender, profession) VALUES(1322031,'Martin Owen','','',0.6,'',0,'Writing');
INSERT INTO Personen(id, name, birthday, deathday, popularity, profilePath, gender, profession) VALUES(1337129,'Michael Lindley','','',0.6,'',0,'Acting');
INSERT INTO Personen(id, name, birthday, deathday, popularity, profilePath, gender, profession) VALUES(62064,'Chris Pine','1980-08-26','',14.486,'/vNhLYVlo84q78NVIP6s3EYV7lEH.jpg',2,'Acting');
INSERT INTO Personen(id, name, birthday, deathday, popularity, profilePath, gender, profession) VALUES(41091,'Kristen Wiig','1973-08-22','',14.634,'/nwj7ibxkzYOYgcyGHCKV2qNwgxX.jpg',1,'Acting');
INSERT INTO Personen(id, name, birthday, deathday, popularity, profilePath, gender, profession) VALUES(1253360,'Pedro Pascal','1975-04-02','',13.768,'/kpaBw1oyfu2vGS2t9gGBz1Pz7vk.jpg',2,'Acting');
INSERT INTO Personen(id, name, birthday, deathday, popularity, profilePath, gender, profession) VALUES(32,'Robin Wright','1966-04-08','',9.288,'/lj5o0pvHfWCEaPX3rzeGQkfIQzj.jpg',1,'Acting');
INSERT INTO Personen(id, name, birthday, deathday, popularity, profilePath, gender, profession) VALUES(1829985,'Lilly Aspell','2007-10-23','',3.937,'/phfygRDYezltJge7s7UD4M6IMdI.jpg',1,'Acting');
INSERT INTO Personen(id, name, birthday, deathday, popularity, profilePath, gender, profession) VALUES(2960,'Amr Waked','1973-04-12','',1.931,'/5rMQibz1vTvs8nfNQOvd4gpQvCX.jpg',2,'Acting');
INSERT INTO Personen(id, name, birthday, deathday, popularity, profilePath, gender, profession) VALUES(947,'Hans Zimmer','1957-09-12','',3.309,'/tpQnDeHY15szIXvpnhlprufz4d.jpg',2,'Sound');
INSERT INTO Personen(id, name, birthday, deathday, popularity, profilePath, gender, profession) VALUES(4699,'Steve Perry','','',4.267,'',2,'Production');
INSERT INTO Personen(id, name, birthday, deathday, popularity, profilePath, gender, profession) VALUES(6235,'Mark Scruton','1975-04-23','',0.6,'',2,'Art');
INSERT INTO Personen(id, name, birthday, deathday, popularity, profilePath, gender, profession) VALUES(6884,'Patty Jenkins','1971-07-24','',5.453,'/rNeVepRRxqvJ8nuubK7MksG1l55.jpg',1,'Directing');
INSERT INTO Personen(id, name, birthday, deathday, popularity, profilePath, gender, profession) VALUES(53650,'Anthony Mackie','1979-09-23','',18.44,'/i0ccpGMzaN6pLI40aSZghTBe5SC.jpg',2,'Acting');
INSERT INTO Personen(id, name, birthday, deathday, popularity, profilePath, gender, profession) VALUES(1837297,'Damson Idris','1991-09-02','',6.198,'/tM2rsBXd7fnNwjMNgGz4vqctlYF.jpg',2,'Acting');
INSERT INTO Personen(id, name, birthday, deathday, popularity, profilePath, gender, profession) VALUES(91494,'Enzo Cilenti','1974-08-08','',3.643,'/lGFHPUsOlAnncpZLfdFXCGq2nji.jpg',2,'Acting');
INSERT INTO Personen(id, name, birthday, deathday, popularity, profilePath, gender, profession) VALUES(130414,'Emily Beecham','1984-05-12','',5.659,'/knR5avTlO4Xnxw7Nc3xxUj3rtjh.jpg',1,'Acting');
INSERT INTO Personen(id, name, birthday, deathday, popularity, profilePath, gender, profession) VALUES(125719,'Henry Garrett','','',2.013,'/wddkuAZnc5Ho0PHHMghkjDT41Mm.jpg',2,'Acting');
INSERT INTO Personen(id, name, birthday, deathday, popularity, profilePath, gender, profession) VALUES(2267919,'Kristina Tonteri-Young','1998-01-01','',3.1,'/55icIjkzhm0f2F2koiZmKqt8c5s.jpg',1,'Acting');
INSERT INTO Personen(id, name, birthday, deathday, popularity, profilePath, gender, profession) VALUES(90060,'Pilou Asbæk','1982-03-02','',9.526,'/gYUdRw5pmlkr2svQ49woaOzm34L.jpg',2,'Acting');
INSERT INTO Personen(id, name, birthday, deathday, popularity, profilePath, gender, profession) VALUES(50217,'Michael Kelly','1969-05-22','',3.221,'/8V6RKWbbx8lyt3Xxz9B1OAPvHRt.jpg',2,'Acting');
INSERT INTO Personen(id, name, birthday, deathday, popularity, profilePath, gender, profession) VALUES(8382,'Kevin Phipps','','',0.6,'',2,'Art');
INSERT INTO Personen(id, name, birthday, deathday, popularity, profilePath, gender, profession) VALUES(4854,'David Minkowski','','',1.4,'',0,'Production');
INSERT INTO Personen(id, name, birthday, deathday, popularity, profilePath, gender, profession) VALUES(16849,'Erica Steinberg','','',0.6,'',1,'Production');
INSERT INTO Personen(id, name, birthday, deathday, popularity, profilePath, gender, profession) VALUES(29605,'Mikael Håfström','1960-07-01','',2.502,'/7zOeNtAlm2aSz1ku5fcsuBFG46j.jpg',2,'Directing');
INSERT INTO Personen(id, name, birthday, deathday, popularity, profilePath, gender, profession) VALUES(36224,'Michael Bonvillain','','',1.38,'/9kpTEh5iaPprkHViUrGl1Jed8JD.jpg',2,'Camera');
INSERT INTO Personen(id, name, birthday, deathday, popularity, profilePath, gender, profession) VALUES(62982,'Ildikó Kemény','','',0.631,'',2,'Production');
INSERT INTO Personen(id, name, birthday, deathday, popularity, profilePath, gender, profession) VALUES(119117,'Caroline Harris','','',0.608,'',1,'Costume & Make-Up');
INSERT INTO Personen(id, name, birthday, deathday, popularity, profilePath, gender, profession) VALUES(150698,'Song Joong-ki','1985-09-19','',5.047,'/yfnaY2vEZ8S97KOaGcfcPtQUL80.jpg',2,'Acting');
INSERT INTO Personen(id, name, birthday, deathday, popularity, profilePath, gender, profession) VALUES(1537768,'Kim Tae-ri','1990-04-24','',8.512,'/a5omXErOT7BQDXZ0100bymcpeH8.jpg',1,'Acting');
INSERT INTO Personen(id, name, birthday, deathday, popularity, profilePath, gender, profession) VALUES(84996,'Yoo Hae-jin','1970-01-04','',8.424,'/sJzKaBnDaIEirEDJF6ZWVvZU8kG.jpg',2,'Acting');
INSERT INTO Personen(id, name, birthday, deathday, popularity, profilePath, gender, profession) VALUES(1989290,'Jin Sun-kyu','1977-09-13','',1.907,'/m9kX4DzTOz5kFOVPzfYooPTArRY.jpg',2,'Acting');
INSERT INTO Personen(id, name, birthday, deathday, popularity, profilePath, gender, profession) VALUES(30315,'Richard Armitage','1971-08-22','',8.492,'/lRWWodfrOd5SaLnFrz7UryFhasI.jpg',2,'Acting');
INSERT INTO Personen(id, name, birthday, deathday, popularity, profilePath, gender, profession) VALUES(84788,'Kim Moo-yul','1982-05-22','',3.577,'/1juUxXtg65bC5UnjsCBBYElT3ed.jpg',2,'Acting');
INSERT INTO Personen(id, name, birthday, deathday, popularity, profilePath, gender, profession) VALUES(2966748,'Park Ye-rin','','',1.422,'/1GtQVCES3Ss4iaRrQwMMjhOSYKf.jpg',1,'Acting');
INSERT INTO Personen(id, name, birthday, deathday, popularity, profilePath, gender, profession) VALUES(2966749,'Oh Ji-yul','','',0.6,'',1,'Acting');
INSERT INTO Personen(id, name, birthday, deathday, popularity, profilePath, gender, profession) VALUES(43570,'Cho Sang-kyung','1972-05-20','',1.108,'/aTd5Tq5P6a41Q4kYRn9yxuj8xy8.jpg',1,'Costume & Make-Up');
INSERT INTO Personen(id, name, birthday, deathday, popularity, profilePath, gender, profession) VALUES(79570,'Nam Na-young','','',0.6,'',1,'Editing');
INSERT INTO Personen(id, name, birthday, deathday, popularity, profilePath, gender, profession) VALUES(1086497,'Jo Sung-hee','1979-02-03','',1.48,'/7fHNJv6ycu2eEvdUiHbimdDRKqR.jpg',2,'Directing');
INSERT INTO Personen(id, name, birthday, deathday, popularity, profilePath, gender, profession) VALUES(1120478,'Jang Geun-yeong','1971-09-05','',0.6,'',2,'Art');
INSERT INTO Personen(id, name, birthday, deathday, popularity, profilePath, gender, profession) VALUES(1120763,'Yun In-beom','','',0.6,'',0,'Production');
INSERT INTO Personen(id, name, birthday, deathday, popularity, profilePath, gender, profession) VALUES(1284295,'Song Hyun-suk','','',0.6,'',0,'Lighting');
INSERT INTO Personen(id, name, birthday, deathday, popularity, profilePath, gender, profession) VALUES(25002,'Lee Byung-hun','1970-07-12','',7.832,'/k94k79Eqkh73GbYsX0Tcp6wuzff.jpg',2,'Acting');
INSERT INTO Personen(id, name, birthday, deathday, popularity, profilePath, gender, profession) VALUES(75913,'Ha Jung-woo','1978-03-11','',3.591,'/ju4wHzFZsfj46sMFJMA3mnHZMWc.jpg',2,'Acting');
INSERT INTO Personen(id, name, birthday, deathday, popularity, profilePath, gender, profession) VALUES(1024395,'Ma Dong-seok','1971-03-01','',6.677,'/zt1vx7FesNA4x6mTZtyzu2uco8E.jpg',2,'Acting');
INSERT INTO Personen(id, name, birthday, deathday, popularity, profilePath, gender, profession) VALUES(150126,'Jeon Hye-jin','1976-08-10','',4.46,'/7PliJIOzUei41vyE9FaIWvFMNzC.jpg',1,'Acting');
INSERT INTO Personen(id, name, birthday, deathday, popularity, profilePath, gender, profession) VALUES(1014784,'Bae Suzy','1994-10-10','',7.301,'/gPERVLaXrorr5w2fygkgdCZtAXf.jpg',1,'Acting');
INSERT INTO Personen(id, name, birthday, deathday, popularity, profilePath, gender, profession) VALUES(231476,'Lee Kyung-young','1960-12-12','',3.95,'/aDNcLCWs7KHToiXxfG7ACwvne3l.jpg',2,'Acting');
INSERT INTO Personen(id, name, birthday, deathday, popularity, profilePath, gender, profession) VALUES(2115785,'Kim Si-a','2008-05-06','',0.979,'/cYENt1OBR9zJ7bZWNWszprQMgPT.jpg',1,'Acting');
INSERT INTO Personen(id, name, birthday, deathday, popularity, profilePath, gender, profession) VALUES(1567068,'Lee Sang-won','1982-07-31','',0.999,'',2,'Acting');
INSERT INTO Personen(id, name, birthday, deathday, popularity, profilePath, gender, profession) VALUES(24993,'Bang Jun-seok','1970-01-01','',0.6,'/h0hRLwXNwpKXD0uvZyjpYwFmqO3.jpg',2,'Sound');
INSERT INTO Personen(id, name, birthday, deathday, popularity, profilePath, gender, profession) VALUES(69087,'Kim Ji-yong','1976-02-21','',1.651,'/o1NtzFcAqft2UORHZJcZ6BO7ShQ.jpg',2,'Camera');
INSERT INTO Personen(id, name, birthday, deathday, popularity, profilePath, gender, profession) VALUES(84969,'Kim Yong-hwa','1971-09-25','',1.052,'/7Y7v7kInxRFLYYr6zNib8E3CcXR.jpg',2,'Directing');
INSERT INTO Personen(id, name, birthday, deathday, popularity, profilePath, gender, profession) VALUES(108536,'Lee Hae-jun','1973-08-18','',2.223,'/kG5qnSxXG74JMbjcXUtrOycpfxf.jpg',2,'Writing');
INSERT INTO Personen(id, name, birthday, deathday, popularity, profilePath, gender, profession) VALUES(1293085,'Kim Byung-seo','1978-02-16','',1.411,'/gqRy9wYEusoapWB4lB26hHcfwFM.jpg',2,'Directing');
INSERT INTO Personen(id, name, birthday, deathday, popularity, profilePath, gender, profession) VALUES(2272447,'Anthony J. Sharpe','1974-09-24','',0.6,'/txNw1q9fn9S0Olib1yWTJu1SayR.jpg',2,'Acting');
INSERT INTO Personen(id, name, birthday, deathday, popularity, profilePath, gender, profession) VALUES(1236816,'Amali Golden','1988-06-02','',2.536,'/zmxUSYlVYflaNl5Ft2b7ayoFvA0.jpg',1,'Acting');
INSERT INTO Personen(id, name, birthday, deathday, popularity, profilePath, gender, profession) VALUES(1181361,'Luke Mitchell','1985-04-17','',4.523,'/7LFvkcJn2NqHu4pi2oLYfGqFJyz.jpg',2,'Acting');
INSERT INTO Personen(id, name, birthday, deathday, popularity, profilePath, gender, profession) VALUES(1979469,'Benjamin Hoetjes','','',3.09,'/dNdu5dQHDwjn77DBDpWI5nTiHls.jpg',2,'Acting');
INSERT INTO Personen(id, name, birthday, deathday, popularity, profilePath, gender, profession) VALUES(1380560,'Louis Toshio Okada','','',0.6,'',0,'Acting');
INSERT INTO Personen(id, name, birthday, deathday, popularity, profilePath, gender, profession) VALUES(2477099,'Rumi Kikuchi','','',0.98,'/5UaAOlTsFwhwU2Oqol9faam1EKt.jpg',0,'Acting');
INSERT INTO Personen(id, name, birthday, deathday, popularity, profilePath, gender, profession) VALUES(2889050,'Anna Kubat','','',0.84,'',1,'Acting');
INSERT INTO Personen(id, name, birthday, deathday, popularity, profilePath, gender, profession) VALUES(9000,'Christopher Figg','','',0.982,'/chXJLG8ZUFegtdW5ckm22yLXZy7.jpg',2,'Production');
INSERT INTO Personen(id, name, birthday, deathday, popularity, profilePath, gender, profession) VALUES(61902,'Adam Head','','',0.6,'',0,'Art');
INSERT INTO Personen(id, name, birthday, deathday, popularity, profilePath, gender, profession) VALUES(70522,'Will Clarke','','',0.6,'',2,'Production');
INSERT INTO Personen(id, name, birthday, deathday, popularity, profilePath, gender, profession) VALUES(81328,'Andrew Traucki','','',0.645,'/luT730l4v4pQlmiuK4GsswRBrqN.jpg',2,'Directing');
INSERT INTO Personen(id, name, birthday, deathday, popularity, profilePath, gender, profession) VALUES(79116,'Monica O\'Brien','','',0.6,'',0,'Costume & Make-Up');
INSERT INTO Personen(id, name, birthday, deathday, popularity, profilePath, gender, profession) VALUES(80683,'Pam Collis','','',0.6,'',0,'Production');
INSERT INTO Personen(id, name, birthday, deathday, popularity, profilePath, gender, profession) VALUES(133880,'Robert Whitehouse','','',0.6,'',2,'Production');
INSERT INTO Personen(id, name, birthday, deathday, popularity, profilePath, gender, profession) VALUES(940630,'Michael Robertson','','',1.102,'',2,'Production');
INSERT INTO Personen(id, name, birthday, deathday, popularity, profilePath, gender, profession) VALUES(1762588,'Anouck Hautbois','','',0.608,'',0,'Acting');
INSERT INTO Personen(id, name, birthday, deathday, popularity, profilePath, gender, profession) VALUES(2952757,'Benjamin Boullen','','',0.98,'',0,'Acting');
INSERT INTO Personen(id, name, birthday, deathday, popularity, profilePath, gender, profession) VALUES(1163095,'Sébastien Thibaudeau','','',0.6,'',2,'Writing');
INSERT INTO Personen(id, name, birthday, deathday, popularity, profilePath, gender, profession) VALUES(1565301,'Thomas Astruc','1975-01-18','',1.9,'',2,'Writing');
INSERT INTO Personen(id, name, birthday, deathday, popularity, profilePath, gender, profession) VALUES(1762584,'Jeremy Zag','','',0.6,'',2,'Sound');
INSERT INTO Personen(id, name, birthday, deathday, popularity, profilePath, gender, profession) VALUES(2848194,'Matthieu Choquet','','',1.094,'',0,'Writing');
INSERT INTO Personen(id, name, birthday, deathday, popularity, profilePath, gender, profession) VALUES(2848195,'Fred Lenoir','','',0.6,'',0,'Writing');
INSERT INTO Personen(id, name, birthday, deathday, popularity, profilePath, gender, profession) VALUES(2963,'Nicolas Cage','1964-01-07','',30.562,'/y1RtezurZYveYkVNRht7CwEgSYY.jpg',2,'Acting');
INSERT INTO Personen(id, name, birthday, deathday, popularity, profilePath, gender, profession) VALUES(54693,'Emma Stone','1988-11-06','',22.708,'/dkDHFn0a391dUzoNzvYZ7S4Mp6i.jpg',1,'Acting');
INSERT INTO Personen(id, name, birthday, deathday, popularity, profilePath, gender, profession) VALUES(10859,'Ryan Reynolds','1976-10-23','',19.406,'/prHF0d7zlhHOhOQLwi2d9f2uKNC.jpg',2,'Acting');
INSERT INTO Personen(id, name, birthday, deathday, popularity, profilePath, gender, profession) VALUES(22970,'Peter Dinklage','1969-06-11','',11.558,'/lRsRgnksAhBRXwAB68MFjmTtLrk.jpg',2,'Acting');
INSERT INTO Personen(id, name, birthday, deathday, popularity, profilePath, gender, profession) VALUES(41087,'Leslie Mann','1972-03-26','',10.749,'/x3OS9RL3qsv50kzRtpR2OhbuTkr.jpg',1,'Acting');
INSERT INTO Personen(id, name, birthday, deathday, popularity, profilePath, gender, profession) VALUES(2229,'Catherine Keener','1959-03-23','',7.183,'/n4CTwGszs6cwS1wJRlDQ5Mlh7Ex.jpg',1,'Acting');
INSERT INTO Personen(id, name, birthday, deathday, popularity, profilePath, gender, profession) VALUES(54729,'Clark Duke','1985-05-05','',3.226,'/bwCVCNsXCf3V22JEMAppunjGiLn.jpg',2,'Acting');
INSERT INTO Personen(id, name, birthday, deathday, popularity, profilePath, gender, profession) VALUES(5666,'Mark Mothersbaugh','1950-05-18','',2.257,'',2,'Sound');
INSERT INTO Personen(id, name, birthday, deathday, popularity, profilePath, gender, profession) VALUES(8930,'John Cleese','1939-10-27','',6.027,'/kg63gNYQtGPi2fSNIvCnVAclCbi.jpg',2,'Acting');
INSERT INTO Personen(id, name, birthday, deathday, popularity, profilePath, gender, profession) VALUES(66193,'Chris Sanders','1960-03-15','',2.947,'/mrUm1agSL9Kj6dhV6ABVJvrwlie.jpg',2,'Acting');
INSERT INTO Personen(id, name, birthday, deathday, popularity, profilePath, gender, profession) VALUES(71267,'Kirk DeMicco','','',2.055,'',2,'Writing');
INSERT INTO Personen(id, name, birthday, deathday, popularity, profilePath, gender, profession) VALUES(934181,'Paul Fisher','','',1.038,'',0,'Writing');
INSERT INTO Personen(id, name, birthday, deathday, popularity, profilePath, gender, profession) VALUES(1003944,'Dan Hageman','','',1.632,'/AjFtYtYu4OXftjmCfXDqvJKrpBT.jpg',2,'Writing');
INSERT INTO Personen(id, name, birthday, deathday, popularity, profilePath, gender, profession) VALUES(116614,'Johannes Bah Kuhnke','1972-04-17','',2.004,'/q9xNsXwP1LBnOR8m251O86Uvl36.jpg',2,'Acting');
INSERT INTO Personen(id, name, birthday, deathday, popularity, profilePath, gender, profession) VALUES(1309110,'Nanna Blondell','1986-08-06','',1.494,'/uSHsrfhlTqU1iEaecDqjGEaLXFW.jpg',1,'Acting');
INSERT INTO Personen(id, name, birthday, deathday, popularity, profilePath, gender, profession) VALUES(90605,'Anastasios Soulis','1987-01-08','',4.245,'/ioaYJiSJd3jtirOETB1dit4XLEi.jpg',2,'Acting');
INSERT INTO Personen(id, name, birthday, deathday, popularity, profilePath, gender, profession) VALUES(144691,'Kalled Mustonen','','',0.828,'/rS3jrtoRTMdPr3ff763BfSl6DMA.jpg',0,'Acting');
INSERT INTO Personen(id, name, birthday, deathday, popularity, profilePath, gender, profession) VALUES(231926,'Thomas Hanzon','1962-01-01','',2.158,'/1R7nqajJ0825wZHGww6xej5TT2J.jpg',2,'Acting');
INSERT INTO Personen(id, name, birthday, deathday, popularity, profilePath, gender, profession) VALUES(232406,'Anna Azcárate','','',1.438,'/AiCRWZ3ETeClQP7zxqabBOcUCnP.jpg',1,'Acting');
INSERT INTO Personen(id, name, birthday, deathday, popularity, profilePath, gender, profession) VALUES(2974020,'Melvin Solin','','',0.6,'',0,'Acting');
INSERT INTO Personen(id, name, birthday, deathday, popularity, profilePath, gender, profession) VALUES(2974021,'Johan Hedman','','',0.6,'',0,'Acting');
INSERT INTO Personen(id, name, birthday, deathday, popularity, profilePath, gender, profession) VALUES(1111421,'Kenneth Skoglund','','',0.6,'',2,'Sound');
INSERT INTO Personen(id, name, birthday, deathday, popularity, profilePath, gender, profession) VALUES(1394236,'Alain Darborg','','',2.756,'',2,'Directing');
INSERT INTO Personen(id, name, birthday, deathday, popularity, profilePath, gender, profession) VALUES(1394242,'Benjam Orre','','',0.6,'',0,'Camera');
INSERT INTO Personen(id, name, birthday, deathday, popularity, profilePath, gender, profession) VALUES(1451375,'Johannes Persson','','',0.84,'',0,'Production');
INSERT INTO Personen(id, name, birthday, deathday, popularity, profilePath, gender, profession) VALUES(1597623,'Andreas Franck','','',0.6,'',0,'Sound');
INSERT INTO Personen(id, name, birthday, deathday, popularity, profilePath, gender, profession) VALUES(1717307,'Anders Niva','','',0.6,'',0,'Sound');
INSERT INTO Personen(id, name, birthday, deathday, popularity, profilePath, gender, profession) VALUES(1770442,'Oscar Lovnér','','',0.6,'',0,'Sound');
INSERT INTO Personen(id, name, birthday, deathday, popularity, profilePath, gender, profession) VALUES(1772738,'Lars Wignell','','',0.6,'',2,'Sound');
INSERT INTO Personen(id, name, birthday, deathday, popularity, profilePath, gender, profession) VALUES(1436248,'Um Tae-goo','1983-11-09','',2.719,'/qtM416GlmNfNovj77I4hCL2kwec.jpg',2,'Acting');
INSERT INTO Personen(id, name, birthday, deathday, popularity, profilePath, gender, profession) VALUES(2067860,'Jeon Yeo-been','1989-07-26','',6.511,'/bnRcjqu63DPwzMUdxWE68Rj2M4J.jpg',1,'Acting');
INSERT INTO Personen(id, name, birthday, deathday, popularity, profilePath, gender, profession) VALUES(1248450,'Cha Seung-won','1970-06-07','',4.097,'/uNt6tahnzTf5YZyQ83Spy7HIsK7.jpg',2,'Acting');
INSERT INTO Personen(id, name, birthday, deathday, popularity, profilePath, gender, profession) VALUES(125734,'Lee Ki-young','1963-08-26','',2.719,'/zQlPXY8vusE72nPQwanRACveDdV.jpg',2,'Acting');
INSERT INTO Personen(id, name, birthday, deathday, popularity, profilePath, gender, profession) VALUES(1872629,'Park Ho-san','1972-10-18','',4.756,'/gL5eN7UvYlseBD0rjdjgjiVKuQJ.jpg',2,'Acting');
INSERT INTO Personen(id, name, birthday, deathday, popularity, profilePath, gender, profession) VALUES(2273915,'Hyun Bong-sik','1984-10-20','',0.6,'/6NS02ljZ2ssoFyxEM0Jp2SpWYC5.jpg',2,'Acting');
INSERT INTO Personen(id, name, birthday, deathday, popularity, profilePath, gender, profession) VALUES(1330448,'Cho Dong-in','1989-03-26','',1.67,'/6ss1LSKyCmuqZnajU0NoAlHbIhg.jpg',2,'Acting');
INSERT INTO Personen(id, name, birthday, deathday, popularity, profilePath, gender, profession) VALUES(2101538,'Cha Soon-bae','1972-10-23','',0.695,'/7oDDNlBZRUb9M7VxM5X1p1eXw4c.jpg',2,'Acting');
INSERT INTO Personen(id, name, birthday, deathday, popularity, profilePath, gender, profession) VALUES(38017,'Jo Hwa-seong','1969-04-08','',1.099,'',2,'Art');
INSERT INTO Personen(id, name, birthday, deathday, popularity, profilePath, gender, profession) VALUES(64337,'Kim Woo-taek','1964-07-04','',1.708,'',2,'Production');
INSERT INTO Personen(id, name, birthday, deathday, popularity, profilePath, gender, profession) VALUES(557736,'Park Hoon-jung','','',1.839,'/sIfrrVBKzaNE4K84NJ46GLggszn.jpg',2,'Directing');
INSERT INTO Personen(id, name, birthday, deathday, popularity, profilePath, gender, profession) VALUES(929598,'Mowg','1972-01-01','',1.4,'/jdQiBwQR9a93b6QCli79AR2gpNI.jpg',2,'Sound');
INSERT INTO Personen(id, name, birthday, deathday, popularity, profilePath, gender, profession) VALUES(936834,'Kim Young-ho','','',0.6,'',2,'Camera');
INSERT INTO Personen(id, name, birthday, deathday, popularity, profilePath, gender, profession) VALUES(1294810,'Choi Se-yeon','','',0.988,'/4ALhS4iTYzLh3fLwg2svpVrrZBr.jpg',1,'Costume & Make-Up');
INSERT INTO Personen(id, name, birthday, deathday, popularity, profilePath, gender, profession) VALUES(934159,'Eric André','1983-04-04','',4.125,'/fr3rp6QdQFEzwuLVNDbd5CEpenA.jpg',2,'Acting');
INSERT INTO Personen(id, name, birthday, deathday, popularity, profilePath, gender, profession) VALUES(1488961,'Lil Rel Howery','1979-12-17','',4.073,'/9MDi35Fy6ym7SYbO3B04vf1vBnm.jpg',2,'Acting');
INSERT INTO Personen(id, name, birthday, deathday, popularity, profilePath, gender, profession) VALUES(1230868,'Tiffany Haddish','1979-12-03','',3.794,'/Avmv1YY7Qscz0TyWxhqFoS7BO5f.jpg',1,'Acting');
INSERT INTO Personen(id, name, birthday, deathday, popularity, profilePath, gender, profession) VALUES(122237,'Michaela Conlin','1978-06-09','',5.758,'/5Qv7KNTMDbdO7m5p1wIic5kVKr8.jpg',1,'Acting');
INSERT INTO Personen(id, name, birthday, deathday, popularity, profilePath, gender, profession) VALUES(2608255,'Anthony J. James','','',0.6,'',0,'Acting');
INSERT INTO Personen(id, name, birthday, deathday, popularity, profilePath, gender, profession) VALUES(2608259,'Adam Meir','','',1.214,'',0,'Acting');
INSERT INTO Personen(id, name, birthday, deathday, popularity, profilePath, gender, profession) VALUES(1536821,'Charles Green','','',1.24,'/9QUDEyCSDlzAdCl0zweSzDUSyqr.jpg',2,'Acting');
INSERT INTO Personen(id, name, birthday, deathday, popularity, profilePath, gender, profession) VALUES(1743023,'Cory DeMeyers','','',0.652,'',2,'Crew');
INSERT INTO Personen(id, name, birthday, deathday, popularity, profilePath, gender, profession) VALUES(56578,'Jeff Tremaine','1966-09-04','',0.787,'/hyoxbPPPRQESo96cjktGujXbLhL.jpg',2,'Acting');
INSERT INTO Personen(id, name, birthday, deathday, popularity, profilePath, gender, profession) VALUES(91268,'Ruben Fleischer','1974-10-31','',1.532,'/3JLxOPFTLigSy8FjFjDyMwD9GIp.jpg',2,'Directing');
INSERT INTO Personen(id, name, birthday, deathday, popularity, profilePath, gender, profession) VALUES(922344,'Kitao Sakurai','','',1.073,'/9uaITTRb3OOdkV9ujcUTd9f9cp7.jpg',2,'Directing');
INSERT INTO Personen(id, name, birthday, deathday, popularity, profilePath, gender, profession) VALUES(928158,'Ludwig Göransson','1984-09-01','',1.43,'/zFXw0Ole0g1DtSHTqAUMFbRQX7i.jpg',2,'Sound');
INSERT INTO Personen(id, name, birthday, deathday, popularity, profilePath, gender, profession) VALUES(959742,'Wendy O\'Brien','','',1.4,'',1,'Production');
INSERT INTO Personen(id, name, birthday, deathday, popularity, profilePath, gender, profession) VALUES(1148626,'Lindsey Morgan','1990-02-27','',11.204,'/fl1Jt9brtTV6vfNl5mv55SrSCZm.jpg',1,'Acting');
INSERT INTO Personen(id, name, birthday, deathday, popularity, profilePath, gender, profession) VALUES(2957,'Alexander Siddig','1965-11-21','',5.181,'/fpriiMtXCqG74iALsr9uK8iyDbp.jpg',2,'Acting');
INSERT INTO Personen(id, name, birthday, deathday, popularity, profilePath, gender, profession) VALUES(25702,'Rhona Mitra','1976-08-09','',14.107,'/fcNw2EGkmlO0zlFh72KvubMbsjH.jpg',1,'Acting');
INSERT INTO Personen(id, name, birthday, deathday, popularity, profilePath, gender, profession) VALUES(9452,'Daniel Bernhardt','1965-08-31','',4.762,'/b59qhg5VJOCypx9eMXrXHAjauLd.jpg',2,'Acting');
INSERT INTO Personen(id, name, birthday, deathday, popularity, profilePath, gender, profession) VALUES(2467,'James Cosmo','1948-05-24','',6.755,'/uFyivAeeG3h8Gt5a99ACRC44vZL.jpg',2,'Acting');
INSERT INTO Personen(id, name, birthday, deathday, popularity, profilePath, gender, profession) VALUES(142019,'Yayan Ruhian','1968-10-19','',1.052,'/y8ZLh6FZMuLFw8PhqDxcEsyozjJ.jpg',2,'Acting');
INSERT INTO Personen(id, name, birthday, deathday, popularity, profilePath, gender, profession) VALUES(1270111,'Jonathan Howard','','',0.962,'/nVVGhwoMb2TV3mMj2LZOvJ6XV03.jpg',2,'Acting');
INSERT INTO Personen(id, name, birthday, deathday, popularity, profilePath, gender, profession) VALUES(1766423,'Ieva Andrejevaitė','1988-01-01','',1.129,'/gfgyIWqZ0pBbsJjQb9YQcR7JNyL.jpg',1,'Acting');
INSERT INTO Personen(id, name, birthday, deathday, popularity, profilePath, gender, profession) VALUES(6037,'Colin Strause','1976-11-08','',1.029,'',2,'Visual Effects');
INSERT INTO Personen(id, name, birthday, deathday, popularity, profilePath, gender, profession) VALUES(6038,'Greg Strause','1975-01-16','',1.44,'',2,'Visual Effects');
INSERT INTO Personen(id, name, birthday, deathday, popularity, profilePath, gender, profession) VALUES(7051,'James Clarke','','',0.6,'',2,'Editing');
INSERT INTO Personen(id, name, birthday, deathday, popularity, profilePath, gender, profession) VALUES(84884,'Matthew E. Chausse','','',0.6,'',0,'Production');
INSERT INTO Personen(id, name, birthday, deathday, popularity, profilePath, gender, profession) VALUES(128635,'Joshua Cordes','','',1.094,'',2,'Writing');
INSERT INTO Personen(id, name, birthday, deathday, popularity, profilePath, gender, profession) VALUES(128636,'Liam O\'Donnell','1982-04-12','',0.84,'/3KhUDg1uuMD6nyV961UdZBR6WKT.jpg',2,'Writing');
INSERT INTO Personen(id, name, birthday, deathday, popularity, profilePath, gender, profession) VALUES(2185754,'Tianxiang Yang','1990-08-14','',6.053,'/oJj8KXkNMT5Eq8MPvhMzH8pDd7S.jpg',2,'Acting');
INSERT INTO Personen(id, name, birthday, deathday, popularity, profilePath, gender, profession) VALUES(2974840,'张赫','1988-06-25','',0.652,'',2,'Acting');
INSERT INTO Personen(id, name, birthday, deathday, popularity, profilePath, gender, profession) VALUES(2718152,'Xuan Xiaoming','','',0.6,'',0,'Acting');
INSERT INTO Personen(id, name, birthday, deathday, popularity, profilePath, gender, profession) VALUES(2463716,'Li Shimeng','','',0.947,'/7ftwYIANlrwlAcQ2VbDwtqVOQkT.jpg',1,'Acting');
INSERT INTO Personen(id, name, birthday, deathday, popularity, profilePath, gender, profession) VALUES(2974841,'Keer Zhu','','',0.828,'',0,'Acting');
INSERT INTO Personen(id, name, birthday, deathday, popularity, profilePath, gender, profession) VALUES(2974842,'Zhenhe Ling','','',0.6,'',0,'Acting');
INSERT INTO Personen(id, name, birthday, deathday, popularity, profilePath, gender, profession) VALUES(2720411,'Ruoban Liu','','',0.6,'',0,'Acting');
INSERT INTO Personen(id, name, birthday, deathday, popularity, profilePath, gender, profession) VALUES(2585864,'Yaohan Zhang','','',0.6,'/9iryOgAa6VpGUms6PDfoBnrjCNX.jpg',0,'Acting');
INSERT INTO Personen(id, name, birthday, deathday, popularity, profilePath, gender, profession) VALUES(1089446,'Mu Chuan Chen','','',0.6,'',0,'Crew');
INSERT INTO Personen(id, name, birthday, deathday, popularity, profilePath, gender, profession) VALUES(1665497,'赵霁','','',4.29,'/3SbMsocDUMhh6BMPFen0Mv92fzl.jpg',2,'Editing');
INSERT INTO Personen(id, name, birthday, deathday, popularity, profilePath, gender, profession) VALUES(5292,'Denzel Washington','1954-12-28','',15.221,'/cEU2Vrdo83izpGmOvbVAOz5jCof.jpg',2,'Acting');
INSERT INTO Personen(id, name, birthday, deathday, popularity, profilePath, gender, profession) VALUES(17838,'Rami Malek','1981-05-12','',14.344,'/2OuFzCbMibXGouG79tG1U4BLPbe.jpg',2,'Acting');
INSERT INTO Personen(id, name, birthday, deathday, popularity, profilePath, gender, profession) VALUES(7499,'Jared Leto','1971-12-26','',12.989,'/ca3x0OfIKbJppZh8S1Alx3GfUZO.jpg',2,'Acting');
INSERT INTO Personen(id, name, birthday, deathday, popularity, profilePath, gender, profession) VALUES(4445,'Chris Bauer','1966-10-28','',5.06,'/1AjdNxbVmy6azlOxIfnCX5OruEA.jpg',2,'Acting');
INSERT INTO Personen(id, name, birthday, deathday, popularity, profilePath, gender, profession) VALUES(61084,'Michael Hyatt','','',4.259,'/zXJ1mV2NlZuWYgTj8eTuUFhCgp5.jpg',1,'Acting');
INSERT INTO Personen(id, name, birthday, deathday, popularity, profilePath, gender, profession) VALUES(11067,'Terry Kinney','1954-01-29','',4.549,'/5y2rzFRQxRktRobRSKdgsJ1ygsg.jpg',2,'Acting');
INSERT INTO Personen(id, name, birthday, deathday, popularity, profilePath, gender, profession) VALUES(118752,'Natalie Morales','1985-02-15','',3.554,'/gDMgBz8Kc1E2A8f1t4fMVoiYcpB.jpg',1,'Acting');
INSERT INTO Personen(id, name, birthday, deathday, popularity, profilePath, gender, profession) VALUES(1685356,'Isabel Arraiza','1990-08-02','',1.504,'/7y91M7Bcneff9d8KC8tQCoLoOJQ.jpg',1,'Acting');
INSERT INTO Personen(id, name, birthday, deathday, popularity, profilePath, gender, profession) VALUES(153,'Thomas Newman','1955-10-20','',1.78,'/j8rIiOSdBjtDL5vji8m5BtChZou.jpg',2,'Sound');
INSERT INTO Personen(id, name, birthday, deathday, popularity, profilePath, gender, profession) VALUES(2215,'Denise Chamian','','',1.01,'',1,'Production');
INSERT INTO Personen(id, name, birthday, deathday, popularity, profilePath, gender, profession) VALUES(892,'John Schwartzman','','',1.382,'/tP37xmTuc1RXSGdTxnPxanpwIvd.jpg',2,'Camera');
INSERT INTO Personen(id, name, birthday, deathday, popularity, profilePath, gender, profession) VALUES(5162,'Mark Johnson','','',1.109,'',2,'Production');
INSERT INTO Personen(id, name, birthday, deathday, popularity, profilePath, gender, profession) VALUES(7855,'Michael Corenblith','','',1.712,'',2,'Art');
INSERT INTO Personen(id, name, birthday, deathday, popularity, profilePath, gender, profession) VALUES(8411,'Daniel Orlandi','','',1.442,'',2,'Costume & Make-Up');
INSERT INTO Personen(id, name, birthday, deathday, popularity, profilePath, gender, profession) VALUES(12533,'José Antonio García','','',0.6,'',2,'Sound');
INSERT INTO Personen(id, name, birthday, deathday, popularity, profilePath, gender, profession) VALUES(12587,'Jonathan Fuh','','',1.4,'',2,'Sound');
INSERT INTO Personen(id, name, birthday, deathday, popularity, profilePath, gender, profession) VALUES(1427888,'Alain Moussi','1981-03-29','',3.783,'/cIpMdm0ggxVmZIBVj7vz8Q8nPLT.jpg',2,'Acting');
INSERT INTO Personen(id, name, birthday, deathday, popularity, profilePath, gender, profession) VALUES(81685,'Frank Grillo','1965-06-08','',12.81,'/br2nPzelch2Tb3pZHnYAbXng7cz.jpg',2,'Acting');
INSERT INTO Personen(id, name, birthday, deathday, popularity, profilePath, gender, profession) VALUES(1296430,'JuJu Chan','1989-02-02','',4.264,'/5JqRo0pJs1dWLS8vGfNPVJmF67u.jpg',1,'Acting');
INSERT INTO Personen(id, name, birthday, deathday, popularity, profilePath, gender, profession) VALUES(140114,'Marie Avgeropoulos','1986-06-17','',9.709,'/cCzCHmDZXrNfyzbkpxvaKDaGy77.jpg',1,'Acting');
INSERT INTO Personen(id, name, birthday, deathday, popularity, profilePath, gender, profession) VALUES(10883,'Rick Yune','1971-08-22','',2.857,'/zEajNpRC0aXqb0bmicechSGEhQh.jpg',2,'Acting');
INSERT INTO Personen(id, name, birthday, deathday, popularity, profilePath, gender, profession) VALUES(202958,'Eddie Steeples','1973-11-25','',3.104,'/rD7gNnaa4hQeIxyBBLYkEUWoIuD.jpg',2,'Acting');
INSERT INTO Personen(id, name, birthday, deathday, popularity, profilePath, gender, profession) VALUES(13175,'Zane D. Bruce','','',0.6,'',2,'Sound');
INSERT INTO Personen(id, name, birthday, deathday, popularity, profilePath, gender, profession) VALUES(30874,'Donald Paul Pemrick','','',0.652,'/dTrBQgwAbxQvIydb6V5C8A6hf9X.jpg',2,'Production');
INSERT INTO Personen(id, name, birthday, deathday, popularity, profilePath, gender, profession) VALUES(30876,'Dean E. Fronk','','',0.6,'/b3jBbYGzoeaWL4b9QrK4o3UouEQ.jpg',2,'Production');
INSERT INTO Personen(id, name, birthday, deathday, popularity, profilePath, gender, profession) VALUES(41355,'Dimitri Logothetis','','',0.685,'/c1sLBTi3hvPouSj6tRnHsjstRmU.jpg',2,'Directing');
INSERT INTO Personen(id, name, birthday, deathday, popularity, profilePath, gender, profession) VALUES(76467,'Scott Putman','','',0.6,'',2,'Production');
INSERT INTO Personen(id, name, birthday, deathday, popularity, profilePath, gender, profession) VALUES(92609,'Lisa Neidhardt','','',0.6,'',0,'Sound');
INSERT INTO Personen(id, name, birthday, deathday, popularity, profilePath, gender, profession) VALUES(62,'Bruce Willis','1955-03-19','',16.041,'/caX3KtMU42EP3VLRFFBwqIIrch5.jpg',2,'Acting');
INSERT INTO Personen(id, name, birthday, deathday, popularity, profilePath, gender, profession) VALUES(11155,'Thomas Jane','1969-02-22','',5.656,'/9frnlc2zoDcoeqZALB6aeYSQddl.jpg',2,'Acting');
INSERT INTO Personen(id, name, birthday, deathday, popularity, profilePath, gender, profession) VALUES(1750413,'Cody Kearsley','1991-03-10','',2.466,'/AsA8BYiRhrOVArqUFkYMQGumQr4.jpg',2,'Acting');
INSERT INTO Personen(id, name, birthday, deathday, popularity, profilePath, gender, profession) VALUES(50347,'Rachel Nichols','1980-01-08','',6.779,'/eIe5mtHprk9XlRIUPGd4OariOou.jpg',1,'Acting');
INSERT INTO Personen(id, name, birthday, deathday, popularity, profilePath, gender, profession) VALUES(1056610,'Kassandra Clementi','1990-10-10','',1.882,'/mfnh3e8q2gsuJ7XSnwEs9IWMIY9.jpg',1,'Acting');
INSERT INTO Personen(id, name, birthday, deathday, popularity, profilePath, gender, profession) VALUES(21798,'Johnny Messner','1970-04-11','',3.99,'/4xCQ8AYsEFThxh5vL9a03TrwPoU.jpg',2,'Acting');
INSERT INTO Personen(id, name, birthday, deathday, popularity, profilePath, gender, profession) VALUES(77109,'Corey Large','1975-10-18','',6.645,'/a5fUescZlSJ8xbMdSk2BQ7a1onU.jpg',2,'Production');
INSERT INTO Personen(id, name, birthday, deathday, popularity, profilePath, gender, profession) VALUES(208296,'Callan Mulvey','1975-02-23','',5.686,'/dSTWVK03Ajl1mWViJxMPypQUgqB.jpg',2,'Acting');
INSERT INTO Personen(id, name, birthday, deathday, popularity, profilePath, gender, profession) VALUES(65211,'Scott Glasgow','','',0.6,'',0,'Sound');
INSERT INTO Personen(id, name, birthday, deathday, popularity, profilePath, gender, profession) VALUES(82627,'Roy Knyrim','','',0.6,'',2,'Directing');
INSERT INTO Personen(id, name, birthday, deathday, popularity, profilePath, gender, profession) VALUES(130238,'Danny Roth','','',1.38,'',2,'Production');
INSERT INTO Personen(id, name, birthday, deathday, popularity, profilePath, gender, profession) VALUES(146836,'John Suits','1983-05-11','',1.032,'',2,'Production');
INSERT INTO Personen(id, name, birthday, deathday, popularity, profilePath, gender, profession) VALUES(1097199,'John Mehrer','1980-10-23','',0.6,'',2,'Production');
INSERT INTO Personen(id, name, birthday, deathday, popularity, profilePath, gender, profession) VALUES(18897,'Jackie Chan','1954-04-07','',19.313,'/nraZoTzwJQPHspAVsKfgl3RXKKa.jpg',2,'Acting');
INSERT INTO Personen(id, name, birthday, deathday, popularity, profilePath, gender, profession) VALUES(1635792,'Yang Yang','1991-09-09','',6.667,'/ygck6qi2U8eoazOZilOaomqflBL.jpg',2,'Acting');
INSERT INTO Personen(id, name, birthday, deathday, popularity, profilePath, gender, profession) VALUES(1519031,'Allen Ai Lun','1983-01-01','',2.331,'/r2LykUtJ1fXCFKuzuS1vaGF9s3p.jpg',2,'Acting');
INSERT INTO Personen(id, name, birthday, deathday, popularity, profilePath, gender, profession) VALUES(120418,'Jackson Liu','','',1.4,'/fJ0YFg2H475vw1ODkqokZ42MKV7.jpg',2,'Acting');
INSERT INTO Personen(id, name, birthday, deathday, popularity, profilePath, gender, profession) VALUES(1764717,'Miya Muqi','1987-05-24','',2.468,'/bRnt4FwvIFLXcIBdnZJmUnjbnxj.jpg',1,'Acting');
INSERT INTO Personen(id, name, birthday, deathday, popularity, profilePath, gender, profession) VALUES(2435309,'Zhu Zhengting','1996-03-18','',0.6,'/4hQlbeBftUMdG0qVfwoCbanCpk7.jpg',2,'Acting');
INSERT INTO Personen(id, name, birthday, deathday, popularity, profilePath, gender, profession) VALUES(1711895,'Can Aydin','','',1.166,'/ayE3dQbjISEgTvYV7xmysjwnw02.jpg',0,'Acting');
INSERT INTO Personen(id, name, birthday, deathday, popularity, profilePath, gender, profession) VALUES(173810,'Sayed Badreya','1957-05-01','',1.34,'/sVvwmMsjXd5YqyZEfWcWQEkBScu.jpg',2,'Acting');
INSERT INTO Personen(id, name, birthday, deathday, popularity, profilePath, gender, profession) VALUES(44916,'Stanley Tong','1960-04-07','',2.878,'/cunufPnRrZuYwvz8M11c3cr6GVf.jpg',2,'Directing');
INSERT INTO Personen(id, name, birthday, deathday, popularity, profilePath, gender, profession) VALUES(46324,'Nathan Wang','1956-08-08','',0.84,'',2,'Sound');
INSERT INTO Personen(id, name, birthday, deathday, popularity, profilePath, gender, profession) VALUES(2544786,'Eddie Wong','','',0.6,'',0,'Production');
INSERT INTO Personen(id, name, birthday, deathday, popularity, profilePath, gender, profession) VALUES(3032278,'Lee In-Seop','1969-04-15','',0.6,'/zAOomrdShJqihPrWgl7RHUSS3N5.jpg',2,'Acting');
INSERT INTO Personen(id, name, birthday, deathday, popularity, profilePath, gender, profession) VALUES(1262750,'Charlotte Vega','1994-02-10','',4.596,'/xDSEj0M34qoPUXbKh0pmhcIClXV.jpg',1,'Acting');
INSERT INTO Personen(id, name, birthday, deathday, popularity, profilePath, gender, profession) VALUES(8654,'Matthew Modine','1959-03-22','',5.71,'/9HqtCIyNh7VxkmCN8B3YEzl4Zps.jpg',2,'Acting');
INSERT INTO Personen(id, name, birthday, deathday, popularity, profilePath, gender, profession) VALUES(968089,'Emma Dumont','1994-11-15','',7.745,'/ogbFDpuUl0VRefprU8qvPNNf0fI.jpg',1,'Acting');
INSERT INTO Personen(id, name, birthday, deathday, popularity, profilePath, gender, profession) VALUES(32029,'Bill Sage','1962-04-03','',3.621,'/2uQv1NMnGrqqhBMKTm5RBCKh7UV.jpg',2,'Acting');
INSERT INTO Personen(id, name, birthday, deathday, popularity, profilePath, gender, profession) VALUES(1070886,'Daisy Head','1991-01-01','',3.433,'/5DcAwmYWDC7mvxMoceZIzcnpT2L.jpg',1,'Acting');
INSERT INTO Personen(id, name, birthday, deathday, popularity, profilePath, gender, profession) VALUES(2120814,'Adain Bradley','','',0.624,'/2cSVqdKm6AHhWmb9Er3p9q9034V.jpg',0,'Acting');
INSERT INTO Personen(id, name, birthday, deathday, popularity, profilePath, gender, profession) VALUES(956719,'Tim DeZarn','1952-07-11','',1.915,'/AmY8QpXyWUCOX4SewTVytjqD8rz.jpg',2,'Acting');
INSERT INTO Personen(id, name, birthday, deathday, popularity, profilePath, gender, profession) VALUES(1737253,'Dylan McTee','1993-02-06','',2.163,'/wVPAawiEjIB1oS8MONDm5Bqwc9r.jpg',2,'Acting');
INSERT INTO Personen(id, name, birthday, deathday, popularity, profilePath, gender, profession) VALUES(13585,'Nancy Nayor','','',1.62,'',1,'Production');
INSERT INTO Personen(id, name, birthday, deathday, popularity, profilePath, gender, profession) VALUES(46810,'Roshelle Berliner','','',0.6,'',1,'Art');
INSERT INTO Personen(id, name, birthday, deathday, popularity, profilePath, gender, profession) VALUES(51795,'Tom Elkins','','',1.186,'',2,'Editing');
INSERT INTO Personen(id, name, birthday, deathday, popularity, profilePath, gender, profession) VALUES(52373,'Dylan Tarason','','',0.6,'',0,'Production');
INSERT INTO Personen(id, name, birthday, deathday, popularity, profilePath, gender, profession) VALUES(56452,'Alan B. McElroy','1960-10-01','',1.572,'/uUVDalBQ2kwrlzCcZL9HaN45XsU.jpg',2,'Writing');
INSERT INTO Personen(id, name, birthday, deathday, popularity, profilePath, gender, profession) VALUES(92507,'T.J. White','','',0.6,'',2,'Crew');
INSERT INTO Personen(id, name, birthday, deathday, popularity, profilePath, gender, profession) VALUES(134,'Jamie Foxx','1967-12-13','',10.839,'/hPwCMEq6jLAidsXAX5BfoYgIfg2.jpg',2,'Acting');
INSERT INTO Personen(id, name, birthday, deathday, popularity, profilePath, gender, profession) VALUES(56323,'Tina Fey','1970-05-18','',5.686,'/yPTAi1iucXf85UpiFPtyiTSM6do.jpg',1,'Acting');
INSERT INTO Personen(id, name, birthday, deathday, popularity, profilePath, gender, profession) VALUES(4719,'Ahmir-Khalib Thompson','1971-01-20','',3.52,'/fAO3uL2UbtqLzjTQRvamyEfiLgA.jpg',2,'Acting');
INSERT INTO Personen(id, name, birthday, deathday, popularity, profilePath, gender, profession) VALUES(119598,'Phylicia Rashād','1948-06-19','',1.712,'/orbTpG0jaYkPR167TNiEg0AKG3M.jpg',1,'Acting');
INSERT INTO Personen(id, name, birthday, deathday, popularity, profilePath, gender, profession) VALUES(1652371,'Daveed Diggs','1982-01-24','',3.993,'/v4VmQP0iFFW7SU2ouE2Qhu27Hgy.jpg',2,'Acting');
INSERT INTO Personen(id, name, birthday, deathday, popularity, profilePath, gender, profession) VALUES(98103,'Richard Ayoade','1977-05-23','',4.783,'/fp73YQYzhk2hfvdpvbwYxYL1vKz.jpg',2,'Acting');
INSERT INTO Personen(id, name, birthday, deathday, popularity, profilePath, gender, profession) VALUES(78577,'Graham Norton','1963-04-04','',3.092,'/zndDiPrNXtbxGLVhFhSlpCkaHIH.jpg',2,'Acting');
INSERT INTO Personen(id, name, birthday, deathday, popularity, profilePath, gender, profession) VALUES(15298,'Rachel House','1971-10-20','',2.701,'/mAQMUI507TmET25aF8tQIxQNCT8.jpg',1,'Acting');
INSERT INTO Personen(id, name, birthday, deathday, popularity, profilePath, gender, profession) VALUES(3186,'Trent Reznor','1965-05-17','',1.012,'/gzvgK9ydCfW5Sh9tsEeYcYCnxrh.jpg',2,'Sound');
INSERT INTO Personen(id, name, birthday, deathday, popularity, profilePath, gender, profession) VALUES(8021,'Bobby Podesta','','',1.686,'',0,'Visual Effects');
INSERT INTO Personen(id, name, birthday, deathday, popularity, profilePath, gender, profession) VALUES(12092,'Steve Pilcher','','',0.6,'',2,'Art');
INSERT INTO Personen(id, name, birthday, deathday, popularity, profilePath, gender, profession) VALUES(12890,'Pete Docter','1968-10-09','',5.982,'/xz46mHzo8apkVMxmrkMQvqakOL0.jpg',2,'Writing');
INSERT INTO Personen(id, name, birthday, deathday, popularity, profilePath, gender, profession) VALUES(142391,'Atticus Ross','1968-01-16','',0.802,'',2,'Sound');
INSERT INTO Personen(id, name, birthday, deathday, popularity, profilePath, gender, profession) VALUES(225976,'Dan Scanlon','1976-06-21','',1.998,'/sNHqtJKMd59fvEiwBRPD3zKKYQ4.jpg',2,'Writing');
INSERT INTO Personen(id, name, birthday, deathday, popularity, profilePath, gender, profession) VALUES(109880,'Yolanthe Cabau','1985-03-19','',3.602,'/A5Z7tPetGfNKngnLHZFc3I2T3l4.jpg',1,'Acting');
INSERT INTO Personen(id, name, birthday, deathday, popularity, profilePath, gender, profession) VALUES(147535,'Huub Smit','1978-01-01','',6.222,'/qUqgHoHLLRzTAk3XWVKGiuDLQYp.jpg',2,'Acting');
INSERT INTO Personen(id, name, birthday, deathday, popularity, profilePath, gender, profession) VALUES(111851,'Jim Bakkum','1987-08-10','',2.155,'/cbXi2IA8GzrnbnbEAtVqdwGeaER.jpg',2,'Acting');
INSERT INTO Personen(id, name, birthday, deathday, popularity, profilePath, gender, profession) VALUES(1287876,'Noortje Herlaar','1985-04-22','',2.349,'/9UupimmSLCQ7uoLCg2wDOcmTjAJ.jpg',1,'Acting');
INSERT INTO Personen(id, name, birthday, deathday, popularity, profilePath, gender, profession) VALUES(1714178,'Nick Golterman','','',0.694,'/pkKxhg2R7Vag0vZWGsQwJxaE1UT.jpg',0,'Acting');
INSERT INTO Personen(id, name, birthday, deathday, popularity, profilePath, gender, profession) VALUES(211236,'Edwin Jonker','1976-10-04','',0.6,'/6oTvPHOxmwMVoZp6sCb6xzo3wNk.jpg',2,'Acting');
INSERT INTO Personen(id, name, birthday, deathday, popularity, profilePath, gender, profession) VALUES(1243505,'Pip Pellens','1993-10-30','',0.84,'',1,'Acting');
INSERT INTO Personen(id, name, birthday, deathday, popularity, profilePath, gender, profession) VALUES(1258939,'Juvat Westendorp','','',0.84,'',0,'Acting');
INSERT INTO Personen(id, name, birthday, deathday, popularity, profilePath, gender, profession) VALUES(1336104,'Aram van de Rest','1976-04-04','',0.6,'',2,'Acting');
INSERT INTO Personen(id, name, birthday, deathday, popularity, profilePath, gender, profession) VALUES(1531851,'Mustapha Boudellah','','',0.84,'',2,'Writing');
INSERT INTO Personen(id, name, birthday, deathday, popularity, profilePath, gender, profession) VALUES(1531852,'Appie Boudellah','','',0.828,'',2,'Production');
INSERT INTO Personen(id, name, birthday, deathday, popularity, profilePath, gender, profession) VALUES(2523646,'Maarten van den Broek','','',0.6,'',0,'Writing');
INSERT INTO Personen(id, name, birthday, deathday, popularity, profilePath, gender, profession) VALUES(2975238,'Marie Kiebert','','',0.694,'',0,'Writing');
INSERT INTO Personen(id, name, birthday, deathday, popularity, profilePath, gender, profession) VALUES(234352,'Margot Robbie','1990-07-02','',18.909,'/43ROSeI5KizWdayMyNKobU6fgGc.jpg',1,'Acting');
INSERT INTO Personen(id, name, birthday, deathday, popularity, profilePath, gender, profession) VALUES(3061,'Ewan McGregor','1971-03-31','',11.495,'/pTyXmuOIcbzkwxstOKBqMoGStFg.jpg',2,'Acting');
INSERT INTO Personen(id, name, birthday, deathday, popularity, profilePath, gender, profession) VALUES(17628,'Mary Elizabeth Winstead','1984-11-28','',16.636,'/vQn6IGsClpyhV6KTba9EDqSK7e2.jpg',1,'Acting');
INSERT INTO Personen(id, name, birthday, deathday, popularity, profilePath, gender, profession) VALUES(59017,'Jurnee Smollett','1986-10-01','',4.531,'/jzpxcydjOM1QlOvQD0AdfWdXJDb.jpg',1,'Acting');
INSERT INTO Personen(id, name, birthday, deathday, popularity, profilePath, gender, profession) VALUES(4810,'Rosie Perez','1964-09-06','',3.168,'/1AD61lJoegfgYIOMezaYlCpbitJ.jpg',1,'Acting');
INSERT INTO Personen(id, name, birthday, deathday, popularity, profilePath, gender, profession) VALUES(61659,'Chris Messina','1974-08-11','',4.582,'/l9DbQTK5pI6SOGpmfbADGLhdOYS.jpg',2,'Acting');
INSERT INTO Personen(id, name, birthday, deathday, popularity, profilePath, gender, profession) VALUES(2175867,'Ella Jay Basco','2006-09-17','',2.248,'/qCDNp5KPCemOl6L9jD1xTSTWybl.jpg',1,'Acting');
INSERT INTO Personen(id, name, birthday, deathday, popularity, profilePath, gender, profession) VALUES(591835,'Ali Wong','1982-04-19','',4.08,'/zrzLHVEKrTqlD7o60ChfZoPA9Nn.jpg',1,'Acting');
INSERT INTO Personen(id, name, birthday, deathday, popularity, profilePath, gender, profession) VALUES(1783,'K.K. Barrett','','',0.84,'/8TsblTWtRK28VXyr1EtaIfJWYWP.jpg',2,'Art');
INSERT INTO Personen(id, name, birthday, deathday, popularity, profilePath, gender, profession) VALUES(4867,'Matthew Libatique','1968-07-19','',2.889,'/9d5tRBYBgJUb0LKWiPPLNcIx44m.jpg',2,'Camera');
INSERT INTO Personen(id, name, birthday, deathday, popularity, profilePath, gender, profession) VALUES(40644,'Chad Stahelski','1968-09-20','',3.666,'/eRCryGwKDH4XqUlrdkERmeBWPo8.jpg',2,'Directing');
INSERT INTO Personen(id, name, birthday, deathday, popularity, profilePath, gender, profession) VALUES(13227,'Jay Cassidy','','',0.62,'/f63siBS3qKfoOPZHS74r3zFhWGW.jpg',2,'Editing');
INSERT INTO Personen(id, name, birthday, deathday, popularity, profilePath, gender, profession) VALUES(19769,'David Ayer','1968-01-18','',2.907,'/2oBT2jQbsV8IWPMr3Cm87YBJxGu.jpg',2,'Directing');
INSERT INTO Personen(id, name, birthday, deathday, popularity, profilePath, gender, profession) VALUES(18689,'Susan McNamara','','',0.6,'',0,'Production');
INSERT INTO Personen(id, name, birthday, deathday, popularity, profilePath, gender, profession) VALUES(47365,'Walter Hamada','1968-05-07','',1.751,'/k5QwIY7m4SJJceH2GeBgDrR61Vo.jpg',2,'Production');
INSERT INTO Personen(id, name, birthday, deathday, popularity, profilePath, gender, profession) VALUES(1256603,'Natsuki Hanae','1991-06-26','',7.823,'/A1lGrpBEdAUxZA7RoAw4Zr4ved3.jpg',2,'Acting');
INSERT INTO Personen(id, name, birthday, deathday, popularity, profilePath, gender, profession) VALUES(1563442,'Akari Kito','1994-10-16','',16.458,'/43SgANYtj7vpsHmz68hgPDlxC15.jpg',1,'Acting');
INSERT INTO Personen(id, name, birthday, deathday, popularity, profilePath, gender, profession) VALUES(119145,'Hiro Shimono','1980-04-21','',7.062,'/i5CaaqKmHH0vKCloqZyrCwn5mWy.jpg',2,'Acting');
INSERT INTO Personen(id, name, birthday, deathday, popularity, profilePath, gender, profession) VALUES(233590,'Yoshitsugu Matsuoka','1986-09-17','',5.172,'/imT0u1zSM0RbMxBBbQ6kGDRNoCV.jpg',2,'Acting');
INSERT INTO Personen(id, name, birthday, deathday, popularity, profilePath, gender, profession) VALUES(224413,'Satoshi Hino','1978-08-04','',4.849,'/8ZJIiwIVF2zDyyFr7oXewj0eEuu.jpg',2,'Acting');
INSERT INTO Personen(id, name, birthday, deathday, popularity, profilePath, gender, profession) VALUES(9705,'Takahiro Sakurai','1974-06-13','',8.085,'/cXVu8xUA3CFHB0RJLyTcrUP38j3.jpg',2,'Acting');
INSERT INTO Personen(id, name, birthday, deathday, popularity, profilePath, gender, profession) VALUES(24647,'Katsuyuki Konishi','1973-04-21','',4.836,'/lxSKVgpbKGhCfxFDXplM8eb4YLk.jpg',2,'Acting');
INSERT INTO Personen(id, name, birthday, deathday, popularity, profilePath, gender, profession) VALUES(221773,'Saori Hayami','1991-05-29','',9.256,'/idFQBETcsRV7Uy7InV2x9e2iFWq.jpg',1,'Acting');
INSERT INTO Personen(id, name, birthday, deathday, popularity, profilePath, gender, profession) VALUES(89839,'Yuki Kajiura','1965-08-06','',2.232,'/dhhHmE1bEDyu3hRiy5CyQvLKBLn.jpg',1,'Sound');
INSERT INTO Personen(id, name, birthday, deathday, popularity, profilePath, gender, profession) VALUES(230748,'Makoto Nakamura','1970-04-16','',0.629,'',2,'Writing');
INSERT INTO Personen(id, name, birthday, deathday, popularity, profilePath, gender, profession) VALUES(552050,'Masahiro Kimura','','',0.6,'',2,'Visual Effects');
INSERT INTO Personen(id, name, birthday, deathday, popularity, profilePath, gender, profession) VALUES(931824,'Mitsuru Obunai','','',1.473,'',2,'Visual Effects');
INSERT INTO Personen(id, name, birthday, deathday, popularity, profilePath, gender, profession) VALUES(1196401,'Tomonori Sudo','1978-01-01','',1.176,'/p2QstTAYnQclT78iDQYps5es8VK.jpg',2,'Visual Effects');
INSERT INTO Personen(id, name, birthday, deathday, popularity, profilePath, gender, profession) VALUES(1256824,'Akira Matsushima','','',0.6,'',2,'Visual Effects');
INSERT INTO Personen(id, name, birthday, deathday, popularity, profilePath, gender, profession) VALUES(2530967,'Valery Smekalov','','',1.396,'',2,'Acting');
INSERT INTO Personen(id, name, birthday, deathday, popularity, profilePath, gender, profession) VALUES(2979308,'Irina Obrezkova','','',0.6,'',1,'Acting');
INSERT INTO Personen(id, name, birthday, deathday, popularity, profilePath, gender, profession) VALUES(2979310,'Alexey Makretsky','','',0.6,'',2,'Acting');
INSERT INTO Personen(id, name, birthday, deathday, popularity, profilePath, gender, profession) VALUES(2779263,'Regina Shchukina','','',0.6,'',1,'Acting');
INSERT INTO Personen(id, name, birthday, deathday, popularity, profilePath, gender, profession) VALUES(992787,'Kseniya Brzhezovskaya','','',0.6,'',0,'Acting');
INSERT INTO Personen(id, name, birthday, deathday, popularity, profilePath, gender, profession) VALUES(2735395,'Yuliya Zorkina','','',0.6,'',1,'Acting');
INSERT INTO Personen(id, name, birthday, deathday, popularity, profilePath, gender, profession) VALUES(7592,'Sergey Selyanov','1955-08-21','',0.6,'/hj0x3LzDU01kbI5qmNTsDVNjn6b.jpg',2,'Production');
INSERT INTO Personen(id, name, birthday, deathday, popularity, profilePath, gender, profession) VALUES(1327833,'Sasha Shapiro','','',0.6,'',0,'Production');
INSERT INTO Personen(id, name, birthday, deathday, popularity, profilePath, gender, profession) VALUES(1404563,'Alexey Tsitsilin','','',2.342,'/y1KrCC9H9QniYPAN26Zbg2iQWIK.jpg',0,'Directing');
INSERT INTO Personen(id, name, birthday, deathday, popularity, profilePath, gender, profession) VALUES(1425609,'Alexey Zamyslov','','',0.6,'',2,'Writing');
INSERT INTO Personen(id, name, birthday, deathday, popularity, profilePath, gender, profession) VALUES(2888,'Will Smith','1968-09-25','',16.906,'/eze9FO9VuryXLP0aF2cRqPCcibN.jpg',2,'Acting');
INSERT INTO Personen(id, name, birthday, deathday, popularity, profilePath, gender, profession) VALUES(78029,'Martin Lawrence','1965-04-16','',9.727,'/tCP58OEUJOAsk2iiBeIDgmbt6y3.jpg',2,'Acting');
INSERT INTO Personen(id, name, birthday, deathday, popularity, profilePath, gender, profession) VALUES(544442,'Paola Nuñez','1985-04-08','',8.788,'/5k8tBBvoV43iK6u0k2YUSVXPmuK.jpg',1,'Acting');
INSERT INTO Personen(id, name, birthday, deathday, popularity, profilePath, gender, profession) VALUES(67599,'Vanessa Hudgens','1988-12-14','',6.694,'/ssFXWN5li5OWJLgUoFlUDY0ZyPc.jpg',1,'Acting');
INSERT INTO Personen(id, name, birthday, deathday, popularity, profilePath, gender, profession) VALUES(23498,'Alexander Ludwig','1992-05-07','',7.712,'/unP5YUgEdECL2gMLs0zCNya6is6.jpg',2,'Acting');
INSERT INTO Personen(id, name, birthday, deathday, popularity, profilePath, gender, profession) VALUES(1907002,'Charles Melton','1991-01-04','',5.517,'/wTVbROEoe3zN7oz8EcXBIHUesn.jpg',2,'Acting');
INSERT INTO Personen(id, name, birthday, deathday, popularity, profilePath, gender, profession) VALUES(36628,'Kate del Castillo','1972-10-23','',3.154,'/7m4oa23hAsqW3cE8cDF72QhIv9t.jpg',1,'Acting');
INSERT INTO Personen(id, name, birthday, deathday, popularity, profilePath, gender, profession) VALUES(1688196,'Nicky Jam','1981-03-17','',3.324,'/8FolqWucCpTN8GuM27f3cOZgxxV.jpg',2,'Acting');
INSERT INTO Personen(id, name, birthday, deathday, popularity, profilePath, gender, profession) VALUES(770,'Jerry Bruckheimer','1945-09-21','',1.924,'/vTKQVRrj9vOrKLkPEsXHxmpV9c3.jpg',2,'Production');
INSERT INTO Personen(id, name, birthday, deathday, popularity, profilePath, gender, profession) VALUES(2444,'Mike Stenson','','',0.6,'/70ioHzt1q5o9JDjxyXND0xOJDel.jpg',2,'Production');
INSERT INTO Personen(id, name, birthday, deathday, popularity, profilePath, gender, profession) VALUES(2446,'Chad Oman','','',1.22,'/l84amvUZOrpSU5GRTDYoEkvbh25.jpg',2,'Production');
INSERT INTO Personen(id, name, birthday, deathday, popularity, profilePath, gender, profession) VALUES(9819,'Jon Billington','','',0.989,'/3wMaenFPT4rhJuPKJcE49eH7WGk.jpg',0,'Art');
INSERT INTO Personen(id, name, birthday, deathday, popularity, profilePath, gender, profession) VALUES(10122,'Barry H. Waldman','','',1.38,'',0,'Production');
INSERT INTO Personen(id, name, birthday, deathday, popularity, profilePath, gender, profession) VALUES(83002,'Jessica Chastain','1977-03-24','',16.184,'/lodMzLKSdrPcBry6TdoDsMN3Vge.jpg',1,'Acting');
INSERT INTO Personen(id, name, birthday, deathday, popularity, profilePath, gender, profession) VALUES(6949,'John Malkovich','1953-12-09','',8.444,'/5coH0AExljEnbseCXKL4CDOVQj8.jpg',2,'Acting');
INSERT INTO Personen(id, name, birthday, deathday, popularity, profilePath, gender, profession) VALUES(72466,'Colin Farrell','1976-05-31','',13.771,'/taTdWAWiQ7Ab6HN1BbJPSCQvjeO.jpg',2,'Acting');
INSERT INTO Personen(id, name, birthday, deathday, popularity, profilePath, gender, profession) VALUES(4238,'Common','1972-03-13','',4.904,'/c45lu37VIcmBMcoBRaLdouqgHcC.jpg',2,'Acting');
INSERT INTO Personen(id, name, birthday, deathday, popularity, profilePath, gender, profession) VALUES(16935,'Geena Davis','1956-01-21','',8.304,'/bx9ufx5cS7FfHDFFeT71syBh428.jpg',1,'Acting');
INSERT INTO Personen(id, name, birthday, deathday, popularity, profilePath, gender, profession) VALUES(76999,'Jess Weixler','1981-06-08','',3.624,'/2X0PjIXMLPjm7opUGEq8X5lvqjV.jpg',1,'Acting');
INSERT INTO Personen(id, name, birthday, deathday, popularity, profilePath, gender, profession) VALUES(6720,'Joan Chen','1961-04-26','',7.703,'/7uMTJpY8B2hufXqmlxJpaUPpcJi.jpg',1,'Acting');
INSERT INTO Personen(id, name, birthday, deathday, popularity, profilePath, gender, profession) VALUES(65524,'Ioan Gruffudd','1973-10-06','',6.505,'/bUfnbySl6afH1Upkeq0v2Kp8Ymx.jpg',2,'Acting');
INSERT INTO Personen(id, name, birthday, deathday, popularity, profilePath, gender, profession) VALUES(4671,'Zach Staenberg','','',1.935,'',2,'Editing');
INSERT INTO Personen(id, name, birthday, deathday, popularity, profilePath, gender, profession) VALUES(5582,'Stephen Goldblatt','','',0.6,'',2,'Camera');
INSERT INTO Personen(id, name, birthday, deathday, popularity, profilePath, gender, profession) VALUES(6191,'Leslie E. Rollins','','',0.84,'',2,'Art');
INSERT INTO Personen(id, name, birthday, deathday, popularity, profilePath, gender, profession) VALUES(89383,'Molly Hughes','','',0.6,'',0,'Art');
INSERT INTO Personen(id, name, birthday, deathday, popularity, profilePath, gender, profession) VALUES(42034,'Greg P. Russell','','',1.45,'',2,'Sound');
INSERT INTO Personen(id, name, birthday, deathday, popularity, profilePath, gender, profession) VALUES(17863,'Linda Cohen','','',0.98,'',1,'Sound');
INSERT INTO Personen(id, name, birthday, deathday, popularity, profilePath, gender, profession) VALUES(18786,'Brenda McNally','','',0.6,'',1,'Costume & Make-Up');
INSERT INTO Personen(id, name, birthday, deathday, popularity, profilePath, gender, profession) VALUES(33288,'Nancy Kirhoffer','','',1.094,'',1,'Production');
INSERT INTO Personen(id, name, birthday, deathday, popularity, profilePath, gender, profession) VALUES(1753914,'Josephine Langford','1997-08-18','',12.937,'/rxQIrvUN1NGHkqSKHug1hoHTUNi.jpg',1,'Acting');
INSERT INTO Personen(id, name, birthday, deathday, popularity, profilePath, gender, profession) VALUES(1114487,'Hero Fiennes Tiffin','1997-11-06','',8.691,'/pA98PBT1v0gQ5n7THb4o3OQaBzP.jpg',2,'Acting');
INSERT INTO Personen(id, name, birthday, deathday, popularity, profilePath, gender, profession) VALUES(1684130,'Shane Paul McGhie','1993-11-26','',1.964,'/xrW5ioE8lihmmuu1ov1wWBpOWYp.jpg',2,'Acting');
INSERT INTO Personen(id, name, birthday, deathday, popularity, profilePath, gender, profession) VALUES(95686,'Dylan Sprouse','1992-08-04','',5.668,'/1kAWq60C8NpEkDsUMz4dVUo5YTH.jpg',2,'Acting');
INSERT INTO Personen(id, name, birthday, deathday, popularity, profilePath, gender, profession) VALUES(1224112,'Samuel Larsen','1991-08-28','',3.31,'/a9AQOsvl0IUHe23sz7wYsgHFBn4.jpg',2,'Acting');
INSERT INTO Personen(id, name, birthday, deathday, popularity, profilePath, gender, profession) VALUES(1685330,'Inanna Sarkis','1993-05-15','',5.598,'/up8etOETeYTwuGFr9yL0gYf5ZKW.jpg',1,'Acting');
INSERT INTO Personen(id, name, birthday, deathday, popularity, profilePath, gender, profession) VALUES(2161745,'Khadijha Red Thunder','','',2.946,'/hmbhN093S6MGyfVMojRAm4MxuJd.jpg',1,'Acting');
INSERT INTO Personen(id, name, birthday, deathday, popularity, profilePath, gender, profession) VALUES(147404,'Charlie Weber','1978-09-20','',7.168,'/6OTjUk4OB4ZV1xkQ3t2urR4KKSF.jpg',2,'Acting');
INSERT INTO Personen(id, name, birthday, deathday, popularity, profilePath, gender, profession) VALUES(11873,'Roger Kumble','1966-05-28','',2.283,'/njVOmV33aCFRUlBxxLXzLbrmAUS.jpg',2,'Directing');
INSERT INTO Personen(id, name, birthday, deathday, popularity, profilePath, gender, profession) VALUES(20742,'Jennifer Gibgot','','',0.6,'',1,'Production');
INSERT INTO Personen(id, name, birthday, deathday, popularity, profilePath, gender, profession) VALUES(46088,'Mark Canton','1949-06-19','',0.84,'',2,'Production');
INSERT INTO Personen(id, name, birthday, deathday, popularity, profilePath, gender, profession) VALUES(61921,'Courtney Solomon','1971-09-01','',0.703,'',2,'Production');
INSERT INTO Personen(id, name, birthday, deathday, popularity, profilePath, gender, profession) VALUES(68295,'Anita Brandt-Burgoyne','','',0.6,'',1,'Editing');
INSERT INTO Personen(id, name, birthday, deathday, popularity, profilePath, gender, profession) VALUES(928329,'Meagan McLaughlin','','',0.6,'',1,'Costume & Make-Up');
INSERT INTO Personen(id, name, birthday, deathday, popularity, profilePath, gender, profession) VALUES(1031200,'Nicolas Chartier','','',1.4,'/59ptYCph60CtAtLmWuC9dASHhsp.jpg',2,'Production');
INSERT INTO Personen(id, name, birthday, deathday, popularity, profilePath, gender, profession) VALUES(1329938,'Heather R. Dumas','','',0.6,'',0,'Art');
INSERT INTO Personen(id, name, birthday, deathday, popularity, profilePath, gender, profession) VALUES(1958615,'Nicolas Fontaine','','',1.979,'/xcxK1qnOQtwHCHJEJ9LpgqlbGUT.jpg',2,'Acting');
INSERT INTO Personen(id, name, birthday, deathday, popularity, profilePath, gender, profession) VALUES(175913,'Brittany Drisdelle','1988-02-06','',2.601,'/r4ZRxNMT8X9XkNc01XGqctCulKY.jpg',1,'Acting');
INSERT INTO Personen(id, name, birthday, deathday, popularity, profilePath, gender, profession) VALUES(1496335,'Madeline Harvey','','',0.98,'/3R24e3pPyd3Imah7eRvtGcUsS5e.jpg',1,'Acting');
INSERT INTO Personen(id, name, birthday, deathday, popularity, profilePath, gender, profession) VALUES(2092553,'Paul Zinno','','',0.694,'/stz0vE9zJ0paHbAN6wDqonyLiOO.jpg',2,'Acting');
INSERT INTO Personen(id, name, birthday, deathday, popularity, profilePath, gender, profession) VALUES(1818534,'Nick Walker','','',0.6,'',0,'Acting');
INSERT INTO Personen(id, name, birthday, deathday, popularity, profilePath, gender, profession) VALUES(119481,'Chip Chuipka','','',0.961,'',2,'Acting');
INSERT INTO Personen(id, name, birthday, deathday, popularity, profilePath, gender, profession) VALUES(61948,'Howard Rosenstein','','',0.63,'/sCrGZIa5xK5COEHu5pxxlEn6Wlm.jpg',2,'Acting');
INSERT INTO Personen(id, name, birthday, deathday, popularity, profilePath, gender, profession) VALUES(2331837,'Cameron Geller','','',0.6,'',0,'Acting');
INSERT INTO Personen(id, name, birthday, deathday, popularity, profilePath, gender, profession) VALUES(1166608,'Benoit Beaulieu','','',0.6,'',0,'Production');
INSERT INTO Personen(id, name, birthday, deathday, popularity, profilePath, gender, profession) VALUES(1209832,'Renaud Gauthier','','',0.6,'/sKfNzzahN7guw7aqIhc7xV7edfN.jpg',0,'Production');
INSERT INTO Personen(id, name, birthday, deathday, popularity, profilePath, gender, profession) VALUES(1792670,'Albert I. Melamed','','',0.6,'',0,'Production');
INSERT INTO Personen(id, name, birthday, deathday, popularity, profilePath, gender, profession) VALUES(1984598,'Derek Branscombe','','',0.6,'/t6QmGyVkpHgiKUWLqKycd4jS0OA.jpg',2,'Camera');
INSERT INTO Personen(id, name, birthday, deathday, popularity, profilePath, gender, profession) VALUES(2080363,'Mathias Bernard','','',0.6,'',0,'Production');
INSERT INTO Personen(id, name, birthday, deathday, popularity, profilePath, gender, profession) VALUES(2080364,'Pierre-Alexandre Bouchard','','',0.6,'',0,'Production');
INSERT INTO Personen(id, name, birthday, deathday, popularity, profilePath, gender, profession) VALUES(2379096,'Philip Kalin-Hajdu','','',0.694,'',0,'Production');
INSERT INTO Personen(id, name, birthday, deathday, popularity, profilePath, gender, profession) VALUES(61114,'Kate Walsh','1967-10-13','',6.692,'/z2o4tml3ClbrcJ2ZYtqdtYJcsEY.jpg',1,'Acting');
INSERT INTO Personen(id, name, birthday, deathday, popularity, profilePath, gender, profession) VALUES(224181,'Jai Courtney','1986-03-15','',7.421,'/22RCc8KSKQe3YgsaWUcX9XQwxFf.jpg',2,'Acting');
INSERT INTO Personen(id, name, birthday, deathday, popularity, profilePath, gender, profession) VALUES(52886,'Jeffrey Donovan','1968-05-11','',6.154,'/wlDXfXpu6Uz32LUmbFzU8QPDoQH.jpg',2,'Acting');
INSERT INTO Personen(id, name, birthday, deathday, popularity, profilePath, gender, profession) VALUES(1560244,'Anthony Ramos','1991-11-01','',4.116,'/ityTHqIXFT3laID4j4ptlnc84zq.jpg',2,'Acting');
INSERT INTO Personen(id, name, birthday, deathday, popularity, profilePath, gender, profession) VALUES(418,'Robert Patrick','1958-11-05','',8.169,'/eyzyyZwp9RP5hhKU6ETJHvPYtb8.jpg',2,'Acting');
INSERT INTO Personen(id, name, birthday, deathday, popularity, profilePath, gender, profession) VALUES(1291890,'Jasmine Cephas Jones','1989-07-21','',1.99,'/lT0BC4xmluVmjo3yIGxTqHPqa9p.jpg',1,'Acting');
INSERT INTO Personen(id, name, birthday, deathday, popularity, profilePath, gender, profession) VALUES(212749,'Birol Tarkan Yildiz','1973-05-06','',1.4,'/dfgtqEQ3nEB3NGRgegDuykga7hE.jpg',2,'Acting');
INSERT INTO Personen(id, name, birthday, deathday, popularity, profilePath, gender, profession) VALUES(4140,'Mark Isham','1951-09-07','',1.261,'/tEaNYGPkKNsk1FRGloYKBO7fatG.jpg',2,'Sound');
INSERT INTO Personen(id, name, birthday, deathday, popularity, profilePath, gender, profession) VALUES(4950,'Shelly Johnson','1960-01-01','',1.96,'/aueV77RifcZBEQT8rZfEibAQ9At.jpg',2,'Camera');
INSERT INTO Personen(id, name, birthday, deathday, popularity, profilePath, gender, profession) VALUES(35582,'Nicholas Mastandrea','1955-08-27','',1.686,'',2,'Directing');
INSERT INTO Personen(id, name, birthday, deathday, popularity, profilePath, gender, profession) VALUES(100218,'Ryan R. Johnson','','',0.6,'',0,'Production');
INSERT INTO Personen(id, name, birthday, deathday, popularity, profilePath, gender, profession) VALUES(18918,'Dwayne Johnson','1972-05-02','',34.382,'/cgoy7t5Ve075naBPcewZrc08qGw.jpg',2,'Acting');
INSERT INTO Personen(id, name, birthday, deathday, popularity, profilePath, gender, profession) VALUES(976,'Jason Statham','1967-07-26','',77.419,'/lldeQ91GwIVff43JBrpdbAAeYWj.jpg',2,'Acting');
INSERT INTO Personen(id, name, birthday, deathday, popularity, profilePath, gender, profession) VALUES(17605,'Idris Elba','1972-09-06','',11.685,'/be1bVF7qGX91a6c5WeRPs5pKXln.jpg',2,'Acting');
INSERT INTO Personen(id, name, birthday, deathday, popularity, profilePath, gender, profession) VALUES(556356,'Vanessa Kirby','1988-04-18','',15.298,'/ouS2c6mAp9ACaup7tuXefz42U37.jpg',1,'Acting');
INSERT INTO Personen(id, name, birthday, deathday, popularity, profilePath, gender, profession) VALUES(15735,'Helen Mirren','1945-07-26','',6.549,'/lOws7XoyhCnrqT1m7iIlNJeuUHB.jpg',1,'Acting');
INSERT INTO Personen(id, name, birthday, deathday, popularity, profilePath, gender, profession) VALUES(1665,'Eddie Marsan','1968-06-23','',3.199,'/9atfOgIxhfOKvv2be8HEp6SzOct.jpg',2,'Acting');
INSERT INTO Personen(id, name, birthday, deathday, popularity, profilePath, gender, profession) VALUES(2376517,'Eliana Su\'a','','',1.673,'/wgvCqvKhuoKJ5CLJNHCqC7tbDNZ.jpg',1,'Acting');
INSERT INTO Personen(id, name, birthday, deathday, popularity, profilePath, gender, profession) VALUES(7239,'Peter Brown','1969-10-09','',0.7,'',2,'Sound');
INSERT INTO Personen(id, name, birthday, deathday, popularity, profilePath, gender, profession) VALUES(12033,'Jonathan Sela','1978-04-29','',1.396,'/8gYwhV3xLVj9kdkyDyGJpRviF7A.jpg',2,'Camera');
INSERT INTO Personen(id, name, birthday, deathday, popularity, profilePath, gender, profession) VALUES(15221,'Tyler Bates','','',1.62,'/k9KAxhFu2CYXxDxmrZSJdmFgirP.jpg',2,'Sound');
INSERT INTO Personen(id, name, birthday, deathday, popularity, profilePath, gender, profession) VALUES(15330,'Paul Pattison','','',0.6,'',2,'Costume & Make-Up');
INSERT INTO Personen(id, name, birthday, deathday, popularity, profilePath, gender, profession) VALUES(93650,'Guillermo Francella','1955-02-14','',2.607,'/tqHvc1MaEzZHp52EeOagmBzaTn8.jpg',2,'Acting');
INSERT INTO Personen(id, name, birthday, deathday, popularity, profilePath, gender, profession) VALUES(96429,'Diego Peretti','1963-02-10','',0.6,'/4Uq50GociCxPEDXorBIYfzSqpLq.jpg',2,'Acting');
INSERT INTO Personen(id, name, birthday, deathday, popularity, profilePath, gender, profession) VALUES(103431,'Luis Luque','1956-06-12','',1.166,'/aj2TUHR1jdIQLvwt7iorMLbGj6k.jpg',2,'Acting');
INSERT INTO Personen(id, name, birthday, deathday, popularity, profilePath, gender, profession) VALUES(93648,'Pablo Rago','1972-09-24','',1.632,'/cHzWuAHTi9di6s0BF5x6gOhxJ1g.jpg',2,'Acting');
INSERT INTO Personen(id, name, birthday, deathday, popularity, profilePath, gender, profession) VALUES(113627,'Rafael Ferro','1965-12-06','',1.008,'/2xX2kDwX59aQaTsoP5dEdKMG7OV.jpg',2,'Acting');
INSERT INTO Personen(id, name, birthday, deathday, popularity, profilePath, gender, profession) VALUES(1241396,'Mariano Argento','1966-12-05','',0.6,'/rsU5dvwIRLUtMZoRSIbdTv3HdfA.jpg',2,'Acting');
INSERT INTO Personen(id, name, birthday, deathday, popularity, profilePath, gender, profession) VALUES(1445114,'Juan Alari','','',0.98,'',0,'Acting');
INSERT INTO Personen(id, name, birthday, deathday, popularity, profilePath, gender, profession) VALUES(995388,'Fabián Arenillas','1964-01-01','',1.043,'/omoQXAmcMsbJAv0cje0TEK45M0h.jpg',2,'Acting');
INSERT INTO Personen(id, name, birthday, deathday, popularity, profilePath, gender, profession) VALUES(69318,'Alex Zito','','',0.6,'',0,'Production');
INSERT INTO Personen(id, name, birthday, deathday, popularity, profilePath, gender, profession) VALUES(414697,'Félix Monti','','',0.98,'/lana2GPvtdkTj2EJFY7D6m54Mr7.jpg',2,'Camera');
INSERT INTO Personen(id, name, birthday, deathday, popularity, profilePath, gender, profession) VALUES(567536,'Ariel Winograd','','',0.6,'',0,'Directing');
INSERT INTO Personen(id, name, birthday, deathday, popularity, profilePath, gender, profession) VALUES(938781,'Axel Kuschevatzky','1972-10-28','',0.6,'/1JTLhOFZKvgcVe4Irt81xw2RsO4.jpg',2,'Production');
INSERT INTO Personen(id, name, birthday, deathday, popularity, profilePath, gender, profession) VALUES(983358,'Julio Suárez','','',0.6,'',2,'Costume & Make-Up');
INSERT INTO Personen(id, name, birthday, deathday, popularity, profilePath, gender, profession) VALUES(1043859,'Pablo Barbieri Carrera','1971-02-13','',0.6,'',2,'Editing');
INSERT INTO Personen(id, name, birthday, deathday, popularity, profilePath, gender, profession) VALUES(1061576,'Daniel Gimelberg','','',0.609,'',0,'Directing');
INSERT INTO Personen(id, name, birthday, deathday, popularity, profilePath, gender, profession) VALUES(1117313,'John David Washington','1984-07-28','',6.728,'/eWNCcG4DqqhFKtWP56Ds8MiKPXB.jpg',2,'Acting');
INSERT INTO Personen(id, name, birthday, deathday, popularity, profilePath, gender, profession) VALUES(11288,'Robert Pattinson','1986-05-13','',7.321,'/8A4PS5iG7GWEAVFftyqMZKl3qcr.jpg',2,'Acting');
INSERT INTO Personen(id, name, birthday, deathday, popularity, profilePath, gender, profession) VALUES(1133349,'Elizabeth Debicki','1990-08-24','',9.503,'/sJxj44aKdY0pjSIgnxBgMWLrQmw.jpg',1,'Acting');
INSERT INTO Personen(id, name, birthday, deathday, popularity, profilePath, gender, profession) VALUES(11181,'Kenneth Branagh','1960-12-10','',6.362,'/AbCqqFxNi5w3nDUFdQt0DGMFh5H.jpg',2,'Directing');
INSERT INTO Personen(id, name, birthday, deathday, popularity, profilePath, gender, profession) VALUES(78921,'Dimple Kapadia','1957-06-08','',1.826,'/iEa81mnzMUI2W1RN5WXzb70XEhP.jpg',1,'Acting');
INSERT INTO Personen(id, name, birthday, deathday, popularity, profilePath, gender, profession) VALUES(1227717,'Himesh Patel','1990-10-30','',5.065,'/fC6diZ0i3Epot9dRl7b2SSegf4L.jpg',2,'Acting');
INSERT INTO Personen(id, name, birthday, deathday, popularity, profilePath, gender, profession) VALUES(27428,'Aaron Taylor-Johnson','1990-06-13','',11.23,'/vkph4FcqFrOnVbrIQD7MbJXz4Uf.jpg',2,'Acting');
INSERT INTO Personen(id, name, birthday, deathday, popularity, profilePath, gender, profession) VALUES(561,'John Papsidera','','',2.174,'/egwEVyrAmdWhtuLqE5fcThZf41E.jpg',2,'Production');
INSERT INTO Personen(id, name, birthday, deathday, popularity, profilePath, gender, profession) VALUES(6348,'Jeffrey Kurland','','',1.23,'',2,'Costume & Make-Up');
INSERT INTO Personen(id, name, birthday, deathday, popularity, profilePath, gender, profession) VALUES(9439,'Catherine Harper','','',1.4,'',0,'Sound');
INSERT INTO Personen(id, name, birthday, deathday, popularity, profilePath, gender, profession) VALUES(9440,'Christopher Moriana','','',1.4,'',0,'Sound');
INSERT INTO Personen(id, name, birthday, deathday, popularity, profilePath, gender, profession) VALUES(1325962,'Daiki Yamashita','1989-09-07','',4.401,'/rQNdJdZewk7VGP16ZNbpfJ9ZeMd.jpg',2,'Acting');
INSERT INTO Personen(id, name, birthday, deathday, popularity, profilePath, gender, profession) VALUES(1245094,'Nobuhiko Okamoto','1986-10-24','',9.294,'/qyZpSYva9O9JQIZ0nVmXTf90FlL.jpg',2,'Acting');
INSERT INTO Personen(id, name, birthday, deathday, popularity, profilePath, gender, profession) VALUES(1247771,'Yuka Terasaki','1983-08-04','',2.459,'/6UMP4F0FsbfN60dU8NwmFGSbfvH.jpg',1,'Acting');
INSERT INTO Personen(id, name, birthday, deathday, popularity, profilePath, gender, profession) VALUES(1309253,'Tomoyo Kurosawa','1996-04-10','',4.618,'/rBbnk9Hg7iXMaRPtDU2HuUZSr6k.jpg',1,'Acting');
INSERT INTO Personen(id, name, birthday, deathday, popularity, profilePath, gender, profession) VALUES(149894,'Yuki Kaji','1985-09-03','',10.844,'/8wKdPV11IwowfwoqGqMMNt9hmp6.jpg',2,'Acting');
INSERT INTO Personen(id, name, birthday, deathday, popularity, profilePath, gender, profession) VALUES(1324666,'Kaito Ishikawa','1993-10-13','',3.813,'/kLVhJYH73ust9ComUxGR63DOvxu.jpg',2,'Acting');
INSERT INTO Personen(id, name, birthday, deathday, popularity, profilePath, gender, profession) VALUES(992869,'Ayane Sakura','1994-01-29','',10.358,'/3DEUD9sdtJQXd3QpkdNtcz9NuBy.jpg',1,'Acting');
INSERT INTO Personen(id, name, birthday, deathday, popularity, profilePath, gender, profession) VALUES(1613352,'Toshiki Masuda','1990-03-08','',4.056,'/oMAk5Pu3aazmwFwiVOgyU7iW5ut.jpg',2,'Acting');
INSERT INTO Personen(id, name, birthday, deathday, popularity, profilePath, gender, profession) VALUES(116681,'Yōsuke Kuroda','1968-03-29','',2.416,'/svtvrGyKehb5wV0kPJEM7iMz9Zw.jpg',2,'Writing');
INSERT INTO Personen(id, name, birthday, deathday, popularity, profilePath, gender, profession) VALUES(552042,'Yoshihiko Umakoshi','','',0.98,'',0,'Visual Effects');
INSERT INTO Personen(id, name, birthday, deathday, popularity, profilePath, gender, profession) VALUES(1307036,'Kenji Nagasaki','1979-02-12','',1.891,'',2,'Directing');
INSERT INTO Personen(id, name, birthday, deathday, popularity, profilePath, gender, profession) VALUES(1361301,'Masaru Kitao','1961-07-15','',0.6,'',2,'Visual Effects');
INSERT INTO Personen(id, name, birthday, deathday, popularity, profilePath, gender, profession) VALUES(1505059,'Yuki Hayashi','1980-12-31','',1.4,'/iCg4vtRXcuGAprflzCgG541hqfa.jpg',2,'Sound');
INSERT INTO Personen(id, name, birthday, deathday, popularity, profilePath, gender, profession) VALUES(1537404,'Taichi Ueda','','',0.6,'',2,'Production');
INSERT INTO Personen(id, name, birthday, deathday, popularity, profilePath, gender, profession) VALUES(1598725,'Shin\'ya Yamada','','',1.932,'',2,'Visual Effects');
INSERT INTO Personen(id, name, birthday, deathday, popularity, profilePath, gender, profession) VALUES(1412526,'Casey Deidrick','1987-04-25','',3.275,'/jeREpNbISQuY1dQj7MbpqxZjemX.jpg',2,'Acting');
INSERT INTO Personen(id, name, birthday, deathday, popularity, profilePath, gender, profession) VALUES(1691808,'Dana Drori','','',2.444,'/47tPm1Rvr428YPiCgRCnJzLKLeW.jpg',1,'Acting');
INSERT INTO Personen(id, name, birthday, deathday, popularity, profilePath, gender, profession) VALUES(59600,'Evan Williams','1984-03-11','',2.266,'/sC9240bs5x9imhibpMSukeoWsEg.jpg',2,'Acting');
INSERT INTO Personen(id, name, birthday, deathday, popularity, profilePath, gender, profession) VALUES(1585049,'Aaron Groben','1990-04-05','',0.694,'/sJK6i0eIll6ZsU96f1x6ZRoIffg.jpg',2,'Acting');
INSERT INTO Personen(id, name, birthday, deathday, popularity, profilePath, gender, profession) VALUES(2259640,'Dan Aid','','',0.6,'/emwiTOBqgHn2o9WZtuYQ7M8jJZQ.jpg',2,'Acting');
INSERT INTO Personen(id, name, birthday, deathday, popularity, profilePath, gender, profession) VALUES(2169484,'Johnny Ramey','','',0.6,'/8wECX6IUuQOMPSGeFifIiEXnEaR.jpg',2,'Acting');
INSERT INTO Personen(id, name, birthday, deathday, popularity, profilePath, gender, profession) VALUES(2003783,'Kasey Elise','','',0.714,'/axfbnBzNTA5KSLJ5K7AKDDrPajh.jpg',1,'Acting');
INSERT INTO Personen(id, name, birthday, deathday, popularity, profilePath, gender, profession) VALUES(1014659,'Cathy Vu','','',0.699,'/uVuVtr8KpKaMytVHsVys8DQ2rmt.jpg',1,'Acting');
INSERT INTO Personen(id, name, birthday, deathday, popularity, profilePath, gender, profession) VALUES(84348,'Jason Blum','1969-02-20','',1.434,'/eGZqqIMcGNMzSmlh6YewpxKHA4O.jpg',2,'Production');
INSERT INTO Personen(id, name, birthday, deathday, popularity, profilePath, gender, profession) VALUES(1114792,'Nick Antosca','1983-01-23','',0.953,'',2,'Writing');
INSERT INTO Personen(id, name, birthday, deathday, popularity, profilePath, gender, profession) VALUES(1362823,'Clara Aranovich','','',0.6,'/vZxASrYxHKAZkMc7NWIjPbGavZ8.jpg',1,'Acting');
INSERT INTO Personen(id, name, birthday, deathday, popularity, profilePath, gender, profession) VALUES(1453878,'Andrew Wesman','','',0.6,'',0,'Editing');
INSERT INTO Personen(id, name, birthday, deathday, popularity, profilePath, gender, profession) VALUES(1559873,'Melissa Kostenbauder','','',0.791,'',1,'Production');
INSERT INTO Personen(id, name, birthday, deathday, popularity, profilePath, gender, profession) VALUES(1619141,'Sing Howe Yam','','',0.6,'/1z2kXRfJWpEin7qpM2ycY1gg1ot.jpg',2,'Camera');
INSERT INTO Personen(id, name, birthday, deathday, popularity, profilePath, gender, profession) VALUES(73421,'Joaquin Phoenix','1974-10-28','',7.47,'/nXMzvVF6xR3OXOedozfOcoA20xh.jpg',2,'Acting');
INSERT INTO Personen(id, name, birthday, deathday, popularity, profilePath, gender, profession) VALUES(380,'Robert De Niro','1943-08-17','',9.411,'/cT8htcckIuyI1Lqwt1CvD02ynTh.jpg',2,'Acting');
INSERT INTO Personen(id, name, birthday, deathday, popularity, profilePath, gender, profession) VALUES(1545693,'Zazie Beetz','1991-06-01','',8.008,'/sgxzT54GnvgeMnOZgpQQx9csAdd.jpg',1,'Acting');
INSERT INTO Personen(id, name, birthday, deathday, popularity, profilePath, gender, profession) VALUES(4432,'Frances Conroy','1953-11-13','',12.579,'/aJRQAkO24L6bH8qkkE5Iv1nA3gf.jpg',1,'Acting');
INSERT INTO Personen(id, name, birthday, deathday, popularity, profilePath, gender, profession) VALUES(16841,'Brett Cullen','1956-08-26','',6.748,'/sEcPXqdcoZ9h4s7PSjVYocEPypP.jpg',2,'Acting');
INSERT INTO Personen(id, name, birthday, deathday, popularity, profilePath, gender, profession) VALUES(74242,'Shea Whigham','1969-01-05','',4.809,'/d3caK3l4UfbnzOxv95wLoFLZzMO.jpg',2,'Acting');
INSERT INTO Personen(id, name, birthday, deathday, popularity, profilePath, gender, profession) VALUES(121718,'Bill Camp','1961-10-13','',4.798,'/yZFata0EVr7TbIAz8vZFyiDKDts.jpg',2,'Acting');
INSERT INTO Personen(id, name, birthday, deathday, popularity, profilePath, gender, profession) VALUES(1377670,'Glenn Fleshler','1968-09-05','',4.445,'/x1Cef2yPZS7bJTwxI7DX3q0HNcv.jpg',2,'Acting');
INSERT INTO Personen(id, name, birthday, deathday, popularity, profilePath, gender, profession) VALUES(324,'Scott Silver','1964-11-30','',1.026,'',2,'Writing');
INSERT INTO Personen(id, name, birthday, deathday, popularity, profilePath, gender, profession) VALUES(1296,'Bruce Berman','','',0.989,'',2,'Production');
INSERT INTO Personen(id, name, birthday, deathday, popularity, profilePath, gender, profession) VALUES(3794,'Bob Kane','1915-10-24','1998-11-03',4.941,'/vuXwrlqaUydA4t5SFVdQkK9KsZL.jpg',2,'Writing');
INSERT INTO Personen(id, name, birthday, deathday, popularity, profilePath, gender, profession) VALUES(5670,'Mark Friedberg','','',0.98,'',2,'Art');
INSERT INTO Personen(id, name, birthday, deathday, popularity, profilePath, gender, profession) VALUES(5387,'Lawrence Sher','1970-02-04','',0.6,'/hjnMqT5EbDTOvvsXZxiP74qeGbp.jpg',2,'Camera');
INSERT INTO Personen(id, name, birthday, deathday, popularity, profilePath, gender, profession) VALUES(5390,'Laura Ballinger','','',0.6,'',1,'Art');
INSERT INTO Personen(id, name, birthday, deathday, popularity, profilePath, gender, profession) VALUES(10949,'Michael Uslan','1952-06-02','',2.526,'/cXiiH0SSk5UHCvHOVAhHX7tNuls.jpg',2,'Production');
INSERT INTO Personen(id, name, birthday, deathday, popularity, profilePath, gender, profession) VALUES(12835,'Vin Diesel','1967-07-18','',19.658,'/dALF5XEkrduze1obQNF2uZMiQHr.jpg',2,'Acting');
INSERT INTO Personen(id, name, birthday, deathday, popularity, profilePath, gender, profession) VALUES(209326,'Sam Heughan','1980-04-30','',2.798,'/v6wWNnDdTr2Ern93ljCkM6uEyUB.jpg',2,'Acting');
INSERT INTO Personen(id, name, birthday, deathday, popularity, profilePath, gender, profession) VALUES(20286,'Toby Kebbell','1982-07-09','',4.551,'/5YrRWDQ8GKYP7uFw1PlJLuKE8O8.jpg',2,'Acting');
INSERT INTO Personen(id, name, birthday, deathday, popularity, profilePath, gender, profession) VALUES(66441,'Talulah Riley','1985-09-26','',4.432,'/fyfrZQOHNiOcPs2SZTajfXpX17A.jpg',1,'Acting');
INSERT INTO Personen(id, name, birthday, deathday, popularity, profilePath, gender, profession) VALUES(1181327,'Lamorne Morris','1980-08-14','',3.327,'/5WvdgaK4EIzoY5ZyQ31Nm0DxlEp.jpg',2,'Acting');
INSERT INTO Personen(id, name, birthday, deathday, popularity, profilePath, gender, profession) VALUES(529,'Guy Pearce','1967-10-05','',15.819,'/vTqk6Nh3WgqPubkS23eOlMAwmwa.jpg',2,'Acting');
INSERT INTO Personen(id, name, birthday, deathday, popularity, profilePath, gender, profession) VALUES(238164,'Jóhannes Haukur Jóhannesson','1980-01-01','',4.624,'/kWYUvILe4v3EBhZVm3QOSCpZPJz.jpg',2,'Acting');
INSERT INTO Personen(id, name, birthday, deathday, popularity, profilePath, gender, profession) VALUES(957,'Matthew Vaughn','1971-03-07','',4.816,'/Dnbz3B7yy4u0abixuD5LakZgsy.jpg',2,'Production');
INSERT INTO Personen(id, name, birthday, deathday, popularity, profilePath, gender, profession) VALUES(5546,'Jim May','','',1.176,'',2,'Editing');
INSERT INTO Personen(id, name, birthday, deathday, popularity, profilePath, gender, profession) VALUES(11874,'Neal H. Moritz','1959-06-06','',1.273,'/pPvK5xZTp1PymWL5OGc7dtqvx9Q.jpg',2,'Production');
INSERT INTO Personen(id, name, birthday, deathday, popularity, profilePath, gender, profession) VALUES(18264,'Steve Jablonsky','1970-10-09','',0.995,'/aJntUZkZzlHRszlxzSaztAN9N7O.jpg',2,'Sound');
INSERT INTO Personen(id, name, birthday, deathday, popularity, profilePath, gender, profession) VALUES(20359,'Kimberly A. Tillman','','',0.6,'',1,'Costume & Make-Up');
INSERT INTO Personen(id, name, birthday, deathday, popularity, profilePath, gender, profession) VALUES(776,'Eddie Murphy','1961-04-03','',11.316,'/qgjMfefsKwSYsyCaIX46uyOXIpy.jpg',2,'Acting');
INSERT INTO Personen(id, name, birthday, deathday, popularity, profilePath, gender, profession) VALUES(44994,'Arsenio Hall','1955-02-12','',3.475,'/8oqVGysLVXkWlTOWIWkWIbL4i2q.jpg',2,'Acting');
INSERT INTO Personen(id, name, birthday, deathday, popularity, profilePath, gender, profession) VALUES(1488960,'Jermaine Fowler','1988-05-16','',3.243,'/ugbQiv906o7PvaRlufx5y9yT72q.jpg',2,'Acting');
INSERT INTO Personen(id, name, birthday, deathday, popularity, profilePath, gender, profession) VALUES(168452,'Leslie Jones','1967-09-07','',2.369,'/aLHh2AjToY3Z3TaOQ1rshSjTc1q.jpg',1,'Acting');
INSERT INTO Personen(id, name, birthday, deathday, popularity, profilePath, gender, profession) VALUES(56903,'Tracy Morgan','1968-11-10','',4.312,'/v7l37yzapiVav6dAUxnYseu9tZq.jpg',2,'Acting');
INSERT INTO Personen(id, name, birthday, deathday, popularity, profilePath, gender, profession) VALUES(1884703,'KiKi Layne','1992-01-01','',2.64,'/aqQNDmRLlpJvbmbpqpU4bYRXEtb.jpg',1,'Acting');
INSERT INTO Personen(id, name, birthday, deathday, popularity, profilePath, gender, profession) VALUES(155783,'Shari Headley','1964-07-15','',7.675,'/yliVRnLEmPH0Nzh78TzY1GfE8ZA.jpg',1,'Acting');
INSERT INTO Personen(id, name, birthday, deathday, popularity, profilePath, gender, profession) VALUES(10814,'Wesley Snipes','1962-07-31','',7.279,'/uBhM3TshYvRhOewXAimtxci9bQo.jpg',2,'Acting');
INSERT INTO Personen(id, name, birthday, deathday, popularity, profilePath, gender, profession) VALUES(10958,'Douglas A. Mowat','','',0.84,'',0,'Art');
INSERT INTO Personen(id, name, birthday, deathday, popularity, profilePath, gender, profession) VALUES(9639,'Thomas Valentine','','',0.6,'',2,'Art');
INSERT INTO Personen(id, name, birthday, deathday, popularity, profilePath, gender, profession) VALUES(14189,'Debra Neil-Fisher','1958-05-12','',0.6,'',1,'Editing');
INSERT INTO Personen(id, name, birthday, deathday, popularity, profilePath, gender, profession) VALUES(15524,'Ruth E. Carter','1960-04-10','',1.094,'/b1CtSVekrYuEmCYt9K3JxWfcJjt.jpg',1,'Costume & Make-Up');
INSERT INTO Personen(id, name, birthday, deathday, popularity, profilePath, gender, profession) VALUES(20208,'Brad Fischer','','',0.623,'/xJbGB0pDWKc4tniAQpFxhL7xLyT.jpg',2,'Production');
INSERT INTO Personen(id, name, birthday, deathday, popularity, profilePath, gender, profession) VALUES(41081,'Jefferson Sage','','',0.6,'',2,'Art');
INSERT INTO Personen(id, name, birthday, deathday, popularity, profilePath, gender, profession) VALUES(527393,'Dylan O\'Brien','1991-08-26','',16.249,'/cOP4CLCPUp8Nkjvwqv7DW6wvG5i.jpg',2,'Acting');
INSERT INTO Personen(id, name, birthday, deathday, popularity, profilePath, gender, profession) VALUES(1202689,'Jessica Henwick','1992-08-30','',15.826,'/wIgr8H1mYTFhMs0LXn44HTeFCDj.jpg',1,'Acting');
INSERT INTO Personen(id, name, birthday, deathday, popularity, profilePath, gender, profession) VALUES(12132,'Michael Rooker','1955-04-06','',6.957,'/dq3xFKDWJsQjPffm1bmB3TbMilq.jpg',2,'Acting');
INSERT INTO Personen(id, name, birthday, deathday, popularity, profilePath, gender, profession) VALUES(1231108,'Dan Ewing','1985-06-03','',3.06,'/gqZq8dSJ0zmmDO8omTlpQWeHQ6d.jpg',2,'Acting');
INSERT INTO Personen(id, name, birthday, deathday, popularity, profilePath, gender, profession) VALUES(1767250,'Ariana Greenblatt','2007-08-27','',6.161,'/rgaU0Uyx0F2fZiWzduQR0SK2Y9X.jpg',1,'Acting');
INSERT INTO Personen(id, name, birthday, deathday, popularity, profilePath, gender, profession) VALUES(83218,'Ellen Hollman','1983-04-01','',5.774,'/lQLbdJl77YHlGeHIenwTQky8GYN.jpg',1,'Acting');
INSERT INTO Personen(id, name, birthday, deathday, popularity, profilePath, gender, profession) VALUES(1800820,'Tre Hale','','',1.4,'/yASkZD15DmMgoDgGabuF7ZetGYk.jpg',0,'Acting');
INSERT INTO Personen(id, name, birthday, deathday, popularity, profilePath, gender, profession) VALUES(1576672,'Pacharo Mzembe','','',0.6,'/lXeEgdThQ8eqFiAv6HTwqJn6AU5.jpg',2,'Acting');
INSERT INTO Personen(id, name, birthday, deathday, popularity, profilePath, gender, profession) VALUES(1373,'Dan Hennah','','',2.233,'/ojzCZyCln9P6U4Gn1GIaIgWF5fh.jpg',2,'Art');
INSERT INTO Personen(id, name, birthday, deathday, popularity, profilePath, gender, profession) VALUES(1593,'Joseph Middleton','','',1.502,'',2,'Production');
INSERT INTO Personen(id, name, birthday, deathday, popularity, profilePath, gender, profession) VALUES(17825,'Shawn Levy','1968-01-01','',2.219,'/b1ulkCHz8biG87LjLQQiMCebEZo.jpg',2,'Directing');
INSERT INTO Personen(id, name, birthday, deathday, popularity, profilePath, gender, profession) VALUES(52165,'Rick Findlater','','',1.101,'',0,'Costume & Make-Up');
INSERT INTO Personen(id, name, birthday, deathday, popularity, profilePath, gender, profession) VALUES(47288,'John H. Starke','','',0.6,'',0,'Production');
INSERT INTO Personen(id, name, birthday, deathday, popularity, profilePath, gender, profession) VALUES(55613,'Luis Sequeira','','',0.828,'/u0fqSpyQm6fDgNQaPsvhCJT0TAU.jpg',2,'Costume & Make-Up');
INSERT INTO Personen(id, name, birthday, deathday, popularity, profilePath, gender, profession) VALUES(56535,'Marcus Trumpp','1974-03-16','',0.6,'/xPaMvAOX7PJl3b2EEYFcBdPwulT.jpg',2,'Sound');
INSERT INTO Personen(id, name, birthday, deathday, popularity, profilePath, gender, profession) VALUES(1190069,'Joseph Millson','1974-04-27','',1.111,'/vMYpaMMEtRM7kq9UUiWVt6LB1H2.jpg',2,'Acting');
INSERT INTO Personen(id, name, birthday, deathday, popularity, profilePath, gender, profession) VALUES(2337312,'Jack Kane','','',1.55,'/jdT7hIPjf2zg9fJSgtADDjZC8RP.jpg',2,'Acting');
INSERT INTO Personen(id, name, birthday, deathday, popularity, profilePath, gender, profession) VALUES(1788969,'Arturo Muselli','','',2.835,'/7JcySgF6QrH7VeYgLj3onhT3Yho.jpg',0,'Acting');
INSERT INTO Personen(id, name, birthday, deathday, popularity, profilePath, gender, profession) VALUES(1283,'Helena Bonham Carter','1966-05-26','',13.982,'/DDeITcCpnBd0CkAIRPhggy9bt5.jpg',1,'Acting');
INSERT INTO Personen(id, name, birthday, deathday, popularity, profilePath, gender, profession) VALUES(1789284,'Carolina Carlsson','','',2.36,'/5DuTKD5Reo0lsRA5qmmeFUOKAdT.jpg',0,'Acting');
INSERT INTO Personen(id, name, birthday, deathday, popularity, profilePath, gender, profession) VALUES(1317450,'Tam Williams','','',0.6,'',2,'Acting');
INSERT INTO Personen(id, name, birthday, deathday, popularity, profilePath, gender, profession) VALUES(179771,'Richard Ashton','1965-10-02','',3.083,'/vXU9iUlWQ3iniENuebXjjhdtVbQ.jpg',2,'Acting');
INSERT INTO Personen(id, name, birthday, deathday, popularity, profilePath, gender, profession) VALUES(1717916,'Ross O\'Hennessy','1974-01-01','',1.566,'/puxkY3ou0PJwyz1J57TZgsPpxX3.jpg',2,'Acting');
INSERT INTO Personen(id, name, birthday, deathday, popularity, profilePath, gender, profession) VALUES(12507,'Raffaella De Laurentiis','1954-06-28','',0.97,'',1,'Production');
INSERT INTO Personen(id, name, birthday, deathday, popularity, profilePath, gender, profession) VALUES(29940,'Gillian Hawser','','',0.6,'',1,'Production');
INSERT INTO Personen(id, name, birthday, deathday, popularity, profilePath, gender, profession) VALUES(41385,'Hester Hargett','','',1.473,'',1,'Production');
INSERT INTO Personen(id, name, birthday, deathday, popularity, profilePath, gender, profession) VALUES(56058,'Charles Edward Pogue','','',1.094,'',0,'Writing');
INSERT INTO Personen(id, name, birthday, deathday, popularity, profilePath, gender, profession) VALUES(56059,'Patrick Read Johnson','1962-05-07','',1.799,'/oOapCW2aZTGnyJCezk6dlpBAf66.jpg',2,'Directing');
INSERT INTO Personen(id, name, birthday, deathday, popularity, profilePath, gender, profession) VALUES(60450,'Mark McKenzie','','',0.98,'',2,'Sound');
INSERT INTO Personen(id, name, birthday, deathday, popularity, profilePath, gender, profession) VALUES(575130,'Matthew Weston','','',0.6,'',2,'Camera');
INSERT INTO Personen(id, name, birthday, deathday, popularity, profilePath, gender, profession) VALUES(931109,'Charles Norris','','',1.96,'',2,'Editing');
INSERT INTO Personen(id, name, birthday, deathday, popularity, profilePath, gender, profession) VALUES(77927,'Megumi Ogata','1965-06-06','',3.973,'/cT2dWOMA1ZpnFPU6z2xEKQjAbmz.jpg',1,'Acting');
INSERT INTO Personen(id, name, birthday, deathday, popularity, profilePath, gender, profession) VALUES(40325,'Megumi Hayashibara','1967-03-30','',3.334,'/foMjA6q9ou0359lxYOzwTVq1ZL8.jpg',1,'Acting');
INSERT INTO Personen(id, name, birthday, deathday, popularity, profilePath, gender, profession) VALUES(83768,'Yuko Miyamura','1972-12-04','',2.309,'/dVfbS1oiGuzXk5IZLNSsfoLNjUR.jpg',1,'Acting');
INSERT INTO Personen(id, name, birthday, deathday, popularity, profilePath, gender, profession) VALUES(77931,'Kotono Mitsuishi','1967-12-08','',5.029,'/1kqWHBmMGEjdyySvRPjh4ZHAnrm.jpg',1,'Acting');
INSERT INTO Personen(id, name, birthday, deathday, popularity, profilePath, gender, profession) VALUES(77933,'Yuriko Yamaguchi','1965-11-21','',2.223,'/7e3BXCPv0X2pqwfdfW52n7VDFmI.jpg',1,'Acting');
INSERT INTO Personen(id, name, birthday, deathday, popularity, profilePath, gender, profession) VALUES(9711,'Maaya Sakamoto','1980-03-31','',6.488,'/hPz2oEQui8a4q9aXdBugQf93ONq.jpg',1,'Acting');
INSERT INTO Personen(id, name, birthday, deathday, popularity, profilePath, gender, profession) VALUES(77934,'Fumihiko Tachiki','1961-04-29','',4.231,'/cPP4aF5Q9C4szCMQAMlpxVaJ5MZ.jpg',2,'Acting');
INSERT INTO Personen(id, name, birthday, deathday, popularity, profilePath, gender, profession) VALUES(215919,'Motomu Kiyokawa','1935-04-09','',2.015,'/uD3KFs95z5zuQrv9p5Q5UjUQBxw.jpg',2,'Acting');
INSERT INTO Personen(id, name, birthday, deathday, popularity, profilePath, gender, profession) VALUES(17132,'Shiro Sagisu','1957-08-29','',0.6,'',2,'Sound');
INSERT INTO Personen(id, name, birthday, deathday, popularity, profilePath, gender, profession) VALUES(56341,'Mahiro Maeda','1963-03-14','',1.435,'/uYLWr4VI3r2VbG0LY5WG69tVnRi.jpg',2,'Directing');
INSERT INTO Personen(id, name, birthday, deathday, popularity, profilePath, gender, profession) VALUES(77921,'Hideaki Anno','1960-05-22','',4.384,'/vdqUa18A8D2lIVgxpzWS4ldU3PL.jpg',2,'Directing');
INSERT INTO Personen(id, name, birthday, deathday, popularity, profilePath, gender, profession) VALUES(77923,'Kazuya Tsurumaki','1966-02-02','',2.241,'/dgpgjAOLG53CI14x8VZVe1oyobd.jpg',2,'Directing');
INSERT INTO Personen(id, name, birthday, deathday, popularity, profilePath, gender, profession) VALUES(77936,'Tatsuya Kushida','','',0.6,'',0,'Art');
INSERT INTO Personen(id, name, birthday, deathday, popularity, profilePath, gender, profession) VALUES(109192,'Atsushi Nishigori','1978-09-14','',1.195,'',2,'Visual Effects');
INSERT INTO Personen(id, name, birthday, deathday, popularity, profilePath, gender, profession) VALUES(2295,'Mickey Rourke','1952-09-16','',10.293,'/i6vXukUwRsJa7S9yhZgoKt9xLDv.jpg',2,'Acting');
INSERT INTO Personen(id, name, birthday, deathday, popularity, profilePath, gender, profession) VALUES(39126,'Bai Ling','1966-10-10','',6.508,'/4NB0MRVFjwutFQCPy8kbq6MEFrb.jpg',1,'Acting');
INSERT INTO Personen(id, name, birthday, deathday, popularity, profilePath, gender, profession) VALUES(22462,'Joaquim de Almeida','1957-03-15','',4.169,'/5TLi0mVLo7GsRHBI1qY4eq4IDdK.jpg',2,'Acting');
INSERT INTO Personen(id, name, birthday, deathday, popularity, profilePath, gender, profession) VALUES(19898,'Vladimir Kulich','1956-07-14','',5.447,'/z6pfLx4kJvqWj501SIxExu6rYFi.jpg',2,'Acting');
INSERT INTO Personen(id, name, birthday, deathday, popularity, profilePath, gender, profession) VALUES(120234,'Maksim Matveev','1982-07-28','',3.745,'/hl9pKqP7Fr2LBeLieJKqgslLCW2.jpg',2,'Acting');
INSERT INTO Personen(id, name, birthday, deathday, popularity, profilePath, gender, profession) VALUES(33401,'Bosco Hogan','','',1.4,'/sMa4b3F9KoHqReJ84pVybL0atQ2.jpg',2,'Acting');
INSERT INTO Personen(id, name, birthday, deathday, popularity, profilePath, gender, profession) VALUES(1705259,'Redmond Michael','','',0.6,'',0,'Acting');
INSERT INTO Personen(id, name, birthday, deathday, popularity, profilePath, gender, profession) VALUES(1085747,'Ciaran O\'Grady','','',0.6,'/ejybFw6PNHOJZnNArQnw3IvE4tB.jpg',2,'Acting');
INSERT INTO Personen(id, name, birthday, deathday, popularity, profilePath, gender, profession) VALUES(22453,'Jose Magan','','',0.6,'',0,'Production');
INSERT INTO Personen(id, name, birthday, deathday, popularity, profilePath, gender, profession) VALUES(2634036,'Ilai Swindells','','',0.98,'/nfKgkkaT4g3H0jwRfanTN50cqn4.jpg',2,'Acting');
INSERT INTO Personen(id, name, birthday, deathday, popularity, profilePath, gender, profession) VALUES(1372369,'Samara Weaving','1992-02-23','',9.963,'/7sHnBVEiJOzjdfzUHo9vvDLkoCH.jpg',1,'Acting');
INSERT INTO Personen(id, name, birthday, deathday, popularity, profilePath, gender, profession) VALUES(82666,'Rhys Darby','1974-03-21','',2.708,'/q6Grd42OgTUbRcTarZhR9piA6a5.jpg',2,'Acting');
INSERT INTO Personen(id, name, birthday, deathday, popularity, profilePath, gender, profession) VALUES(43775,'Jane Lynch','1960-07-14','',6.639,'/nye6D17ZfCHQzr9faYZYyz1CPsZ.jpg',1,'Acting');
INSERT INTO Personen(id, name, birthday, deathday, popularity, profilePath, gender, profession) VALUES(211412,'Rupert Degas','','',1.4,'/2XLEkN3pWgw05Q28GPyKgdQyohl.jpg',0,'Acting');
INSERT INTO Personen(id, name, birthday, deathday, popularity, profilePath, gender, profession) VALUES(1304466,'Alexs Stadermann','','',1.38,'',0,'Directing');
INSERT INTO Personen(id, name, birthday, deathday, popularity, profilePath, gender, profession) VALUES(1414901,'Fin Edquist','','',0.981,'',0,'Writing');
INSERT INTO Personen(id, name, birthday, deathday, popularity, profilePath, gender, profession) VALUES(2030779,'Alexia Gates-Foale','','',0.6,'',0,'Production');
INSERT INTO Personen(id, name, birthday, deathday, popularity, profilePath, gender, profession) VALUES(2030780,'Barbara Stephen','','',0.6,'',0,'Production');
INSERT INTO Personen(id, name, birthday, deathday, popularity, profilePath, gender, profession) VALUES(2030781,'Jayne Lyons','','',0.6,'',0,'Writing');
INSERT INTO Personen(id, name, birthday, deathday, popularity, profilePath, gender, profession) VALUES(2051288,'Gregory Gavanski','','',0.6,'',0,'Production');
INSERT INTO Personen(id, name, birthday, deathday, popularity, profilePath, gender, profession) VALUES(3223,'Robert Downey Jr.','1965-04-04','',21.519,'/im9SAqJPZKEbVZGmjXuLI4O7RvM.jpg',2,'Acting');
INSERT INTO Personen(id, name, birthday, deathday, popularity, profilePath, gender, profession) VALUES(74568,'Chris Hemsworth','1983-08-11','',19.344,'/latNgwckKv3DtJIM8FK06T1GSYj.jpg',2,'Acting');
INSERT INTO Personen(id, name, birthday, deathday, popularity, profilePath, gender, profession) VALUES(16828,'Chris Evans','1981-06-13','',21.892,'/3bOGNsHlrswhyW79uvIHH1V43JI.jpg',2,'Acting');
INSERT INTO Personen(id, name, birthday, deathday, popularity, profilePath, gender, profession) VALUES(1245,'Scarlett Johansson','1984-11-22','',41.871,'/6NsMbJXRlDZuDzatN2akFdGuTvx.jpg',1,'Acting');
INSERT INTO Personen(id, name, birthday, deathday, popularity, profilePath, gender, profession) VALUES(71580,'Benedict Cumberbatch','1976-07-19','',20.579,'/fBEucxECxGLKVHBznO0qHtCGiMO.jpg',2,'Acting');
INSERT INTO Personen(id, name, birthday, deathday, popularity, profilePath, gender, profession) VALUES(172069,'Chadwick Boseman','1976-11-29','2020-08-28',10.942,'/mXxiOTrTMJBRSVRfgaSDhOfvfxU.jpg',2,'Acting');
INSERT INTO Personen(id, name, birthday, deathday, popularity, profilePath, gender, profession) VALUES(1896,'Don Cheadle','1964-11-29','',9.958,'/b1EVJWdFn7a75qVYJgwO87W2TJU.jpg',2,'Acting');
INSERT INTO Personen(id, name, birthday, deathday, popularity, profilePath, gender, profession) VALUES(37,'Alan Silvestri','1950-03-26','',3.392,'/pQOAsQDuYMR4cKaPAP0wkRlCSNo.jpg',2,'Sound');
INSERT INTO Personen(id, name, birthday, deathday, popularity, profilePath, gender, profession) VALUES(3504,'David Farmer','','',1.542,'/oYNchEjc32GucUPvXAHMXajk3xJ.jpg',0,'Sound');
INSERT INTO Personen(id, name, birthday, deathday, popularity, profilePath, gender, profession) VALUES(3996,'Tom Johnson','','',1.099,'/joF3OdCBQjzQ2keyQ9l7uhcZafo.jpg',2,'Sound');
INSERT INTO Personen(id, name, birthday, deathday, popularity, profilePath, gender, profession) VALUES(7235,'Beat Frutiger','','',1.242,'/2VMPjH8Olb5qHqsKNelSxkViH9b.jpg',0,'Art');
INSERT INTO Personen(id, name, birthday, deathday, popularity, profilePath, gender, profession) VALUES(5551,'Christopher Markus','1970-01-02','',3.842,'/7ooPNp0gnURxYkSSKF2etH7wpZP.jpg',2,'Writing');
INSERT INTO Personen(id, name, birthday, deathday, popularity, profilePath, gender, profession) VALUES(5552,'Stephen McFeely','1969-11-12','',4.204,'/hkn9D5L8TguJUmv8fXy5sHyMEtq.jpg',2,'Writing');
INSERT INTO Personen(id, name, birthday, deathday, popularity, profilePath, gender, profession) VALUES(7624,'Stan Lee','1922-12-28','2018-11-12',6.996,'/nGjBAc25C3LT23NqeOfY1pCcax8.jpg',2,'Writing');
INSERT INTO Personen(id, name, birthday, deathday, popularity, profilePath, gender, profession) VALUES(2298804,'Rudhraksh Jaiswal','2003-09-19','',1.22,'/nIiqv0pbRwKeG7Ar42UrLgEBuYW.jpg',2,'Acting');
INSERT INTO Personen(id, name, birthday, deathday, popularity, profilePath, gender, profession) VALUES(6519,'Randeep Hooda','1976-08-20','',1.908,'/fF6G3MlCfq6pH1YkHrFVDhe9Uvw.jpg',2,'Acting');
INSERT INTO Personen(id, name, birthday, deathday, popularity, profilePath, gender, profession) VALUES(229932,'Golshifteh Farahani','1983-07-10','',7.925,'/DuAPmZxZlX25m57pJy16WbIyKM.jpg',1,'Acting');
INSERT INTO Personen(id, name, birthday, deathday, popularity, profilePath, gender, profession) VALUES(1179460,'Pankaj Tripathi','1976-09-05','',1.566,'/f3Vxz0QB7PHeyPcXrfJX14Xkxnu.jpg',2,'Acting');
INSERT INTO Personen(id, name, birthday, deathday, popularity, profilePath, gender, profession) VALUES(35029,'David Harbour','1974-04-10','',7.009,'/chPekukMF5SNnW6b22NbYPqAStr.jpg',2,'Acting');
INSERT INTO Personen(id, name, birthday, deathday, popularity, profilePath, gender, profession) VALUES(2614128,'Bryon Lerum','','',1.565,'',2,'Acting');
INSERT INTO Personen(id, name, birthday, deathday, popularity, profilePath, gender, profession) VALUES(2614131,'Ryder Lerum','','',1.67,'',2,'Acting');
INSERT INTO Personen(id, name, birthday, deathday, popularity, profilePath, gender, profession) VALUES(9583,'Charlie Revai','','',0.608,'',2,'Art');
INSERT INTO Personen(id, name, birthday, deathday, popularity, profilePath, gender, profession) VALUES(14924,'Mark Owen Forker','','',0.744,'',2,'Visual Effects');
INSERT INTO Personen(id, name, birthday, deathday, popularity, profilePath, gender, profession) VALUES(150676,'Bobby Soto','','',2.832,'/z6YCkM8jKG65ujAJteMPx0LDscF.jpg',2,'Acting');
INSERT INTO Personen(id, name, birthday, deathday, popularity, profilePath, gender, profession) VALUES(1201138,'Cinthya Carmona','1990-12-27','',7.079,'/hsIJXpIpxxaq05TYvZwgwR3Oyef.jpg',1,'Acting');
INSERT INTO Personen(id, name, birthday, deathday, popularity, profilePath, gender, profession) VALUES(41798,'George Lopez','1961-04-23','',4.147,'/fx7XUbayD9viQZJK2pbuW2lEsei.jpg',2,'Acting');
INSERT INTO Personen(id, name, birthday, deathday, popularity, profilePath, gender, profession) VALUES(1102,'Elpidia Carrillo','1961-04-16','',6.069,'/zYVzGHtODIUs83uOlGnNtBMwLwo.jpg',1,'Acting');
INSERT INTO Personen(id, name, birthday, deathday, popularity, profilePath, gender, profession) VALUES(10959,'Shia LaBeouf','1986-06-11','',6.561,'/ljlpaXEManszxIcshYQoqo4au03.jpg',2,'Acting');
INSERT INTO Personen(id, name, birthday, deathday, popularity, profilePath, gender, profession) VALUES(177231,'Lana Parrilla','1977-07-15','',6.853,'/xPEMMDHQiTEtvsq71v7ba8thyn1.jpg',1,'Acting');
INSERT INTO Personen(id, name, birthday, deathday, popularity, profilePath, gender, profession) VALUES(200065,'Chelsea Rendon','1993-03-15','',1.28,'/qvYQS2T0UXro4siqIfTIwnJCwsT.jpg',1,'Acting');
INSERT INTO Personen(id, name, birthday, deathday, popularity, profilePath, gender, profession) VALUES(1977969,'Cheyenne Rae Hernandez','','',2.148,'/zXAGbRuYexPe7nMK8w3wFRFoY7r.jpg',1,'Acting');
INSERT INTO Personen(id, name, birthday, deathday, popularity, profilePath, gender, profession) VALUES(7236,'Andrew Menzies','','',1.4,'',2,'Art');
INSERT INTO Personen(id, name, birthday, deathday, popularity, profilePath, gender, profession) VALUES(8408,'Salvatore Totino','1964-01-10','',0.6,'',2,'Camera');
INSERT INTO Personen(id, name, birthday, deathday, popularity, profilePath, gender, profession) VALUES(16368,'Steven Price','1977-04-22','',1.4,'/zN3dW6BKJwVkxuBwtvyfoHLAWqA.jpg',2,'Sound');
INSERT INTO Personen(id, name, birthday, deathday, popularity, profilePath, gender, profession) VALUES(71882,'Todd Williams','','',0.6,'',0,'Production');
INSERT INTO Personen(id, name, birthday, deathday, popularity, profilePath, gender, profession) VALUES(158401,'Tyler Thompson','','',0.828,'',2,'Production');
INSERT INTO Personen(id, name, birthday, deathday, popularity, profilePath, gender, profession) VALUES(82055,'Junko Takeuchi','1972-04-05','',5.862,'/r0mRj4lNrKCmwGrzpgptKe096u1.jpg',1,'Acting');
INSERT INTO Personen(id, name, birthday, deathday, popularity, profilePath, gender, profession) VALUES(82057,'Chie Nakamura','1978-05-14','',4.342,'/evB6vKUbm0CKgBcgikPeFXdwd29.jpg',1,'Acting');
INSERT INTO Personen(id, name, birthday, deathday, popularity, profilePath, gender, profession) VALUES(89971,'Yōichi Masukawa','','',2.19,'/sE664CcqM1pvoWsYsca7szlIzl5.jpg',0,'Acting');
INSERT INTO Personen(id, name, birthday, deathday, popularity, profilePath, gender, profession) VALUES(550662,'Kōichi Tōchika','1971-10-20','',3.813,'/4r9cO2LZT0f1pQkNo8v9P2JCsQu.jpg',2,'Acting');
INSERT INTO Personen(id, name, birthday, deathday, popularity, profilePath, gender, profession) VALUES(89835,'Ayumi Fujimura','','',3.645,'/5dRWFu7hfO1rUoZh0hF6rzfEmZc.jpg',1,'Acting');
INSERT INTO Personen(id, name, birthday, deathday, popularity, profilePath, gender, profession) VALUES(1221880,'Yoshinori Fujita','','',2.115,'/dYpG4BJRta6vAXfDXaNQxVqIZ5K.jpg',2,'Acting');
INSERT INTO Personen(id, name, birthday, deathday, popularity, profilePath, gender, profession) VALUES(115302,'Daisuke Kishio','1974-03-28','',1.624,'/uXBSUBXWO87Kp3Dp4ILr2dp0nlU.jpg',2,'Acting');
INSERT INTO Personen(id, name, birthday, deathday, popularity, profilePath, gender, profession) VALUES(23988,'Fumiko Orikasa','1974-12-27','',5.362,'/nbphHwfqBIp6de1Fd38Dt1Z8KCR.jpg',1,'Acting');
INSERT INTO Personen(id, name, birthday, deathday, popularity, profilePath, gender, profession) VALUES(80751,'Hirotsugu Kawasaki','1958-12-07','',1.614,'/pQUJXwohdLvJBr57Y2ac8dX25Og.jpg',2,'Visual Effects');
INSERT INTO Personen(id, name, birthday, deathday, popularity, profilePath, gender, profession) VALUES(89963,'Masashi Kishimoto','1974-11-08','',3.489,'/8hoQQiQEak3HxCDhEIDcAZ8QI41.jpg',2,'Writing');
INSERT INTO Personen(id, name, birthday, deathday, popularity, profilePath, gender, profession) VALUES(89972,'Hajime Kamegaki','1957-08-21','',2.621,'/l0tvUz7ITTAyLY7XNmSTTO7f8Al.jpg',2,'Directing');
INSERT INTO Personen(id, name, birthday, deathday, popularity, profilePath, gender, profession) VALUES(201835,'Junki Takegami','1955-02-26','',1.22,'',2,'Writing');
INSERT INTO Personen(id, name, birthday, deathday, popularity, profilePath, gender, profession) VALUES(15831,'Frank Welker','1946-03-12','',6.724,'/xXODQ5AX6pG4my8ieeEIuiAREXs.jpg',2,'Acting');
INSERT INTO Personen(id, name, birthday, deathday, popularity, profilePath, gender, profession) VALUES(15761,'Grey DeLisle','1973-08-24','',8.739,'/1gcxA3Fxhcn1IQ3i3vrJkJ94Hi5.jpg',1,'Acting');
INSERT INTO Personen(id, name, birthday, deathday, popularity, profilePath, gender, profession) VALUES(26457,'Matthew Lillard','1970-01-24','',7.182,'/auUbijDzR9xpSgQtLsYDvNatloj.jpg',2,'Acting');
INSERT INTO Personen(id, name, birthday, deathday, popularity, profilePath, gender, profession) VALUES(132354,'Kate Micucci','1980-03-31','',8.747,'/10FRMebTRHAgkxqhJ3Egq1liICF.jpg',1,'Acting');
INSERT INTO Personen(id, name, birthday, deathday, popularity, profilePath, gender, profession) VALUES(11355,'Jason Isaacs','1963-06-06','',13.031,'/nlim5RpNgpNcN0BWhhOCWmaMEHI.jpg',2,'Acting');
INSERT INTO Personen(id, name, birthday, deathday, popularity, profilePath, gender, profession) VALUES(4031,'Greg Ellis','1968-03-21','',4.056,'/4vqx2I8ulOPcouOFmOM0UTD3tzj.jpg',2,'Acting');
INSERT INTO Personen(id, name, birthday, deathday, popularity, profilePath, gender, profession) VALUES(11109,'Nick Frost','1972-03-28','',7.465,'/2CHS4t6miNGLgMQAjhFqb4fFuKS.jpg',2,'Acting');
INSERT INTO Personen(id, name, birthday, deathday, popularity, profilePath, gender, profession) VALUES(92317,'Spike Brandt','1961-12-24','',1.537,'/oCvzTSRxpGAepfgwbcRzii6cMel.jpg',2,'Directing');
INSERT INTO Personen(id, name, birthday, deathday, popularity, profilePath, gender, profession) VALUES(81597,'Maxwell Atoms','','',1.832,'',0,'Writing');
INSERT INTO Personen(id, name, birthday, deathday, popularity, profilePath, gender, profession) VALUES(78798,'Tom Kenny','1962-07-13','',4.855,'/o6sC2IsjL7KncT4pZBOx4T0WKhM.jpg',2,'Acting');
INSERT INTO Personen(id, name, birthday, deathday, popularity, profilePath, gender, profession) VALUES(34398,'Bill Fagerbakke','1957-10-04','',4.532,'/uJ9rnL1rlfWqQveaGVQZ8KMvIpV.jpg',2,'Acting');
INSERT INTO Personen(id, name, birthday, deathday, popularity, profilePath, gender, profession) VALUES(70615,'Rodger Bumpass','1951-11-20','',3.514,'/lGQkw6adxqB6Hcm7VK8nVHbKupe.jpg',2,'Acting');
INSERT INTO Personen(id, name, birthday, deathday, popularity, profilePath, gender, profession) VALUES(188229,'Mr. Lawrence','1969-01-01','',5.659,'',2,'Acting');
INSERT INTO Personen(id, name, birthday, deathday, popularity, profilePath, gender, profession) VALUES(6384,'Keanu Reeves','1964-09-02','',42.97,'/rRdru6REr9i3WIHv2mntpcgxnoY.jpg',2,'Acting');
INSERT INTO Personen(id, name, birthday, deathday, popularity, profilePath, gender, profession) VALUES(6574,'Clancy Brown','1959-01-05','',10.71,'/tiuVx3mDJwWieFqNadrtyOhhMBN.jpg',2,'Acting');
INSERT INTO Personen(id, name, birthday, deathday, popularity, profilePath, gender, profession) VALUES(78799,'Carolyn Lawrence','1967-02-13','',1.569,'/v3FZ43oXecCfXO9xsn4r4zNYDp5.jpg',1,'Acting');
INSERT INTO Personen(id, name, birthday, deathday, popularity, profilePath, gender, profession) VALUES(1488236,'Matt Berry','1974-05-02','',2.796,'/m1Mg7Ey0j3UVIFPGwLI1ryfhRm6.jpg',2,'Acting');
INSERT INTO Personen(id, name, birthday, deathday, popularity, profilePath, gender, profession) VALUES(9776,'Chantal Feghali','','',0.6,'',0,'Production');
INSERT INTO Personen(id, name, birthday, deathday, popularity, profilePath, gender, profession) VALUES(15894,'Tom Myers','','',1.01,'',2,'Sound');
INSERT INTO Personen(id, name, birthday, deathday, popularity, profilePath, gender, profession) VALUES(49903,'Tim Hill','1958-05-31','',2.505,'/a1i7yk5wQENHjlAMkr7zujMiw2m.jpg',2,'Directing');
INSERT INTO Personen(id, name, birthday, deathday, popularity, profilePath, gender, profession) VALUES(57743,'Glenn Berger','1969-08-26','',2.521,'/y73tugvcByortnEoKuCMm4g3wcy.jpg',2,'Writing');
INSERT INTO Personen(id, name, birthday, deathday, popularity, profilePath, gender, profession) VALUES(57744,'Jonathan Aibel','1969-08-06','',4.145,'/nKKXpwXrkZawLhrbyKBSCpEJzT7.jpg',2,'Writing');
INSERT INTO Personen(id, name, birthday, deathday, popularity, profilePath, gender, profession) VALUES(25541,'Katherine Heigl','1978-11-24','',8.271,'/hzcs8zxBd0zFo4CqiaOkuVXkFD0.jpg',1,'Acting');
INSERT INTO Personen(id, name, birthday, deathday, popularity, profilePath, gender, profession) VALUES(18688,'Harry Connick Jr.','1967-09-11','',3.238,'/il1t0cshowbZ6mMtH1930baQx9n.jpg',2,'Acting');
INSERT INTO Personen(id, name, birthday, deathday, popularity, profilePath, gender, profession) VALUES(1597855,'Madison Iseman','1997-02-14','',8.092,'/b3Jj2S2faoxKjo93csGIAUwW0YY.jpg',1,'Acting');
INSERT INTO Personen(id, name, birthday, deathday, popularity, profilePath, gender, profession) VALUES(969140,'Israel Broussard','1994-08-22','',4.615,'/cSmPXUMjUgodorabkAHJ4IMWFz7.jpg',2,'Acting');
INSERT INTO Personen(id, name, birthday, deathday, popularity, profilePath, gender, profession) VALUES(90364,'Enuka Okuma','1976-09-20','',4.345,'/giNRBe2NrmptqL2o5l8JzN4WDIm.jpg',1,'Acting');
INSERT INTO Personen(id, name, birthday, deathday, popularity, profilePath, gender, profession) VALUES(1317693,'Eugenie Bondurant','1961-04-27','',2.632,'/9ULAELEKNha7VCJhRWoer58NcJe.jpg',1,'Acting');
INSERT INTO Personen(id, name, birthday, deathday, popularity, profilePath, gender, profession) VALUES(2097212,'Julia Vasi','','',4.291,'/c9F5fHctr3xqifItk1EwyEvRBdp.jpg',1,'Acting');
INSERT INTO Personen(id, name, birthday, deathday, popularity, profilePath, gender, profession) VALUES(1190809,'Brian Yang','1973-10-28','',1.262,'/445QyN4XtDAPXYX70fs532DHEjs.jpg',2,'Acting');
INSERT INTO Personen(id, name, birthday, deathday, popularity, profilePath, gender, profession) VALUES(1448492,'Castille Landon','1991-10-02','',2.634,'/s1oXtmqyG9X0uDfiU5HidPB6BJx.jpg',1,'Directing');
INSERT INTO Personen(id, name, birthday, deathday, popularity, profilePath, gender, profession) VALUES(226711,'Kiko Mizuhara','1990-10-15','',4.189,'/cNR7BlOa17LQrmKGUSj0h4P2Uay.jpg',1,'Acting');
INSERT INTO Personen(id, name, birthday, deathday, popularity, profilePath, gender, profession) VALUES(2023708,'Honami Sato','1989-08-22','',1.4,'/qh9aBsOfCwpQ0N3mjDUNVikzIbs.jpg',1,'Acting');
INSERT INTO Personen(id, name, birthday, deathday, popularity, profilePath, gender, profession) VALUES(592147,'Yoko Maki','1982-10-15','',4.152,'/4phh6EvHzEMFFoY5fx3I0lTWPw2.jpg',1,'Acting');
INSERT INTO Personen(id, name, birthday, deathday, popularity, profilePath, gender, profession) VALUES(43662,'Anne Suzuki','1987-04-27','',2.327,'/5Q7QgYX8jsf1GTVMWCpv2zVeyLE.jpg',1,'Acting');
INSERT INTO Personen(id, name, birthday, deathday, popularity, profilePath, gender, profession) VALUES(2977312,'Shunsuke Tanaka','','',0.6,'/gWFitGbXVoLdbYIVVqssseryjGC.jpg',0,'Acting');
INSERT INTO Personen(id, name, birthday, deathday, popularity, profilePath, gender, profession) VALUES(587661,'Tetsushi Tanaka','1966-02-18','',1.973,'/9DHDP2thxiholidGe6WKr38suJz.jpg',2,'Acting');
INSERT INTO Personen(id, name, birthday, deathday, popularity, profilePath, gender, profession) VALUES(1960999,'Minami Sara','2002-06-11','',0.6,'/uwuCma26tJxEGhFo3agWhHLK0dp.jpg',1,'Acting');
INSERT INTO Personen(id, name, birthday, deathday, popularity, profilePath, gender, profession) VALUES(3053526,'Yui Uemura','','',0.6,'/uKyDKbAVoAPC5YKyXwwwRR9jeIF.jpg',0,'Acting');
INSERT INTO Personen(id, name, birthday, deathday, popularity, profilePath, gender, profession) VALUES(78268,'Ryuichi Hiroki','1954-01-01','',1.4,'/pxg2ZKQwNvMGCpfGPim15lzKP6w.jpg',2,'Directing');
INSERT INTO Personen(id, name, birthday, deathday, popularity, profilePath, gender, profession) VALUES(587652,'Nami Yoshikawa','','',0.6,'',0,'Writing');
INSERT INTO Personen(id, name, birthday, deathday, popularity, profilePath, gender, profession) VALUES(1267682,'Haruo Umekawa','','',0.6,'',0,'Production');
INSERT INTO Personen(id, name, birthday, deathday, popularity, profilePath, gender, profession) VALUES(2977310,'Ching Nakamura','','',0.6,'',0,'Writing');
INSERT INTO Personen(id, name, birthday, deathday, popularity, profilePath, gender, profession) VALUES(1040679,'Donny Boaz','1980-12-12','',2.905,'/3QF9rdUqqMhTHorkAtVqsH6zvXt.jpg',2,'Acting');
INSERT INTO Personen(id, name, birthday, deathday, popularity, profilePath, gender, profession) VALUES(974455,'Susan Gallagher','1960-03-03','',1.159,'/ygx3xppCSIVFDoms42jiqhxqu3t.jpg',1,'Acting');
INSERT INTO Personen(id, name, birthday, deathday, popularity, profilePath, gender, profession) VALUES(1223711,'Heidi Montag','1986-09-15','',0.652,'/ty4Gh1XoJQAU6iAVUmShE0dv9eu.jpg',1,'Acting');
INSERT INTO Personen(id, name, birthday, deathday, popularity, profilePath, gender, profession) VALUES(1237283,'Beau Davidson','','',0.6,'/raU2mgegHSCALSK8mVnePeKk4Kl.jpg',2,'Acting');
INSERT INTO Personen(id, name, birthday, deathday, popularity, profilePath, gender, profession) VALUES(1632090,'Johnny Rey Diaz','','',0.63,'/jUIUmgzFFAmAb5fVAHoCQqUExGD.jpg',2,'Acting');
INSERT INTO Personen(id, name, birthday, deathday, popularity, profilePath, gender, profession) VALUES(31367,'Anthony Crivello','1955-08-02','',0.753,'/AmeKWIanHlHYEDXpDfySEk95Myo.jpg',2,'Acting');
INSERT INTO Personen(id, name, birthday, deathday, popularity, profilePath, gender, profession) VALUES(968692,'Gerardo Davila','','',0.6,'/ba90ieL9PZVj7buy3FehvqPS3LK.jpg',2,'Acting');
INSERT INTO Personen(id, name, birthday, deathday, popularity, profilePath, gender, profession) VALUES(2842492,'Corey Cannon','','',0.6,'/sIuYou1Mrabi8ilhav6MBd7APED.jpg',0,'Crew');
INSERT INTO Personen(id, name, birthday, deathday, popularity, profilePath, gender, profession) VALUES(2511025,'Jim Carroll','','',0.6,'',0,'Directing');
INSERT INTO Personen(id, name, birthday, deathday, popularity, profilePath, gender, profession) VALUES(55638,'Kevin Hart','1979-07-06','',8.764,'/1mp95DQQrvfWttiJnvFnIF3VECR.jpg',2,'Acting');
INSERT INTO Personen(id, name, birthday, deathday, popularity, profilePath, gender, profession) VALUES(70851,'Jack Black','1969-08-28','',11.32,'/rtCx0fiYxJVhzXXdwZE2XRTfIKE.jpg',2,'Acting');
INSERT INTO Personen(id, name, birthday, deathday, popularity, profilePath, gender, profession) VALUES(543261,'Karen Gillan','1987-11-28','',14.006,'/6WgDVH5OiR0gZ6WlQZSWgv3Wl1U.jpg',1,'Acting');
INSERT INTO Personen(id, name, birthday, deathday, popularity, profilePath, gender, profession) VALUES(130565,'Nick Jonas','1992-09-16','',2.949,'/o0BVIpLe8VnCkTuLsk5ObcQmRJr.jpg',2,'Acting');
INSERT INTO Personen(id, name, birthday, deathday, popularity, profilePath, gender, profession) VALUES(934281,'Alex Wolff','1997-11-01','',2.197,'/hMhGWS5nB7ZGA3B1aefY39pizgm.jpg',2,'Acting');
INSERT INTO Personen(id, name, birthday, deathday, popularity, profilePath, gender, profession) VALUES(1188567,'Morgan Turner','1999-04-29','',5.942,'/oIpJr6lOOwixCGfpcTT42n7VKsO.jpg',1,'Acting');
INSERT INTO Personen(id, name, birthday, deathday, popularity, profilePath, gender, profession) VALUES(3228,'Scott Rosenberg','1963-04-24','',2.355,'/uHqU0H8MSFieo1RTS3Erl6CYaH2.jpg',2,'Writing');
INSERT INTO Personen(id, name, birthday, deathday, popularity, profilePath, gender, profession) VALUES(20586,'Stella Vaccaro','','',1.22,'',1,'Art');
INSERT INTO Personen(id, name, birthday, deathday, popularity, profilePath, gender, profession) VALUES(9196,'Ted Field','1953-06-01','',0.98,'',2,'Production');
INSERT INTO Personen(id, name, birthday, deathday, popularity, profilePath, gender, profession) VALUES(9043,'Louise Mingenbach','','',0.728,'',1,'Costume & Make-Up');
INSERT INTO Personen(id, name, birthday, deathday, popularity, profilePath, gender, profession) VALUES(40738,'Wolfgang Stegemann','1974-03-16','',1.62,'/qBNy5YQ5h5ErlFLMQRN0w1smzGt.jpg',2,'Acting');
INSERT INTO Personen(id, name, birthday, deathday, popularity, profilePath, gender, profession) VALUES(1075355,'Jemima West','1987-08-11','',1.244,'/i040KQaDRSxi5rjVmHoJXGJGLyw.jpg',1,'Acting');
INSERT INTO Personen(id, name, birthday, deathday, popularity, profilePath, gender, profession) VALUES(115671,'Christopher Dane','','',0.694,'/r6uLqyojkc7WyS75ahwlA2nKaDk.jpg',2,'Acting');
INSERT INTO Personen(id, name, birthday, deathday, popularity, profilePath, gender, profession) VALUES(1888271,'Rebecca Hanssen','1994-02-27','',0.6,'/bq6JIYzEN2xw5JvSoRoPUqpRkjd.jpg',1,'Acting');
INSERT INTO Personen(id, name, birthday, deathday, popularity, profilePath, gender, profession) VALUES(2720027,'Harry McMillan-Hunt','','',0.6,'',0,'Acting');
INSERT INTO Personen(id, name, birthday, deathday, popularity, profilePath, gender, profession) VALUES(2720031,'Rachel Lin','','',0.6,'',0,'Acting');
INSERT INTO Personen(id, name, birthday, deathday, popularity, profilePath, gender, profession) VALUES(1306749,'Tori Butler-Hart','','',0.608,'/hMjFoGlltaVTTZvews6V1FUCFc7.jpg',1,'Acting');
INSERT INTO Personen(id, name, birthday, deathday, popularity, profilePath, gender, profession) VALUES(2776030,'Ben Lee','','',0.694,'',0,'Acting');
INSERT INTO Personen(id, name, birthday, deathday, popularity, profilePath, gender, profession) VALUES(1510480,'Guy Warren-Thomas','','',0.828,'',0,'Acting');
INSERT INTO Personen(id, name, birthday, deathday, popularity, profilePath, gender, profession) VALUES(49187,'Reinhard Besser','','',0.6,'',0,'Sound');
INSERT INTO Personen(id, name, birthday, deathday, popularity, profilePath, gender, profession) VALUES(75097,'Nick Baldock','','',0.6,'',0,'Sound');
INSERT INTO Personen(id, name, birthday, deathday, popularity, profilePath, gender, profession) VALUES(75099,'Ben Carr','','',0.6,'',2,'Sound');
INSERT INTO Personen(id, name, birthday, deathday, popularity, profilePath, gender, profession) VALUES(167555,'Mark Davis','','',0.6,'',2,'Sound');
INSERT INTO Personen(id, name, birthday, deathday, popularity, profilePath, gender, profession) VALUES(1042668,'Henk Pretorius','','',1.102,'',0,'Writing');
INSERT INTO Personen(id, name, birthday, deathday, popularity, profilePath, gender, profession) VALUES(76512,'Jason Clarke','1969-07-17','',7.189,'/quH4y2dto3UAgZOfaM0QriyRLPN.jpg',2,'Acting');
INSERT INTO Personen(id, name, birthday, deathday, popularity, profilePath, gender, profession) VALUES(1108907,'Nick Robinson','1995-03-22','',11.051,'/mzYszYVPvTdirjkUueziWUHvye7.jpg',2,'Acting');
INSERT INTO Personen(id, name, birthday, deathday, popularity, profilePath, gender, profession) VALUES(1715524,'Daniel David Stewart','','',1.094,'/4rVIcLqueOMwLKX54UCYEHBpRwf.jpg',0,'Acting');
INSERT INTO Personen(id, name, birthday, deathday, popularity, profilePath, gender, profession) VALUES(1253199,'Alexandra Shipp','1991-07-16','',5.979,'/6i9eya2lz8ylJBE9OGpPi7Dy2b2.jpg',1,'Acting');
INSERT INTO Personen(id, name, birthday, deathday, popularity, profilePath, gender, profession) VALUES(1294982,'Paul Walter Hauser','1986-10-15','',2.983,'/x2RVFwCGTdkwAGeVG5GQJmjxGh5.jpg',2,'Acting');
INSERT INTO Personen(id, name, birthday, deathday, popularity, profilePath, gender, profession) VALUES(22125,'Jimmi Simpson','1975-11-21','',8.444,'/uVyNmaRuiih2B1NUeTxuRKBlPon.jpg',2,'Acting');
INSERT INTO Personen(id, name, birthday, deathday, popularity, profilePath, gender, profession) VALUES(2296235,'Lexi Rabe','2012-06-15','',1.588,'/o7AO3YXAFrtQgmP4qG4TGyTlMa6.jpg',1,'Acting');
INSERT INTO Personen(id, name, birthday, deathday, popularity, profilePath, gender, profession) VALUES(29788,'Richard Sherman','','',0.6,'',2,'Art');
INSERT INTO Personen(id, name, birthday, deathday, popularity, profilePath, gender, profession) VALUES(53077,'Alex Orlovsky','','',0.6,'',2,'Production');
INSERT INTO Personen(id, name, birthday, deathday, popularity, profilePath, gender, profession) VALUES(62778,'Mark Bennett','','',1.092,'',2,'Production');
INSERT INTO Personen(id, name, birthday, deathday, popularity, profilePath, gender, profession) VALUES(63190,'David Kirchner','','',0.6,'',2,'Production');
INSERT INTO Personen(id, name, birthday, deathday, popularity, profilePath, gender, profession) VALUES(88023,'Peter Flinckenberg','','',0.6,'',2,'Camera');
INSERT INTO Personen(id, name, birthday, deathday, popularity, profilePath, gender, profession) VALUES(201064,'Lisa Richardson','','',0.6,'',1,'Production');
INSERT INTO Personen(id, name, birthday, deathday, popularity, profilePath, gender, profession) VALUES(1251058,'Regina Blandón','1990-07-25','',2.62,'/hoNmc7G7l70RcBa1hDj485Th5Ne.jpg',1,'Acting');
INSERT INTO Personen(id, name, birthday, deathday, popularity, profilePath, gender, profession) VALUES(947296,'Ludwika Paleta','1978-11-29','',2.268,'/dcozq8kwFH1XEu547PZ6OpJcznz.jpg',1,'Acting');
INSERT INTO Personen(id, name, birthday, deathday, popularity, profilePath, gender, profession) VALUES(271,'José Sefami','','',1.4,'/cZMnTk0xHbckmLKgt18eCIUeV0n.jpg',2,'Acting');
INSERT INTO Personen(id, name, birthday, deathday, popularity, profilePath, gender, profession) VALUES(140604,'Pablo Cruz Guerrero','','',0.6,'',2,'Acting');
INSERT INTO Personen(id, name, birthday, deathday, popularity, profilePath, gender, profession) VALUES(2153303,'Michelle Rodríguez','','',1.887,'',0,'Acting');
INSERT INTO Personen(id, name, birthday, deathday, popularity, profilePath, gender, profession) VALUES(1486655,'Patricia Bernal','','',1.615,'/6yJDNsieIVpQtqXAu1AOUZv0njy.jpg',0,'Acting');
INSERT INTO Personen(id, name, birthday, deathday, popularity, profilePath, gender, profession) VALUES(1417288,'Paulette Hernández','','',0.844,'/wcJs9ji9A8eaPIhGksmTn0H1gRI.jpg',1,'Acting');
INSERT INTO Personen(id, name, birthday, deathday, popularity, profilePath, gender, profession) VALUES(1202611,'Loreto Peralta','2004-06-09','',5.966,'/q2eRmxzBy9ENUf4izK6xbbrW7JE.jpg',1,'Acting');
INSERT INTO Personen(id, name, birthday, deathday, popularity, profilePath, gender, profession) VALUES(61123,'Jason Shuman','','',1.214,'/le7jDuNqdBJH15ZBWtzeyR8cIh1.jpg',2,'Production');
INSERT INTO Personen(id, name, birthday, deathday, popularity, profilePath, gender, profession) VALUES(102329,'María Ripoll','','',1.026,'',1,'Directing');
INSERT INTO Personen(id, name, birthday, deathday, popularity, profilePath, gender, profession) VALUES(2218827,'Eduardo Cisneros','','',0.6,'',0,'Acting');
INSERT INTO Personen(id, name, birthday, deathday, popularity, profilePath, gender, profession) VALUES(3497,'Kyle Chandler','1965-09-17','',9.276,'/12ycW6JwP51RJA36mbT7ietI4Ce.jpg',2,'Acting');
INSERT INTO Personen(id, name, birthday, deathday, popularity, profilePath, gender, profession) VALUES(21657,'Vera Farmiga','1973-08-06','',12.255,'/5Vs7huBmTKftwlsc2BPAntyaQYj.jpg',1,'Acting');
INSERT INTO Personen(id, name, birthday, deathday, popularity, profilePath, gender, profession) VALUES(3899,'Ken Watanabe','1959-10-21','',5.321,'/psAXOYp9SBOXvg6AXzARDedNQ9P.jpg',2,'Acting');
INSERT INTO Personen(id, name, birthday, deathday, popularity, profilePath, gender, profession) VALUES(1339,'Zhang Ziyi','1979-02-09','',8.305,'/sjtAc10h5LaIaKV6Y1LoZoeE7HT.jpg',1,'Acting');
INSERT INTO Personen(id, name, birthday, deathday, popularity, profilePath, gender, profession) VALUES(11367,'Bradley Whitford','1959-10-10','',3.242,'/oeDv2qZWTxELLaNtOIoeG72leNY.jpg',2,'Acting');
INSERT INTO Personen(id, name, birthday, deathday, popularity, profilePath, gender, profession) VALUES(39658,'Sally Hawkins','1976-04-27','',12.78,'/1dtDq82dM2YQ17lBL4ZKPJo5LKw.jpg',1,'Acting');
INSERT INTO Personen(id, name, birthday, deathday, popularity, profilePath, gender, profession) VALUES(4391,'Charles Dance','1946-10-10','',11.645,'/nENJ1857GJWdRY7JGhyiROoI2rN.jpg',2,'Acting');
INSERT INTO Personen(id, name, birthday, deathday, popularity, profilePath, gender, profession) VALUES(7784,'Bob Ducsay','','',1.528,'/tAoX58WlTQUI4TIIlxMW0SsHZdZ.jpg',2,'Editing');
INSERT INTO Personen(id, name, birthday, deathday, popularity, profilePath, gender, profession) VALUES(8285,'Richard L. Johnson','','',1.22,'',2,'Art');
INSERT INTO Personen(id, name, birthday, deathday, popularity, profilePath, gender, profession) VALUES(9646,'Richard Pearson','','',1.214,'',2,'Editing');
INSERT INTO Personen(id, name, birthday, deathday, popularity, profilePath, gender, profession) VALUES(9347,'Paul Hughen','','',0.6,'',2,'Camera');
INSERT INTO Personen(id, name, birthday, deathday, popularity, profilePath, gender, profession) VALUES(1033064,'Francesc Garrido','','',1.22,'/npt3TYgw3Suvucq3o0n5Tdt59C.jpg',2,'Acting');
INSERT INTO Personen(id, name, birthday, deathday, popularity, profilePath, gender, profession) VALUES(2570552,'Paula Bertolín','','',0.6,'',0,'Acting');
INSERT INTO Personen(id, name, birthday, deathday, popularity, profilePath, gender, profession) VALUES(28510,'Gonzalo Cunill','','',0.6,'/cfNV5hNhRWnvlPdlYG9n5oezFgx.jpg',0,'Acting');
INSERT INTO Personen(id, name, birthday, deathday, popularity, profilePath, gender, profession) VALUES(589542,'Mario Gas','1947-02-05','',0.6,'/rJfShkLP8AV9A2sgcTo9olSmJ14.jpg',2,'Acting');
INSERT INTO Personen(id, name, birthday, deathday, popularity, profilePath, gender, profession) VALUES(2570550,'Jorge Acebo Canedo','','',0.6,'',0,'Directing');
INSERT INTO Personen(id, name, birthday, deathday, popularity, profilePath, gender, profession) VALUES(225408,'Luis Machín','1968-04-10','',2.094,'/6n7zMUILTMY6FBnej6UsCO1s5AU.jpg',2,'Acting');
INSERT INTO Personen(id, name, birthday, deathday, popularity, profilePath, gender, profession) VALUES(1306270,'Celeste Gerez','','',0.694,'/lzkqCP1geDSd97KUJJX3uJXryPg.jpg',1,'Acting');
INSERT INTO Personen(id, name, birthday, deathday, popularity, profilePath, gender, profession) VALUES(2022319,'Camila Vaccarini','','',0.6,'',0,'Acting');
INSERT INTO Personen(id, name, birthday, deathday, popularity, profilePath, gender, profession) VALUES(228441,'Hugo Arana','1943-07-23','',1.388,'/aQGlaOp2n1nt8WIEEe82o6nDJSy.jpg',2,'Acting');
INSERT INTO Personen(id, name, birthday, deathday, popularity, profilePath, gender, profession) VALUES(2440466,'Graciela Bonomi','','',0.6,'',0,'Acting');
INSERT INTO Personen(id, name, birthday, deathday, popularity, profilePath, gender, profession) VALUES(2988413,'Isabel Iglesias','','',0.6,'',0,'Acting');
INSERT INTO Personen(id, name, birthday, deathday, popularity, profilePath, gender, profession) VALUES(2988414,'Pablo Peverelli','','',0.6,'',0,'Acting');
INSERT INTO Personen(id, name, birthday, deathday, popularity, profilePath, gender, profession) VALUES(2988415,'Rafael Antonio Sola','','',0.6,'',0,'Acting');
INSERT INTO Personen(id, name, birthday, deathday, popularity, profilePath, gender, profession) VALUES(2095395,'Lucas Timerman','','',0.6,'',0,'Camera');
INSERT INTO Personen(id, name, birthday, deathday, popularity, profilePath, gender, profession) VALUES(2114688,'Lionel Cornistein','','',0.6,'',0,'Editing');
INSERT INTO Personen(id, name, birthday, deathday, popularity, profilePath, gender, profession) VALUES(2673515,'Mauro Iván Ojeda','','',0.6,'',0,'Directing');
INSERT INTO Personen(id, name, birthday, deathday, popularity, profilePath, gender, profession) VALUES(76110,'Stephen Amell','1981-05-08','',6.825,'/gN8cpnUaPIzWhVufahmzV0dwOgp.jpg',2,'Acting');
INSERT INTO Personen(id, name, birthday, deathday, popularity, profilePath, gender, profession) VALUES(1223726,'Robbie Amell','1988-04-21','',4.799,'/qRDwwBVJmYk7yhlo8VwRMook4yd.jpg',2,'Acting');
INSERT INTO Personen(id, name, birthday, deathday, popularity, profilePath, gender, profession) VALUES(5937,'Kari Matchett','1970-03-25','',5.268,'/rl79wVRIRSPxvswpkY9V85Ps1hJ.jpg',1,'Acting');
INSERT INTO Personen(id, name, birthday, deathday, popularity, profilePath, gender, profession) VALUES(2482346,'Penny Eizenga','','',1.128,'/aaPLZlUaQlu3S58cFitlfBij5jB.jpg',1,'Acting');
INSERT INTO Personen(id, name, birthday, deathday, popularity, profilePath, gender, profession) VALUES(133921,'Lawrence Bayne','1960-11-11','',2.167,'/rZ0QabVVSmzsWq1dbPeGxFFekYZ.jpg',2,'Acting');
INSERT INTO Personen(id, name, birthday, deathday, popularity, profilePath, gender, profession) VALUES(1470382,'Jai Jai Jones','','',0.612,'/2GxNPLmgWq6DZns5BTveueJPiab.jpg',2,'Acting');
INSERT INTO Personen(id, name, birthday, deathday, popularity, profilePath, gender, profession) VALUES(1020687,'Alex Mallari Jr.','1988-02-19','',1.242,'/7rypBTal9cGPhExAzLpYSALJ3Px.jpg',2,'Acting');
INSERT INTO Personen(id, name, birthday, deathday, popularity, profilePath, gender, profession) VALUES(55589,'Shaun Benson','1976-01-16','',2.838,'/dmCEoh9fQAT9gP2AseLWKiqJUUn.jpg',2,'Acting');
INSERT INTO Personen(id, name, birthday, deathday, popularity, profilePath, gender, profession) VALUES(4584,'Robert Jones','','',0.98,'',2,'Production');
INSERT INTO Personen(id, name, birthday, deathday, popularity, profilePath, gender, profession) VALUES(15230,'Nick Alachiotis','','',1.666,'',2,'Acting');
INSERT INTO Personen(id, name, birthday, deathday, popularity, profilePath, gender, profession) VALUES(59586,'Brian Campbell','','',0.6,'',0,'Production');
INSERT INTO Personen(id, name, birthday, deathday, popularity, profilePath, gender, profession) VALUES(61697,'Sung Kang','1972-04-08','',11.655,'/vnZT5tbEWakOeLVITBuAaN645cm.jpg',2,'Acting');
INSERT INTO Personen(id, name, birthday, deathday, popularity, profilePath, gender, profession) VALUES(64759,'Mary Anne Waterhouse','','',0.6,'',1,'Production');
INSERT INTO Personen(id, name, birthday, deathday, popularity, profilePath, gender, profession) VALUES(72117,'Matt Birman','1961-08-13','',0.979,'/liP6CWzmypTyTCQiIO0qwoxiCiF.jpg',2,'Crew');
INSERT INTO Personen(id, name, birthday, deathday, popularity, profilePath, gender, profession) VALUES(79275,'Dustin Harris','','',0.6,'',0,'Sound');
INSERT INTO Personen(id, name, birthday, deathday, popularity, profilePath, gender, profession) VALUES(1929090,'Haley Bishop','','',0.648,'/wWFhlde4TnYaZxaLeH44NtEiqTG.jpg',1,'Acting');
INSERT INTO Personen(id, name, birthday, deathday, popularity, profilePath, gender, profession) VALUES(1824295,'Jemma Moore','','',1.367,'/8yaYuI0oors3S1FtMzwTLX50JzK.jpg',1,'Acting');
INSERT INTO Personen(id, name, birthday, deathday, popularity, profilePath, gender, profession) VALUES(2525892,'Emma Louise Webb','','',0.714,'/xEui3aki25HGGF9UsMsZ5xdbHRX.jpg',0,'Acting');
INSERT INTO Personen(id, name, birthday, deathday, popularity, profilePath, gender, profession) VALUES(1929091,'Radina Drandova','','',0.679,'/lgq2TlQu10lqRINSHg4HmKE69gf.jpg',1,'Acting');
INSERT INTO Personen(id, name, birthday, deathday, popularity, profilePath, gender, profession) VALUES(1929089,'Caroline Ward','','',0.6,'/bHknMPDSpiymkkGJiOCpf0QcmPA.jpg',1,'Acting');
INSERT INTO Personen(id, name, birthday, deathday, popularity, profilePath, gender, profession) VALUES(2706899,'Edward Linard','','',0.6,'',0,'Acting');
INSERT INTO Personen(id, name, birthday, deathday, popularity, profilePath, gender, profession) VALUES(1544739,'Seylan Baxter','','',1.128,'/4DeuZiNsaYIN3VztxIyYorUCTKh.jpg',0,'Acting');
INSERT INTO Personen(id, name, birthday, deathday, popularity, profilePath, gender, profession) VALUES(2620181,'Alan Emrys','','',0.6,'/twzSRDbL76JZMq359iMWv8AMugn.jpg',2,'Acting');
INSERT INTO Personen(id, name, birthday, deathday, popularity, profilePath, gender, profession) VALUES(584237,'Craig Engler','','',0.838,'',2,'Writing');
INSERT INTO Personen(id, name, birthday, deathday, popularity, profilePath, gender, profession) VALUES(1129908,'Rob Savage','','',0.6,'/nLrDoEuWXlpePQJOpGxXFmnhHy2.jpg',2,'Directing');
INSERT INTO Personen(id, name, birthday, deathday, popularity, profilePath, gender, profession) VALUES(1273064,'Dan Martin','1979-08-08','',0.6,'',2,'Crew');
INSERT INTO Personen(id, name, birthday, deathday, popularity, profilePath, gender, profession) VALUES(1487404,'Gemma Hurley','','',0.6,'',0,'Production');
INSERT INTO Personen(id, name, birthday, deathday, popularity, profilePath, gender, profession) VALUES(1646619,'Jed Shepherd','','',0.6,'',0,'Writing');
INSERT INTO Personen(id, name, birthday, deathday, popularity, profilePath, gender, profession) VALUES(38559,'Christopher Lambert','1957-03-29','',10.494,'/hUfnLhYOGwaTWMdowayvqY42Eti.jpg',2,'Acting');
INSERT INTO Personen(id, name, birthday, deathday, popularity, profilePath, gender, profession) VALUES(57250,'Robin Shou','1960-07-17','',4.621,'/cnL8HqBowYu9ssTkShDfEmxTgdZ.jpg',2,'Acting');
INSERT INTO Personen(id, name, birthday, deathday, popularity, profilePath, gender, profession) VALUES(57251,'Linden Ashby','1960-05-23','',2.404,'/6RKH9yB5mXuNdhXMBDThoUpIi56.jpg',2,'Acting');
INSERT INTO Personen(id, name, birthday, deathday, popularity, profilePath, gender, profession) VALUES(11398,'Cary-Hiroyuki Tagawa','1950-09-27','',4.491,'/zxKQN4pDpqgVyhJ0td6WqY4mGsv.jpg',2,'Acting');
INSERT INTO Personen(id, name, birthday, deathday, popularity, profilePath, gender, profession) VALUES(20751,'Bridgette Wilson','1973-09-25','',9.811,'/zq6uzzL87CtfgxD4G3bLTcgUUTe.jpg',1,'Acting');
INSERT INTO Personen(id, name, birthday, deathday, popularity, profilePath, gender, profession) VALUES(10680,'Talisa Soto','1967-03-27','',7.266,'/tpEGbGgASne8m1iHzncuxdSLIkX.jpg',1,'Acting');
INSERT INTO Personen(id, name, birthday, deathday, popularity, profilePath, gender, profession) VALUES(57252,'Trevor Goddard','1962-10-14','2003-06-07',3.128,'/hQvYSwjP8beKIKyAf2N5OlPkW7Q.jpg',2,'Acting');
INSERT INTO Personen(id, name, birthday, deathday, popularity, profilePath, gender, profession) VALUES(57253,'Chris Casamassa','1963-01-01','',1.534,'/4isia13goX4Op437JJUMCv3GlXO.jpg',2,'Acting');
INSERT INTO Personen(id, name, birthday, deathday, popularity, profilePath, gender, profession) VALUES(3961,'Martin Hunter','','',0.84,'',2,'Editing');
INSERT INTO Personen(id, name, birthday, deathday, popularity, profilePath, gender, profession) VALUES(9204,'George S. Clinton','1947-06-17','',1.4,'',2,'Sound');
INSERT INTO Personen(id, name, birthday, deathday, popularity, profilePath, gender, profession) VALUES(26714,'John R. Leonetti','1956-07-04','',4.013,'/uksq1bamaA4MfpBPaP4Vv8BvLpu.jpg',2,'Camera');
INSERT INTO Personen(id, name, birthday, deathday, popularity, profilePath, gender, profession) VALUES(10809,'Robert Engelman','','',0.6,'',2,'Production');
INSERT INTO Personen(id, name, birthday, deathday, popularity, profilePath, gender, profession) VALUES(57256,'Ed Boon','','',1.544,'/8uc1wLbLsnTYsVZcXhSP0G2cIOR.jpg',0,'Crew');
INSERT INTO Personen(id, name, birthday, deathday, popularity, profilePath, gender, profession) VALUES(103,'Mark Ruffalo','1967-11-22','',6.662,'/z3dvKqMNDQWk3QLxzumloQVR0pv.jpg',2,'Acting');
INSERT INTO Personen(id, name, birthday, deathday, popularity, profilePath, gender, profession) VALUES(17604,'Jeremy Renner','1971-01-07','',12.25,'/ycFVAVMliCCf0zXsKWNLBG3YxzK.jpg',2,'Acting');
INSERT INTO Personen(id, name, birthday, deathday, popularity, profilePath, gender, profession) VALUES(22226,'Paul Rudd','1969-04-06','',8.459,'/8eTtJ7XVXY0BnEeUaSiTAraTIXd.jpg',2,'Acting');
INSERT INTO Personen(id, name, birthday, deathday, popularity, profilePath, gender, profession) VALUES(1813,'Anne Hathaway','1982-11-12','',25.532,'/a6cUh7WIVJeFAjmwVEJN4Idyaa3.jpg',1,'Acting');
INSERT INTO Personen(id, name, birthday, deathday, popularity, profilePath, gender, profession) VALUES(2283,'Stanley Tucci','1960-11-11','',9.729,'/7wPPKi7djQfNc9NLVJvhBmoZ26U.jpg',2,'Acting');
INSERT INTO Personen(id, name, birthday, deathday, popularity, profilePath, gender, profession) VALUES(2241218,'Jahzir Bruno','','',1.22,'/bGyQQmbOaW4h8gAELkb8unCsPj8.jpg',2,'Acting');
INSERT INTO Personen(id, name, birthday, deathday, popularity, profilePath, gender, profession) VALUES(2632,'Chris Rock','1965-02-07','',4.734,'/cqI8yQ00GNDV3PAAz5UeLj7vOX0.jpg',2,'Acting');
INSERT INTO Personen(id, name, birthday, deathday, popularity, profilePath, gender, profession) VALUES(2153678,'Codie-Lei Eastick','','',1.63,'/cfRVQ7iMYIyaDt1Yn2g6HGVPTgm.jpg',2,'Acting');
INSERT INTO Personen(id, name, birthday, deathday, popularity, profilePath, gender, profession) VALUES(52775,'Kristin Chenoweth','1968-07-24','',6.882,'/q3ENDu5n23FARhyij4FVRaTkSg4.jpg',1,'Acting');
INSERT INTO Personen(id, name, birthday, deathday, popularity, profilePath, gender, profession) VALUES(1228665,'Brian Bovell','','',1.963,'/94qbiyDsn4JxERiGG7awkLw1Y0c.jpg',2,'Acting');
INSERT INTO Personen(id, name, birthday, deathday, popularity, profilePath, gender, profession) VALUES(24,'Robert Zemeckis','1952-05-14','',7.622,'/lPYDQ5LYNJ12rJZENtyASmVZ1Ql.jpg',2,'Directing');
INSERT INTO Personen(id, name, birthday, deathday, popularity, profilePath, gender, profession) VALUES(36,'Don Burgess','1956-05-28','',1.305,'/aIB6XjNFDWxRpB2l5GKXWEzMI4O.jpg',2,'Camera');
INSERT INTO Personen(id, name, birthday, deathday, popularity, profilePath, gender, profession) VALUES(498,'Joanna Johnston','','',1.34,'/xuCe7ZgtqOCaY6MUvXpG7buckXO.jpg',1,'Costume & Make-Up');
INSERT INTO Personen(id, name, birthday, deathday, popularity, profilePath, gender, profession) VALUES(1299,'Roald Dahl','1916-09-13','1990-11-23',2.258,'/hbYOdJ8KK5aPFX6JioRhMiwbMOf.jpg',2,'Writing');
INSERT INTO Personen(id, name, birthday, deathday, popularity, profilePath, gender, profession) VALUES(1324,'Victoria Burrows','','',0.704,'',1,'Production');
INSERT INTO Personen(id, name, birthday, deathday, popularity, profilePath, gender, profession) VALUES(19119,'Mélanie Laurent','1983-02-21','',8.908,'/i99ogEo4gQyanCmHWYYoS6hsUqL.jpg',1,'Acting');
INSERT INTO Personen(id, name, birthday, deathday, popularity, profilePath, gender, profession) VALUES(1168097,'Manuel Garcia-Rulfo','1981-02-25','',1.96,'/54Rk1hKfNdNKGHQMnONDGmNtUv3.jpg',2,'Acting');
INSERT INTO Personen(id, name, birthday, deathday, popularity, profilePath, gender, profession) VALUES(1452045,'Ben Hardy','1991-01-02','',2.813,'/s8UEIomgY5AaEmPHkcPAScp68Fw.jpg',2,'Acting');
INSERT INTO Personen(id, name, birthday, deathday, popularity, profilePath, gender, profession) VALUES(1371297,'Adria Arjona','1992-04-25','',9.025,'/gBOblv33jhgAo997KzhEafNOb52.jpg',1,'Acting');
INSERT INTO Personen(id, name, birthday, deathday, popularity, profilePath, gender, profession) VALUES(54697,'Dave Franco','1985-06-12','',10.461,'/lgzjs56hk0ucf2rwQnSG5U3Q49i.jpg',2,'Acting');
INSERT INTO Personen(id, name, birthday, deathday, popularity, profilePath, gender, profession) VALUES(1154054,'Corey Hawkins','1988-10-22','',1.578,'/wG67YtOmB4PkjgK6OKKbzy48pdk.jpg',2,'Acting');
INSERT INTO Personen(id, name, birthday, deathday, popularity, profilePath, gender, profession) VALUES(1259880,'Lior Raz','1971-11-24','',1.22,'/bl3KLFUQ4Q0zC9lCU4qP1Jf4qHS.jpg',2,'Acting');
INSERT INTO Personen(id, name, birthday, deathday, popularity, profilePath, gender, profession) VALUES(15841,'William Goldenberg','','',0.603,'/eOgoea8HbZt2TfLn0tDNI1TepSN.jpg',2,'Editing');
INSERT INTO Personen(id, name, birthday, deathday, popularity, profilePath, gender, profession) VALUES(865,'Michael Bay','1965-02-17','',4.567,'/8I9H9IKROECFEn7usvyChbRMhbI.jpg',2,'Production');
INSERT INTO Personen(id, name, birthday, deathday, popularity, profilePath, gender, profession) VALUES(5545,'K.C. Hodenfield','','',0.84,'',0,'Production');
INSERT INTO Personen(id, name, birthday, deathday, popularity, profilePath, gender, profession) VALUES(9987,'Ian Bryce','','',1.62,'',2,'Production');
INSERT INTO Personen(id, name, birthday, deathday, popularity, profilePath, gender, profession) VALUES(11699,'Bojan Bazelli','','',1.4,'/9KuVLwgXwRCaPjyQNRqGTGzTBQE.jpg',2,'Camera');
INSERT INTO Personen(id, name, birthday, deathday, popularity, profilePath, gender, profession) VALUES(2231,'Samuel L. Jackson','1948-12-21','',22.821,'/mXN4Gw9tZJVKrLJHde2IcUHmV3P.jpg',2,'Acting');
INSERT INTO Personen(id, name, birthday, deathday, popularity, profilePath, gender, profession) VALUES(131,'Jake Gyllenhaal','1980-12-19','',14.295,'/rJdYHYNhlcOBwbPvDZVvt1xw7bi.jpg',2,'Acting');
INSERT INTO Personen(id, name, birthday, deathday, popularity, profilePath, gender, profession) VALUES(3141,'Marisa Tomei','1964-12-04','',12.107,'/i5p1UJfv6qoukMf1Fw0I9jZqKtT.jpg',1,'Acting');
INSERT INTO Personen(id, name, birthday, deathday, popularity, profilePath, gender, profession) VALUES(15277,'Jon Favreau','1966-10-19','',9.307,'/ve4ZL0qP8V4zQk7sLwLSr9WJogx.jpg',2,'Acting');
INSERT INTO Personen(id, name, birthday, deathday, popularity, profilePath, gender, profession) VALUES(505710,'Zendaya','1996-09-01','',15.163,'/r3A7ev7QkjOGocVn3kQrJ0eOouk.jpg',1,'Acting');
INSERT INTO Personen(id, name, birthday, deathday, popularity, profilePath, gender, profession) VALUES(1649152,'Jacob Batalon','1996-06-06','',2.367,'/ka49JItS3al6FANw02jQ20Jtv7M.jpg',2,'Acting');
INSERT INTO Personen(id, name, birthday, deathday, popularity, profilePath, gender, profession) VALUES(1291350,'Tony Revolori','1996-04-28','',6.386,'/ouuo4ulVO9j6T8JixFp4lWTVdtd.jpg',2,'Acting');
INSERT INTO Personen(id, name, birthday, deathday, popularity, profilePath, gender, profession) VALUES(4856,'Matthew Stillman','','',1.025,'',0,'Production');
INSERT INTO Personen(id, name, birthday, deathday, popularity, profilePath, gender, profession) VALUES(6688,'Anna B. Sheppard','1946-01-17','',1.38,'',1,'Costume & Make-Up');
INSERT INTO Personen(id, name, birthday, deathday, popularity, profilePath, gender, profession) VALUES(7625,'Steve Ditko','1927-11-02','',1.4,'/dfdSdCN8Zb9MD5qSkpMseze4n8H.jpg',2,'Writing');
INSERT INTO Personen(id, name, birthday, deathday, popularity, profilePath, gender, profession) VALUES(7626,'Avi Arad','1948-08-01','',1.581,'/zFNtix6jjAfjKeE687w1VgU4H1T.jpg',2,'Production');
INSERT INTO Personen(id, name, birthday, deathday, popularity, profilePath, gender, profession) VALUES(2077868,'YaYa Gosselin','2009-01-26','',3.331,'/2XwPLECE4rce7KC6d4RkbgRaKfO.jpg',1,'Acting');
INSERT INTO Personen(id, name, birthday, deathday, popularity, profilePath, gender, profession) VALUES(2392709,'Lyon Daniels','2007-06-14','',1.62,'/sz6ioT6uaocxhBNJns1wm5OZ5AV.jpg',2,'Acting');
INSERT INTO Personen(id, name, birthday, deathday, popularity, profilePath, gender, profession) VALUES(1730704,'Andy Walken','2006-04-26','',3.77,'/9QyNSIIlWKcokbgzeMCx0Ywo0uN.jpg',2,'Acting');
INSERT INTO Personen(id, name, birthday, deathday, popularity, profilePath, gender, profession) VALUES(1368479,'Hala Finley','2009-05-18','',0.828,'/5r7Atvpc4m0vsb5MpnEjWAl12xz.jpg',1,'Acting');
INSERT INTO Personen(id, name, birthday, deathday, popularity, profilePath, gender, profession) VALUES(2392708,'Lotus Blossom','2007-10-31','',0.729,'/jNmgnYgKVt2AQ9WPx4357PdsMej.jpg',1,'Acting');
INSERT INTO Personen(id, name, birthday, deathday, popularity, profilePath, gender, profession) VALUES(2883298,'Dylan Henry Lau','','',1.09,'/ho9oGn9ZtKxQjSZlkLv70ouPqZM.jpg',2,'Acting');
INSERT INTO Personen(id, name, birthday, deathday, popularity, profilePath, gender, profession) VALUES(2129561,'Andrew Diaz','','',0.98,'/u3HB6Wt8WwdJsdHlp7cBI69n5Tj.jpg',2,'Acting');
INSERT INTO Personen(id, name, birthday, deathday, popularity, profilePath, gender, profession) VALUES(2392706,'Isaiah Russell-Bailey','2006-12-09','',0.665,'/qZ5piz3Iby9WWCXClwVOXcrm5vj.jpg',2,'Acting');
INSERT INTO Personen(id, name, birthday, deathday, popularity, profilePath, gender, profession) VALUES(2294,'Robert Rodriguez','1968-06-20','',4.083,'/bPqRdLWWwpOT8sBdj9PWOzNgwou.jpg',2,'Directing');
INSERT INTO Personen(id, name, birthday, deathday, popularity, profilePath, gender, profession) VALUES(20489,'Steve Joyner','','',0.608,'',2,'Art');
INSERT INTO Personen(id, name, birthday, deathday, popularity, profilePath, gender, profession) VALUES(20490,'Nina Proctor','','',0.6,'',0,'Costume & Make-Up');
INSERT INTO Personen(id, name, birthday, deathday, popularity, profilePath, gender, profession) VALUES(123812,'Lateef Crowder','1977-11-23','',3.125,'/mhGArPyh3N97t3PU4YnvLZTzHjl.jpg',2,'Acting');
INSERT INTO Personen(id, name, birthday, deathday, popularity, profilePath, gender, profession) VALUES(123813,'Ian Anthony Dale','1978-07-03','',3.618,'/x5ePN7j7C4ZmytO5VoUOpiPEyRm.jpg',2,'Acting');
INSERT INTO Personen(id, name, birthday, deathday, popularity, profilePath, gender, profession) VALUES(64856,'Michael Jai White','1967-11-10','',6.849,'/YPoHYuzR37wFpPpwEXZYQlhLln.jpg',2,'Acting');
INSERT INTO Personen(id, name, birthday, deathday, popularity, profilePath, gender, profession) VALUES(174170,'Richard Dorton','','',0.98,'',0,'Acting');
INSERT INTO Personen(id, name, birthday, deathday, popularity, profilePath, gender, profession) VALUES(1042114,'Matt Mullins','1980-10-11','',1.312,'/jexgSbiOL44RPZUpaTgPoBsyrjL.jpg',2,'Acting');
INSERT INTO Personen(id, name, birthday, deathday, popularity, profilePath, gender, profession) VALUES(1213613,'Jeri Ryan','1968-02-22','',6.02,'/xZaw90cLeprJPsoJowKueY3ywz2.jpg',1,'Acting');
INSERT INTO Personen(id, name, birthday, deathday, popularity, profilePath, gender, profession) VALUES(31126,'Scott Kevan','1972-01-02','',0.6,'',2,'Camera');
INSERT INTO Personen(id, name, birthday, deathday, popularity, profilePath, gender, profession) VALUES(84459,'Larnell Stovall','','',1.788,'/9XMDPNVvWCcwDasCnFhevLoz2PC.jpg',2,'Acting');
INSERT INTO Personen(id, name, birthday, deathday, popularity, profilePath, gender, profession) VALUES(101518,'Kevin Tancharoen','1984-04-23','',2.179,'/f42Jo2Ycwzb9i4PHk2dCgz9aPB3.jpg',2,'Directing');
INSERT INTO Personen(id, name, birthday, deathday, popularity, profilePath, gender, profession) VALUES(1090787,'Oren Uziel','','',0.728,'/1ipKuag8BcCNCcWLp2GgSK7INNq.jpg',2,'Writing');
INSERT INTO Personen(id, name, birthday, deathday, popularity, profilePath, gender, profession) VALUES(1246972,'Ruby Rose','1986-03-20','',12.809,'/djhT0A2hZxpYKPnCeRtim8qUdPi.jpg',1,'Acting');
INSERT INTO Personen(id, name, birthday, deathday, popularity, profilePath, gender, profession) VALUES(1003,'Jean Reno','1948-07-30','',15.71,'/4TcZEDVA0u6x5pF2oZMuslxZKHe.jpg',2,'Acting');
INSERT INTO Personen(id, name, birthday, deathday, popularity, profilePath, gender, profession) VALUES(76547,'Aksel Hennie','1975-10-29','',1.42,'/sceuNjVXtsHOS3cn0MsLfZRkAQx.jpg',2,'Acting');
INSERT INTO Personen(id, name, birthday, deathday, popularity, profilePath, gender, profession) VALUES(17283,'Rupert Evans','1977-03-30','',4.293,'/YrsdSUjinm0NN6qd8Y2znPf8Cg.jpg',2,'Acting');
INSERT INTO Personen(id, name, birthday, deathday, popularity, profilePath, gender, profession) VALUES(1358574,'Julian Feder','','',0.6,'/dfhAZETTKwyqGuKxhOTU5JjS8EA.jpg',0,'Acting');
INSERT INTO Personen(id, name, birthday, deathday, popularity, profilePath, gender, profession) VALUES(1180795,'David Sakurai','1979-07-19','',1.96,'/kC0o7PEqRLb6iciL7Y3MjMxh1dw.jpg',2,'Acting');
INSERT INTO Personen(id, name, birthday, deathday, popularity, profilePath, gender, profession) VALUES(74861,'Hideaki Ito','1975-08-03','',2.787,'/7AGpf6imRhpfdTCkiyS5UJFJJAf.jpg',2,'Acting');
INSERT INTO Personen(id, name, birthday, deathday, popularity, profilePath, gender, profession) VALUES(5483,'Philip Whitchurch','1951-01-30','',0.785,'/wTl3TH9vF9J0EVaue7CmBlCXg1.jpg',2,'Acting');
INSERT INTO Personen(id, name, birthday, deathday, popularity, profilePath, gender, profession) VALUES(27220,'Luca Tranchino','','',0.656,'',0,'Art');
INSERT INTO Personen(id, name, birthday, deathday, popularity, profilePath, gender, profession) VALUES(31230,'Matthias Schubert','','',0.6,'',0,'Crew');
INSERT INTO Personen(id, name, birthday, deathday, popularity, profilePath, gender, profession) VALUES(45996,'Ryûhei Kitamura','1969-05-30','',1.456,'/iitzR6lbdD1sCK2LOoG8Li1Cg30.jpg',2,'Directing');
INSERT INTO Personen(id, name, birthday, deathday, popularity, profilePath, gender, profession) VALUES(59668,'Shannon Makhanian','','',1.008,'/a1RMBX2w8zIf3MWiVbMBW1UPt5L.jpg',1,'Production');
INSERT INTO Personen(id, name, birthday, deathday, popularity, profilePath, gender, profession) VALUES(62878,'Ioana Albaiu','1972-04-29','',0.6,'',1,'Costume & Make-Up');
INSERT INTO Personen(id, name, birthday, deathday, popularity, profilePath, gender, profession) VALUES(92554,'Harry Winer','1947-05-04','',0.932,'',2,'Directing');
INSERT INTO Personen(id, name, birthday, deathday, popularity, profilePath, gender, profession) VALUES(164709,'Rob Hughes','','',0.6,'',0,'Sound');
INSERT INTO Personen(id, name, birthday, deathday, popularity, profilePath, gender, profession) VALUES(1005324,'Doug Haley','','',0.98,'',2,'Acting');
INSERT INTO Personen(id, name, birthday, deathday, popularity, profilePath, gender, profession) VALUES(17647,'Michelle Rodriguez','1978-07-12','',13.78,'/hulQAiXNFLq4VDYVxBPgK009njf.jpg',1,'Acting');
INSERT INTO Personen(id, name, birthday, deathday, popularity, profilePath, gender, profession) VALUES(8169,'Tyrese Gibson','1978-12-30','',6.89,'/vR5noq4BjnRaF2ryXldt7R4WSGJ.jpg',2,'Acting');
INSERT INTO Personen(id, name, birthday, deathday, popularity, profilePath, gender, profession) VALUES(8171,'Ludacris','1977-09-11','',6.451,'/2hmnLauYxQJSBDL2VCcq9NHWIY8.jpg',2,'Acting');
INSERT INTO Personen(id, name, birthday, deathday, popularity, profilePath, gender, profession) VALUES(22123,'Jordana Brewster','1980-04-26','',9.298,'/8VzFsSfT7NnMGyH5JQBQdTxDHcO.jpg',1,'Acting');
INSERT INTO Personen(id, name, birthday, deathday, popularity, profilePath, gender, profession) VALUES(1251069,'Nathalie Emmanuel','1989-04-02','',5.059,'/722FrTqERFzH7Sra9SLgr8CLqws.jpg',1,'Acting');
INSERT INTO Personen(id, name, birthday, deathday, popularity, profilePath, gender, profession) VALUES(2823492,'John West Jr.','1970-06-16','',1.052,'/dNTKDvrm9o4hEtRNtzpmJpN1AR5.jpg',2,'Acting');
INSERT INTO Personen(id, name, birthday, deathday, popularity, profilePath, gender, profession) VALUES(3184,'Clayton Townsend','','',0.6,'',2,'Production');
INSERT INTO Personen(id, name, birthday, deathday, popularity, profilePath, gender, profession) VALUES(8162,'Gary Scott Thompson','1959-10-07','',3.871,'/e2dMfqFvRsOXgWZ1VToYLmos17y.jpg',2,'Writing');
INSERT INTO Personen(id, name, birthday, deathday, popularity, profilePath, gender, profession) VALUES(18311,'Joe Roth','1948-06-13','',1.294,'/lUtmB3mtMPrA5hhoEwZBeX1U5uL.jpg',0,'Production');
INSERT INTO Personen(id, name, birthday, deathday, popularity, profilePath, gender, profession) VALUES(29400,'Jeff Kirschenbaum','','',1.4,'',0,'Production');
INSERT INTO Personen(id, name, birthday, deathday, popularity, profilePath, gender, profession) VALUES(58189,'Justin Lin','1971-10-01','',2.081,'/w0ryazdt8iS3GBrjXfv0FIwvUGY.jpg',2,'Directing');
INSERT INTO Personen(id, name, birthday, deathday, popularity, profilePath, gender, profession) VALUES(122503,'Liu Yifei','1987-08-25','',11.16,'/cL6JccAYqiZQEAIEFObEUC9LTt7.jpg',1,'Acting');
INSERT INTO Personen(id, name, birthday, deathday, popularity, profilePath, gender, profession) VALUES(1336,'Jet Li','1963-04-26','',15.656,'/c4s8INzU0ZAujCQ1YmphCmcsNzl.jpg',2,'Acting');
INSERT INTO Personen(id, name, birthday, deathday, popularity, profilePath, gender, profession) VALUES(21629,'Tzi Ma','1962-06-10','',3.716,'/x4fz0LCIiBNGdil3nBYO22W7QJ0.jpg',2,'Acting');
INSERT INTO Personen(id, name, birthday, deathday, popularity, profilePath, gender, profession) VALUES(1341,'Donnie Yen','1963-07-27','',9.001,'/hTlhrrZMj8hZVvD17j4KyAFWBHc.jpg',2,'Acting');
INSERT INTO Personen(id, name, birthday, deathday, popularity, profilePath, gender, profession) VALUES(643,'Gong Li','1965-12-31','',5.45,'/uP3Fs3QUsGBxhNqGFWMnN1Z2l8z.jpg',1,'Acting');
INSERT INTO Personen(id, name, birthday, deathday, popularity, profilePath, gender, profession) VALUES(58319,'Jason Scott Lee','1966-11-19','',4.551,'/7jObZCM3diuPV0WlKkzOd4uE2CJ.jpg',2,'Acting');
INSERT INTO Personen(id, name, birthday, deathday, popularity, profilePath, gender, profession) VALUES(1305610,'Yoson An','','',1.967,'/uKvJ15U5XJuvGMx4uXmimcAd0Qt.jpg',0,'Acting');
INSERT INTO Personen(id, name, birthday, deathday, popularity, profilePath, gender, profession) VALUES(74073,'Rosalind Chao','1957-09-23','',3.319,'/vTt8RYw8VJXNru7AMP49Q6FcvzM.jpg',1,'Acting');
INSERT INTO Personen(id, name, birthday, deathday, popularity, profilePath, gender, profession) VALUES(298,'Chris Bender','','',1.396,'',2,'Production');
INSERT INTO Personen(id, name, birthday, deathday, popularity, profilePath, gender, profession) VALUES(10816,'Paul Rubell','','',0.98,'',2,'Editing');
INSERT INTO Personen(id, name, birthday, deathday, popularity, profilePath, gender, profession) VALUES(3657,'Bina Daigeler','','',1.025,'',0,'Costume & Make-Up');
INSERT INTO Personen(id, name, birthday, deathday, popularity, profilePath, gender, profession) VALUES(1314,'Grant Major','1955-01-01','',0.6,'',2,'Art');
INSERT INTO Personen(id, name, birthday, deathday, popularity, profilePath, gender, profession) VALUES(1319,'Mark Robins','','',0.6,'',2,'Art');
INSERT INTO Personen(id, name, birthday, deathday, popularity, profilePath, gender, profession) VALUES(5338,'Kyrsten Mate','','',0.656,'',0,'Sound');
INSERT INTO Personen(id, name, birthday, deathday, popularity, profilePath, gender, profession) VALUES(8706,'Anne Kuljian','','',0.6,'',1,'Art');
INSERT INTO Personen(id, name, birthday, deathday, popularity, profilePath, gender, profession) VALUES(929045,'Diego Cremonesi','1976-09-26','',1.176,'/tHE6oQCkWXh4JULLUF7iD7pG5fb.jpg',2,'Acting');
INSERT INTO Personen(id, name, birthday, deathday, popularity, profilePath, gender, profession) VALUES(1694299,'Alexia Moyano','','',0.6,'/oXpC3xRnUujZhqs1U59fjHX7pl0.jpg',0,'Acting');
INSERT INTO Personen(id, name, birthday, deathday, popularity, profilePath, gender, profession) VALUES(1506341,'Gastón Cocchiarale','','',0.6,'/tjIY1U2FtmXJSNGnc7mIoZ9KBM2.jpg',0,'Acting');
INSERT INTO Personen(id, name, birthday, deathday, popularity, profilePath, gender, profession) VALUES(2627366,'Jorge Takashima','','',0.6,'',0,'Acting');
INSERT INTO Personen(id, name, birthday, deathday, popularity, profilePath, gender, profession) VALUES(1917455,'Luis Longhi','','',0.6,'',0,'Acting');
INSERT INTO Personen(id, name, birthday, deathday, popularity, profilePath, gender, profession) VALUES(2627367,'Denisse Van der Ploeg','','',0.6,'',0,'Acting');
INSERT INTO Personen(id, name, birthday, deathday, popularity, profilePath, gender, profession) VALUES(2627368,'Julián Marcove','','',0.6,'',0,'Acting');
INSERT INTO Personen(id, name, birthday, deathday, popularity, profilePath, gender, profession) VALUES(1562686,'Irene Goldszer','','',0.6,'',1,'Acting');
INSERT INTO Personen(id, name, birthday, deathday, popularity, profilePath, gender, profession) VALUES(1374393,'Laura Aguerrebehere','','',0.6,'',0,'Costume & Make-Up');
INSERT INTO Personen(id, name, birthday, deathday, popularity, profilePath, gender, profession) VALUES(2125236,'Fernando Regueira','','',0.6,'',0,'Writing');
INSERT INTO Personen(id, name, birthday, deathday, popularity, profilePath, gender, profession) VALUES(2202399,'Pablo Mazzeo','','',0.6,'',2,'Directing');
INSERT INTO Personen(id, name, birthday, deathday, popularity, profilePath, gender, profession) VALUES(2305711,'Emiliano Cativa','','',0.6,'',0,'Crew');
INSERT INTO Personen(id, name, birthday, deathday, popularity, profilePath, gender, profession) VALUES(2627357,'Martín Basterretche','','',0.6,'',0,'Directing');
INSERT INTO Personen(id, name, birthday, deathday, popularity, profilePath, gender, profession) VALUES(2627362,'Daniel Ibarrart','','',0.6,'',0,'Sound');
INSERT INTO Personen(id, name, birthday, deathday, popularity, profilePath, gender, profession) VALUES(2713,'Linda Hamilton','1956-09-26','',8.384,'/hT7TodnTZiZgP0yCt5W0CeaKv32.jpg',1,'Acting');
INSERT INTO Personen(id, name, birthday, deathday, popularity, profilePath, gender, profession) VALUES(1100,'Arnold Schwarzenegger','1947-07-30','',14.021,'/s1FmIoen313b1emEzfGRK6x6EF7.jpg',2,'Acting');
INSERT INTO Personen(id, name, birthday, deathday, popularity, profilePath, gender, profession) VALUES(1110405,'Mackenzie Davis','1987-04-01','',13.677,'/wi44i0MgaNXJDRkRstVay6KxjNb.jpg',1,'Acting');
INSERT INTO Personen(id, name, birthday, deathday, popularity, profilePath, gender, profession) VALUES(1596934,'Natalia Reyes','1987-02-06','',3.295,'/b2Ppir1wahhVZJ5yVTbLAPftGgZ.jpg',1,'Acting');
INSERT INTO Personen(id, name, birthday, deathday, popularity, profilePath, gender, profession) VALUES(111016,'Gabriel Luna','1982-12-05','',2.516,'/mYVDObiZuw7DmsBHsLfZIAn37Tw.jpg',2,'Acting');
INSERT INTO Personen(id, name, birthday, deathday, popularity, profilePath, gender, profession) VALUES(2573906,'Ferran Fernández','','',0.828,'',0,'Acting');
INSERT INTO Personen(id, name, birthday, deathday, popularity, profilePath, gender, profession) VALUES(16441,'Tristán Ulloa','1970-05-06','',0.833,'/sglKcvdU3e8hTy1kOghEbT0GdHS.jpg',2,'Acting');
INSERT INTO Personen(id, name, birthday, deathday, popularity, profilePath, gender, profession) VALUES(869,'Gale Anne Hurd','1955-10-25','',2.154,'/zQtqYXqna1DyIMX3TrY0UytNgoO.jpg',1,'Production');
INSERT INTO Personen(id, name, birthday, deathday, popularity, profilePath, gender, profession) VALUES(1322,'Ngila Dickson','1958-01-01','',1.586,'/agoIBi3G9ezonrfiMyouSaPMwBi.jpg',1,'Costume & Make-Up');
INSERT INTO Personen(id, name, birthday, deathday, popularity, profilePath, gender, profession) VALUES(3893,'David S. Goyer','1965-12-22','',2.461,'/gf44Hr3HJuWK7ZMHQKzDNBe0ylI.jpg',2,'Writing');
INSERT INTO Personen(id, name, birthday, deathday, popularity, profilePath, gender, profession) VALUES(2210,'Bonnie Curtis','','',0.84,'',1,'Production');
INSERT INTO Personen(id, name, birthday, deathday, popularity, profilePath, gender, profession) VALUES(2710,'James Cameron','1954-08-16','',5.501,'/9NAZnTjBQ9WcXAQEzZpKy4vdQto.jpg',2,'Directing');
INSERT INTO Personen(id, name, birthday, deathday, popularity, profilePath, gender, profession) VALUES(64,'Gary Oldman','1958-03-21','',13.349,'/2v9FVVBUrrkW2m3QOcYkuhq9A6o.jpg',2,'Acting');
INSERT INTO Personen(id, name, birthday, deathday, popularity, profilePath, gender, profession) VALUES(20212,'Dermot Mulroney','1963-10-31','',8.521,'/uqDPswlyj7hUVrmTn5mbDiWiTQi.jpg',2,'Acting');
INSERT INTO Personen(id, name, birthday, deathday, popularity, profilePath, gender, profession) VALUES(5528,'William Moseley','1987-04-27','',2.862,'/wPahfIdOR6ohIgmgVrCb3RPApAU.jpg',2,'Acting');
INSERT INTO Personen(id, name, birthday, deathday, popularity, profilePath, gender, profession) VALUES(1936932,'Alicia Agneson','1996-02-26','',9.125,'/a3IrkRmyqbm7NltqvN7ilWZZkx0.jpg',1,'Acting');
INSERT INTO Personen(id, name, birthday, deathday, popularity, profilePath, gender, profession) VALUES(150072,'Amit Shah','1981-04-26','',2.475,'/s6zx8CumxTGq0kULxp6H6nc1DDA.jpg',2,'Acting');
INSERT INTO Personen(id, name, birthday, deathday, popularity, profilePath, gender, profession) VALUES(94956,'Craig Conway','','',2.083,'/ebOO4G9bgOSv46ea9uCApoDH6Aq.jpg',2,'Acting');
INSERT INTO Personen(id, name, birthday, deathday, popularity, profilePath, gender, profession) VALUES(226344,'Joel Michaely','','',1.004,'/3QIUXOsBSDlbIYbxvU6bdCm5EjT.jpg',2,'Acting');
INSERT INTO Personen(id, name, birthday, deathday, popularity, profilePath, gender, profession) VALUES(38887,'Peter Pedrero','','',0.98,'/xOpG3iqagqKSnvhHE7H9uqgjFmv.jpg',2,'Crew');
INSERT INTO Personen(id, name, birthday, deathday, popularity, profilePath, gender, profession) VALUES(40817,'Adam Daniel','','',0.6,'',2,'Sound');
INSERT INTO Personen(id, name, birthday, deathday, popularity, profilePath, gender, profession) VALUES(45056,'Ian Neil','','',0.6,'/wcwPe4DOzv3KGmcoErTnuRr2YAn.jpg',2,'Sound');
INSERT INTO Personen(id, name, birthday, deathday, popularity, profilePath, gender, profession) VALUES(55774,'Michel Abramowicz','','',0.6,'',0,'Camera');
INSERT INTO Personen(id, name, birthday, deathday, popularity, profilePath, gender, profession) VALUES(439236,'Zackary Adler','','',0.98,'/7od4CP3AvJ2WatudyMQK9pD6hCk.jpg',0,'Directing');
INSERT INTO Personen(id, name, birthday, deathday, popularity, profilePath, gender, profession) VALUES(1015903,'James Edward Barker','1980-02-14','',0.6,'',2,'Sound');
INSERT INTO Personen(id, name, birthday, deathday, popularity, profilePath, gender, profession) VALUES(37917,'Kristen Stewart','1990-04-09','',12.148,'/owdG2iYyTzoxJQXD6ZeKJyyBY3o.jpg',1,'Acting');
INSERT INTO Personen(id, name, birthday, deathday, popularity, profilePath, gender, profession) VALUES(1925,'Vincent Cassel','1966-11-23','',10.296,'/ykBEiVh6YQ9UmMAYUiQkZBH3VV4.jpg',2,'Acting');
INSERT INTO Personen(id, name, birthday, deathday, popularity, profilePath, gender, profession) VALUES(1639848,'Mamoudou Athie','','',2.489,'/w12x0SI8acaWEKFid91UMgPyTZw.jpg',0,'Acting');
INSERT INTO Personen(id, name, birthday, deathday, popularity, profilePath, gender, profession) VALUES(51990,'T. J. Miller','1981-06-04','',10.046,'/rRrVvBxOkyYM5XdLXimShHR1Itn.jpg',2,'Acting');
INSERT INTO Personen(id, name, birthday, deathday, popularity, profilePath, gender, profession) VALUES(17487,'John Gallagher Jr.','1984-06-17','',4.683,'/e4eEg5lH6Yk0OkpieUoUYdzl2Ui.jpg',2,'Acting');
INSERT INTO Personen(id, name, birthday, deathday, popularity, profilePath, gender, profession) VALUES(113231,'Gunner Wright','1973-08-26','',0.698,'/b61iQAcvqxzEu866MZkn7C2buya.jpg',2,'Acting');
INSERT INTO Personen(id, name, birthday, deathday, popularity, profilePath, gender, profession) VALUES(1485985,'Fiona Rene','1988-04-05','',3.021,'/tSGXb4Wvy11pyPbwjBcF1yHoeSw.jpg',1,'Acting');
INSERT INTO Personen(id, name, birthday, deathday, popularity, profilePath, gender, profession) VALUES(2122,'William Hoy','','',1.22,'/5UoZPWvGDKzUvJfRFavwOYM8Enz.jpg',2,'Editing');
INSERT INTO Personen(id, name, birthday, deathday, popularity, profilePath, gender, profession) VALUES(3189,'Brian Berdan','','',0.694,'/6XdyyjxRcWX1vhkcmoeTjzq04RY.jpg',2,'Editing');
INSERT INTO Personen(id, name, birthday, deathday, popularity, profilePath, gender, profession) VALUES(36427,'Jenno Topping','','',0.6,'/tOti87QZZwyBp1iujzPTib9AwuU.jpg',1,'Production');
INSERT INTO Personen(id, name, birthday, deathday, popularity, profilePath, gender, profession) VALUES(113051,'David Grimaldi','','',0.6,'',2,'Sound');
INSERT INTO Personen(id, name, birthday, deathday, popularity, profilePath, gender, profession) VALUES(20388,'KaDee Strickland','1975-12-14','',3.45,'/73xvqIpgGN4KqfFQJQR6q54I6FA.jpg',1,'Acting');
INSERT INTO Personen(id, name, birthday, deathday, popularity, profilePath, gender, profession) VALUES(84482,'Luke Benward','1995-05-12','',4.899,'/gKjqp67otIkvJREuEKXdplM5A7E.jpg',2,'Acting');
INSERT INTO Personen(id, name, birthday, deathday, popularity, profilePath, gender, profession) VALUES(7090,'Kelsey Grammer','1955-02-21','',7.933,'/qATQWUUUdUDVjuyspooYNiUmNJD.jpg',2,'Acting');
INSERT INTO Personen(id, name, birthday, deathday, popularity, profilePath, gender, profession) VALUES(81703,'Zulay Henao','1979-05-29','',4.03,'/7Ml8SyHeGj9BfYTaiGxFL358fI2.jpg',1,'Acting');
INSERT INTO Personen(id, name, birthday, deathday, popularity, profilePath, gender, profession) VALUES(1402526,'Emily Marie Palmer','','',1.133,'/LYEnyNrJ6mS2tsFKlh7XAVV0iu.jpg',1,'Acting');
INSERT INTO Personen(id, name, birthday, deathday, popularity, profilePath, gender, profession) VALUES(1395206,'Oliver Trevena','','',0.6,'/j0ejU7vdE7lRxYKKrhA5aWw1zCT.jpg',0,'Acting');
INSERT INTO Personen(id, name, birthday, deathday, popularity, profilePath, gender, profession) VALUES(1679776,'Beatrice Hernandez','','',1.38,'/bxRKdZcF8BvrZXkxevzjpQVnBwP.jpg',0,'Acting');
INSERT INTO Personen(id, name, birthday, deathday, popularity, profilePath, gender, profession) VALUES(109422,'Rob Mars','','',3.532,'/hJFCXTiwTc4sh0c8eFTveBBEwYI.jpg',2,'Acting');
INSERT INTO Personen(id, name, birthday, deathday, popularity, profilePath, gender, profession) VALUES(119115,'Dominic Smithers','','',0.6,'',2,'Art');
INSERT INTO Personen(id, name, birthday, deathday, popularity, profilePath, gender, profession) VALUES(575687,'Lisa Mall','','',0.6,'',0,'Crew');
INSERT INTO Personen(id, name, birthday, deathday, popularity, profilePath, gender, profession) VALUES(582827,'Raja Collins ','','',1.38,'',0,'Production');
INSERT INTO Personen(id, name, birthday, deathday, popularity, profilePath, gender, profession) VALUES(933587,'Justin Begnaud','','',0.98,'',0,'Production');
INSERT INTO Personen(id, name, birthday, deathday, popularity, profilePath, gender, profession) VALUES(954441,'Jeff Rice','','',0.6,'',2,'Production');
INSERT INTO Personen(id, name, birthday, deathday, popularity, profilePath, gender, profession) VALUES(1170534,'Jake Seal','','',0.6,'',0,'Production');
INSERT INTO Personen(id, name, birthday, deathday, popularity, profilePath, gender, profession) VALUES(1275657,'Andre Relis','1975-08-17','',0.6,'',2,'Production');
INSERT INTO Personen(id, name, birthday, deathday, popularity, profilePath, gender, profession) VALUES(79001,'Benjamín Vicuña','1978-11-29','',1.61,'/7HDJipKtUiWGshst8ibVfdzHJAB.jpg',2,'Acting');
INSERT INTO Personen(id, name, birthday, deathday, popularity, profilePath, gender, profession) VALUES(590879,'Roberto Farías','1969-05-31','',0.73,'/aHQIYuDCwekYi1GvAut9izD5ThF.jpg',2,'Acting');
INSERT INTO Personen(id, name, birthday, deathday, popularity, profilePath, gender, profession) VALUES(225012,'Amparo Noguera','1965-03-06','',2.753,'/9VYxx11lDsWDoj0CcbHhTcymHA1.jpg',1,'Acting');
INSERT INTO Personen(id, name, birthday, deathday, popularity, profilePath, gender, profession) VALUES(590876,'Francisca Gavilán','1973-06-27','',1.187,'/vXzct0AFIl5C6LcTJtxi0rUayjr.jpg',1,'Acting');
INSERT INTO Personen(id, name, birthday, deathday, popularity, profilePath, gender, profession) VALUES(71408,'Patricio Contreras','1947-12-15','',0.619,'/ypcppaDS2xzNIDphDr4c3LfDbnp.jpg',2,'Acting');
INSERT INTO Personen(id, name, birthday, deathday, popularity, profilePath, gender, profession) VALUES(1074951,'Eusebio Arenas','1988-06-15','',0.723,'/8omswjKtSuKKIZ9duZdTmmhF0bU.jpg',2,'Acting');
INSERT INTO Personen(id, name, birthday, deathday, popularity, profilePath, gender, profession) VALUES(260267,'Mateo Iribarren','','',0.6,'',2,'Writing');
INSERT INTO Personen(id, name, birthday, deathday, popularity, profilePath, gender, profession) VALUES(590992,'Willy Semler','1959-01-16','',1.732,'/ccgYprK47tp1wdE5s1qg9TVBqbF.jpg',2,'Acting');
INSERT INTO Personen(id, name, birthday, deathday, popularity, profilePath, gender, profession) VALUES(1116694,'Miguel Hormazábal','','',0.6,'',2,'Sound');
INSERT INTO Personen(id, name, birthday, deathday, popularity, profilePath, gender, profession) VALUES(1407619,'Karen Cruces','','',0.6,'',1,'Sound');
INSERT INTO Personen(id, name, birthday, deathday, popularity, profilePath, gender, profession) VALUES(1407620,'Mauricio López','','',0.6,'',2,'Sound');
INSERT INTO Personen(id, name, birthday, deathday, popularity, profilePath, gender, profession) VALUES(1407621,'Soledad Vargas','','',0.6,'',1,'Sound');
INSERT INTO Personen(id, name, birthday, deathday, popularity, profilePath, gender, profession) VALUES(1407622,'Ismael Cabrera','','',0.6,'',0,'Visual Effects');
INSERT INTO Personen(id, name, birthday, deathday, popularity, profilePath, gender, profession) VALUES(1248374,'Takuya Eguchi','1987-05-27','',4.318,'/92IYEHeVnaPsA5e9mfK9SL8yOgZ.jpg',2,'Acting');
INSERT INTO Personen(id, name, birthday, deathday, popularity, profilePath, gender, profession) VALUES(2019916,'Masatomo Nakazawa','1983-02-14','',4.312,'/3pezOVWCMKWdqAzwSo0eKNtso95.jpg',2,'Acting');
INSERT INTO Personen(id, name, birthday, deathday, popularity, profilePath, gender, profession) VALUES(2157589,'Shougo Yano','','',3.43,'/x08dYf7ClbE92qu0VTFQvquvItl.jpg',2,'Acting');
INSERT INTO Personen(id, name, birthday, deathday, popularity, profilePath, gender, profession) VALUES(1492992,'Yuma Uchida','1992-09-21','',6.159,'/k5yOai4JnkjpTVzSwIFzXxQ2LBP.jpg',2,'Acting');
INSERT INTO Personen(id, name, birthday, deathday, popularity, profilePath, gender, profession) VALUES(1247778,'Shintaro Asanuma','1976-01-05','',3.575,'/5D2YC0c4zg9TXyOi0PpIXRugvzb.jpg',2,'Acting');
INSERT INTO Personen(id, name, birthday, deathday, popularity, profilePath, gender, profession) VALUES(1491949,'Hiromi Kikuta','','',0.6,'',0,'Sound');
INSERT INTO Personen(id, name, birthday, deathday, popularity, profilePath, gender, profession) VALUES(1564397,'Yuniko Ayana','','',0.98,'',1,'Writing');
INSERT INTO Personen(id, name, birthday, deathday, popularity, profilePath, gender, profession) VALUES(1862067,'Mina Oosawa','','',0.6,'',0,'Visual Effects');
INSERT INTO Personen(id, name, birthday, deathday, popularity, profilePath, gender, profession) VALUES(2362487,'MICHIRU','1980-09-19','',0.6,'/oXmItSQazci4ffRIr5jZ6oU22n9.jpg',1,'Sound');
INSERT INTO Personen(id, name, birthday, deathday, popularity, profilePath, gender, profession) VALUES(2414863,'Natsuki Kizu','','',0.6,'',0,'Writing');
INSERT INTO Personen(id, name, birthday, deathday, popularity, profilePath, gender, profession) VALUES(2564771,'Hikaru Yamaguchi','','',0.6,'',0,'Directing');
INSERT INTO Personen(id, name, birthday, deathday, popularity, profilePath, gender, profession) VALUES(4587,'Halle Berry','1966-08-14','',9.1,'/9aLI0LSi7cbieyiskOdsBaneKmp.jpg',1,'Acting');
INSERT INTO Personen(id, name, birthday, deathday, popularity, profilePath, gender, profession) VALUES(2975,'Laurence Fishburne','1961-07-30','',11.396,'/8suOhUmPbfKqDQ17jQ1Gy0mI3P4.jpg',2,'Acting');
INSERT INTO Personen(id, name, birthday, deathday, popularity, profilePath, gender, profession) VALUES(18702,'Mark Dacascos','1964-02-26','',5.62,'/trOACuJz1KzhB51qe6asaxRuxrh.jpg',2,'Acting');
INSERT INTO Personen(id, name, birthday, deathday, popularity, profilePath, gender, profession) VALUES(1776040,'Asia Kate Dillon','1984-11-15','',2.617,'/hroRQpsMb4fe4VS4nC1hwoRCO1B.jpg',3,'Acting');
INSERT INTO Personen(id, name, birthday, deathday, popularity, profilePath, gender, profession) VALUES(5657,'Anjelica Huston','1951-07-08','',4.229,'/6hnYeHa7Rc1w1MmQ3JsLSIb7yCX.jpg',1,'Acting');
INSERT INTO Personen(id, name, birthday, deathday, popularity, profilePath, gender, profession) VALUES(6972,'Ian McShane','1942-09-29','',8.034,'/q9qKbux5Jo76Sj8g3luxBt6rYtz.jpg',2,'Acting');
INSERT INTO Personen(id, name, birthday, deathday, popularity, profilePath, gender, profession) VALUES(6283,'Michael Nyqvist','1960-11-08','2017-06-27',6.668,'/ycMhmLinY7v3DABqYy0CL92BG27.jpg',2,'Acting');
INSERT INTO Personen(id, name, birthday, deathday, popularity, profilePath, gender, profession) VALUES(15528,'Steven Kirshoff','','',1.566,'',0,'Crew');
INSERT INTO Personen(id, name, birthday, deathday, popularity, profilePath, gender, profession) VALUES(15328,'Kevin Kavanaugh','','',0.694,'',0,'Art');
INSERT INTO Personen(id, name, birthday, deathday, popularity, profilePath, gender, profession) VALUES(2856455,'Anya Cooke','','',0.6,'',0,'Acting');
INSERT INTO Personen(id, name, birthday, deathday, popularity, profilePath, gender, profession) VALUES(2856457,'Caoimhe Judd','','',1.135,'',0,'Acting');
INSERT INTO Personen(id, name, birthday, deathday, popularity, profilePath, gender, profession) VALUES(2856452,'Louise Moon','','',0.6,'',0,'Writing');
INSERT INTO Personen(id, name, birthday, deathday, popularity, profilePath, gender, profession) VALUES(2382043,'Matilda Lawler','','',2.694,'/5zxaZn7l3ulurRy6SW6vRcS8meV.jpg',0,'Acting');
INSERT INTO Personen(id, name, birthday, deathday, popularity, profilePath, gender, profession) VALUES(21595,'Alyson Hannigan','1974-03-24','',6.99,'/h1m2edeyouyZ3YKo983kVM0YT2O.jpg',1,'Acting');
INSERT INTO Personen(id, name, birthday, deathday, popularity, profilePath, gender, profession) VALUES(222121,'Ben Schwartz','1981-09-15','',3.712,'/lJVYjPj0P6uvVxNrTy4xO2645D0.jpg',2,'Acting');
INSERT INTO Personen(id, name, birthday, deathday, popularity, profilePath, gender, profession) VALUES(205179,'Danny Pudi','1979-03-10','',4.08,'/w0zT8Y2dQHU8FgV03NJoHJE6tmD.jpg',2,'Acting');
INSERT INTO Personen(id, name, birthday, deathday, popularity, profilePath, gender, profession) VALUES(2382044,'Benjamin Evan Ainsworth','','',0.652,'/qElUQYuKtV4oRmH5yTmg1Seh1Iq.jpg',2,'Acting');
INSERT INTO Personen(id, name, birthday, deathday, popularity, profilePath, gender, profession) VALUES(1216472,'Nancy Robertson','1971-10-21','',1.558,'/tNV1U9nTkebv1LYJo76jskcyKU1.jpg',1,'Acting');
INSERT INTO Personen(id, name, birthday, deathday, popularity, profilePath, gender, profession) VALUES(1721267,'Christine Lee','','',0.6,'/zX4arQGVE9BgB6HCHF4TdfBZRmq.jpg',1,'Acting');
INSERT INTO Personen(id, name, birthday, deathday, popularity, profilePath, gender, profession) VALUES(8275,'Katterli Frauenfelder','','',0.694,'/7WBzfCHMXBF6CmRDfuBuBMPDvU8.jpg',1,'Production');
INSERT INTO Personen(id, name, birthday, deathday, popularity, profilePath, gender, profession) VALUES(8846,'Andrew Dunn','1957-04-12','',0.6,'',2,'Camera');
INSERT INTO Personen(id, name, birthday, deathday, popularity, profilePath, gender, profession) VALUES(11818,'Michael Diner','','',1.4,'',2,'Art');
INSERT INTO Personen(id, name, birthday, deathday, popularity, profilePath, gender, profession) VALUES(22059,'Emily Schweber','','',1.388,'/6IU90Qj0JPysGHlU9BeZvTRLrne.jpg',1,'Production');
INSERT INTO Personen(id, name, birthday, deathday, popularity, profilePath, gender, profession) VALUES(25455,'Gil Netter','','',1.4,'',2,'Production');
INSERT INTO Personen(id, name, birthday, deathday, popularity, profilePath, gender, profession) VALUES(42909,'Mona May','','',0.838,'/tvGFgAsywjg11roGj3YW1Ukv0mE.jpg',1,'Costume & Make-Up');
INSERT INTO Personen(id, name, birthday, deathday, popularity, profilePath, gender, profession) VALUES(68574,'Brad Copeland','','',0.699,'',2,'Writing');
INSERT INTO Personen(id, name, birthday, deathday, popularity, profilePath, gender, profession) VALUES(567205,'Jake Monaco','','',0.6,'',0,'Sound');
INSERT INTO Personen(id, name, birthday, deathday, popularity, profilePath, gender, profession) VALUES(1181313,'Maisie Williams','1997-04-15','',14.511,'/zLTq39cdRjS43dEzb78c1p1QcbT.jpg',1,'Acting');
INSERT INTO Personen(id, name, birthday, deathday, popularity, profilePath, gender, profession) VALUES(1397778,'Anya Taylor-Joy','1996-04-16','',24.868,'/wA1ZT3GSWvRjcJP96VRRARs9zEe.jpg',1,'Acting');
INSERT INTO Personen(id, name, birthday, deathday, popularity, profilePath, gender, profession) VALUES(1448222,'Charlie Heaton','1994-06-02','',6.519,'/76JHdkAhOdBbxBJMPiRQjPXDdg7.jpg',2,'Acting');
INSERT INTO Personen(id, name, birthday, deathday, popularity, profilePath, gender, profession) VALUES(8602,'Alice Braga','1983-04-15','',15.487,'/u0xdvpkvz5NQqZ4aylYu5Id68mV.jpg',1,'Acting');
INSERT INTO Personen(id, name, birthday, deathday, popularity, profilePath, gender, profession) VALUES(1827498,'Blu Hunt','1995-07-11','',7.168,'/9as5Bn8Ej2kyc4oGcmDF1tHFO4i.jpg',1,'Acting');
INSERT INTO Personen(id, name, birthday, deathday, popularity, profilePath, gender, profession) VALUES(1563169,'Henry Zaga','1995-03-30','',3.306,'/lGOcJ4UT13PfWgRSj7Gno00oAIc.jpg',2,'Acting');
INSERT INTO Personen(id, name, birthday, deathday, popularity, profilePath, gender, profession) VALUES(33527,'Adam Beach','1972-11-11','',3.91,'/nu9H2cfl8PPA7Af6KOnRkh2sem5.jpg',2,'Acting');
INSERT INTO Personen(id, name, birthday, deathday, popularity, profilePath, gender, profession) VALUES(1765668,'Thomas Kee','','',1.351,'/2KKOhmwMELOhLFybbt9mi3EiMSW.jpg',0,'Acting');
INSERT INTO Personen(id, name, birthday, deathday, popularity, profilePath, gender, profession) VALUES(1720,'Ronna Kress','1959-12-29','',1.96,'',1,'Production');
INSERT INTO Personen(id, name, birthday, deathday, popularity, profilePath, gender, profession) VALUES(10569,'Karen Rosenfelt','','',0.98,'',1,'Production');
INSERT INTO Personen(id, name, birthday, deathday, popularity, profilePath, gender, profession) VALUES(5339,'David Boulton','','',1.4,'',0,'Sound');
INSERT INTO Personen(id, name, birthday, deathday, popularity, profilePath, gender, profession) VALUES(7200,'Lauren Shuler Donner','1949-06-23','',0.828,'',1,'Production');
INSERT INTO Personen(id, name, birthday, deathday, popularity, profilePath, gender, profession) VALUES(9373,'Tim Collins','','',0.6,'',2,'Camera');
INSERT INTO Personen(id, name, birthday, deathday, popularity, profilePath, gender, profession) VALUES(9379,'Paul Wilkowsky','','',1.176,'',2,'Camera');
INSERT INTO Personen(id, name, birthday, deathday, popularity, profilePath, gender, profession) VALUES(9573,'Peter Deming','1957-12-13','',0.6,'/3NgM7E5kRYFMXY5znBPktbeI6qB.jpg',2,'Camera');
INSERT INTO Personen(id, name, birthday, deathday, popularity, profilePath, gender, profession) VALUES(1893,'Casey Affleck','1975-08-12','',7.481,'/qPvtWfkoREvZlWml49nBL8RGFnJ.jpg',2,'Acting');
INSERT INTO Personen(id, name, birthday, deathday, popularity, profilePath, gender, profession) VALUES(118545,'Dakota Johnson','1989-10-04','',8.072,'/vxtcQpC6ru8uWkse6LegBQjk4zT.jpg',1,'Acting');
INSERT INTO Personen(id, name, birthday, deathday, popularity, profilePath, gender, profession) VALUES(41088,'Jason Segel','1980-01-18','',5.143,'/yAkwV4PpUU2M64iNn9V9phqVOpu.jpg',2,'Acting');
INSERT INTO Personen(id, name, birthday, deathday, popularity, profilePath, gender, profession) VALUES(1011904,'Gwendoline Christie','1978-10-28','',5.652,'/kmlv5i02n3zKryBr2W3kSeWVKTD.jpg',1,'Acting');
INSERT INTO Personen(id, name, birthday, deathday, popularity, profilePath, gender, profession) VALUES(1956,'Cherry Jones','1956-11-21','',1.322,'/kXvzR2JFgTQhaUdMVZi23KXDB8c.jpg',1,'Acting');
INSERT INTO Personen(id, name, birthday, deathday, popularity, profilePath, gender, profession) VALUES(999605,'Ahna O\'Reilly','1984-09-21','',2.466,'/jjBVwF7Rtt7sutuFaaXzXb0tE1h.jpg',1,'Acting');
INSERT INTO Personen(id, name, birthday, deathday, popularity, profilePath, gender, profession) VALUES(1249199,'Jake Owen','','',0.6,'/nyagPBFSfGurQSWyD7mge9BhcQx.jpg',0,'Acting');
INSERT INTO Personen(id, name, birthday, deathday, popularity, profilePath, gender, profession) VALUES(1631771,'Denée Benton','1991-12-31','',0.6,'/5vqfeiGT5mSehk8ppOpY508WyVh.jpg',1,'Acting');
INSERT INTO Personen(id, name, birthday, deathday, popularity, profilePath, gender, profession) VALUES(578,'Ridley Scott','1937-11-30','',5.02,'/zABJmN9opmqD4orWl3KSdCaSo7Q.jpg',2,'Directing');
INSERT INTO Personen(id, name, birthday, deathday, popularity, profilePath, gender, profession) VALUES(932432,'Brad Ingelsby','1980-01-04','',1.393,'/jNFjCenlEO3908lPZXAQLjHavnT.jpg',2,'Writing');
INSERT INTO Personen(id, name, birthday, deathday, popularity, profilePath, gender, profession) VALUES(1023495,'Colin Patton','','',0.6,'',2,'Editing');
INSERT INTO Personen(id, name, birthday, deathday, popularity, profilePath, gender, profession) VALUES(1042699,'Rob Simonsen','1978-03-11','',0.6,'/oLz4I5M32k3ynlgMeph9LFsBRsP.jpg',2,'Sound');
INSERT INTO Personen(id, name, birthday, deathday, popularity, profilePath, gender, profession) VALUES(1045176,'Gabriela Cowperthwaite','1971-01-01','',0.84,'',1,'Directing');
INSERT INTO Personen(id, name, birthday, deathday, popularity, profilePath, gender, profession) VALUES(1080589,'Teddy Schwarzman','','',0.6,'',0,'Production');
INSERT INTO Personen(id, name, birthday, deathday, popularity, profilePath, gender, profession) VALUES(1116109,'Joe Anderson','','',0.98,'',2,'Camera');
INSERT INTO Personen(id, name, birthday, deathday, popularity, profilePath, gender, profession) VALUES(1261381,'Jules Willcox','','',4.047,'/jRi634cjbycyI7g2HQWcjonMvlS.jpg',1,'Acting');
INSERT INTO Personen(id, name, birthday, deathday, popularity, profilePath, gender, profession) VALUES(212776,'Marc Menchaca','1975-10-10','',2.2,'/bpEkGyfrOmSdWI2jaG0aZkgERrO.jpg',2,'Acting');
INSERT INTO Personen(id, name, birthday, deathday, popularity, profilePath, gender, profession) VALUES(16293,'Anthony Heald','1944-08-25','',2.606,'/e0E6Z1Y0debr4mAHgj0HO7MYyXG.jpg',2,'Acting');
INSERT INTO Personen(id, name, birthday, deathday, popularity, profilePath, gender, profession) VALUES(552966,'Jonathan Rosenthal','1988-08-06','',1.042,'/8jGmUxBiCTztxMqAVhvYjIRi8cV.jpg',2,'Acting');
INSERT INTO Personen(id, name, birthday, deathday, popularity, profilePath, gender, profession) VALUES(588695,'Katie O’Grady','','',0.716,'',0,'Acting');
INSERT INTO Personen(id, name, birthday, deathday, popularity, profilePath, gender, profession) VALUES(79905,'Betty Moyer','','',1.4,'',1,'Acting');
INSERT INTO Personen(id, name, birthday, deathday, popularity, profilePath, gender, profession) VALUES(79913,'Shelly Lipkin','1950-08-22','',0.84,'',2,'Acting');
INSERT INTO Personen(id, name, birthday, deathday, popularity, profilePath, gender, profession) VALUES(2143071,'Emily Sahler','','',0.694,'/nsbAOEuXfDi9PatDFL4Qk7Lkksz.jpg',0,'Acting');
INSERT INTO Personen(id, name, birthday, deathday, popularity, profilePath, gender, profession) VALUES(5586,'Yeardley Smith','1964-07-03','',7.403,'/9AjPwbb3uz4GfgOPBYsy2ILvwkB.jpg',1,'Acting');
INSERT INTO Personen(id, name, birthday, deathday, popularity, profilePath, gender, profession) VALUES(47325,'Martin Persson','','',0.6,'',0,'Production');
INSERT INTO Personen(id, name, birthday, deathday, popularity, profilePath, gender, profession) VALUES(63984,'Mike Macari','','',0.6,'',2,'Production');
INSERT INTO Personen(id, name, birthday, deathday, popularity, profilePath, gender, profession) VALUES(62941,'John Hyams','1964-12-20','',3.221,'/7NosT6z5tAM0HlujmIyLpKJckAy.jpg',2,'Directing');
INSERT INTO Personen(id, name, birthday, deathday, popularity, profilePath, gender, profession) VALUES(932990,'Mattias Olsson','','',0.6,'',0,'Directing');
INSERT INTO Personen(id, name, birthday, deathday, popularity, profilePath, gender, profession) VALUES(971959,'Sari Knight','','',0.6,'',1,'Production');
INSERT INTO Personen(id, name, birthday, deathday, popularity, profilePath, gender, profession) VALUES(3043036,'Raimundo Ramos','','',0.6,'',0,'Acting');
INSERT INTO Personen(id, name, birthday, deathday, popularity, profilePath, gender, profession) VALUES(3043037,'Mauricio Toledo','','',0.6,'',0,'Acting');
INSERT INTO Personen(id, name, birthday, deathday, popularity, profilePath, gender, profession) VALUES(3043038,'Fausto Castellón','','',0.6,'',0,'Acting');
INSERT INTO Personen(id, name, birthday, deathday, popularity, profilePath, gender, profession) VALUES(3043039,'Omar Calisaya','','',0.6,'',0,'Acting');
INSERT INTO Personen(id, name, birthday, deathday, popularity, profilePath, gender, profession) VALUES(1168402,'Diego Mondaca','','',0.6,'',2,'Directing');
INSERT INTO Personen(id, name, birthday, deathday, popularity, profilePath, gender, profession) VALUES(1651890,'César Díaz','1978-09-20','',0.84,'/lOM7u3JmLW2XijGjoRy7Orxg6BC.jpg',2,'Editing');
INSERT INTO Personen(id, name, birthday, deathday, popularity, profilePath, gender, profession) VALUES(2025649,'Pilar Palomero','1980-05-31','',0.6,'',1,'Directing');
INSERT INTO Personen(id, name, birthday, deathday, popularity, profilePath, gender, profession) VALUES(9278,'Jennifer Garner','1972-04-17','',10.219,'/ftymEXqdTnXfaI6dGd9qrJoFOSE.jpg',1,'Acting');
INSERT INTO Personen(id, name, birthday, deathday, popularity, profilePath, gender, profession) VALUES(25616,'Edgar Ramírez','1977-03-25','',3.507,'/7VZnIAI7Yye0rfs7fPM5wI2CI6N.jpg',2,'Acting');
INSERT INTO Personen(id, name, birthday, deathday, popularity, profilePath, gender, profession) VALUES(974169,'Jenna Ortega','2002-09-27','',11.184,'/aQZ68fE7gkofkC99zHrqsZSqski.jpg',1,'Acting');
INSERT INTO Personen(id, name, birthday, deathday, popularity, profilePath, gender, profession) VALUES(1942582,'Julian Lerner','','',1.708,'/rfHCT7KqyFYMy1BxUazmRAUaqL4.jpg',0,'Acting');
INSERT INTO Personen(id, name, birthday, deathday, popularity, profilePath, gender, profession) VALUES(2443015,'Everly Carganilla','','',0.6,'/wDC4LqUir2p5S5W30USmTWZRjoU.jpg',0,'Acting');
INSERT INTO Personen(id, name, birthday, deathday, popularity, profilePath, gender, profession) VALUES(2320763,'H.E.R.','1997-06-27','',1.012,'/8TUjHWRA3VBEV3W1dM0PZ95C0tb.jpg',1,'Acting');
INSERT INTO Personen(id, name, birthday, deathday, popularity, profilePath, gender, profession) VALUES(105648,'Nat Faxon','1975-01-01','',4.325,'/y0zLB7zVDztJLc2XW9Rg3f7dZvQ.jpg',2,'Acting');
INSERT INTO Personen(id, name, birthday, deathday, popularity, profilePath, gender, profession) VALUES(60952,'Molly Sims','1973-05-25','',3.488,'/kZn5uyziBvYO0j8xaIsLEoaTwiw.jpg',1,'Acting');
INSERT INTO Personen(id, name, birthday, deathday, popularity, profilePath, gender, profession) VALUES(497,'Doug J. Meerdink','','',0.6,'',2,'Art');
INSERT INTO Personen(id, name, birthday, deathday, popularity, profilePath, gender, profession) VALUES(1589,'Michael Andrews','1967-11-17','',0.828,'',2,'Sound');
INSERT INTO Personen(id, name, birthday, deathday, popularity, profilePath, gender, profession) VALUES(13588,'Rosemary Brandenburg','','',0.654,'/rrlIjwGSprN47jjXCVIhoIBjKXr.jpg',1,'Art');
INSERT INTO Personen(id, name, birthday, deathday, popularity, profilePath, gender, profession) VALUES(47293,'Terry Stacey','1962-07-24','',0.84,'',2,'Camera');
INSERT INTO Personen(id, name, birthday, deathday, popularity, profilePath, gender, profession) VALUES(61069,'Miguel Arteta','1965-01-01','',4.077,'/bAuqxNYzxFxU4lX8wExPzBZ8vJ6.jpg',2,'Directing');
INSERT INTO Personen(id, name, birthday, deathday, popularity, profilePath, gender, profession) VALUES(800252,'Jay Deuby','','',0.6,'',2,'Editing');
INSERT INTO Personen(id, name, birthday, deathday, popularity, profilePath, gender, profession) VALUES(957115,'Susie DeSanto','','',0.611,'',1,'Costume & Make-Up');
INSERT INTO Personen(id, name, birthday, deathday, popularity, profilePath, gender, profession) VALUES(20667,'Sami Bouajila','1966-05-12','',4.11,'/q903sFX1TVcFH7ySSRKbPhBTdS.jpg',2,'Acting');
INSERT INTO Personen(id, name, birthday, deathday, popularity, profilePath, gender, profession) VALUES(25078,'Ériq Ebouaney','1967-10-03','',2.572,'/5VJMH0rJE5b001FIaRD2Vr9ti80.jpg',2,'Acting');
INSERT INTO Personen(id, name, birthday, deathday, popularity, profilePath, gender, profession) VALUES(96044,'Samy Seghir','1994-07-29','',1.428,'/2VCHwAVlH1Fu5Tnt3dJGgfRFUGO.jpg',2,'Acting');
INSERT INTO Personen(id, name, birthday, deathday, popularity, profilePath, gender, profession) VALUES(1281819,'Sofia Lesaffre','1997-04-01','',5.341,'/iEGrrbocSei2yIWxDUeDe50paGB.jpg',1,'Acting');
INSERT INTO Personen(id, name, birthday, deathday, popularity, profilePath, gender, profession) VALUES(1187189,'Redouanne Harjane','1984-02-06','',0.6,'',2,'Acting');
INSERT INTO Personen(id, name, birthday, deathday, popularity, profilePath, gender, profession) VALUES(1471308,'Eric Kabongo','','',0.98,'/6M2WHQhrWoQxL22VkJBAfdHWchW.jpg',0,'Acting');
INSERT INTO Personen(id, name, birthday, deathday, popularity, profilePath, gender, profession) VALUES(2608219,'Oumar Diolo','','',0.6,'',0,'Acting');
INSERT INTO Personen(id, name, birthday, deathday, popularity, profilePath, gender, profession) VALUES(2608221,'Anis Benbatoul','','',0.6,'',0,'Acting');
INSERT INTO Personen(id, name, birthday, deathday, popularity, profilePath, gender, profession) VALUES(46291,'Didier Lozahic','','',0.98,'',0,'Sound');
INSERT INTO Personen(id, name, birthday, deathday, popularity, profilePath, gender, profession) VALUES(49191,'Alain Carsoux','','',0.608,'',2,'Visual Effects');
INSERT INTO Personen(id, name, birthday, deathday, popularity, profilePath, gender, profession) VALUES(56408,'Jean-Jacques Hertz','1956-06-01','',0.6,'/70I81gCnbopVdUIAt7FiVx6vdnr.jpg',2,'Sound');
INSERT INTO Personen(id, name, birthday, deathday, popularity, profilePath, gender, profession) VALUES(56410,'François Roy','1956-12-01','',0.6,'/u7RwYtMbBCjNkhx4zA0W20aVn2v.jpg',2,'Sound');
INSERT INTO Personen(id, name, birthday, deathday, popularity, profilePath, gender, profession) VALUES(1127483,'Bart van Loo','','',0.6,'',0,'Art');
INSERT INTO Personen(id, name, birthday, deathday, popularity, profilePath, gender, profession) VALUES(1356455,'Yann Vaille','','',0.6,'',0,'Acting');
INSERT INTO Genres(id, genre) VALUES(28,'Action');
INSERT INTO Genres(id, genre) VALUES(878,'Science Fiction');
INSERT INTO Genres(id, genre) VALUES(12,'Adventure');
INSERT INTO Genres(id, genre) VALUES(35,'Comedy');
INSERT INTO Genres(id, genre) VALUES(14,'Fantasy');
INSERT INTO Genres(id, genre) VALUES(53,'Thriller');
INSERT INTO Genres(id, genre) VALUES(80,'Crime');
INSERT INTO Genres(id, genre) VALUES(16,'Animation');
INSERT INTO Genres(id, genre) VALUES(10751,'Family');
INSERT INTO Genres(id, genre) VALUES(27,'Horror');
INSERT INTO Genres(id, genre) VALUES(18,'Drama');
INSERT INTO Genres(id, genre) VALUES(9648,'Mystery');
INSERT INTO Genres(id, genre) VALUES(10402,'Music');
INSERT INTO Genres(id, genre) VALUES(10749,'Romance');
INSERT INTO Genres(id, genre) VALUES(10770,'TV Movie');
INSERT INTO Genres(id, genre) VALUES(36,'History');
INSERT INTO Genres(id, genre) VALUES(10752,'War');
INSERT INTO Countries(id, cname) VALUES('US','United States of America');
INSERT INTO Countries(id, cname) VALUES('AU','Australia');
INSERT INTO Countries(id, cname) VALUES('FR','France');
INSERT INTO Countries(id, cname) VALUES('DE','Germany');
INSERT INTO Countries(id, cname) VALUES('CA','Canada');
INSERT INTO Countries(id, cname) VALUES('CN','China');
INSERT INTO Countries(id, cname) VALUES('JP','Japan');
INSERT INTO Countries(id, cname) VALUES('ES','Spain');
INSERT INTO Countries(id, cname) VALUES('GB','United Kingdom');
INSERT INTO Countries(id, cname) VALUES('KR','South Korea');
INSERT INTO Countries(id, cname) VALUES('SE','Sweden');
INSERT INTO Countries(id, cname) VALUES('LT','Lithuania');
INSERT INTO Countries(id, cname) VALUES('CY','Cyprus');
INSERT INTO Countries(id, cname) VALUES('NL','Netherlands');
INSERT INTO Countries(id, cname) VALUES('RU','Russia');
INSERT INTO Countries(id, cname) VALUES('TH','Thailand');
INSERT INTO Countries(id, cname) VALUES('AR','Argentina');
INSERT INTO Countries(id, cname) VALUES('BE','Belgium');
INSERT INTO Countries(id, cname) VALUES('MX','Mexico');
INSERT INTO Countries(id, cname) VALUES('HU','Hungary');
INSERT INTO Countries(id, cname) VALUES('CL','Chile');
INSERT INTO Countries(id, cname) VALUES('BO','Bolivia');
INSERT INTO Providers(id, pname) VALUES(8,'Netflix');
INSERT INTO Providers(id, pname) VALUES(30,'Sky Ticket');
INSERT INTO Providers(id, pname) VALUES(29,'Sky Go');
INSERT INTO Providers(id, pname) VALUES(337,'Disney Plus');
INSERT INTO Providers(id, pname) VALUES(3,'Google Play Movies');
INSERT INTO Providers(id, pname) VALUES(130,'Sky Store');
INSERT INTO Providers(id, pname) VALUES(10,'Amazon Video');
INSERT INTO Providers(id, pname) VALUES(40,'Chili');
INSERT INTO Providers(id, pname) VALUES(192,'YouTube');
INSERT INTO Providers(id, pname) VALUES(35,'Rakuten TV');
INSERT INTO Providers(id, pname) VALUES(178,'EntertainTV');
INSERT INTO Providers(id, pname) VALUES(68,'Microsoft Store');
INSERT INTO Providers(id, pname) VALUES(2,'Apple iTunes');
INSERT INTO Providers(id, pname) VALUES(20,'maxdome Store');
INSERT INTO Providers(id, pname) VALUES(133,'Videobuster');
INSERT INTO Providers(id, pname) VALUES(177,'Pantaflix');
INSERT INTO Providers(id, pname) VALUES(350,'Apple TV Plus');
INSERT INTO Providers(id, pname) VALUES(9,'Amazon Prime Video');
INSERT INTO Providers(id, pname) VALUES(349,'Kino on Demand');
INSERT INTO Providers(id, pname) VALUES(175,'Netflix Kids');
INSERT INTO Movies(id, title, overview, popularity, releaseDate, posterPath, voteCount, voteAvg, revenue, runtime, tagline) VALUES(399566,'Godzilla vs. Kong','In a time when monsters walk the Earth, humanity’s fight for its future sets Godzilla and Kong on a collision course that will see the two most powerful forces of nature on the planet collide in a spectacular battle for the ages.',4176.634,'2021-03-24','/pgqgaUx1cJb5oZQQ5v0tNARCeBp.jpg',4815, 8.3,'3.90215e+08', 113, 'One Will Fall');
INSERT INTO MovieGenre(movieId, genreId) VALUES(399566,'28');
INSERT INTO MovieGenre(movieId, genreId) VALUES(399566,'878');
INSERT INTO MovieCountry(movieId, countryId) VALUES(399566,'US');
INSERT INTO MovieCredits(movieId, personId, job) VALUES(399566,28846,'Actor_Dr. Nathan Lind');
INSERT INTO MovieCredits(movieId, personId, job) VALUES(399566,1356210,'Actor_Madison Russell');
INSERT INTO MovieCredits(movieId, personId, job) VALUES(399566,15556,'Actor_Dr. Ilene Andrews');
INSERT INTO MovieCredits(movieId, personId, job) VALUES(399566,226366,'Actor_Bernie Hayes');
INSERT INTO MovieCredits(movieId, personId, job) VALUES(399566,46364,'Actor_Ren Serizawa');
INSERT INTO MovieCredits(movieId, personId, job) VALUES(399566,1222992,'Actor_Maia Simmons');
INSERT INTO MovieCredits(movieId, personId, job) VALUES(399566,1706,'Story');
INSERT INTO MovieCredits(movieId, personId, job) VALUES(399566,2445,'Producer');
INSERT INTO MovieCredits(movieId, personId, job) VALUES(399566,2445,'Unit Production Manager');
INSERT INTO MovieCredits(movieId, personId, job) VALUES(399566,2529,'Set Decoration');
INSERT INTO MovieCredits(movieId, personId, job) VALUES(399566,7232,'Casting');
INSERT INTO MovieCredits(movieId, personId, job) VALUES(399566,9343,'Production Design');
INSERT INTO MovieWeekPopularity(movieId, weekNr, popularity, voteAVG, voteCount) VALUES ('399566', 16, 4176.634, 8.3, 4815);
INSERT INTO Movies(id, title, overview, popularity, releaseDate, posterPath, voteCount, voteAvg, revenue, runtime, tagline) VALUES(615678,'Thunder Force','In a world where supervillains are commonplace, two estranged childhood best friends reunite after one devises a treatment that gives them powers to protect their city.',2351.078,'2021-04-09','/279yOM4OQREL36B3SECnRxoB4MZ.jpg',395, 5.8,'0', 107, 'Newly super. Almost heroes.');
INSERT INTO MovieGenre(movieId, genreId) VALUES(615678,'28');
INSERT INTO MovieGenre(movieId, genreId) VALUES(615678,'12');
INSERT INTO MovieGenre(movieId, genreId) VALUES(615678,'35');
INSERT INTO MovieGenre(movieId, genreId) VALUES(615678,'14');
INSERT INTO MovieCountry(movieId, countryId) VALUES(615678,'US');
INSERT INTO MovieCredits(movieId, personId, job) VALUES(615678,55536,'Actor_Lydia Berman');
INSERT INTO MovieCredits(movieId, personId, job) VALUES(615678,6944,'Actor_Emily Stanton');
INSERT INTO MovieCredits(movieId, personId, job) VALUES(615678,23532,'Actor_The Crab');
INSERT INTO MovieCredits(movieId, personId, job) VALUES(615678,21127,'Actor_The King');
INSERT INTO MovieCredits(movieId, personId, job) VALUES(615678,139820,'Actor_Laser');
INSERT INTO MovieCredits(movieId, personId, job) VALUES(615678,6832,'Actor_Allie');
INSERT INTO MovieCredits(movieId, personId, job) VALUES(615678,10397,'Costume Design');
INSERT INTO MovieCredits(movieId, personId, job) VALUES(615678,23485,'Producer');
INSERT INTO MovieCredits(movieId, personId, job) VALUES(615678,25906,'Editor');
INSERT INTO MovieCredits(movieId, personId, job) VALUES(615678,41592,'Supervising Art Director');
INSERT INTO MovieCredits(movieId, personId, job) VALUES(615678,41080,'Casting');
INSERT INTO MovieCredits(movieId, personId, job) VALUES(615678,50459,'Executive Producer');
INSERT INTO MovieProvider(movieId, provider, service) VALUES(615678,8,'flat');
INSERT INTO MovieWeekPopularity(movieId, weekNr, popularity, voteAVG, voteCount) VALUES ('615678', 16, 2351.078, 5.8, 395);
INSERT INTO Movies(id, title, overview, popularity, releaseDate, posterPath, voteCount, voteAvg, revenue, runtime, tagline) VALUES(460465,'Mortal Kombat','Washed-up MMA fighter Cole Young, unaware of his heritage, and hunted by Emperor Shang Tsung\'s best warrior, Sub-Zero, seeks out and trains with Earth\'s greatest champions as he prepares to stand against the enemies of Outworld in a high stakes battle for the universe.',2500.577,'2021-04-07','/8yhtzsbBExY8mUct2GOk4LDDuGH.jpg',93, 7.3,'0', 110, 'Get over here.');
INSERT INTO MovieGenre(movieId, genreId) VALUES(460465,'14');
INSERT INTO MovieGenre(movieId, genreId) VALUES(460465,'28');
INSERT INTO MovieGenre(movieId, genreId) VALUES(460465,'12');
INSERT INTO MovieCountry(movieId, countryId) VALUES(460465,'AU');
INSERT INTO MovieCredits(movieId, personId, job) VALUES(460465,1610940,'Actor_Cole Young');
INSERT INTO MovieCredits(movieId, personId, job) VALUES(460465,136347,'Actor_Sonya Blade');
INSERT INTO MovieCredits(movieId, personId, job) VALUES(460465,189230,'Actor_Kano');
INSERT INTO MovieCredits(movieId, personId, job) VALUES(460465,13275,'Actor_Lord Raiden');
INSERT INTO MovieCredits(movieId, personId, job) VALUES(460465,51684,'Actor_Jackson \'Jax\' Briggs');
INSERT INTO MovieCredits(movieId, personId, job) VALUES(460465,1525689,'Actor_Liu Kang');
INSERT INTO MovieCredits(movieId, personId, job) VALUES(460465,2127,'Producer');
INSERT INTO MovieCredits(movieId, personId, job) VALUES(460465,40825,'Original Music Composer');
INSERT INTO MovieCredits(movieId, personId, job) VALUES(460465,11455,'Editor');
INSERT INTO MovieCredits(movieId, personId, job) VALUES(460465,11814,'Producer');
INSERT INTO MovieCredits(movieId, personId, job) VALUES(460465,17677,'Production Design');
INSERT INTO MovieCredits(movieId, personId, job) VALUES(460465,43518,'Executive Producer');
INSERT INTO MovieWeekPopularity(movieId, weekNr, popularity, voteAVG, voteCount) VALUES ('460465', 16, 2500.577, 7.3, 93);
INSERT INTO Movies(id, title, overview, popularity, releaseDate, posterPath, voteCount, voteAvg, revenue, runtime, tagline) VALUES(791373,'Zack Snyder\'s Justice League','Determined to ensure Superman\'s ultimate sacrifice was not in vain, Bruce Wayne aligns forces with Diana Prince with plans to recruit a team of metahumans to protect the world from an approaching threat of catastrophic proportions.',2194.631,'2021-03-18','/tnAuB8q5vv7Ax9UAEje5Xi4BXik.jpg',5076, 8.5,'0', 242, '');
INSERT INTO MovieGenre(movieId, genreId) VALUES(791373,'28');
INSERT INTO MovieGenre(movieId, genreId) VALUES(791373,'12');
INSERT INTO MovieGenre(movieId, genreId) VALUES(791373,'14');
INSERT INTO MovieGenre(movieId, genreId) VALUES(791373,'878');
INSERT INTO MovieCountry(movieId, countryId) VALUES(791373,'US');
INSERT INTO MovieCredits(movieId, personId, job) VALUES(791373,880,'Actor_Bruce Wayne / Batman');
INSERT INTO MovieCredits(movieId, personId, job) VALUES(791373,73968,'Actor_Clark Kent / Superman / Kal-El');
INSERT INTO MovieCredits(movieId, personId, job) VALUES(791373,90633,'Actor_Diana Prince / Wonder Woman');
INSERT INTO MovieCredits(movieId, personId, job) VALUES(791373,117642,'Actor_Arthur Curry / Aquaman');
INSERT INTO MovieCredits(movieId, personId, job) VALUES(791373,132157,'Actor_Barry Allen / The Flash');
INSERT INTO MovieCredits(movieId, personId, job) VALUES(791373,1313559,'Actor_Victor Stone / Cyborg');
INSERT INTO MovieCredits(movieId, personId, job) VALUES(791373,282,'Producer');
INSERT INTO MovieCredits(movieId, personId, job) VALUES(791373,525,'Executive Producer');
INSERT INTO MovieCredits(movieId, personId, job) VALUES(791373,556,'Executive Producer');
INSERT INTO MovieCredits(movieId, personId, job) VALUES(791373,563,'Additional Editor');
INSERT INTO MovieCredits(movieId, personId, job) VALUES(791373,880,'Executive Producer');
INSERT INTO MovieCredits(movieId, personId, job) VALUES(791373,2057,'Stunts');
INSERT INTO MovieProvider(movieId, provider, service) VALUES(791373,30,'flat');
INSERT INTO MovieProvider(movieId, provider, service) VALUES(791373,29,'flat');
INSERT INTO MovieWeekPopularity(movieId, weekNr, popularity, voteAVG, voteCount) VALUES ('791373', 16, 2194.631, 8.5, 5076);
INSERT INTO Movies(id, title, overview, popularity, releaseDate, posterPath, voteCount, voteAvg, revenue, runtime, tagline) VALUES(634528,'The Marksman','Jim Hanson’s quiet life is suddenly disturbed by two people crossing the US/Mexico border – a woman and her young son – desperate to flee a Mexican cartel. After a shootout leaves the mother dead, Jim becomes the boy’s reluctant defender. He embraces his role as Miguel’s protector and will stop at nothing to get him to safety, as they go on the run from the relentless assassins.',2136.527,'2021-01-15','/6vcDalR50RWa309vBH1NLmG2rjQ.jpg',144, 7.1,'2.2039969e+07', 108, 'Justice comes down to him.');
INSERT INTO MovieGenre(movieId, genreId) VALUES(634528,'28');
INSERT INTO MovieGenre(movieId, genreId) VALUES(634528,'53');
INSERT INTO MovieGenre(movieId, genreId) VALUES(634528,'80');
INSERT INTO MovieCountry(movieId, countryId) VALUES(634528,'US');
INSERT INTO MovieCredits(movieId, personId, job) VALUES(634528,3896,'Actor_Jim');
INSERT INTO MovieCredits(movieId, personId, job) VALUES(634528,26723,'Actor_Sarah');
INSERT INTO MovieCredits(movieId, personId, job) VALUES(634528,589722,'Actor_Rosa');
INSERT INTO MovieCredits(movieId, personId, job) VALUES(634528,937009,'Actor_Maurico');
INSERT INTO MovieCredits(movieId, personId, job) VALUES(634528,85419,'Actor_Randall');
INSERT INTO MovieCredits(movieId, personId, job) VALUES(634528,53969,'Actor_Everett Crawford');
INSERT INTO MovieCredits(movieId, personId, job) VALUES(634528,4746,'Director');
INSERT INTO MovieCredits(movieId, personId, job) VALUES(634528,4746,'Producer');
INSERT INTO MovieCredits(movieId, personId, job) VALUES(634528,4746,'Writer');
INSERT INTO MovieCredits(movieId, personId, job) VALUES(634528,91854,'Makeup Department Head');
INSERT INTO MovieCredits(movieId, personId, job) VALUES(634528,114298,'Set Decoration');
INSERT INTO MovieCredits(movieId, personId, job) VALUES(634528,206574,'Producer');
INSERT INTO MovieWeekPopularity(movieId, weekNr, popularity, voteAVG, voteCount) VALUES ('634528', 16, 2136.527, 7.1, 144);
INSERT INTO Movies(id, title, overview, popularity, releaseDate, posterPath, voteCount, voteAvg, revenue, runtime, tagline) VALUES(412656,'Chaos Walking','Two unlikely companions embark on a perilous adventure through the badlands of an unexplored planet as they try to escape a dangerous and disorienting reality, where all inner thoughts are seen and heard by everyone.',1481.054,'2021-02-24','/9kg73Mg8WJKlB9Y2SAJzeDKAnuB.jpg',434, 7.4,'0', 109, 'No one escapes the noise.');
INSERT INTO MovieGenre(movieId, genreId) VALUES(412656,'878');
INSERT INTO MovieGenre(movieId, genreId) VALUES(412656,'28');
INSERT INTO MovieGenre(movieId, genreId) VALUES(412656,'12');
INSERT INTO MovieGenre(movieId, genreId) VALUES(412656,'53');
INSERT INTO MovieCountry(movieId, countryId) VALUES(412656,'US');
INSERT INTO MovieCredits(movieId, personId, job) VALUES(412656,1136406,'Actor_Todd Hewitt');
INSERT INTO MovieCredits(movieId, personId, job) VALUES(412656,1315036,'Actor_Viola Eade');
INSERT INTO MovieCredits(movieId, personId, job) VALUES(412656,1019,'Actor_Mayor David Prentiss');
INSERT INTO MovieCredits(movieId, personId, job) VALUES(412656,76961,'Actor_Ben Moore');
INSERT INTO MovieCredits(movieId, personId, job) VALUES(412656,35013,'Actor_Aaron');
INSERT INTO MovieCredits(movieId, personId, job) VALUES(412656,200043,'Actor_Cillian Boyd');
INSERT INTO MovieCredits(movieId, personId, job) VALUES(412656,1000,'Production Design');
INSERT INTO MovieCredits(movieId, personId, job) VALUES(412656,546,'Casting');
INSERT INTO MovieCredits(movieId, personId, job) VALUES(412656,7229,'Original Music Composer');
INSERT INTO MovieCredits(movieId, personId, job) VALUES(412656,5327,'Editor');
INSERT INTO MovieCredits(movieId, personId, job) VALUES(412656,10950,'Producer');
INSERT INTO MovieCredits(movieId, personId, job) VALUES(412656,11694,'Director');
INSERT INTO MovieWeekPopularity(movieId, weekNr, popularity, voteAVG, voteCount) VALUES ('412656', 16, 1481.054, 7.4, 434);
INSERT INTO Movies(id, title, overview, popularity, releaseDate, posterPath, voteCount, voteAvg, revenue, runtime, tagline) VALUES(615457,'Nobody','Hutch Mansell, a suburban dad, overlooked husband, nothing neighbor — a "nobody." When two thieves break into his home one night, Hutch\'s unknown long-simmering rage is ignited and propels him on a brutal path that will uncover dark secrets he fought to leave behind.',1379.491,'2021-03-18','/oBgWY00bEFeZ9N25wWVyuQddbAo.jpg',663, 8.6,'2.8778735e+07', 92, 'Never underestimate a nobody.');
INSERT INTO MovieGenre(movieId, genreId) VALUES(615457,'28');
INSERT INTO MovieGenre(movieId, genreId) VALUES(615457,'53');
INSERT INTO MovieGenre(movieId, genreId) VALUES(615457,'80');
INSERT INTO MovieCountry(movieId, countryId) VALUES(615457,'US');
INSERT INTO MovieCredits(movieId, personId, job) VALUES(615457,59410,'Actor_Hutch Mansell');
INSERT INTO MovieCredits(movieId, personId, job) VALUES(615457,113332,'Actor_Yulian Kuznetsov');
INSERT INTO MovieCredits(movieId, personId, job) VALUES(615457,935,'Actor_Becca Mansell');
INSERT INTO MovieCredits(movieId, personId, job) VALUES(615457,1062,'Actor_David Mansell');
INSERT INTO MovieCredits(movieId, personId, job) VALUES(615457,11086,'Actor_Eddie Williams');
INSERT INTO MovieCredits(movieId, personId, job) VALUES(615457,5414,'Actor_The Barber');
INSERT INTO MovieCredits(movieId, personId, job) VALUES(615457,2219,'Producer');
INSERT INTO MovieCredits(movieId, personId, job) VALUES(615457,5914,'Casting');
INSERT INTO MovieCredits(movieId, personId, job) VALUES(615457,6114,'Executive Producer');
INSERT INTO MovieCredits(movieId, personId, job) VALUES(615457,40684,'Executive Producer');
INSERT INTO MovieCredits(movieId, personId, job) VALUES(615457,59410,'Producer');
INSERT INTO MovieCredits(movieId, personId, job) VALUES(615457,60521,'Editor');
INSERT INTO MovieWeekPopularity(movieId, weekNr, popularity, voteAVG, voteCount) VALUES ('615457', 16, 1379.491, 8.6, 663);
INSERT INTO Movies(id, title, overview, popularity, releaseDate, posterPath, voteCount, voteAvg, revenue, runtime, tagline) VALUES(527774,'Raya and the Last Dragon','Long ago, in the fantasy world of Kumandra, humans and dragons lived together in harmony. But when an evil force threatened the land, the dragons sacrificed themselves to save humanity. Now, 500 years later, that same evil has returned and it’s up to a lone warrior, Raya, to track down the legendary last dragon to restore the fractured land and its divided people.',1358.901,'2021-03-03','/lPsD10PP4rgUGiGR4CCXA6iY0QQ.jpg',2384, 8.3,'5.6482606e+07', 107, 'A quest to save her world.');
INSERT INTO MovieGenre(movieId, genreId) VALUES(527774,'16');
INSERT INTO MovieGenre(movieId, genreId) VALUES(527774,'12');
INSERT INTO MovieGenre(movieId, genreId) VALUES(527774,'14');
INSERT INTO MovieGenre(movieId, genreId) VALUES(527774,'10751');
INSERT INTO MovieGenre(movieId, genreId) VALUES(527774,'28');
INSERT INTO MovieCountry(movieId, countryId) VALUES(527774,'US');
INSERT INTO MovieCredits(movieId, personId, job) VALUES(527774,1663195,'Actor_Raya (voice)');
INSERT INTO MovieCredits(movieId, personId, job) VALUES(527774,1625558,'Actor_Sisu (voice)');
INSERT INTO MovieCredits(movieId, personId, job) VALUES(527774,2362044,'Actor_Boun (voice)');
INSERT INTO MovieCredits(movieId, personId, job) VALUES(527774,97576,'Actor_Namaari (voice)');
INSERT INTO MovieCredits(movieId, personId, job) VALUES(527774,18307,'Actor_Benja (voice)');
INSERT INTO MovieCredits(movieId, personId, job) VALUES(527774,30082,'Actor_Tong (voice)');
INSERT INTO MovieCredits(movieId, personId, job) VALUES(527774,1213,'Original Music Composer');
INSERT INTO MovieCredits(movieId, personId, job) VALUES(527774,44029,'Editor');
INSERT INTO MovieCredits(movieId, personId, job) VALUES(527774,61416,'Producer');
INSERT INTO MovieCredits(movieId, personId, job) VALUES(527774,70240,'Production Design');
INSERT INTO MovieCredits(movieId, personId, job) VALUES(527774,137198,'Casting');
INSERT INTO MovieCredits(movieId, personId, job) VALUES(527774,227439,'Director');
INSERT INTO MovieProvider(movieId, provider, service) VALUES(527774,337,'buy');
INSERT INTO MovieProvider(movieId, provider, service) VALUES(527774,3,'buy');
INSERT INTO MovieProvider(movieId, provider, service) VALUES(527774,130,'buy');
INSERT INTO MovieProvider(movieId, provider, service) VALUES(527774,10,'buy');
INSERT INTO MovieProvider(movieId, provider, service) VALUES(527774,40,'buy');
INSERT INTO MovieProvider(movieId, provider, service) VALUES(527774,192,'buy');
INSERT INTO MovieProvider(movieId, provider, service) VALUES(527774,35,'buy');
INSERT INTO MovieProvider(movieId, provider, service) VALUES(527774,178,'buy');
INSERT INTO MovieProvider(movieId, provider, service) VALUES(527774,68,'buy');
INSERT INTO MovieProvider(movieId, provider, service) VALUES(527774,337,'flat');
INSERT INTO MovieWeekPopularity(movieId, weekNr, popularity, voteAVG, voteCount) VALUES ('527774', 16, 1358.901, 8.3, 2384);
INSERT INTO Movies(id, title, overview, popularity, releaseDate, posterPath, voteCount, voteAvg, revenue, runtime, tagline) VALUES(632357,'The Unholy','Alice, a young hearing-impaired girl who, after a supposed visitation from the Virgin Mary, is inexplicably able to hear, speak and heal the sick. As word spreads and people from near and far flock to witness her miracles, a disgraced journalist hoping to revive his career visits the small New England town to investigate. When terrifying events begin to happen all around, he starts to question if these phenomena are the works of the Virgin Mary or something much more sinister.',1156.877,'2021-03-31','/b4gYVcl8pParX8AjkN90iQrWrWO.jpg',42, 5.6,'0', 99, 'Be careful who you pray to.');
INSERT INTO MovieGenre(movieId, genreId) VALUES(632357,'27');
INSERT INTO MovieCountry(movieId, countryId) VALUES(632357,'US');
INSERT INTO MovieCredits(movieId, personId, job) VALUES(632357,47296,'Actor_Gerry Fenn');
INSERT INTO MovieCredits(movieId, personId, job) VALUES(632357,2067034,'Actor_Alice');
INSERT INTO MovieCredits(movieId, personId, job) VALUES(632357,2130,'Actor_Bishop Gyles');
INSERT INTO MovieCredits(movieId, personId, job) VALUES(632357,221944,'Actor_Dr. Natalie Gates');
INSERT INTO MovieCredits(movieId, personId, job) VALUES(632357,6573,'Actor_Father Hagan');
INSERT INTO MovieCredits(movieId, personId, job) VALUES(632357,87194,'Actor_Monica Slade');
INSERT INTO MovieCredits(movieId, personId, job) VALUES(632357,7623,'Producer');
INSERT INTO MovieCredits(movieId, personId, job) VALUES(632357,9419,'Sound Editor');
INSERT INTO MovieCredits(movieId, personId, job) VALUES(632357,11359,'Producer');
INSERT INTO MovieCredits(movieId, personId, job) VALUES(632357,42036,'Supervising Sound Editor');
INSERT INTO MovieCredits(movieId, personId, job) VALUES(632357,73417,'Original Music Composer');
INSERT INTO MovieCredits(movieId, personId, job) VALUES(632357,80675,'Screenplay');
INSERT INTO MovieWeekPopularity(movieId, weekNr, popularity, voteAVG, voteCount) VALUES ('632357', 16, 1156.877, 5.6, 42);
INSERT INTO Movies(id, title, overview, popularity, releaseDate, posterPath, voteCount, voteAvg, revenue, runtime, tagline) VALUES(664767,'Mortal Kombat Legends: Scorpion\'s Revenge','After the vicious slaughter of his family by stone-cold mercenary Sub-Zero, Hanzo Hasashi is exiled to the torturous Netherrealm. There, in exchange for his servitude to the sinister Quan Chi, he’s given a chance to avenge his family – and is resurrected as Scorpion, a lost soul bent on revenge. Back on Earthrealm, Lord Raiden gathers a team of elite warriors – Shaolin monk Liu Kang, Special Forces officer Sonya Blade and action star Johnny Cage – an unlikely band of heroes with one chance to save humanity. To do this, they must defeat Shang Tsung’s horde of Outworld gladiators and reign over the Mortal Kombat tournament.',1161.296,'2020-04-12','/4VlXER3FImHeFuUjBShFamhIp9M.jpg',859, 8.4,'0', 80, '');
INSERT INTO MovieGenre(movieId, genreId) VALUES(664767,'16');
INSERT INTO MovieGenre(movieId, genreId) VALUES(664767,'28');
INSERT INTO MovieGenre(movieId, genreId) VALUES(664767,'14');
INSERT INTO MovieCountry(movieId, countryId) VALUES(664767,'US');
INSERT INTO MovieCredits(movieId, personId, job) VALUES(664767,939345,'Actor_Hanzo Hasashi / Scorpion (voice)');
INSERT INTO MovieCredits(movieId, personId, job) VALUES(664767,1231115,'Actor_Liu Kang (voice)');
INSERT INTO MovieCredits(movieId, personId, job) VALUES(664767,53828,'Actor_Sonya Blade (voice)');
INSERT INTO MovieCredits(movieId, personId, job) VALUES(664767,74949,'Actor_Johnny Cage (voice)');
INSERT INTO MovieCredits(movieId, personId, job) VALUES(664767,1620226,'Actor_Jax Briggs (voice)');
INSERT INTO MovieCredits(movieId, personId, job) VALUES(664767,571562,'Actor_Sub-Zero (voice)');
INSERT INTO MovieCredits(movieId, personId, job) VALUES(664767,57257,'Creator');
INSERT INTO MovieCredits(movieId, personId, job) VALUES(664767,90881,'Dialogue Editor');
INSERT INTO MovieCredits(movieId, personId, job) VALUES(664767,90881,'ADR Editor');
INSERT INTO MovieCredits(movieId, personId, job) VALUES(664767,105642,'Producer');
INSERT INTO MovieCredits(movieId, personId, job) VALUES(664767,141043,'Executive Producer');
INSERT INTO MovieCredits(movieId, personId, job) VALUES(664767,150856,'Co-Producer');
INSERT INTO MovieProvider(movieId, provider, service) VALUES(664767,2,'buy');
INSERT INTO MovieProvider(movieId, provider, service) VALUES(664767,3,'buy');
INSERT INTO MovieProvider(movieId, provider, service) VALUES(664767,10,'buy');
INSERT INTO MovieProvider(movieId, provider, service) VALUES(664767,40,'buy');
INSERT INTO MovieProvider(movieId, provider, service) VALUES(664767,192,'buy');
INSERT INTO MovieProvider(movieId, provider, service) VALUES(664767,20,'buy');
INSERT INTO MovieProvider(movieId, provider, service) VALUES(664767,133,'buy');
INSERT INTO MovieProvider(movieId, provider, service) VALUES(664767,35,'buy');
INSERT INTO MovieProvider(movieId, provider, service) VALUES(664767,178,'buy');
INSERT INTO MovieProvider(movieId, provider, service) VALUES(664767,68,'buy');
INSERT INTO MovieProvider(movieId, provider, service) VALUES(664767,2,'rent');
INSERT INTO MovieProvider(movieId, provider, service) VALUES(664767,3,'rent');
INSERT INTO MovieProvider(movieId, provider, service) VALUES(664767,10,'rent');
INSERT INTO MovieProvider(movieId, provider, service) VALUES(664767,40,'rent');
INSERT INTO MovieProvider(movieId, provider, service) VALUES(664767,192,'rent');
INSERT INTO MovieProvider(movieId, provider, service) VALUES(664767,20,'rent');
INSERT INTO MovieProvider(movieId, provider, service) VALUES(664767,133,'rent');
INSERT INTO MovieProvider(movieId, provider, service) VALUES(664767,35,'rent');
INSERT INTO MovieProvider(movieId, provider, service) VALUES(664767,178,'rent');
INSERT INTO MovieProvider(movieId, provider, service) VALUES(664767,177,'rent');
INSERT INTO MovieProvider(movieId, provider, service) VALUES(664767,68,'rent');
INSERT INTO MovieWeekPopularity(movieId, weekNr, popularity, voteAVG, voteCount) VALUES ('664767', 16, 1161.296, 8.4, 859);
INSERT INTO Movies(id, title, overview, popularity, releaseDate, posterPath, voteCount, voteAvg, revenue, runtime, tagline) VALUES(793723,'Sentinelle','Transferred home after a traumatizing combat mission, a highly trained French soldier uses her lethal skills to hunt down the man who hurt her sister.',946.047,'2021-03-05','/fFRq98cW9lTo6di2o4lK1qUAWaN.jpg',340, 6,'0', 80, '');
INSERT INTO MovieGenre(movieId, genreId) VALUES(793723,'53');
INSERT INTO MovieGenre(movieId, genreId) VALUES(793723,'28');
INSERT INTO MovieGenre(movieId, genreId) VALUES(793723,'18');
INSERT INTO MovieCountry(movieId, countryId) VALUES(793723,'FR');
INSERT INTO MovieCredits(movieId, personId, job) VALUES(793723,18182,'Actor_Klara');
INSERT INTO MovieCredits(movieId, personId, job) VALUES(793723,1431070,'Actor_Tania');
INSERT INTO MovieCredits(movieId, personId, job) VALUES(793723,1671403,'Actor_Leonid Kadnikov');
INSERT INTO MovieCredits(movieId, personId, job) VALUES(793723,102517,'Actor_Lieutenant Eric Jaubert');
INSERT INTO MovieCredits(movieId, personId, job) VALUES(793723,1778568,'Actor_Capitaine Catherine Muller');
INSERT INTO MovieCredits(movieId, personId, job) VALUES(793723,2965552,'Actor_Yvan Kadnikov');
INSERT INTO MovieCredits(movieId, personId, job) VALUES(793723,66869,'Editor');
INSERT INTO MovieCredits(movieId, personId, job) VALUES(793723,84439,'Director');
INSERT INTO MovieCredits(movieId, personId, job) VALUES(793723,84439,'Producer');
INSERT INTO MovieCredits(movieId, personId, job) VALUES(793723,84439,'Writer');
INSERT INTO MovieCredits(movieId, personId, job) VALUES(793723,581267,'Writer');
INSERT INTO MovieCredits(movieId, personId, job) VALUES(793723,1163450,'Costume Design');
INSERT INTO MovieProvider(movieId, provider, service) VALUES(793723,8,'flat');
INSERT INTO MovieWeekPopularity(movieId, weekNr, popularity, voteAVG, voteCount) VALUES ('793723', 16, 946.047, 6, 340);
INSERT INTO Movies(id, title, overview, popularity, releaseDate, posterPath, voteCount, voteAvg, revenue, runtime, tagline) VALUES(458576,'Monster Hunter','A portal transports Cpt. Artemis and an elite unit of soldiers to a strange world where powerful monsters rule with deadly ferocity. Faced with relentless danger, the team encounters a mysterious hunter who may be their only hope to find a way home.',935.941,'2020-12-03','/1UCOF11QCw8kcqvce8LKOO6pimh.jpg',1499, 7.1,'2.5814306e+07', 104, 'Behind our world, there is another.');
INSERT INTO MovieGenre(movieId, genreId) VALUES(458576,'14');
INSERT INTO MovieGenre(movieId, genreId) VALUES(458576,'28');
INSERT INTO MovieGenre(movieId, genreId) VALUES(458576,'12');
INSERT INTO MovieCountry(movieId, countryId) VALUES(458576,'DE');
INSERT INTO MovieCountry(movieId, countryId) VALUES(458576,'CA');
INSERT INTO MovieCountry(movieId, countryId) VALUES(458576,'CN');
INSERT INTO MovieCountry(movieId, countryId) VALUES(458576,'US');
INSERT INTO MovieCountry(movieId, countryId) VALUES(458576,'JP');
INSERT INTO MovieCredits(movieId, personId, job) VALUES(458576,63,'Actor_Artemis');
INSERT INTO MovieCredits(movieId, personId, job) VALUES(458576,57207,'Actor_The Hunter');
INSERT INTO MovieCredits(movieId, personId, job) VALUES(458576,76126,'Actor_Link');
INSERT INTO MovieCredits(movieId, personId, job) VALUES(458576,2372,'Actor_Admiral');
INSERT INTO MovieCredits(movieId, personId, job) VALUES(458576,935201,'Actor_Marshall');
INSERT INTO MovieCredits(movieId, personId, job) VALUES(458576,22122,'Actor_Dash');
INSERT INTO MovieCredits(movieId, personId, job) VALUES(458576,4014,'Screenplay');
INSERT INTO MovieCredits(movieId, personId, job) VALUES(458576,4014,'Director');
INSERT INTO MovieCredits(movieId, personId, job) VALUES(458576,4014,'Producer');
INSERT INTO MovieCredits(movieId, personId, job) VALUES(458576,4016,'Producer');
INSERT INTO MovieCredits(movieId, personId, job) VALUES(458576,4017,'Producer');
INSERT INTO MovieCredits(movieId, personId, job) VALUES(458576,2214,'Original Music Composer');
INSERT INTO MovieWeekPopularity(movieId, weekNr, popularity, voteAVG, voteCount) VALUES ('458576', 16, 935.941, 7.1, 1499);
INSERT INTO Movies(id, title, overview, popularity, releaseDate, posterPath, voteCount, voteAvg, revenue, runtime, tagline) VALUES(544401,'Cherry','Cherry drifts from college dropout to army medic in Iraq - anchored only by his true love, Emily. But after returning from the war with PTSD, his life spirals into drugs and crime as he struggles to find his place in the world.',853.351,'2021-02-26','/pwDvkDyaHEU9V7cApQhbcSJMG1w.jpg',526, 7.6,'0', 140, 'Life leaves a mark.');
INSERT INTO MovieGenre(movieId, genreId) VALUES(544401,'80');
INSERT INTO MovieGenre(movieId, genreId) VALUES(544401,'18');
INSERT INTO MovieCountry(movieId, countryId) VALUES(544401,'US');
INSERT INTO MovieCredits(movieId, personId, job) VALUES(544401,1136406,'Actor_Cherry');
INSERT INTO MovieCredits(movieId, personId, job) VALUES(544401,144216,'Actor_Emily');
INSERT INTO MovieCredits(movieId, personId, job) VALUES(544401,1007683,'Actor_Pills & Coke');
INSERT INTO MovieCredits(movieId, personId, job) VALUES(544401,18313,'Actor_Tommy');
INSERT INTO MovieCredits(movieId, personId, job) VALUES(544401,1826682,'Actor_Jimenez');
INSERT INTO MovieCredits(movieId, personId, job) VALUES(544401,1560185,'Actor_James Lightfoot');
INSERT INTO MovieCredits(movieId, personId, job) VALUES(544401,1317,'Production Design');
INSERT INTO MovieCredits(movieId, personId, job) VALUES(544401,3965,'Casting');
INSERT INTO MovieCredits(movieId, personId, job) VALUES(544401,5673,'Art Direction');
INSERT INTO MovieCredits(movieId, personId, job) VALUES(544401,9040,'Director of Photography');
INSERT INTO MovieCredits(movieId, personId, job) VALUES(544401,19271,'Director');
INSERT INTO MovieCredits(movieId, personId, job) VALUES(544401,19271,'Producer');
INSERT INTO MovieProvider(movieId, provider, service) VALUES(544401,350,'flat');
INSERT INTO MovieWeekPopularity(movieId, weekNr, popularity, voteAVG, voteCount) VALUES ('544401', 16, 853.351, 7.6, 526);
INSERT INTO Movies(id, title, overview, popularity, releaseDate, posterPath, voteCount, voteAvg, revenue, runtime, tagline) VALUES(587807,'Tom & Jerry','Tom the cat and Jerry the mouse get kicked out of their home and relocate to a fancy New York hotel, where a scrappy employee named Kayla will lose her job if she can’t evict Jerry before a high-class wedding at the hotel. Her solution? Hiring Tom to get rid of the pesky mouse.',911.382,'2021-02-11','/6KErczPBROQty7QoIsaa6wJYXZi.jpg',1226, 7.3,'6.689e+07', 101, 'Best of enemies. Worst of friends.');
INSERT INTO MovieGenre(movieId, genreId) VALUES(587807,'35');
INSERT INTO MovieGenre(movieId, genreId) VALUES(587807,'10751');
INSERT INTO MovieGenre(movieId, genreId) VALUES(587807,'16');
INSERT INTO MovieCountry(movieId, countryId) VALUES(587807,'US');
INSERT INTO MovieCredits(movieId, personId, job) VALUES(587807,56734,'Actor_Kayla Forrester');
INSERT INTO MovieCredits(movieId, personId, job) VALUES(587807,454,'Actor_Terence Mendoza');
INSERT INTO MovieCredits(movieId, personId, job) VALUES(587807,1226277,'Actor_Ben');
INSERT INTO MovieCredits(movieId, personId, job) VALUES(587807,1091324,'Actor_Henry Dubros');
INSERT INTO MovieCredits(movieId, personId, job) VALUES(587807,979599,'Actor_Preeta');
INSERT INTO MovieCredits(movieId, personId, job) VALUES(587807,1674734,'Actor_Cameron');
INSERT INTO MovieCredits(movieId, personId, job) VALUES(587807,1113,'Casting');
INSERT INTO MovieCredits(movieId, personId, job) VALUES(587807,13594,'Characters');
INSERT INTO MovieCredits(movieId, personId, job) VALUES(587807,13620,'Characters');
INSERT INTO MovieCredits(movieId, personId, job) VALUES(587807,20400,'Director');
INSERT INTO MovieCredits(movieId, personId, job) VALUES(587807,20400,'Executive Producer');
INSERT INTO MovieCredits(movieId, personId, job) VALUES(587807,25457,'Executive Producer');
INSERT INTO MovieWeekPopularity(movieId, weekNr, popularity, voteAVG, voteCount) VALUES ('587807', 16, 911.382, 7.3, 1226);
INSERT INTO Movies(id, title, overview, popularity, releaseDate, posterPath, voteCount, voteAvg, revenue, runtime, tagline) VALUES(587996,'Below Zero','When a prisoner transfer van is attacked, the cop in charge must fight those inside and outside while dealing with a silent foe: the icy temperatures.',819.921,'2021-01-29','/dWSnsAGTfc8U27bWsy2RfwZs0Bs.jpg',519, 6.4,'0', 106, 'Escape is not the exit.');
INSERT INTO MovieGenre(movieId, genreId) VALUES(587996,'28');
INSERT INTO MovieGenre(movieId, genreId) VALUES(587996,'80');
INSERT INTO MovieGenre(movieId, genreId) VALUES(587996,'53');
INSERT INTO MovieCountry(movieId, countryId) VALUES(587996,'ES');
INSERT INTO MovieCredits(movieId, personId, job) VALUES(587996,19024,'Actor_Martín');
INSERT INTO MovieCredits(movieId, personId, job) VALUES(587996,24977,'Actor_Miguel');
INSERT INTO MovieCredits(movieId, personId, job) VALUES(587996,15598,'Actor_Ramis');
INSERT INTO MovieCredits(movieId, personId, job) VALUES(587996,578014,'Actor_Nano');
INSERT INTO MovieCredits(movieId, personId, job) VALUES(587996,51905,'Actor_Golum');
INSERT INTO MovieCredits(movieId, personId, job) VALUES(587996,589477,'Actor_Montesinos');
INSERT INTO MovieCredits(movieId, personId, job) VALUES(587996,56657,'Original Music Composer');
INSERT INTO MovieCredits(movieId, personId, job) VALUES(587996,939474,'Editor');
INSERT INTO MovieCredits(movieId, personId, job) VALUES(587996,942871,'Casting');
INSERT INTO MovieCredits(movieId, personId, job) VALUES(587996,1346215,'Director');
INSERT INTO MovieCredits(movieId, personId, job) VALUES(587996,1346215,'Writer');
INSERT INTO MovieCredits(movieId, personId, job) VALUES(587996,1381199,'Producer');
INSERT INTO MovieProvider(movieId, provider, service) VALUES(587996,8,'flat');
INSERT INTO MovieWeekPopularity(movieId, weekNr, popularity, voteAVG, voteCount) VALUES ('587996', 16, 819.921, 6.4, 519);
INSERT INTO Movies(id, title, overview, popularity, releaseDate, posterPath, voteCount, voteAvg, revenue, runtime, tagline) VALUES(644083,'Twist','A Dicken’s classic brought thrillingly up to date in the teeming heartland of modern London, where a group of street smart young hustlers plan the heist of the century for the ultimate payday.',764.609,'2021-01-22','/29dCusd9PwHrbDqzxNG35WcpZpS.jpg',43, 7.1,'0', 90, 'London\'s favorite thief is all grown up.');
INSERT INTO MovieGenre(movieId, genreId) VALUES(644083,'80');
INSERT INTO MovieGenre(movieId, genreId) VALUES(644083,'18');
INSERT INTO MovieGenre(movieId, genreId) VALUES(644083,'28');
INSERT INTO MovieCountry(movieId, countryId) VALUES(644083,'GB');
INSERT INTO MovieCredits(movieId, personId, job) VALUES(644083,2445313,'Actor_Oliver Twist');
INSERT INTO MovieCredits(movieId, personId, job) VALUES(644083,3895,'Actor_Fagin');
INSERT INTO MovieCredits(movieId, personId, job) VALUES(644083,17286,'Actor_Sikes');
INSERT INTO MovieCredits(movieId, personId, job) VALUES(644083,1363086,'Actor_Batesey');
INSERT INTO MovieCredits(movieId, personId, job) VALUES(644083,1715074,'Actor_Red');
INSERT INTO MovieCredits(movieId, personId, job) VALUES(644083,80536,'Actor_Losberne');
INSERT INTO MovieCredits(movieId, personId, job) VALUES(644083,24218,'Editor');
INSERT INTO MovieCredits(movieId, personId, job) VALUES(644083,41334,'Production Design');
INSERT INTO MovieCredits(movieId, personId, job) VALUES(644083,307791,'Writer');
INSERT INTO MovieCredits(movieId, personId, job) VALUES(644083,933208,'Writer');
INSERT INTO MovieCredits(movieId, personId, job) VALUES(644083,965577,'Writer');
INSERT INTO MovieCredits(movieId, personId, job) VALUES(644083,1104979,'Writer');
INSERT INTO MovieWeekPopularity(movieId, weekNr, popularity, voteAVG, voteCount) VALUES ('644083', 16, 764.609, 7.1, 43);
INSERT INTO Movies(id, title, overview, popularity, releaseDate, posterPath, voteCount, voteAvg, revenue, runtime, tagline) VALUES(464052,'Wonder Woman 1984','A botched store robbery places Wonder Woman in a global battle against a powerful and mysterious ancient force that puts her powers in jeopardy.',864.437,'2020-12-16','/8UlWHLMpgZm9bx6QYh0NFoq67TZ.jpg',4916, 6.8,'1.6516e+08', 151, 'A new era of wonder begins.');
INSERT INTO MovieGenre(movieId, genreId) VALUES(464052,'14');
INSERT INTO MovieGenre(movieId, genreId) VALUES(464052,'28');
INSERT INTO MovieGenre(movieId, genreId) VALUES(464052,'12');
INSERT INTO MovieCountry(movieId, countryId) VALUES(464052,'US');
INSERT INTO MovieCredits(movieId, personId, job) VALUES(464052,90633,'Actor_Diana Prince / Wonder Woman');
INSERT INTO MovieCredits(movieId, personId, job) VALUES(464052,62064,'Actor_Steve Trevor');
INSERT INTO MovieCredits(movieId, personId, job) VALUES(464052,41091,'Actor_Barbara Minerva / Cheetah');
INSERT INTO MovieCredits(movieId, personId, job) VALUES(464052,1253360,'Actor_Maxwell Lord');
INSERT INTO MovieCredits(movieId, personId, job) VALUES(464052,32,'Actor_Antiope');
INSERT INTO MovieCredits(movieId, personId, job) VALUES(464052,935,'Actor_Hippolyta');
INSERT INTO MovieCredits(movieId, personId, job) VALUES(464052,1113,'Casting');
INSERT INTO MovieCredits(movieId, personId, job) VALUES(464052,947,'Original Music Composer');
INSERT INTO MovieCredits(movieId, personId, job) VALUES(464052,282,'Producer');
INSERT INTO MovieCredits(movieId, personId, job) VALUES(464052,4699,'Thanks');
INSERT INTO MovieCredits(movieId, personId, job) VALUES(464052,6235,'Art Direction');
INSERT INTO MovieCredits(movieId, personId, job) VALUES(464052,6884,'Screenplay');
INSERT INTO MovieProvider(movieId, provider, service) VALUES(464052,30,'flat');
INSERT INTO MovieProvider(movieId, provider, service) VALUES(464052,29,'flat');
INSERT INTO MovieWeekPopularity(movieId, weekNr, popularity, voteAVG, voteCount) VALUES ('464052', 16, 864.437, 6.8, 4916);
INSERT INTO Movies(id, title, overview, popularity, releaseDate, posterPath, voteCount, voteAvg, revenue, runtime, tagline) VALUES(775996,'Outside the Wire','In the near future, a drone pilot is sent into a deadly militarized zone and must work with an android officer to locate a doomsday device.',784.355,'2021-01-15','/6XYLiMxHAaCsoyrVo38LBWMw2p8.jpg',1001, 6.5,'0', 116, 'Defiant by design.');
INSERT INTO MovieGenre(movieId, genreId) VALUES(775996,'53');
INSERT INTO MovieGenre(movieId, genreId) VALUES(775996,'28');
INSERT INTO MovieGenre(movieId, genreId) VALUES(775996,'878');
INSERT INTO MovieCountry(movieId, countryId) VALUES(775996,'US');
INSERT INTO MovieCredits(movieId, personId, job) VALUES(775996,53650,'Actor_Leo');
INSERT INTO MovieCredits(movieId, personId, job) VALUES(775996,1837297,'Actor_Lieutenant Thomas Harp');
INSERT INTO MovieCredits(movieId, personId, job) VALUES(775996,91494,'Actor_Sergeant Miller');
INSERT INTO MovieCredits(movieId, personId, job) VALUES(775996,130414,'Actor_Sofiya');
INSERT INTO MovieCredits(movieId, personId, job) VALUES(775996,125719,'Actor_Brydon');
INSERT INTO MovieCredits(movieId, personId, job) VALUES(775996,2267919,'Actor_Corporal Mandy Bale');
INSERT INTO MovieCredits(movieId, personId, job) VALUES(775996,8382,'Production Design');
INSERT INTO MovieCredits(movieId, personId, job) VALUES(775996,4854,'Co-Producer');
INSERT INTO MovieCredits(movieId, personId, job) VALUES(775996,16849,'Producer');
INSERT INTO MovieCredits(movieId, personId, job) VALUES(775996,29605,'Director');
INSERT INTO MovieCredits(movieId, personId, job) VALUES(775996,36224,'Director of Photography');
INSERT INTO MovieCredits(movieId, personId, job) VALUES(775996,53650,'Producer');
INSERT INTO MovieProvider(movieId, provider, service) VALUES(775996,8,'flat');
INSERT INTO MovieWeekPopularity(movieId, weekNr, popularity, voteAVG, voteCount) VALUES ('775996', 16, 784.355, 6.5, 1001);
INSERT INTO Movies(id, title, overview, popularity, releaseDate, posterPath, voteCount, voteAvg, revenue, runtime, tagline) VALUES(581389,'Space Sweepers','When the crew of a space junk collector ship called The Victory discovers a humanoid robot named Dorothy that\'s known to be a weapon of mass destruction, they get involved in a risky business deal which puts their lives at stake.',694.376,'2021-02-05','/p9YDHJKvUoi7v2SCd3vLGPae1Xp.jpg',502, 7.2,'0', 136, '2092, the space sweep begins!');
INSERT INTO MovieGenre(movieId, genreId) VALUES(581389,'18');
INSERT INTO MovieGenre(movieId, genreId) VALUES(581389,'14');
INSERT INTO MovieGenre(movieId, genreId) VALUES(581389,'878');
INSERT INTO MovieCountry(movieId, countryId) VALUES(581389,'KR');
INSERT INTO MovieCredits(movieId, personId, job) VALUES(581389,150698,'Actor_Tae-ho');
INSERT INTO MovieCredits(movieId, personId, job) VALUES(581389,1537768,'Actor_Captain Jang');
INSERT INTO MovieCredits(movieId, personId, job) VALUES(581389,84996,'Actor_Bubs');
INSERT INTO MovieCredits(movieId, personId, job) VALUES(581389,1989290,'Actor_Tiger Park');
INSERT INTO MovieCredits(movieId, personId, job) VALUES(581389,30315,'Actor_Sullivan');
INSERT INTO MovieCredits(movieId, personId, job) VALUES(581389,84788,'Actor_Kang Hyun-woo');
INSERT INTO MovieCredits(movieId, personId, job) VALUES(581389,43570,'Costume Design');
INSERT INTO MovieCredits(movieId, personId, job) VALUES(581389,79570,'Editor');
INSERT INTO MovieCredits(movieId, personId, job) VALUES(581389,1086497,'Screenplay');
INSERT INTO MovieCredits(movieId, personId, job) VALUES(581389,1086497,'Director');
INSERT INTO MovieCredits(movieId, personId, job) VALUES(581389,1086497,'Story');
INSERT INTO MovieCredits(movieId, personId, job) VALUES(581389,1120478,'Production Design');
INSERT INTO MovieProvider(movieId, provider, service) VALUES(581389,8,'flat');
INSERT INTO MovieWeekPopularity(movieId, weekNr, popularity, voteAVG, voteCount) VALUES ('581389', 16, 694.376, 7.2, 502);
INSERT INTO Movies(id, title, overview, popularity, releaseDate, posterPath, voteCount, voteAvg, revenue, runtime, tagline) VALUES(581387,'Ashfall','A group of unlikely heroes from across the Korean peninsula try to save the day after a volcano erupts on the mythical and majestic Baekdu Mountain.',647.321,'2019-12-19','/zoeKREZ2IdAUnXISYCS0E6H5BVh.jpg',234, 6.6,'6.1321941e+07', 128, '');
INSERT INTO MovieGenre(movieId, genreId) VALUES(581387,'28');
INSERT INTO MovieGenre(movieId, genreId) VALUES(581387,'12');
INSERT INTO MovieGenre(movieId, genreId) VALUES(581387,'53');
INSERT INTO MovieCountry(movieId, countryId) VALUES(581387,'KR');
INSERT INTO MovieCredits(movieId, personId, job) VALUES(581387,25002,'Actor_Lee Jun-pyeong');
INSERT INTO MovieCredits(movieId, personId, job) VALUES(581387,75913,'Actor_Jo In-chang');
INSERT INTO MovieCredits(movieId, personId, job) VALUES(581387,1024395,'Actor_Kang Bong-rae');
INSERT INTO MovieCredits(movieId, personId, job) VALUES(581387,150126,'Actor_Jeon Yu-gyeong');
INSERT INTO MovieCredits(movieId, personId, job) VALUES(581387,1014784,'Actor_Seo Ji-young');
INSERT INTO MovieCredits(movieId, personId, job) VALUES(581387,231476,'Actor_General Choi');
INSERT INTO MovieCredits(movieId, personId, job) VALUES(581387,24993,'Original Music Composer');
INSERT INTO MovieCredits(movieId, personId, job) VALUES(581387,43570,'Costume Design');
INSERT INTO MovieCredits(movieId, personId, job) VALUES(581387,69087,'Director of Photography');
INSERT INTO MovieCredits(movieId, personId, job) VALUES(581387,84969,'Executive Producer');
INSERT INTO MovieCredits(movieId, personId, job) VALUES(581387,108536,'Director');
INSERT INTO MovieCredits(movieId, personId, job) VALUES(581387,108536,'Writer');
INSERT INTO MovieProvider(movieId, provider, service) VALUES(581387,2,'buy');
INSERT INTO MovieProvider(movieId, provider, service) VALUES(581387,3,'buy');
INSERT INTO MovieProvider(movieId, provider, service) VALUES(581387,130,'buy');
INSERT INTO MovieProvider(movieId, provider, service) VALUES(581387,10,'buy');
INSERT INTO MovieProvider(movieId, provider, service) VALUES(581387,192,'buy');
INSERT INTO MovieProvider(movieId, provider, service) VALUES(581387,20,'buy');
INSERT INTO MovieProvider(movieId, provider, service) VALUES(581387,133,'buy');
INSERT INTO MovieProvider(movieId, provider, service) VALUES(581387,178,'buy');
INSERT INTO MovieProvider(movieId, provider, service) VALUES(581387,68,'buy');
INSERT INTO MovieProvider(movieId, provider, service) VALUES(581387,2,'rent');
INSERT INTO MovieProvider(movieId, provider, service) VALUES(581387,3,'rent');
INSERT INTO MovieProvider(movieId, provider, service) VALUES(581387,130,'rent');
INSERT INTO MovieProvider(movieId, provider, service) VALUES(581387,10,'rent');
INSERT INTO MovieProvider(movieId, provider, service) VALUES(581387,192,'rent');
INSERT INTO MovieProvider(movieId, provider, service) VALUES(581387,20,'rent');
INSERT INTO MovieProvider(movieId, provider, service) VALUES(581387,133,'rent');
INSERT INTO MovieProvider(movieId, provider, service) VALUES(581387,178,'rent');
INSERT INTO MovieProvider(movieId, provider, service) VALUES(581387,68,'rent');
INSERT INTO MovieProvider(movieId, provider, service) VALUES(581387,9,'flat');
INSERT INTO MovieWeekPopularity(movieId, weekNr, popularity, voteAVG, voteCount) VALUES ('581387', 16, 647.321, 6.6, 234);
INSERT INTO Movies(id, title, overview, popularity, releaseDate, posterPath, voteCount, voteAvg, revenue, runtime, tagline) VALUES(522444,'Black Water: Abyss','An adventure-loving couple convince their friends to explore a remote, uncharted cave system in the forests of Northern Australia. With a tropical storm approaching, they abseil into the mouth of the cave, but when the caves start to flood, tensions rise as oxygen levels fall and the friends find themselves trapped. Unknown to them, the storm has also brought in a pack of dangerous and hungry crocodiles.',585.969,'2020-07-09','/95S6PinQIvVe4uJAd82a2iGZ0rA.jpg',208, 5,'0', 98, 'Descend into fear');
INSERT INTO MovieGenre(movieId, genreId) VALUES(522444,'27');
INSERT INTO MovieGenre(movieId, genreId) VALUES(522444,'53');
INSERT INTO MovieGenre(movieId, genreId) VALUES(522444,'12');
INSERT INTO MovieGenre(movieId, genreId) VALUES(522444,'9648');
INSERT INTO MovieCountry(movieId, countryId) VALUES(522444,'US');
INSERT INTO MovieCredits(movieId, personId, job) VALUES(522444,136347,'Actor_Jennifer');
INSERT INTO MovieCredits(movieId, personId, job) VALUES(522444,2272447,'Actor_Cash');
INSERT INTO MovieCredits(movieId, personId, job) VALUES(522444,1236816,'Actor_Yolanda');
INSERT INTO MovieCredits(movieId, personId, job) VALUES(522444,1181361,'Actor_Eric');
INSERT INTO MovieCredits(movieId, personId, job) VALUES(522444,1979469,'Actor_Viktor');
INSERT INTO MovieCredits(movieId, personId, job) VALUES(522444,1380560,'Actor_Akito');
INSERT INTO MovieCredits(movieId, personId, job) VALUES(522444,9000,'Executive Producer');
INSERT INTO MovieCredits(movieId, personId, job) VALUES(522444,61902,'Production Design');
INSERT INTO MovieCredits(movieId, personId, job) VALUES(522444,70522,'Executive Producer');
INSERT INTO MovieCredits(movieId, personId, job) VALUES(522444,81328,'Director');
INSERT INTO MovieCredits(movieId, personId, job) VALUES(522444,79116,'Costume Design');
INSERT INTO MovieCredits(movieId, personId, job) VALUES(522444,80683,'Producer');
INSERT INTO MovieProvider(movieId, provider, service) VALUES(522444,2,'buy');
INSERT INTO MovieProvider(movieId, provider, service) VALUES(522444,3,'buy');
INSERT INTO MovieProvider(movieId, provider, service) VALUES(522444,130,'buy');
INSERT INTO MovieProvider(movieId, provider, service) VALUES(522444,10,'buy');
INSERT INTO MovieProvider(movieId, provider, service) VALUES(522444,192,'buy');
INSERT INTO MovieProvider(movieId, provider, service) VALUES(522444,20,'buy');
INSERT INTO MovieProvider(movieId, provider, service) VALUES(522444,133,'buy');
INSERT INTO MovieProvider(movieId, provider, service) VALUES(522444,35,'buy');
INSERT INTO MovieProvider(movieId, provider, service) VALUES(522444,178,'buy');
INSERT INTO MovieProvider(movieId, provider, service) VALUES(522444,68,'buy');
INSERT INTO MovieProvider(movieId, provider, service) VALUES(522444,2,'rent');
INSERT INTO MovieProvider(movieId, provider, service) VALUES(522444,3,'rent');
INSERT INTO MovieProvider(movieId, provider, service) VALUES(522444,130,'rent');
INSERT INTO MovieProvider(movieId, provider, service) VALUES(522444,10,'rent');
INSERT INTO MovieProvider(movieId, provider, service) VALUES(522444,192,'rent');
INSERT INTO MovieProvider(movieId, provider, service) VALUES(522444,20,'rent');
INSERT INTO MovieProvider(movieId, provider, service) VALUES(522444,133,'rent');
INSERT INTO MovieProvider(movieId, provider, service) VALUES(522444,35,'rent');
INSERT INTO MovieProvider(movieId, provider, service) VALUES(522444,178,'rent');
INSERT INTO MovieProvider(movieId, provider, service) VALUES(522444,68,'rent');
INSERT INTO MovieProvider(movieId, provider, service) VALUES(522444,9,'flat');
INSERT INTO MovieWeekPopularity(movieId, weekNr, popularity, voteAVG, voteCount) VALUES ('522444', 16, 585.969, 5, 208);
INSERT INTO Movies(id, title, overview, popularity, releaseDate, posterPath, voteCount, voteAvg, revenue, runtime, tagline) VALUES(755812,'Miraculous World: New York, United HeroeZ','During a school field trip, Ladybug and Cat Noir meet the American superheroes, whom they have to save from an akumatised super-villain. They discover that Miraculous exist in the United States too.',647.907,'2020-09-26','/50AlM1eAqXHEG8Z5lzrTbWyiew9.jpg',643, 8.3,'0', 55, 'NEW CITY. SAME DUTY.');
INSERT INTO MovieGenre(movieId, genreId) VALUES(755812,'16');
INSERT INTO MovieGenre(movieId, genreId) VALUES(755812,'10751');
INSERT INTO MovieCredits(movieId, personId, job) VALUES(755812,1762588,'Actor_Marinette / Beruška (hlas)');
INSERT INTO MovieCredits(movieId, personId, job) VALUES(755812,2952757,'Actor_Adrien Agreste / Černý Kocour (hlas)');
INSERT INTO MovieCredits(movieId, personId, job) VALUES(755812,1163095,'Writer');
INSERT INTO MovieCredits(movieId, personId, job) VALUES(755812,1565301,'Director');
INSERT INTO MovieCredits(movieId, personId, job) VALUES(755812,1565301,'Writer');
INSERT INTO MovieCredits(movieId, personId, job) VALUES(755812,1762584,'Producer');
INSERT INTO MovieCredits(movieId, personId, job) VALUES(755812,2848194,'Writer');
INSERT INTO MovieCredits(movieId, personId, job) VALUES(755812,2848195,'Writer');
INSERT INTO MovieProvider(movieId, provider, service) VALUES(755812,337,'flat');
INSERT INTO MovieWeekPopularity(movieId, weekNr, popularity, voteAVG, voteCount) VALUES ('755812', 16, 647.907, 8.3, 643);
INSERT INTO Movies(id, title, overview, popularity, releaseDate, posterPath, voteCount, voteAvg, revenue, runtime, tagline) VALUES(529203,'The Croods: A New Age','Searching for a safer habitat, the prehistoric Crood family discovers an idyllic, walled-in paradise that meets all of its needs. Unfortunately, they must also learn to live with the Bettermans -- a family that\'s a couple of steps above the Croods on the evolutionary ladder. As tensions between the new neighbors start to rise, a new threat soon propels both clans on an epic adventure that forces them to embrace their differences, draw strength from one another, and survive together.',567.445,'2020-11-25','/tbVZ3Sq88dZaCANlUcewQuHQOaE.jpg',1991, 7.5,'1.3507609e+08', 95, 'The future ain\'t what it used to be.');
INSERT INTO MovieGenre(movieId, genreId) VALUES(529203,'10751');
INSERT INTO MovieGenre(movieId, genreId) VALUES(529203,'14');
INSERT INTO MovieGenre(movieId, genreId) VALUES(529203,'16');
INSERT INTO MovieGenre(movieId, genreId) VALUES(529203,'35');
INSERT INTO MovieCountry(movieId, countryId) VALUES(529203,'US');
INSERT INTO MovieCredits(movieId, personId, job) VALUES(529203,2963,'Actor_Grug Crood (voice)');
INSERT INTO MovieCredits(movieId, personId, job) VALUES(529203,54693,'Actor_Eep Crood (voice)');
INSERT INTO MovieCredits(movieId, personId, job) VALUES(529203,10859,'Actor_Guy (voice)');
INSERT INTO MovieCredits(movieId, personId, job) VALUES(529203,22970,'Actor_Phil Betterman (voice)');
INSERT INTO MovieCredits(movieId, personId, job) VALUES(529203,41087,'Actor_Hope Betterman (voice)');
INSERT INTO MovieCredits(movieId, personId, job) VALUES(529203,1663195,'Actor_Dawn Betterman (voice)');
INSERT INTO MovieCredits(movieId, personId, job) VALUES(529203,5666,'Original Music Composer');
INSERT INTO MovieCredits(movieId, personId, job) VALUES(529203,8930,'Characters');
INSERT INTO MovieCredits(movieId, personId, job) VALUES(529203,66193,'Characters');
INSERT INTO MovieCredits(movieId, personId, job) VALUES(529203,66193,'Story');
INSERT INTO MovieCredits(movieId, personId, job) VALUES(529203,71267,'Characters');
INSERT INTO MovieCredits(movieId, personId, job) VALUES(529203,71267,'Story');
INSERT INTO MovieWeekPopularity(movieId, weekNr, popularity, voteAVG, voteCount) VALUES ('529203', 16, 567.445, 7.5, 1991);
INSERT INTO Movies(id, title, overview, popularity, releaseDate, posterPath, voteCount, voteAvg, revenue, runtime, tagline) VALUES(649087,'Red Dot','On a hiking trip to rekindle their marriage, a couple find themselves fleeing for their lives in the unforgiving wilderness from an unknown shooter.',472.609,'2021-02-11','/xZ2KER2gOHbuHP2GJoODuXDSZCb.jpg',433, 5.9,'0', 86, '');
INSERT INTO MovieGenre(movieId, genreId) VALUES(649087,'53');
INSERT INTO MovieGenre(movieId, genreId) VALUES(649087,'18');
INSERT INTO MovieGenre(movieId, genreId) VALUES(649087,'27');
INSERT INTO MovieCountry(movieId, countryId) VALUES(649087,'SE');
INSERT INTO MovieCredits(movieId, personId, job) VALUES(649087,116614,'Actor_Einar');
INSERT INTO MovieCredits(movieId, personId, job) VALUES(649087,1309110,'Actor_Nadja');
INSERT INTO MovieCredits(movieId, personId, job) VALUES(649087,90605,'Actor_David');
INSERT INTO MovieCredits(movieId, personId, job) VALUES(649087,144691,'Actor_Jarmo');
INSERT INTO MovieCredits(movieId, personId, job) VALUES(649087,231926,'Actor_Rolle');
INSERT INTO MovieCredits(movieId, personId, job) VALUES(649087,232406,'Actor_Mona');
INSERT INTO MovieCredits(movieId, personId, job) VALUES(649087,1111421,'Sound Designer');
INSERT INTO MovieCredits(movieId, personId, job) VALUES(649087,1394236,'Director');
INSERT INTO MovieCredits(movieId, personId, job) VALUES(649087,1394242,'Director of Photography');
INSERT INTO MovieCredits(movieId, personId, job) VALUES(649087,1451375,'Casting');
INSERT INTO MovieCredits(movieId, personId, job) VALUES(649087,1597623,'Sound Editor');
INSERT INTO MovieCredits(movieId, personId, job) VALUES(649087,1717307,'Sound Mixer');
INSERT INTO MovieProvider(movieId, provider, service) VALUES(649087,8,'flat');
INSERT INTO MovieWeekPopularity(movieId, weekNr, popularity, voteAVG, voteCount) VALUES ('649087', 16, 472.609, 5.9, 433);
INSERT INTO Movies(id, title, overview, popularity, releaseDate, posterPath, voteCount, voteAvg, revenue, runtime, tagline) VALUES(606523,'Night in Paradise','An assassin named Tae-goo is offered a chance to switch sides with his rival Bukseong gang, headed by Chairman Doh. Tae-goo rejects the offer that results in the murder of his sister and niece. In revenge, Tae-goo brutally kills Chairman Doh and his men and flees to Jeju Island where he meets Jae-yeon, a terminally ill woman. Though, the henchman of the Bukseong gang, Executive Ma is mercilessly hunting Tae-goo to take revenge.',778.153,'2020-09-03','/dYCWUAidqgakGETwZkfGxU7CWhL.jpg',72, 7.2,'0', 131, '');
INSERT INTO MovieGenre(movieId, genreId) VALUES(606523,'80');
INSERT INTO MovieGenre(movieId, genreId) VALUES(606523,'18');
INSERT INTO MovieGenre(movieId, genreId) VALUES(606523,'53');
INSERT INTO MovieCountry(movieId, countryId) VALUES(606523,'KR');
INSERT INTO MovieCredits(movieId, personId, job) VALUES(606523,1436248,'Actor_Tae-gu');
INSERT INTO MovieCredits(movieId, personId, job) VALUES(606523,2067860,'Actor_Jae-yeon');
INSERT INTO MovieCredits(movieId, personId, job) VALUES(606523,1248450,'Actor_Mr. Ma');
INSERT INTO MovieCredits(movieId, personId, job) VALUES(606523,125734,'Actor_Kuto');
INSERT INTO MovieCredits(movieId, personId, job) VALUES(606523,1872629,'Actor_Mr. Yang');
INSERT INTO MovieCredits(movieId, personId, job) VALUES(606523,2273915,'Actor_Busan');
INSERT INTO MovieCredits(movieId, personId, job) VALUES(606523,38017,'Production Design');
INSERT INTO MovieCredits(movieId, personId, job) VALUES(606523,64337,'Executive Producer');
INSERT INTO MovieCredits(movieId, personId, job) VALUES(606523,557736,'Director');
INSERT INTO MovieCredits(movieId, personId, job) VALUES(606523,557736,'Producer');
INSERT INTO MovieCredits(movieId, personId, job) VALUES(606523,557736,'Writer');
INSERT INTO MovieCredits(movieId, personId, job) VALUES(606523,929598,'Original Music Composer');
INSERT INTO MovieProvider(movieId, provider, service) VALUES(606523,8,'flat');
INSERT INTO MovieWeekPopularity(movieId, weekNr, popularity, voteAVG, voteCount) VALUES ('606523', 16, 778.153, 7.2, 72);
INSERT INTO Movies(id, title, overview, popularity, releaseDate, posterPath, voteCount, voteAvg, revenue, runtime, tagline) VALUES(578908,'Bad Trip','Two pals embark on a road trip full of funny pranks that pull real people into mayhem.',521.065,'2021-03-26','/A1Gy5HX3DKGaNW1Ay30NTIVJqJ6.jpg',158, 5.9,'0', 87, 'Friendships run deep.');
INSERT INTO MovieGenre(movieId, genreId) VALUES(578908,'35');
INSERT INTO MovieCountry(movieId, countryId) VALUES(578908,'US');
INSERT INTO MovieCredits(movieId, personId, job) VALUES(578908,934159,'Actor_Chris');
INSERT INTO MovieCredits(movieId, personId, job) VALUES(578908,1488961,'Actor_Bud');
INSERT INTO MovieCredits(movieId, personId, job) VALUES(578908,1230868,'Actor_Trina Malone');
INSERT INTO MovieCredits(movieId, personId, job) VALUES(578908,122237,'Actor_Maria Li');
INSERT INTO MovieCredits(movieId, personId, job) VALUES(578908,2608255,'Actor_Anthony');
INSERT INTO MovieCredits(movieId, personId, job) VALUES(578908,2608259,'Actor_Bobo');
INSERT INTO MovieCredits(movieId, personId, job) VALUES(578908,56578,'Producer');
INSERT INTO MovieCredits(movieId, personId, job) VALUES(578908,91268,'Producer');
INSERT INTO MovieCredits(movieId, personId, job) VALUES(578908,922344,'Director');
INSERT INTO MovieCredits(movieId, personId, job) VALUES(578908,922344,'Story');
INSERT INTO MovieCredits(movieId, personId, job) VALUES(578908,928158,'Music');
INSERT INTO MovieCredits(movieId, personId, job) VALUES(578908,934159,'Producer');
INSERT INTO MovieProvider(movieId, provider, service) VALUES(578908,8,'flat');
INSERT INTO MovieWeekPopularity(movieId, weekNr, popularity, voteAVG, voteCount) VALUES ('578908', 16, 521.065, 5.9, 158);
INSERT INTO Movies(id, title, overview, popularity, releaseDate, posterPath, voteCount, voteAvg, revenue, runtime, tagline) VALUES(560144,'Skylines','When a virus threatens to turn the now earth-dwelling friendly alien hybrids against humans, Captain Rose Corley must lead a team of elite mercenaries on a mission to the alien world in order to save what\'s left of humanity.',448.324,'2020-10-25','/2W4ZvACURDyhiNnSIaFPHfNbny3.jpg',259, 5.9,'0', 113, 'To save our world she must invade theirs.');
INSERT INTO MovieGenre(movieId, genreId) VALUES(560144,'878');
INSERT INTO MovieGenre(movieId, genreId) VALUES(560144,'28');
INSERT INTO MovieCountry(movieId, countryId) VALUES(560144,'FR');
INSERT INTO MovieCountry(movieId, countryId) VALUES(560144,'LT');
INSERT INTO MovieCountry(movieId, countryId) VALUES(560144,'GB');
INSERT INTO MovieCredits(movieId, personId, job) VALUES(560144,1148626,'Actor_Rose Corley');
INSERT INTO MovieCredits(movieId, personId, job) VALUES(560144,2957,'Actor_General Radford');
INSERT INTO MovieCredits(movieId, personId, job) VALUES(560144,25702,'Actor_Dr. Mal');
INSERT INTO MovieCredits(movieId, personId, job) VALUES(560144,9452,'Actor_Owens');
INSERT INTO MovieCredits(movieId, personId, job) VALUES(560144,2467,'Actor_Grant');
INSERT INTO MovieCredits(movieId, personId, job) VALUES(560144,142019,'Actor_Huana');
INSERT INTO MovieCredits(movieId, personId, job) VALUES(560144,6037,'Producer');
INSERT INTO MovieCredits(movieId, personId, job) VALUES(560144,6038,'Producer');
INSERT INTO MovieCredits(movieId, personId, job) VALUES(560144,7051,'Digital Intermediate');
INSERT INTO MovieCredits(movieId, personId, job) VALUES(560144,84884,'Producer');
INSERT INTO MovieCredits(movieId, personId, job) VALUES(560144,84884,'Visual Effects Producer');
INSERT INTO MovieCredits(movieId, personId, job) VALUES(560144,84884,'Story');
INSERT INTO MovieWeekPopularity(movieId, weekNr, popularity, voteAVG, voteCount) VALUES ('560144', 16, 448.324, 5.9, 259);
INSERT INTO Movies(id, title, overview, popularity, releaseDate, posterPath, voteCount, voteAvg, revenue, runtime, tagline) VALUES(663558,'New Gods: Nezha Reborn','3000 years after the boy-god Nezha conquers the Dragon King then disappears in mythological times, he returns as an ordinary man to find his own path to becoming a true hero.',524.014,'2021-02-06','/6goDkAD6J3br81YMQf0Gat8Bqjy.jpg',92, 8.8,'0', 116, '');
INSERT INTO MovieGenre(movieId, genreId) VALUES(663558,'16');
INSERT INTO MovieGenre(movieId, genreId) VALUES(663558,'28');
INSERT INTO MovieGenre(movieId, genreId) VALUES(663558,'14');
INSERT INTO MovieCountry(movieId, countryId) VALUES(663558,'CN');
INSERT INTO MovieCredits(movieId, personId, job) VALUES(663558,2185754,'Actor_李云祥(配音)');
INSERT INTO MovieCredits(movieId, personId, job) VALUES(663558,2974840,'Actor_面具人(配音)');
INSERT INTO MovieCredits(movieId, personId, job) VALUES(663558,2718152,'Actor_龙王(配音)');
INSERT INTO MovieCredits(movieId, personId, job) VALUES(663558,2463716,'Actor_苏医生(配音)');
INSERT INTO MovieCredits(movieId, personId, job) VALUES(663558,2974841,'Actor_喀莎(配音)');
INSERT INTO MovieCredits(movieId, personId, job) VALUES(663558,2974842,'Actor_三太子(配音)');
INSERT INTO MovieCredits(movieId, personId, job) VALUES(663558,1089446,'Writer');
INSERT INTO MovieCredits(movieId, personId, job) VALUES(663558,1665497,'Director');
INSERT INTO MovieWeekPopularity(movieId, weekNr, popularity, voteAVG, voteCount) VALUES ('663558', 16, 524.014, 8.8, 92);
INSERT INTO Movies(id, title, overview, popularity, releaseDate, posterPath, voteCount, voteAvg, revenue, runtime, tagline) VALUES(602269,'The Little Things','Deputy Sheriff Joe "Deke" Deacon joins forces with Sgt. Jim Baxter to search for a serial killer who\'s terrorizing Los Angeles. As they track the culprit, Baxter is unaware that the investigation is dredging up echoes of Deke\'s past, uncovering disturbing secrets that could threaten more than his case.',523.25,'2021-01-28','/c7VlGCCgM9GZivKSzBgzuOVxQn7.jpg',768, 6.4,'2.3205e+07', 128, 'Some things never let us go.');
INSERT INTO MovieGenre(movieId, genreId) VALUES(602269,'53');
INSERT INTO MovieGenre(movieId, genreId) VALUES(602269,'80');
INSERT INTO MovieCountry(movieId, countryId) VALUES(602269,'US');
INSERT INTO MovieCredits(movieId, personId, job) VALUES(602269,5292,'Actor_Joe "Deke" Deacon');
INSERT INTO MovieCredits(movieId, personId, job) VALUES(602269,17838,'Actor_Jim Baxter');
INSERT INTO MovieCredits(movieId, personId, job) VALUES(602269,7499,'Actor_Albert Sparma');
INSERT INTO MovieCredits(movieId, personId, job) VALUES(602269,4445,'Actor_Detective Sal Rizoli');
INSERT INTO MovieCredits(movieId, personId, job) VALUES(602269,61084,'Actor_Flo Dunigan');
INSERT INTO MovieCredits(movieId, personId, job) VALUES(602269,11067,'Actor_LASD Captain Carl Farris');
INSERT INTO MovieCredits(movieId, personId, job) VALUES(602269,153,'Original Music Composer');
INSERT INTO MovieCredits(movieId, personId, job) VALUES(602269,2215,'Casting');
INSERT INTO MovieCredits(movieId, personId, job) VALUES(602269,892,'Director of Photography');
INSERT INTO MovieCredits(movieId, personId, job) VALUES(602269,5162,'Producer');
INSERT INTO MovieCredits(movieId, personId, job) VALUES(602269,7855,'Production Design');
INSERT INTO MovieCredits(movieId, personId, job) VALUES(602269,8411,'Costume Design');
INSERT INTO MovieWeekPopularity(movieId, weekNr, popularity, voteAVG, voteCount) VALUES ('602269', 16, 523.25, 6.4, 768);
INSERT INTO Movies(id, title, overview, popularity, releaseDate, posterPath, voteCount, voteAvg, revenue, runtime, tagline) VALUES(590706,'Jiu Jitsu','Every six years, an ancient order of jiu-jitsu fighters joins forces to battle a vicious race of alien invaders. But when a celebrated war hero goes down in defeat, the fate of the planet and mankind hangs in the balance.',503.487,'2020-11-20','/eLT8Cu357VOwBVTitkmlDEg32Fs.jpg',366, 5.2,'99924', 102, 'From the darkness, the ultimate fighter rises.');
INSERT INTO MovieGenre(movieId, genreId) VALUES(590706,'14');
INSERT INTO MovieGenre(movieId, genreId) VALUES(590706,'28');
INSERT INTO MovieGenre(movieId, genreId) VALUES(590706,'878');
INSERT INTO MovieCountry(movieId, countryId) VALUES(590706,'CY');
INSERT INTO MovieCountry(movieId, countryId) VALUES(590706,'US');
INSERT INTO MovieCredits(movieId, personId, job) VALUES(590706,2963,'Actor_Wylie');
INSERT INTO MovieCredits(movieId, personId, job) VALUES(590706,1427888,'Actor_Jake');
INSERT INTO MovieCredits(movieId, personId, job) VALUES(590706,81685,'Actor_Harrigan');
INSERT INTO MovieCredits(movieId, personId, job) VALUES(590706,57207,'Actor_Kueng');
INSERT INTO MovieCredits(movieId, personId, job) VALUES(590706,1296430,'Actor_Carmen');
INSERT INTO MovieCredits(movieId, personId, job) VALUES(590706,140114,'Actor_Myra');
INSERT INTO MovieCredits(movieId, personId, job) VALUES(590706,13175,'Foley Artist');
INSERT INTO MovieCredits(movieId, personId, job) VALUES(590706,30874,'Casting');
INSERT INTO MovieCredits(movieId, personId, job) VALUES(590706,30876,'Casting');
INSERT INTO MovieCredits(movieId, personId, job) VALUES(590706,41355,'Director');
INSERT INTO MovieCredits(movieId, personId, job) VALUES(590706,41355,'Producer');
INSERT INTO MovieCredits(movieId, personId, job) VALUES(590706,41355,'Writer');
INSERT INTO MovieProvider(movieId, provider, service) VALUES(590706,3,'buy');
INSERT INTO MovieProvider(movieId, provider, service) VALUES(590706,130,'buy');
INSERT INTO MovieProvider(movieId, provider, service) VALUES(590706,10,'buy');
INSERT INTO MovieProvider(movieId, provider, service) VALUES(590706,192,'buy');
INSERT INTO MovieProvider(movieId, provider, service) VALUES(590706,20,'buy');
INSERT INTO MovieProvider(movieId, provider, service) VALUES(590706,133,'buy');
INSERT INTO MovieProvider(movieId, provider, service) VALUES(590706,35,'buy');
INSERT INTO MovieProvider(movieId, provider, service) VALUES(590706,178,'buy');
INSERT INTO MovieProvider(movieId, provider, service) VALUES(590706,68,'buy');
INSERT INTO MovieProvider(movieId, provider, service) VALUES(590706,3,'rent');
INSERT INTO MovieProvider(movieId, provider, service) VALUES(590706,130,'rent');
INSERT INTO MovieProvider(movieId, provider, service) VALUES(590706,10,'rent');
INSERT INTO MovieProvider(movieId, provider, service) VALUES(590706,192,'rent');
INSERT INTO MovieProvider(movieId, provider, service) VALUES(590706,20,'rent');
INSERT INTO MovieProvider(movieId, provider, service) VALUES(590706,133,'rent');
INSERT INTO MovieProvider(movieId, provider, service) VALUES(590706,35,'rent');
INSERT INTO MovieProvider(movieId, provider, service) VALUES(590706,178,'rent');
INSERT INTO MovieProvider(movieId, provider, service) VALUES(590706,68,'rent');
INSERT INTO MovieWeekPopularity(movieId, weekNr, popularity, voteAVG, voteCount) VALUES ('590706', 16, 503.487, 5.2, 366);
INSERT INTO Movies(id, title, overview, popularity, releaseDate, posterPath, voteCount, voteAvg, revenue, runtime, tagline) VALUES(651571,'Breach','A hardened mechanic must stay awake and maintain an interstellar ark fleeing the dying planet Earth with a few thousand lucky souls on board... the last of humanity. Unfortunately, humans are not the only passengers. A shapeshifting alien creature has taken residence, its only goal is to kill as many people as possible. The crew must think quickly to stop this menace before it destroys mankind.',443.466,'2020-12-17','/13B6onhL6FzSN2KaNeQeMML05pS.jpg',373, 4.6,'39328', 92, 'Deep in space they are not alone.');
INSERT INTO MovieGenre(movieId, genreId) VALUES(651571,'878');
INSERT INTO MovieGenre(movieId, genreId) VALUES(651571,'28');
INSERT INTO MovieCountry(movieId, countryId) VALUES(651571,'CA');
INSERT INTO MovieCountry(movieId, countryId) VALUES(651571,'US');
INSERT INTO MovieCredits(movieId, personId, job) VALUES(651571,62,'Actor_Clay Young');
INSERT INTO MovieCredits(movieId, personId, job) VALUES(651571,11155,'Actor_Admiral Adams-King');
INSERT INTO MovieCredits(movieId, personId, job) VALUES(651571,1750413,'Actor_Noah');
INSERT INTO MovieCredits(movieId, personId, job) VALUES(651571,50347,'Actor_Chambers');
INSERT INTO MovieCredits(movieId, personId, job) VALUES(651571,1056610,'Actor_Hayley');
INSERT INTO MovieCredits(movieId, personId, job) VALUES(651571,21798,'Actor_Blue');
INSERT INTO MovieCredits(movieId, personId, job) VALUES(651571,65211,'Music');
INSERT INTO MovieCredits(movieId, personId, job) VALUES(651571,77109,'Producer');
INSERT INTO MovieCredits(movieId, personId, job) VALUES(651571,77109,'Writer');
INSERT INTO MovieCredits(movieId, personId, job) VALUES(651571,82627,'Makeup Effects Designer');
INSERT INTO MovieCredits(movieId, personId, job) VALUES(651571,130238,'Producer');
INSERT INTO MovieCredits(movieId, personId, job) VALUES(651571,146836,'Director');
INSERT INTO MovieWeekPopularity(movieId, weekNr, popularity, voteAVG, voteCount) VALUES ('651571', 16, 443.466, 4.6, 373);
INSERT INTO Movies(id, title, overview, popularity, releaseDate, posterPath, voteCount, voteAvg, revenue, runtime, tagline) VALUES(604822,'Vanguard','Covert security company Vanguard is the last hope of survival for an accountant after he is targeted by the world\'s deadliest mercenary organization.',476.165,'2020-09-30','/mKvw1Ic9enfFlCPBNJGiejRPMUO.jpg',286, 6.2,'2.79e+07', 107, '');
INSERT INTO MovieGenre(movieId, genreId) VALUES(604822,'28');
INSERT INTO MovieGenre(movieId, genreId) VALUES(604822,'12');
INSERT INTO MovieGenre(movieId, genreId) VALUES(604822,'80');
INSERT INTO MovieCountry(movieId, countryId) VALUES(604822,'CN');
INSERT INTO MovieCredits(movieId, personId, job) VALUES(604822,18897,'Actor_Tang Huanting');
INSERT INTO MovieCredits(movieId, personId, job) VALUES(604822,1635792,'Actor_Lei Zhenyu');
INSERT INTO MovieCredits(movieId, personId, job) VALUES(604822,1519031,'Actor_Zhang Kaixuan');
INSERT INTO MovieCredits(movieId, personId, job) VALUES(604822,120418,'Actor_Qin Guoli');
INSERT INTO MovieCredits(movieId, personId, job) VALUES(604822,1764717,'Actor_Miya');
INSERT INTO MovieCredits(movieId, personId, job) VALUES(604822,2435309,'Actor_Condor');
INSERT INTO MovieCredits(movieId, personId, job) VALUES(604822,44916,'Director');
INSERT INTO MovieCredits(movieId, personId, job) VALUES(604822,44916,'Writer');
INSERT INTO MovieCredits(movieId, personId, job) VALUES(604822,46324,'Compositor');
INSERT INTO MovieCredits(movieId, personId, job) VALUES(604822,2544786,'Producer');
INSERT INTO MovieCredits(movieId, personId, job) VALUES(604822,3032278,'Stunts');
INSERT INTO MovieCredits(movieId, personId, job) VALUES(604822,3032278,'Stunt Double');
INSERT INTO MovieProvider(movieId, provider, service) VALUES(604822,3,'buy');
INSERT INTO MovieProvider(movieId, provider, service) VALUES(604822,130,'buy');
INSERT INTO MovieProvider(movieId, provider, service) VALUES(604822,40,'buy');
INSERT INTO MovieProvider(movieId, provider, service) VALUES(604822,192,'buy');
INSERT INTO MovieProvider(movieId, provider, service) VALUES(604822,20,'buy');
INSERT INTO MovieProvider(movieId, provider, service) VALUES(604822,133,'buy');
INSERT INTO MovieProvider(movieId, provider, service) VALUES(604822,35,'buy');
INSERT INTO MovieProvider(movieId, provider, service) VALUES(604822,178,'buy');
INSERT INTO MovieProvider(movieId, provider, service) VALUES(604822,3,'rent');
INSERT INTO MovieProvider(movieId, provider, service) VALUES(604822,130,'rent');
INSERT INTO MovieProvider(movieId, provider, service) VALUES(604822,40,'rent');
INSERT INTO MovieProvider(movieId, provider, service) VALUES(604822,192,'rent');
INSERT INTO MovieProvider(movieId, provider, service) VALUES(604822,20,'rent');
INSERT INTO MovieProvider(movieId, provider, service) VALUES(604822,133,'rent');
INSERT INTO MovieProvider(movieId, provider, service) VALUES(604822,35,'rent');
INSERT INTO MovieProvider(movieId, provider, service) VALUES(604822,178,'rent');
INSERT INTO MovieWeekPopularity(movieId, weekNr, popularity, voteAVG, voteCount) VALUES ('604822', 16, 476.165, 6.2, 286);
INSERT INTO Movies(id, title, overview, popularity, releaseDate, posterPath, voteCount, voteAvg, revenue, runtime, tagline) VALUES(630586,'Wrong Turn','Jen and a group of friends set out to hike the Appalachian Trail. Despite warnings to stick to the trail, the hikers stray off course—and cross into land inhabited by The Foundation, a hidden community of mountain dwellers who use deadly means to protect their way of life.',491.931,'2021-01-26','/4U1SBHmwHkNA0eHZ2n1CuiC1K1g.jpg',356, 6.2,'0', 110, 'This land is their land.');
INSERT INTO MovieGenre(movieId, genreId) VALUES(630586,'27');
INSERT INTO MovieGenre(movieId, genreId) VALUES(630586,'53');
INSERT INTO MovieCountry(movieId, countryId) VALUES(630586,'DE');
INSERT INTO MovieCountry(movieId, countryId) VALUES(630586,'GB');
INSERT INTO MovieCountry(movieId, countryId) VALUES(630586,'US');
INSERT INTO MovieCredits(movieId, personId, job) VALUES(630586,1262750,'Actor_Jen Shaw');
INSERT INTO MovieCredits(movieId, personId, job) VALUES(630586,8654,'Actor_Scott');
INSERT INTO MovieCredits(movieId, personId, job) VALUES(630586,968089,'Actor_Milla D\'Angelo');
INSERT INTO MovieCredits(movieId, personId, job) VALUES(630586,32029,'Actor_John Venable');
INSERT INTO MovieCredits(movieId, personId, job) VALUES(630586,1070886,'Actor_Edith');
INSERT INTO MovieCredits(movieId, personId, job) VALUES(630586,2120814,'Actor_Darius Clemons');
INSERT INTO MovieCredits(movieId, personId, job) VALUES(630586,4017,'Producer');
INSERT INTO MovieCredits(movieId, personId, job) VALUES(630586,13585,'Casting');
INSERT INTO MovieCredits(movieId, personId, job) VALUES(630586,17080,'Executive Producer');
INSERT INTO MovieCredits(movieId, personId, job) VALUES(630586,46810,'Production Designer');
INSERT INTO MovieCredits(movieId, personId, job) VALUES(630586,51795,'Editor');
INSERT INTO MovieCredits(movieId, personId, job) VALUES(630586,52373,'Co-Producer');
INSERT INTO MovieWeekPopularity(movieId, weekNr, popularity, voteAVG, voteCount) VALUES ('630586', 16, 491.931, 6.2, 356);
INSERT INTO Movies(id, title, overview, popularity, releaseDate, posterPath, voteCount, voteAvg, revenue, runtime, tagline) VALUES(508442,'Soul','Joe Gardner is a middle school teacher with a love for jazz music. After a successful gig at the Half Note Club, he suddenly gets into an accident that separates his soul from his body and is transported to the You Seminar, a center in which souls develop and gain passions before being transported to a newborn child. Joe must enlist help from the other souls-in-training, like 22, a soul who has spent eons in the You Seminar, in order to get back to Earth.',495.713,'2020-12-25','/hm58Jw4Lw8OIeECIq5qyPYhAeRJ.jpg',5759, 8.3,'5.74e+07', 101, 'Is all this living really worth dying for?');
INSERT INTO MovieGenre(movieId, genreId) VALUES(508442,'10751');
INSERT INTO MovieGenre(movieId, genreId) VALUES(508442,'16');
INSERT INTO MovieGenre(movieId, genreId) VALUES(508442,'35');
INSERT INTO MovieGenre(movieId, genreId) VALUES(508442,'18');
INSERT INTO MovieGenre(movieId, genreId) VALUES(508442,'10402');
INSERT INTO MovieGenre(movieId, genreId) VALUES(508442,'14');
INSERT INTO MovieCountry(movieId, countryId) VALUES(508442,'US');
INSERT INTO MovieCredits(movieId, personId, job) VALUES(508442,134,'Actor_Joe Gardner (voice)');
INSERT INTO MovieCredits(movieId, personId, job) VALUES(508442,56323,'Actor_22 (voice)');
INSERT INTO MovieCredits(movieId, personId, job) VALUES(508442,4719,'Actor_Curly (voice)');
INSERT INTO MovieCredits(movieId, personId, job) VALUES(508442,119598,'Actor_Libba Gardner (voice)');
INSERT INTO MovieCredits(movieId, personId, job) VALUES(508442,1652371,'Actor_Paul (voice)');
INSERT INTO MovieCredits(movieId, personId, job) VALUES(508442,98103,'Actor_Counselor Jerry (voice)');
INSERT INTO MovieCredits(movieId, personId, job) VALUES(508442,3186,'Original Music Composer');
INSERT INTO MovieCredits(movieId, personId, job) VALUES(508442,8021,'Animation Supervisor');
INSERT INTO MovieCredits(movieId, personId, job) VALUES(508442,12092,'Production Design');
INSERT INTO MovieCredits(movieId, personId, job) VALUES(508442,12890,'Screenplay');
INSERT INTO MovieCredits(movieId, personId, job) VALUES(508442,12890,'Director');
INSERT INTO MovieCredits(movieId, personId, job) VALUES(508442,12890,'Story');
INSERT INTO MovieProvider(movieId, provider, service) VALUES(508442,3,'buy');
INSERT INTO MovieProvider(movieId, provider, service) VALUES(508442,130,'buy');
INSERT INTO MovieProvider(movieId, provider, service) VALUES(508442,10,'buy');
INSERT INTO MovieProvider(movieId, provider, service) VALUES(508442,40,'buy');
INSERT INTO MovieProvider(movieId, provider, service) VALUES(508442,192,'buy');
INSERT INTO MovieProvider(movieId, provider, service) VALUES(508442,35,'buy');
INSERT INTO MovieProvider(movieId, provider, service) VALUES(508442,178,'buy');
INSERT INTO MovieProvider(movieId, provider, service) VALUES(508442,68,'buy');
INSERT INTO MovieProvider(movieId, provider, service) VALUES(508442,337,'flat');
INSERT INTO MovieWeekPopularity(movieId, weekNr, popularity, voteAVG, voteCount) VALUES ('508442', 16, 495.713, 8.3, 5759);
INSERT INTO Movies(id, title, overview, popularity, releaseDate, posterPath, voteCount, voteAvg, revenue, runtime, tagline) VALUES(802504,'Just Say Yes','Incurable romantic Lotte finds her life upended when her plans for a picture-perfect wedding unravel -- just as her self-absorbed sister gets engaged.',469.999,'2021-04-02','/3btDwus5VN5jOWfA9strpDJWwfj.jpg',76, 5.9,'0', 97, '');
INSERT INTO MovieGenre(movieId, genreId) VALUES(802504,'35');
INSERT INTO MovieGenre(movieId, genreId) VALUES(802504,'10749');
INSERT INTO MovieCountry(movieId, countryId) VALUES(802504,'NL');
INSERT INTO MovieCredits(movieId, personId, job) VALUES(802504,109880,'Actor_Lotte');
INSERT INTO MovieCredits(movieId, personId, job) VALUES(802504,147535,'Actor_Fritz');
INSERT INTO MovieCredits(movieId, personId, job) VALUES(802504,111851,'Actor_Chris');
INSERT INTO MovieCredits(movieId, personId, job) VALUES(802504,1287876,'Actor_Estelle');
INSERT INTO MovieCredits(movieId, personId, job) VALUES(802504,1714178,'Actor_Trainer');
INSERT INTO MovieCredits(movieId, personId, job) VALUES(802504,211236,'Actor_John');
INSERT INTO MovieCredits(movieId, personId, job) VALUES(802504,1336104,'Director');
INSERT INTO MovieCredits(movieId, personId, job) VALUES(802504,1531851,'Writer');
INSERT INTO MovieCredits(movieId, personId, job) VALUES(802504,1531852,'Director');
INSERT INTO MovieCredits(movieId, personId, job) VALUES(802504,1531852,'Writer');
INSERT INTO MovieCredits(movieId, personId, job) VALUES(802504,2523646,'Writer');
INSERT INTO MovieCredits(movieId, personId, job) VALUES(802504,2975238,'Writer');
INSERT INTO MovieProvider(movieId, provider, service) VALUES(802504,8,'flat');
INSERT INTO MovieWeekPopularity(movieId, weekNr, popularity, voteAVG, voteCount) VALUES ('802504', 16, 469.999, 5.9, 76);
INSERT INTO Movies(id, title, overview, popularity, releaseDate, posterPath, voteCount, voteAvg, revenue, runtime, tagline) VALUES(495764,'Birds of Prey (and the Fantabulous Emancipation of One Harley Quinn)','Harley Quinn joins forces with a singer, an assassin and a police detective to help a young girl who had a hit placed on her after she stole a rare diamond from a crime lord.',465.18,'2020-02-05','/h4VB6m0RwcicVEZvzftYZyKXs6K.jpg',7377, 7.1,'2.01858461e+08', 109, 'Mind Over Mayhem');
INSERT INTO MovieGenre(movieId, genreId) VALUES(495764,'28');
INSERT INTO MovieGenre(movieId, genreId) VALUES(495764,'80');
INSERT INTO MovieCountry(movieId, countryId) VALUES(495764,'US');
INSERT INTO MovieCredits(movieId, personId, job) VALUES(495764,234352,'Actor_Harleen Quinzel / Harley Quinn');
INSERT INTO MovieCredits(movieId, personId, job) VALUES(495764,3061,'Actor_Roman Sionis / Black Mask');
INSERT INTO MovieCredits(movieId, personId, job) VALUES(495764,17628,'Actor_Helena Bertinelli / Huntress');
INSERT INTO MovieCredits(movieId, personId, job) VALUES(495764,59017,'Actor_Dinah Lance / Black Canary');
INSERT INTO MovieCredits(movieId, personId, job) VALUES(495764,4810,'Actor_Detective Renee Montoya');
INSERT INTO MovieCredits(movieId, personId, job) VALUES(495764,61659,'Actor_Victor Zsasz');
INSERT INTO MovieCredits(movieId, personId, job) VALUES(495764,1783,'Production Design');
INSERT INTO MovieCredits(movieId, personId, job) VALUES(495764,1783,'Production Designer');
INSERT INTO MovieCredits(movieId, personId, job) VALUES(495764,4867,'Director of Photography');
INSERT INTO MovieCredits(movieId, personId, job) VALUES(495764,40644,'Second Unit Director');
INSERT INTO MovieCredits(movieId, personId, job) VALUES(495764,13227,'Editor');
INSERT INTO MovieCredits(movieId, personId, job) VALUES(495764,19769,'Executive Producer');
INSERT INTO MovieProvider(movieId, provider, service) VALUES(495764,2,'buy');
INSERT INTO MovieProvider(movieId, provider, service) VALUES(495764,3,'buy');
INSERT INTO MovieProvider(movieId, provider, service) VALUES(495764,130,'buy');
INSERT INTO MovieProvider(movieId, provider, service) VALUES(495764,10,'buy');
INSERT INTO MovieProvider(movieId, provider, service) VALUES(495764,40,'buy');
INSERT INTO MovieProvider(movieId, provider, service) VALUES(495764,192,'buy');
INSERT INTO MovieProvider(movieId, provider, service) VALUES(495764,20,'buy');
INSERT INTO MovieProvider(movieId, provider, service) VALUES(495764,133,'buy');
INSERT INTO MovieProvider(movieId, provider, service) VALUES(495764,35,'buy');
INSERT INTO MovieProvider(movieId, provider, service) VALUES(495764,178,'buy');
INSERT INTO MovieProvider(movieId, provider, service) VALUES(495764,68,'buy');
INSERT INTO MovieProvider(movieId, provider, service) VALUES(495764,30,'flat');
INSERT INTO MovieProvider(movieId, provider, service) VALUES(495764,29,'flat');
INSERT INTO MovieWeekPopularity(movieId, weekNr, popularity, voteAVG, voteCount) VALUES ('495764', 16, 465.18, 7.1, 7377);
INSERT INTO Movies(id, title, overview, popularity, releaseDate, posterPath, voteCount, voteAvg, revenue, runtime, tagline) VALUES(635302,'Demon Slayer – Kimetsu no Yaiba – The Movie: Mugen Train','Tanjirō Kamado, joined with Inosuke Hashibira, a boy raised by boars who wears a boar\'s head, and Zenitsu Agatsuma, a scared boy who reveals his true power when he sleeps, boards the Infinity Train on a new mission with the Fire Hashira, Kyōjurō Rengoku, to defeat a demon who has been tormenting the people and killing the demon slayers who oppose it!',655.726,'2020-10-16','/h8Rb9gBr48ODIwYUttZNYeMWeUU.jpg',581, 8.1,'4.35e+08', 117, 'With your blade, bring an end to the nightmare.');
INSERT INTO MovieGenre(movieId, genreId) VALUES(635302,'16');
INSERT INTO MovieGenre(movieId, genreId) VALUES(635302,'28');
INSERT INTO MovieGenre(movieId, genreId) VALUES(635302,'12');
INSERT INTO MovieGenre(movieId, genreId) VALUES(635302,'14');
INSERT INTO MovieGenre(movieId, genreId) VALUES(635302,'18');
INSERT INTO MovieCountry(movieId, countryId) VALUES(635302,'JP');
INSERT INTO MovieCredits(movieId, personId, job) VALUES(635302,1256603,'Actor_Tanjirō Kamado (voice)');
INSERT INTO MovieCredits(movieId, personId, job) VALUES(635302,1563442,'Actor_Nezuko Kamado (voice)');
INSERT INTO MovieCredits(movieId, personId, job) VALUES(635302,119145,'Actor_Zenitsu Agatsuma (voice)');
INSERT INTO MovieCredits(movieId, personId, job) VALUES(635302,233590,'Actor_Inosuke Hashibira (voice)');
INSERT INTO MovieCredits(movieId, personId, job) VALUES(635302,224413,'Actor_Kyōjurō Rengoku (voice)');
INSERT INTO MovieCredits(movieId, personId, job) VALUES(635302,9705,'Actor_Giyū Tomioka (voice)');
INSERT INTO MovieCredits(movieId, personId, job) VALUES(635302,89839,'Original Music Composer');
INSERT INTO MovieCredits(movieId, personId, job) VALUES(635302,230748,'Key Animation');
INSERT INTO MovieCredits(movieId, personId, job) VALUES(635302,552050,'Key Animation');
INSERT INTO MovieCredits(movieId, personId, job) VALUES(635302,931824,'Key Animation');
INSERT INTO MovieCredits(movieId, personId, job) VALUES(635302,1196401,'Animation Director');
INSERT INTO MovieCredits(movieId, personId, job) VALUES(635302,1256824,'Animation Director');
INSERT INTO MovieWeekPopularity(movieId, weekNr, popularity, voteAVG, voteCount) VALUES ('635302', 16, 655.726, 8.1, 581);
INSERT INTO Movies(id, title, overview, popularity, releaseDate, posterPath, voteCount, voteAvg, revenue, runtime, tagline) VALUES(797394,'Secret Magic Control Agency','The Secret Magic Control Agency sends its two best agents, Hansel and Gretel, to fight against the witch of the Gingerbread House.',491.264,'2021-03-18','/4ZSzEDVdxWVMVO4oZDvoodQOEfr.jpg',107, 7.1,'0', 104, '');
INSERT INTO MovieGenre(movieId, genreId) VALUES(797394,'16');
INSERT INTO MovieGenre(movieId, genreId) VALUES(797394,'35');
INSERT INTO MovieGenre(movieId, genreId) VALUES(797394,'14');
INSERT INTO MovieCountry(movieId, countryId) VALUES(797394,'RU');
INSERT INTO MovieCountry(movieId, countryId) VALUES(797394,'US');
INSERT INTO MovieCredits(movieId, personId, job) VALUES(797394,2530967,'Actor_Hanzel (voice)');
INSERT INTO MovieCredits(movieId, personId, job) VALUES(797394,2979308,'Actor_Gretel (voice)');
INSERT INTO MovieCredits(movieId, personId, job) VALUES(797394,2979310,'Actor_King (voice)');
INSERT INTO MovieCredits(movieId, personId, job) VALUES(797394,2779263,'Actor_Stepmother (voice)');
INSERT INTO MovieCredits(movieId, personId, job) VALUES(797394,992787,'Actor_Ilvira (voice)');
INSERT INTO MovieCredits(movieId, personId, job) VALUES(797394,2735395,'Actor_Baba Yaga (voice)');
INSERT INTO MovieCredits(movieId, personId, job) VALUES(797394,7592,'Producer');
INSERT INTO MovieCredits(movieId, personId, job) VALUES(797394,1327833,'Producer');
INSERT INTO MovieCredits(movieId, personId, job) VALUES(797394,1404563,'Screenplay');
INSERT INTO MovieCredits(movieId, personId, job) VALUES(797394,1404563,'Director');
INSERT INTO MovieCredits(movieId, personId, job) VALUES(797394,1404563,'Editor');
INSERT INTO MovieCredits(movieId, personId, job) VALUES(797394,1404563,'Production Design');
INSERT INTO MovieProvider(movieId, provider, service) VALUES(797394,8,'flat');
INSERT INTO MovieWeekPopularity(movieId, weekNr, popularity, voteAVG, voteCount) VALUES ('797394', 16, 491.264, 7.1, 107);
INSERT INTO Movies(id, title, overview, popularity, releaseDate, posterPath, voteCount, voteAvg, revenue, runtime, tagline) VALUES(38700,'Bad Boys for Life','Marcus and Mike are forced to confront new threats, career changes, and midlife crises as they join the newly created elite team AMMO of the Miami police department to take down the ruthless Armando Armas, the vicious leader of a Miami drug cartel.',412.665,'2020-01-15','/y95lQLnuNKdPAzw9F9Ab8kJ80c3.jpg',6198, 7.2,'4.26505244e+08', 124, 'Ride together. Die together.');
INSERT INTO MovieGenre(movieId, genreId) VALUES(38700,'53');
INSERT INTO MovieGenre(movieId, genreId) VALUES(38700,'28');
INSERT INTO MovieGenre(movieId, genreId) VALUES(38700,'80');
INSERT INTO MovieCountry(movieId, countryId) VALUES(38700,'US');
INSERT INTO MovieCredits(movieId, personId, job) VALUES(38700,2888,'Actor_Detective Mike Lowrey');
INSERT INTO MovieCredits(movieId, personId, job) VALUES(38700,78029,'Actor_Detective Marcus Burnett');
INSERT INTO MovieCredits(movieId, personId, job) VALUES(38700,544442,'Actor_Rita');
INSERT INTO MovieCredits(movieId, personId, job) VALUES(38700,67599,'Actor_Kelly');
INSERT INTO MovieCredits(movieId, personId, job) VALUES(38700,23498,'Actor_Dorn');
INSERT INTO MovieCredits(movieId, personId, job) VALUES(38700,1907002,'Actor_Rafe');
INSERT INTO MovieCredits(movieId, personId, job) VALUES(38700,770,'Producer');
INSERT INTO MovieCredits(movieId, personId, job) VALUES(38700,2444,'Executive Producer');
INSERT INTO MovieCredits(movieId, personId, job) VALUES(38700,2446,'Executive Producer');
INSERT INTO MovieCredits(movieId, personId, job) VALUES(38700,5914,'Casting');
INSERT INTO MovieCredits(movieId, personId, job) VALUES(38700,2888,'Producer');
INSERT INTO MovieCredits(movieId, personId, job) VALUES(38700,9819,'Production Design');
INSERT INTO MovieProvider(movieId, provider, service) VALUES(38700,2,'buy');
INSERT INTO MovieProvider(movieId, provider, service) VALUES(38700,3,'buy');
INSERT INTO MovieProvider(movieId, provider, service) VALUES(38700,130,'buy');
INSERT INTO MovieProvider(movieId, provider, service) VALUES(38700,10,'buy');
INSERT INTO MovieProvider(movieId, provider, service) VALUES(38700,40,'buy');
INSERT INTO MovieProvider(movieId, provider, service) VALUES(38700,192,'buy');
INSERT INTO MovieProvider(movieId, provider, service) VALUES(38700,20,'buy');
INSERT INTO MovieProvider(movieId, provider, service) VALUES(38700,35,'buy');
INSERT INTO MovieProvider(movieId, provider, service) VALUES(38700,178,'buy');
INSERT INTO MovieProvider(movieId, provider, service) VALUES(38700,68,'buy');
INSERT INTO MovieProvider(movieId, provider, service) VALUES(38700,30,'flat');
INSERT INTO MovieProvider(movieId, provider, service) VALUES(38700,29,'flat');
INSERT INTO MovieWeekPopularity(movieId, weekNr, popularity, voteAVG, voteCount) VALUES ('38700', 16, 412.665, 7.2, 6198);
INSERT INTO Movies(id, title, overview, popularity, releaseDate, posterPath, voteCount, voteAvg, revenue, runtime, tagline) VALUES(539885,'Ava','A black ops assassin is forced to fight for her own survival after a job goes dangerously wrong.',396.444,'2020-07-02','/qzA87Wf4jo1h8JMk9GilyIYvwsA.jpg',1473, 5.7,'2.987741e+06', 97, 'Kill. Or be killed.');
INSERT INTO MovieGenre(movieId, genreId) VALUES(539885,'28');
INSERT INTO MovieGenre(movieId, genreId) VALUES(539885,'80');
INSERT INTO MovieGenre(movieId, genreId) VALUES(539885,'18');
INSERT INTO MovieGenre(movieId, genreId) VALUES(539885,'53');
INSERT INTO MovieCountry(movieId, countryId) VALUES(539885,'US');
INSERT INTO MovieCredits(movieId, personId, job) VALUES(539885,83002,'Actor_Ava');
INSERT INTO MovieCredits(movieId, personId, job) VALUES(539885,6949,'Actor_Duke');
INSERT INTO MovieCredits(movieId, personId, job) VALUES(539885,72466,'Actor_Simon');
INSERT INTO MovieCredits(movieId, personId, job) VALUES(539885,4238,'Actor_Michael');
INSERT INTO MovieCredits(movieId, personId, job) VALUES(539885,16935,'Actor_Bobbi');
INSERT INTO MovieCredits(movieId, personId, job) VALUES(539885,76999,'Actor_Judy');
INSERT INTO MovieCredits(movieId, personId, job) VALUES(539885,4671,'Editor');
INSERT INTO MovieCredits(movieId, personId, job) VALUES(539885,5582,'Director of Photography');
INSERT INTO MovieCredits(movieId, personId, job) VALUES(539885,6191,'Set Decoration');
INSERT INTO MovieCredits(movieId, personId, job) VALUES(539885,89383,'Production Design');
INSERT INTO MovieCredits(movieId, personId, job) VALUES(539885,42034,'Sound Re-Recording Mixer');
INSERT INTO MovieCredits(movieId, personId, job) VALUES(539885,17863,'Music Supervisor');
INSERT INTO MovieProvider(movieId, provider, service) VALUES(539885,2,'buy');
INSERT INTO MovieProvider(movieId, provider, service) VALUES(539885,3,'buy');
INSERT INTO MovieProvider(movieId, provider, service) VALUES(539885,130,'buy');
INSERT INTO MovieProvider(movieId, provider, service) VALUES(539885,10,'buy');
INSERT INTO MovieProvider(movieId, provider, service) VALUES(539885,40,'buy');
INSERT INTO MovieProvider(movieId, provider, service) VALUES(539885,192,'buy');
INSERT INTO MovieProvider(movieId, provider, service) VALUES(539885,20,'buy');
INSERT INTO MovieProvider(movieId, provider, service) VALUES(539885,133,'buy');
INSERT INTO MovieProvider(movieId, provider, service) VALUES(539885,35,'buy');
INSERT INTO MovieProvider(movieId, provider, service) VALUES(539885,178,'buy');
INSERT INTO MovieProvider(movieId, provider, service) VALUES(539885,2,'rent');
INSERT INTO MovieProvider(movieId, provider, service) VALUES(539885,3,'rent');
INSERT INTO MovieProvider(movieId, provider, service) VALUES(539885,130,'rent');
INSERT INTO MovieProvider(movieId, provider, service) VALUES(539885,10,'rent');
INSERT INTO MovieProvider(movieId, provider, service) VALUES(539885,40,'rent');
INSERT INTO MovieProvider(movieId, provider, service) VALUES(539885,192,'rent');
INSERT INTO MovieProvider(movieId, provider, service) VALUES(539885,20,'rent');
INSERT INTO MovieProvider(movieId, provider, service) VALUES(539885,133,'rent');
INSERT INTO MovieProvider(movieId, provider, service) VALUES(539885,35,'rent');
INSERT INTO MovieProvider(movieId, provider, service) VALUES(539885,178,'rent');
INSERT INTO MovieProvider(movieId, provider, service) VALUES(539885,349,'rent');
INSERT INTO MovieProvider(movieId, provider, service) VALUES(539885,9,'flat');
INSERT INTO MovieWeekPopularity(movieId, weekNr, popularity, voteAVG, voteCount) VALUES ('539885', 16, 396.444, 5.7, 1473);
INSERT INTO Movies(id, title, overview, popularity, releaseDate, posterPath, voteCount, voteAvg, revenue, runtime, tagline) VALUES(613504,'After We Collided','Tessa finds herself struggling with her complicated relationship with Hardin; she faces a dilemma that could change their lives forever.',406.687,'2020-09-02','/kiX7UYfOpYrMFSAGbI6j1pFkLzQ.jpg',3656, 7.3,'4.2e+07', 105, 'Can love overcome the past?');
INSERT INTO MovieGenre(movieId, genreId) VALUES(613504,'10749');
INSERT INTO MovieGenre(movieId, genreId) VALUES(613504,'18');
INSERT INTO MovieCountry(movieId, countryId) VALUES(613504,'US');
INSERT INTO MovieCredits(movieId, personId, job) VALUES(613504,1753914,'Actor_Tessa Young');
INSERT INTO MovieCredits(movieId, personId, job) VALUES(613504,1114487,'Actor_Hardin Scott');
INSERT INTO MovieCredits(movieId, personId, job) VALUES(613504,1684130,'Actor_Landon Gibson');
INSERT INTO MovieCredits(movieId, personId, job) VALUES(613504,95686,'Actor_Trevor Matthews');
INSERT INTO MovieCredits(movieId, personId, job) VALUES(613504,1224112,'Actor_Zed Evans');
INSERT INTO MovieCredits(movieId, personId, job) VALUES(613504,1685330,'Actor_Molly Samuels');
INSERT INTO MovieCredits(movieId, personId, job) VALUES(613504,11873,'Director');
INSERT INTO MovieCredits(movieId, personId, job) VALUES(613504,20742,'Producer');
INSERT INTO MovieCredits(movieId, personId, job) VALUES(613504,46088,'Producer');
INSERT INTO MovieCredits(movieId, personId, job) VALUES(613504,61921,'Producer');
INSERT INTO MovieCredits(movieId, personId, job) VALUES(613504,68295,'Editor');
INSERT INTO MovieCredits(movieId, personId, job) VALUES(613504,928329,'Costume Design');
INSERT INTO MovieProvider(movieId, provider, service) VALUES(613504,2,'buy');
INSERT INTO MovieProvider(movieId, provider, service) VALUES(613504,3,'buy');
INSERT INTO MovieProvider(movieId, provider, service) VALUES(613504,130,'buy');
INSERT INTO MovieProvider(movieId, provider, service) VALUES(613504,10,'buy');
INSERT INTO MovieProvider(movieId, provider, service) VALUES(613504,40,'buy');
INSERT INTO MovieProvider(movieId, provider, service) VALUES(613504,192,'buy');
INSERT INTO MovieProvider(movieId, provider, service) VALUES(613504,20,'buy');
INSERT INTO MovieProvider(movieId, provider, service) VALUES(613504,133,'buy');
INSERT INTO MovieProvider(movieId, provider, service) VALUES(613504,35,'buy');
INSERT INTO MovieProvider(movieId, provider, service) VALUES(613504,178,'buy');
INSERT INTO MovieProvider(movieId, provider, service) VALUES(613504,68,'buy');
INSERT INTO MovieProvider(movieId, provider, service) VALUES(613504,2,'rent');
INSERT INTO MovieProvider(movieId, provider, service) VALUES(613504,3,'rent');
INSERT INTO MovieProvider(movieId, provider, service) VALUES(613504,130,'rent');
INSERT INTO MovieProvider(movieId, provider, service) VALUES(613504,10,'rent');
INSERT INTO MovieProvider(movieId, provider, service) VALUES(613504,40,'rent');
INSERT INTO MovieProvider(movieId, provider, service) VALUES(613504,192,'rent');
INSERT INTO MovieProvider(movieId, provider, service) VALUES(613504,20,'rent');
INSERT INTO MovieProvider(movieId, provider, service) VALUES(613504,133,'rent');
INSERT INTO MovieProvider(movieId, provider, service) VALUES(613504,35,'rent');
INSERT INTO MovieProvider(movieId, provider, service) VALUES(613504,178,'rent');
INSERT INTO MovieProvider(movieId, provider, service) VALUES(613504,68,'rent');
INSERT INTO MovieWeekPopularity(movieId, weekNr, popularity, voteAVG, voteCount) VALUES ('613504', 16, 406.687, 7.3, 3656);
INSERT INTO Movies(id, title, overview, popularity, releaseDate, posterPath, voteCount, voteAvg, revenue, runtime, tagline) VALUES(607383,'Aquaslash','To celebrate their graduation, the teenagers from Valley Hills High School have organized an ’80s-themed party at the old Wet Valley water park. Things turn gruesome when it\'s revealed that a mysterious maniac has inserted giant razor blades into one of the water slides. The water park thus becomes the backdrop for a bloodbath (literally), and everyone is a suspect...',397.959,'2019-07-29','/wB8qqLIaYDkYEnjbS5hAJiTuYU6.jpg',50, 4.1,'0', 72, 'Your killer vacation awaits');
INSERT INTO MovieGenre(movieId, genreId) VALUES(607383,'27');
INSERT INTO MovieGenre(movieId, genreId) VALUES(607383,'35');
INSERT INTO MovieCountry(movieId, countryId) VALUES(607383,'CA');
INSERT INTO MovieCountry(movieId, countryId) VALUES(607383,'FR');
INSERT INTO MovieCredits(movieId, personId, job) VALUES(607383,1958615,'Actor_Josh');
INSERT INTO MovieCredits(movieId, personId, job) VALUES(607383,175913,'Actor_Priscilla');
INSERT INTO MovieCredits(movieId, personId, job) VALUES(607383,1496335,'Actor_Alice');
INSERT INTO MovieCredits(movieId, personId, job) VALUES(607383,2092553,'Actor_Tommy');
INSERT INTO MovieCredits(movieId, personId, job) VALUES(607383,1818534,'Actor_Paul Wilkinson');
INSERT INTO MovieCredits(movieId, personId, job) VALUES(607383,119481,'Actor_Conrad');
INSERT INTO MovieCredits(movieId, personId, job) VALUES(607383,1166608,'Producer');
INSERT INTO MovieCredits(movieId, personId, job) VALUES(607383,1209832,'Screenplay');
INSERT INTO MovieCredits(movieId, personId, job) VALUES(607383,1209832,'Director');
INSERT INTO MovieCredits(movieId, personId, job) VALUES(607383,1792670,'Producer');
INSERT INTO MovieCredits(movieId, personId, job) VALUES(607383,1984598,'Director of Photography');
INSERT INTO MovieCredits(movieId, personId, job) VALUES(607383,2080363,'Producer');
INSERT INTO MovieProvider(movieId, provider, service) VALUES(607383,2,'buy');
INSERT INTO MovieProvider(movieId, provider, service) VALUES(607383,3,'buy');
INSERT INTO MovieProvider(movieId, provider, service) VALUES(607383,10,'buy');
INSERT INTO MovieProvider(movieId, provider, service) VALUES(607383,40,'buy');
INSERT INTO MovieProvider(movieId, provider, service) VALUES(607383,192,'buy');
INSERT INTO MovieProvider(movieId, provider, service) VALUES(607383,20,'buy');
INSERT INTO MovieProvider(movieId, provider, service) VALUES(607383,178,'buy');
INSERT INTO MovieProvider(movieId, provider, service) VALUES(607383,68,'buy');
INSERT INTO MovieProvider(movieId, provider, service) VALUES(607383,2,'rent');
INSERT INTO MovieProvider(movieId, provider, service) VALUES(607383,3,'rent');
INSERT INTO MovieProvider(movieId, provider, service) VALUES(607383,10,'rent');
INSERT INTO MovieProvider(movieId, provider, service) VALUES(607383,40,'rent');
INSERT INTO MovieProvider(movieId, provider, service) VALUES(607383,192,'rent');
INSERT INTO MovieProvider(movieId, provider, service) VALUES(607383,20,'rent');
INSERT INTO MovieProvider(movieId, provider, service) VALUES(607383,178,'rent');
INSERT INTO MovieProvider(movieId, provider, service) VALUES(607383,68,'rent');
INSERT INTO MovieWeekPopularity(movieId, weekNr, popularity, voteAVG, voteCount) VALUES ('607383', 16, 397.959, 4.1, 50);
INSERT INTO Movies(id, title, overview, popularity, releaseDate, posterPath, voteCount, voteAvg, revenue, runtime, tagline) VALUES(553604,'Honest Thief','A bank robber tries to turn himself in because he\'s falling in love and wants to live an honest life...but when he realizes the Feds are more corrupt than him, he must fight back to clear his name.',384.777,'2020-09-03','/zeD4PabP6099gpE0STWJrJrCBCs.jpg',804, 6.5,'2.9404235e+07', 99, 'Never steal a man\'s second chance.');
INSERT INTO MovieGenre(movieId, genreId) VALUES(553604,'53');
INSERT INTO MovieGenre(movieId, genreId) VALUES(553604,'28');
INSERT INTO MovieGenre(movieId, genreId) VALUES(553604,'80');
INSERT INTO MovieGenre(movieId, genreId) VALUES(553604,'18');
INSERT INTO MovieCountry(movieId, countryId) VALUES(553604,'TH');
INSERT INTO MovieCountry(movieId, countryId) VALUES(553604,'US');
INSERT INTO MovieCredits(movieId, personId, job) VALUES(553604,3896,'Actor_Tom Dolan');
INSERT INTO MovieCredits(movieId, personId, job) VALUES(553604,61114,'Actor_Annie Wilkins');
INSERT INTO MovieCredits(movieId, personId, job) VALUES(553604,224181,'Actor_John Nivens');
INSERT INTO MovieCredits(movieId, personId, job) VALUES(553604,52886,'Actor_Sean Meyers');
INSERT INTO MovieCredits(movieId, personId, job) VALUES(553604,1560244,'Actor_Ramon Hall');
INSERT INTO MovieCredits(movieId, personId, job) VALUES(553604,418,'Actor_Samuel Baker');
INSERT INTO MovieCredits(movieId, personId, job) VALUES(553604,5914,'Casting Director');
INSERT INTO MovieCredits(movieId, personId, job) VALUES(553604,4140,'Original Music Composer');
INSERT INTO MovieCredits(movieId, personId, job) VALUES(553604,4950,'Director of Photography');
INSERT INTO MovieCredits(movieId, personId, job) VALUES(553604,35582,'First Assistant Director');
INSERT INTO MovieCredits(movieId, personId, job) VALUES(553604,100218,'Producer');
INSERT INTO MovieCredits(movieId, personId, job) VALUES(553604,206574,'Director');
INSERT INTO MovieProvider(movieId, provider, service) VALUES(553604,2,'buy');
INSERT INTO MovieProvider(movieId, provider, service) VALUES(553604,3,'buy');
INSERT INTO MovieProvider(movieId, provider, service) VALUES(553604,130,'buy');
INSERT INTO MovieProvider(movieId, provider, service) VALUES(553604,10,'buy');
INSERT INTO MovieProvider(movieId, provider, service) VALUES(553604,192,'buy');
INSERT INTO MovieProvider(movieId, provider, service) VALUES(553604,20,'buy');
INSERT INTO MovieProvider(movieId, provider, service) VALUES(553604,133,'buy');
INSERT INTO MovieProvider(movieId, provider, service) VALUES(553604,35,'buy');
INSERT INTO MovieProvider(movieId, provider, service) VALUES(553604,178,'buy');
INSERT INTO MovieProvider(movieId, provider, service) VALUES(553604,68,'buy');
INSERT INTO MovieProvider(movieId, provider, service) VALUES(553604,2,'rent');
INSERT INTO MovieProvider(movieId, provider, service) VALUES(553604,3,'rent');
INSERT INTO MovieProvider(movieId, provider, service) VALUES(553604,130,'rent');
INSERT INTO MovieProvider(movieId, provider, service) VALUES(553604,10,'rent');
INSERT INTO MovieProvider(movieId, provider, service) VALUES(553604,192,'rent');
INSERT INTO MovieProvider(movieId, provider, service) VALUES(553604,20,'rent');
INSERT INTO MovieProvider(movieId, provider, service) VALUES(553604,133,'rent');
INSERT INTO MovieProvider(movieId, provider, service) VALUES(553604,35,'rent');
INSERT INTO MovieProvider(movieId, provider, service) VALUES(553604,178,'rent');
INSERT INTO MovieProvider(movieId, provider, service) VALUES(553604,68,'rent');
INSERT INTO MovieWeekPopularity(movieId, weekNr, popularity, voteAVG, voteCount) VALUES ('553604', 16, 384.777, 6.5, 804);
INSERT INTO Movies(id, title, overview, popularity, releaseDate, posterPath, voteCount, voteAvg, revenue, runtime, tagline) VALUES(384018,'Fast & Furious Presents: Hobbs & Shaw','Ever since US Diplomatic Security Service Agent Hobbs and lawless outcast Shaw first faced off, they just have traded smack talk and body blows. But when cyber-genetically enhanced anarchist Brixton\'s ruthless actions threaten the future of humanity, they join forces to defeat him.',353.459,'2019-08-01','/qRyy2UmjC5ur9bDi3kpNNRCc5nc.jpg',4815, 6.9,'7.60098996e+08', 137, '');
INSERT INTO MovieGenre(movieId, genreId) VALUES(384018,'28');
INSERT INTO MovieGenre(movieId, genreId) VALUES(384018,'12');
INSERT INTO MovieGenre(movieId, genreId) VALUES(384018,'35');
INSERT INTO MovieCountry(movieId, countryId) VALUES(384018,'US');
INSERT INTO MovieCredits(movieId, personId, job) VALUES(384018,18918,'Actor_Luke Hobbs');
INSERT INTO MovieCredits(movieId, personId, job) VALUES(384018,976,'Actor_Deckard Shaw');
INSERT INTO MovieCredits(movieId, personId, job) VALUES(384018,17605,'Actor_Brixton');
INSERT INTO MovieCredits(movieId, personId, job) VALUES(384018,556356,'Actor_Hattie Shaw');
INSERT INTO MovieCredits(movieId, personId, job) VALUES(384018,15735,'Actor_Queenie Shaw');
INSERT INTO MovieCredits(movieId, personId, job) VALUES(384018,1222992,'Actor_Madame M');
INSERT INTO MovieCredits(movieId, personId, job) VALUES(384018,976,'Producer');
INSERT INTO MovieCredits(movieId, personId, job) VALUES(384018,5914,'Casting');
INSERT INTO MovieCredits(movieId, personId, job) VALUES(384018,7239,'Sound Designer');
INSERT INTO MovieCredits(movieId, personId, job) VALUES(384018,40684,'Director');
INSERT INTO MovieCredits(movieId, personId, job) VALUES(384018,12033,'Director of Photography');
INSERT INTO MovieCredits(movieId, personId, job) VALUES(384018,15221,'Original Music Composer');
INSERT INTO MovieProvider(movieId, provider, service) VALUES(384018,2,'buy');
INSERT INTO MovieProvider(movieId, provider, service) VALUES(384018,3,'buy');
INSERT INTO MovieProvider(movieId, provider, service) VALUES(384018,130,'buy');
INSERT INTO MovieProvider(movieId, provider, service) VALUES(384018,10,'buy');
INSERT INTO MovieProvider(movieId, provider, service) VALUES(384018,40,'buy');
INSERT INTO MovieProvider(movieId, provider, service) VALUES(384018,192,'buy');
INSERT INTO MovieProvider(movieId, provider, service) VALUES(384018,20,'buy');
INSERT INTO MovieProvider(movieId, provider, service) VALUES(384018,35,'buy');
INSERT INTO MovieProvider(movieId, provider, service) VALUES(384018,178,'buy');
INSERT INTO MovieProvider(movieId, provider, service) VALUES(384018,68,'buy');
INSERT INTO MovieProvider(movieId, provider, service) VALUES(384018,9,'flat');
INSERT INTO MovieWeekPopularity(movieId, weekNr, popularity, voteAVG, voteCount) VALUES ('384018', 16, 353.459, 6.9, 4815);
INSERT INTO Movies(id, title, overview, popularity, releaseDate, posterPath, voteCount, voteAvg, revenue, runtime, tagline) VALUES(609242,'The Heist of the Century','In 2006, a group of thieves performed what is considered one of the most famous and smart bank heists in the history of Argentina. How they robbed the Rio bank is as surprising as what happened afterwards. This is their story.',350.783,'2020-01-16','/aSGwXbaTMxUhrfXT6xyZKqoklfB.jpg',483, 7.9,'0', 114, 'The Story Of The Theft That Made History');
INSERT INTO MovieGenre(movieId, genreId) VALUES(609242,'35');
INSERT INTO MovieGenre(movieId, genreId) VALUES(609242,'53');
INSERT INTO MovieGenre(movieId, genreId) VALUES(609242,'80');
INSERT INTO MovieCountry(movieId, countryId) VALUES(609242,'AR');
INSERT INTO MovieCredits(movieId, personId, job) VALUES(609242,93650,'Actor_Mario Vitette');
INSERT INTO MovieCredits(movieId, personId, job) VALUES(609242,96429,'Actor_Fernando Araujo');
INSERT INTO MovieCredits(movieId, personId, job) VALUES(609242,103431,'Actor_Miguel Sileo');
INSERT INTO MovieCredits(movieId, personId, job) VALUES(609242,93648,'Actor_"El Marciano"');
INSERT INTO MovieCredits(movieId, personId, job) VALUES(609242,113627,'Actor_Alberto de la Torre "Beto"');
INSERT INTO MovieCredits(movieId, personId, job) VALUES(609242,1241396,'Actor_"El Doc" Debauza');
INSERT INTO MovieCredits(movieId, personId, job) VALUES(609242,69318,'Producer');
INSERT INTO MovieCredits(movieId, personId, job) VALUES(609242,69318,'Writer');
INSERT INTO MovieCredits(movieId, personId, job) VALUES(609242,414697,'Director of Photography');
INSERT INTO MovieCredits(movieId, personId, job) VALUES(609242,567536,'Director');
INSERT INTO MovieCredits(movieId, personId, job) VALUES(609242,938781,'Producer');
INSERT INTO MovieCredits(movieId, personId, job) VALUES(609242,983358,'Costume Design');
INSERT INTO MovieWeekPopularity(movieId, weekNr, popularity, voteAVG, voteCount) VALUES ('609242', 16, 350.783, 7.9, 483);
INSERT INTO Movies(id, title, overview, popularity, releaseDate, posterPath, voteCount, voteAvg, revenue, runtime, tagline) VALUES(577922,'Tenet','Armed with only one word - Tenet - and fighting for the survival of the entire world, the Protagonist journeys through a twilight world of international espionage on a mission that will unfold in something beyond real time.',358.071,'2020-08-22','/k68nPLbIST6NP96JmTxmZijEvCA.jpg',5045, 7.3,'3.63129e+08', 150, 'Time runs out.');
INSERT INTO MovieGenre(movieId, genreId) VALUES(577922,'28');
INSERT INTO MovieGenre(movieId, genreId) VALUES(577922,'53');
INSERT INTO MovieGenre(movieId, genreId) VALUES(577922,'878');
INSERT INTO MovieCountry(movieId, countryId) VALUES(577922,'GB');
INSERT INTO MovieCountry(movieId, countryId) VALUES(577922,'US');
INSERT INTO MovieCredits(movieId, personId, job) VALUES(577922,1117313,'Actor_The Protagonist');
INSERT INTO MovieCredits(movieId, personId, job) VALUES(577922,11288,'Actor_Neil');
INSERT INTO MovieCredits(movieId, personId, job) VALUES(577922,1133349,'Actor_Kat');
INSERT INTO MovieCredits(movieId, personId, job) VALUES(577922,11181,'Actor_Andrei Sator');
INSERT INTO MovieCredits(movieId, personId, job) VALUES(577922,78921,'Actor_Priya');
INSERT INTO MovieCredits(movieId, personId, job) VALUES(577922,1227717,'Actor_Mahir');
INSERT INTO MovieCredits(movieId, personId, job) VALUES(577922,525,'Director');
INSERT INTO MovieCredits(movieId, personId, job) VALUES(577922,525,'Producer');
INSERT INTO MovieCredits(movieId, personId, job) VALUES(577922,525,'Writer');
INSERT INTO MovieCredits(movieId, personId, job) VALUES(577922,556,'Producer');
INSERT INTO MovieCredits(movieId, personId, job) VALUES(577922,561,'Casting');
INSERT INTO MovieCredits(movieId, personId, job) VALUES(577922,6348,'Costume Design');
INSERT INTO MovieProvider(movieId, provider, service) VALUES(577922,2,'buy');
INSERT INTO MovieProvider(movieId, provider, service) VALUES(577922,3,'buy');
INSERT INTO MovieProvider(movieId, provider, service) VALUES(577922,130,'buy');
INSERT INTO MovieProvider(movieId, provider, service) VALUES(577922,10,'buy');
INSERT INTO MovieProvider(movieId, provider, service) VALUES(577922,40,'buy');
INSERT INTO MovieProvider(movieId, provider, service) VALUES(577922,192,'buy');
INSERT INTO MovieProvider(movieId, provider, service) VALUES(577922,20,'buy');
INSERT INTO MovieProvider(movieId, provider, service) VALUES(577922,133,'buy');
INSERT INTO MovieProvider(movieId, provider, service) VALUES(577922,35,'buy');
INSERT INTO MovieProvider(movieId, provider, service) VALUES(577922,178,'buy');
INSERT INTO MovieProvider(movieId, provider, service) VALUES(577922,68,'buy');
INSERT INTO MovieProvider(movieId, provider, service) VALUES(577922,3,'rent');
INSERT INTO MovieProvider(movieId, provider, service) VALUES(577922,192,'rent');
INSERT INTO MovieWeekPopularity(movieId, weekNr, popularity, voteAVG, voteCount) VALUES ('577922', 16, 358.071, 7.3, 5045);
INSERT INTO Movies(id, title, overview, popularity, releaseDate, posterPath, voteCount, voteAvg, revenue, runtime, tagline) VALUES(592350,'My Hero Academia: Heroes Rising','Class 1-A visits Nabu Island where they finally get to do some real hero work. The place is so peaceful that it\'s more like a vacation … until they\'re attacked by a villain with an unfathomable Quirk! His power is eerily familiar, and it looks like Shigaraki had a hand in the plan. But with All Might retired and citizens\' lives on the line, there\'s no time for questions. Deku and his friends are the next generation of heroes, and they\'re the island\'s only hope.',372.296,'2019-12-20','/zGVbrulkupqpbwgiNedkJPyQum4.jpg',680, 8.5,'2.990085e+07', 104, '');
INSERT INTO MovieGenre(movieId, genreId) VALUES(592350,'16');
INSERT INTO MovieGenre(movieId, genreId) VALUES(592350,'28');
INSERT INTO MovieGenre(movieId, genreId) VALUES(592350,'14');
INSERT INTO MovieGenre(movieId, genreId) VALUES(592350,'12');
INSERT INTO MovieCountry(movieId, countryId) VALUES(592350,'JP');
INSERT INTO MovieCredits(movieId, personId, job) VALUES(592350,1325962,'Actor_Izuku Midoriya (voice)');
INSERT INTO MovieCredits(movieId, personId, job) VALUES(592350,1245094,'Actor_Katsuki Bakugou (voice)');
INSERT INTO MovieCredits(movieId, personId, job) VALUES(592350,1247771,'Actor_Katsuma (voice)');
INSERT INTO MovieCredits(movieId, personId, job) VALUES(592350,1309253,'Actor_Mahoro (voice)');
INSERT INTO MovieCredits(movieId, personId, job) VALUES(592350,149894,'Actor_Shouto Todoroki (voice)');
INSERT INTO MovieCredits(movieId, personId, job) VALUES(592350,1324666,'Actor_Tenya Iida (voice)');
INSERT INTO MovieCredits(movieId, personId, job) VALUES(592350,116681,'Screenplay');
INSERT INTO MovieCredits(movieId, personId, job) VALUES(592350,552042,'Animation Director');
INSERT INTO MovieCredits(movieId, personId, job) VALUES(592350,552042,'Character Designer');
INSERT INTO MovieCredits(movieId, personId, job) VALUES(592350,1307036,'Director');
INSERT INTO MovieCredits(movieId, personId, job) VALUES(592350,1361301,'Animation Director');
INSERT INTO MovieCredits(movieId, personId, job) VALUES(592350,1505059,'Original Music Composer');
INSERT INTO MovieWeekPopularity(movieId, weekNr, popularity, voteAVG, voteCount) VALUES ('592350', 16, 372.296, 8.5, 680);
INSERT INTO Movies(id, title, overview, popularity, releaseDate, posterPath, voteCount, voteAvg, revenue, runtime, tagline) VALUES(786300,'Tentacles','A young Los Angeles couple Tara and Sam fall head over heels into a new romance, entwining their lives — until their intimacy transforms into something terrifying.',359.891,'2021-02-12','/kBKKXVbVwIP81u8Bnhguux48Sdn.jpg',67, 6.5,'0', 84, '');
INSERT INTO MovieGenre(movieId, genreId) VALUES(786300,'27');
INSERT INTO MovieGenre(movieId, genreId) VALUES(786300,'14');
INSERT INTO MovieGenre(movieId, genreId) VALUES(786300,'18');
INSERT INTO MovieGenre(movieId, genreId) VALUES(786300,'10770');
INSERT INTO MovieCountry(movieId, countryId) VALUES(786300,'US');
INSERT INTO MovieCredits(movieId, personId, job) VALUES(786300,1412526,'Actor_Sam');
INSERT INTO MovieCredits(movieId, personId, job) VALUES(786300,1691808,'Actor_Tara');
INSERT INTO MovieCredits(movieId, personId, job) VALUES(786300,59600,'Actor_Grant');
INSERT INTO MovieCredits(movieId, personId, job) VALUES(786300,1585049,'Actor_Engagement Man (uncredited)');
INSERT INTO MovieCredits(movieId, personId, job) VALUES(786300,2259640,'Actor_Theo');
INSERT INTO MovieCredits(movieId, personId, job) VALUES(786300,2169484,'Actor_MB');
INSERT INTO MovieCredits(movieId, personId, job) VALUES(786300,84348,'Executive Producer');
INSERT INTO MovieCredits(movieId, personId, job) VALUES(786300,1114792,'Executive Producer');
INSERT INTO MovieCredits(movieId, personId, job) VALUES(786300,1114792,'Story');
INSERT INTO MovieCredits(movieId, personId, job) VALUES(786300,1362823,'Director');
INSERT INTO MovieCredits(movieId, personId, job) VALUES(786300,1362823,'Executive Producer');
INSERT INTO MovieCredits(movieId, personId, job) VALUES(786300,1453878,'Editor');
INSERT INTO MovieWeekPopularity(movieId, weekNr, popularity, voteAVG, voteCount) VALUES ('786300', 16, 359.891, 6.5, 67);
INSERT INTO Movies(id, title, overview, popularity, releaseDate, posterPath, voteCount, voteAvg, revenue, runtime, tagline) VALUES(475557,'Joker','During the 1980s, a failed stand-up comedian is driven insane and turns to a life of crime and chaos in Gotham City while becoming an infamous psychopathic crime figure.',353.781,'2019-10-02','/udDclJoHjfjb8Ekgsd4FDteOkCU.jpg',17356, 8.2,'1.074251311e+09', 122, 'Put on a happy face.');
INSERT INTO MovieGenre(movieId, genreId) VALUES(475557,'80');
INSERT INTO MovieGenre(movieId, genreId) VALUES(475557,'53');
INSERT INTO MovieGenre(movieId, genreId) VALUES(475557,'18');
INSERT INTO MovieCountry(movieId, countryId) VALUES(475557,'CA');
INSERT INTO MovieCountry(movieId, countryId) VALUES(475557,'US');
INSERT INTO MovieCredits(movieId, personId, job) VALUES(475557,73421,'Actor_Arthur Fleck / Joker');
INSERT INTO MovieCredits(movieId, personId, job) VALUES(475557,380,'Actor_Murray Franklin');
INSERT INTO MovieCredits(movieId, personId, job) VALUES(475557,1545693,'Actor_Sophie Dumond');
INSERT INTO MovieCredits(movieId, personId, job) VALUES(475557,4432,'Actor_Penny Fleck');
INSERT INTO MovieCredits(movieId, personId, job) VALUES(475557,16841,'Actor_Thomas Wayne');
INSERT INTO MovieCredits(movieId, personId, job) VALUES(475557,74242,'Actor_Detective Burke');
INSERT INTO MovieCredits(movieId, personId, job) VALUES(475557,324,'Writer');
INSERT INTO MovieCredits(movieId, personId, job) VALUES(475557,1296,'Executive Producer');
INSERT INTO MovieCredits(movieId, personId, job) VALUES(475557,3794,'Characters');
INSERT INTO MovieCredits(movieId, personId, job) VALUES(475557,5670,'Production Design');
INSERT INTO MovieCredits(movieId, personId, job) VALUES(475557,5387,'Director of Photography');
INSERT INTO MovieCredits(movieId, personId, job) VALUES(475557,5387,'Cinematography');
INSERT INTO MovieProvider(movieId, provider, service) VALUES(475557,2,'buy');
INSERT INTO MovieProvider(movieId, provider, service) VALUES(475557,3,'buy');
INSERT INTO MovieProvider(movieId, provider, service) VALUES(475557,130,'buy');
INSERT INTO MovieProvider(movieId, provider, service) VALUES(475557,10,'buy');
INSERT INTO MovieProvider(movieId, provider, service) VALUES(475557,40,'buy');
INSERT INTO MovieProvider(movieId, provider, service) VALUES(475557,192,'buy');
INSERT INTO MovieProvider(movieId, provider, service) VALUES(475557,20,'buy');
INSERT INTO MovieProvider(movieId, provider, service) VALUES(475557,133,'buy');
INSERT INTO MovieProvider(movieId, provider, service) VALUES(475557,35,'buy');
INSERT INTO MovieProvider(movieId, provider, service) VALUES(475557,178,'buy');
INSERT INTO MovieProvider(movieId, provider, service) VALUES(475557,68,'buy');
INSERT INTO MovieProvider(movieId, provider, service) VALUES(475557,30,'flat');
INSERT INTO MovieProvider(movieId, provider, service) VALUES(475557,29,'flat');
INSERT INTO MovieWeekPopularity(movieId, weekNr, popularity, voteAVG, voteCount) VALUES ('475557', 16, 353.781, 8.2, 17356);
INSERT INTO Movies(id, title, overview, popularity, releaseDate, posterPath, voteCount, voteAvg, revenue, runtime, tagline) VALUES(338762,'Bloodshot','After he and his wife are murdered, marine Ray Garrison is resurrected by a team of scientists. Enhanced with nanotechnology, he becomes a superhuman, biotech killing machine—\'Bloodshot\'. As Ray first trains with fellow super-soldiers, he cannot recall anything from his former life. But when his memories flood back and he remembers the man that killed both him and his wife, he breaks out of the facility to get revenge, only to discover that there\'s more to the conspiracy than he thought.',301.213,'2020-03-05','/8WUVHemHFH2ZIP6NWkwlHWsyrEL.jpg',3732, 6.9,'3.3542457e+07', 110, 'Being a superhero is in his blood');
INSERT INTO MovieGenre(movieId, genreId) VALUES(338762,'28');
INSERT INTO MovieGenre(movieId, genreId) VALUES(338762,'878');
INSERT INTO MovieCountry(movieId, countryId) VALUES(338762,'CN');
INSERT INTO MovieCountry(movieId, countryId) VALUES(338762,'US');
INSERT INTO MovieCredits(movieId, personId, job) VALUES(338762,12835,'Actor_Ray Garrison / Bloodshot');
INSERT INTO MovieCredits(movieId, personId, job) VALUES(338762,1222992,'Actor_KT');
INSERT INTO MovieCredits(movieId, personId, job) VALUES(338762,209326,'Actor_Jimmy Dalton');
INSERT INTO MovieCredits(movieId, personId, job) VALUES(338762,20286,'Actor_Martin Axe');
INSERT INTO MovieCredits(movieId, personId, job) VALUES(338762,66441,'Actor_Gina Garrison');
INSERT INTO MovieCredits(movieId, personId, job) VALUES(338762,1181327,'Actor_Wilfred Wigans');
INSERT INTO MovieCredits(movieId, personId, job) VALUES(338762,561,'Casting');
INSERT INTO MovieCredits(movieId, personId, job) VALUES(338762,957,'Producer');
INSERT INTO MovieCredits(movieId, personId, job) VALUES(338762,957,'Executive Producer');
INSERT INTO MovieCredits(movieId, personId, job) VALUES(338762,5546,'Editor');
INSERT INTO MovieCredits(movieId, personId, job) VALUES(338762,11874,'Producer');
INSERT INTO MovieCredits(movieId, personId, job) VALUES(338762,12835,'Producer');
INSERT INTO MovieProvider(movieId, provider, service) VALUES(338762,2,'buy');
INSERT INTO MovieProvider(movieId, provider, service) VALUES(338762,3,'buy');
INSERT INTO MovieProvider(movieId, provider, service) VALUES(338762,130,'buy');
INSERT INTO MovieProvider(movieId, provider, service) VALUES(338762,10,'buy');
INSERT INTO MovieProvider(movieId, provider, service) VALUES(338762,40,'buy');
INSERT INTO MovieProvider(movieId, provider, service) VALUES(338762,192,'buy');
INSERT INTO MovieProvider(movieId, provider, service) VALUES(338762,20,'buy');
INSERT INTO MovieProvider(movieId, provider, service) VALUES(338762,35,'buy');
INSERT INTO MovieProvider(movieId, provider, service) VALUES(338762,178,'buy');
INSERT INTO MovieProvider(movieId, provider, service) VALUES(338762,68,'buy');
INSERT INTO MovieProvider(movieId, provider, service) VALUES(338762,30,'flat');
INSERT INTO MovieProvider(movieId, provider, service) VALUES(338762,29,'flat');
INSERT INTO MovieWeekPopularity(movieId, weekNr, popularity, voteAVG, voteCount) VALUES ('338762', 16, 301.213, 6.9, 3732);
INSERT INTO Movies(id, title, overview, popularity, releaseDate, posterPath, voteCount, voteAvg, revenue, runtime, tagline) VALUES(484718,'Coming 2 America','Prince Akeem Joffer is set to become King of Zamunda when he discovers he has a son he never knew about in America – a street savvy Queens native named Lavelle. Honoring his royal father\'s dying wish to groom this son as the crown prince, Akeem and Semmi set off to America once again.',346.363,'2021-03-05','/nWBPLkqNApY5pgrJFMiI9joSI30.jpg',1247, 6.8,'0', 110, 'A sequel is in the heir.');
INSERT INTO MovieGenre(movieId, genreId) VALUES(484718,'35');
INSERT INTO MovieCountry(movieId, countryId) VALUES(484718,'US');
INSERT INTO MovieCredits(movieId, personId, job) VALUES(484718,776,'Actor_Prince Akeem / Clarence / Saul / Randy Watson');
INSERT INTO MovieCredits(movieId, personId, job) VALUES(484718,44994,'Actor_Semmi / Morris / Reverend Brown / Baba');
INSERT INTO MovieCredits(movieId, personId, job) VALUES(484718,1488960,'Actor_Lavelle Junson');
INSERT INTO MovieCredits(movieId, personId, job) VALUES(484718,168452,'Actor_Mary Junson');
INSERT INTO MovieCredits(movieId, personId, job) VALUES(484718,56903,'Actor_Uncle Reem');
INSERT INTO MovieCredits(movieId, personId, job) VALUES(484718,1884703,'Actor_Meeka');
INSERT INTO MovieCredits(movieId, personId, job) VALUES(484718,776,'Producer');
INSERT INTO MovieCredits(movieId, personId, job) VALUES(484718,776,'Characters');
INSERT INTO MovieCredits(movieId, personId, job) VALUES(484718,10958,'Set Decoration');
INSERT INTO MovieCredits(movieId, personId, job) VALUES(484718,9639,'Supervising Art Director');
INSERT INTO MovieCredits(movieId, personId, job) VALUES(484718,14189,'Editor');
INSERT INTO MovieCredits(movieId, personId, job) VALUES(484718,15524,'Costume Design');
INSERT INTO MovieProvider(movieId, provider, service) VALUES(484718,9,'flat');
INSERT INTO MovieWeekPopularity(movieId, weekNr, popularity, voteAVG, voteCount) VALUES ('484718', 16, 346.363, 6.8, 1247);
INSERT INTO Movies(id, title, overview, popularity, releaseDate, posterPath, voteCount, voteAvg, revenue, runtime, tagline) VALUES(590223,'Love and Monsters','Seven years since the Monsterpocalypse began, Joel Dawson has been living underground in order to survive. But after reconnecting over radio with his high school girlfriend Aimee, Joel decides to venture out to reunite with her, despite all the dangerous monsters that stand in his way.',315.646,'2020-10-16','/r4Lm1XKP0VsTgHX4LG4syAwYA2I.jpg',1449, 7.5,'1.070714e+06', 109, 'An Apocalyptic Love Story');
INSERT INTO MovieGenre(movieId, genreId) VALUES(590223,'35');
INSERT INTO MovieGenre(movieId, genreId) VALUES(590223,'28');
INSERT INTO MovieGenre(movieId, genreId) VALUES(590223,'12');
INSERT INTO MovieGenre(movieId, genreId) VALUES(590223,'14');
INSERT INTO MovieCountry(movieId, countryId) VALUES(590223,'US');
INSERT INTO MovieCredits(movieId, personId, job) VALUES(590223,527393,'Actor_Joel Dawson');
INSERT INTO MovieCredits(movieId, personId, job) VALUES(590223,1202689,'Actor_Aimee');
INSERT INTO MovieCredits(movieId, personId, job) VALUES(590223,12132,'Actor_Clyde');
INSERT INTO MovieCredits(movieId, personId, job) VALUES(590223,1231108,'Actor_Cap');
INSERT INTO MovieCredits(movieId, personId, job) VALUES(590223,1767250,'Actor_Minnow');
INSERT INTO MovieCredits(movieId, personId, job) VALUES(590223,83218,'Actor_Dana');
INSERT INTO MovieCredits(movieId, personId, job) VALUES(590223,1373,'Production Design');
INSERT INTO MovieCredits(movieId, personId, job) VALUES(590223,1593,'Casting');
INSERT INTO MovieCredits(movieId, personId, job) VALUES(590223,7229,'Original Music Composer');
INSERT INTO MovieCredits(movieId, personId, job) VALUES(590223,17825,'Producer');
INSERT INTO MovieCredits(movieId, personId, job) VALUES(590223,52165,'Makeup & Hair');
INSERT INTO MovieCredits(movieId, personId, job) VALUES(590223,47288,'Executive Producer');
INSERT INTO MovieProvider(movieId, provider, service) VALUES(590223,8,'flat');
INSERT INTO MovieWeekPopularity(movieId, weekNr, popularity, voteAVG, voteCount) VALUES ('590223', 16, 315.646, 7.5, 1449);
INSERT INTO Movies(id, title, overview, popularity, releaseDate, posterPath, voteCount, voteAvg, revenue, runtime, tagline) VALUES(666750,'Dragonheart: Vengeance','Lukas, a young farmer whose family is killed by savage raiders in the countryside, sets out on an epic quest for revenge, forming an unlikely trio with a majestic dragon and a swashbuckling, sword-fighting mercenary, Darius.',311.625,'2020-02-04','/qs6gz6atyQcAvqC6qZaslOjliUG.jpg',217, 7,'0', 97, '');
INSERT INTO MovieGenre(movieId, genreId) VALUES(666750,'14');
INSERT INTO MovieGenre(movieId, genreId) VALUES(666750,'28');
INSERT INTO MovieGenre(movieId, genreId) VALUES(666750,'12');
INSERT INTO MovieCountry(movieId, countryId) VALUES(666750,'US');
INSERT INTO MovieCredits(movieId, personId, job) VALUES(666750,1190069,'Actor_Darius');
INSERT INTO MovieCredits(movieId, personId, job) VALUES(666750,2337312,'Actor_Lukas');
INSERT INTO MovieCredits(movieId, personId, job) VALUES(666750,1788969,'Actor_King Razvan');
INSERT INTO MovieCredits(movieId, personId, job) VALUES(666750,1283,'Actor_Siveth (voice)');
INSERT INTO MovieCredits(movieId, personId, job) VALUES(666750,1789284,'Actor_The Snake');
INSERT INTO MovieCredits(movieId, personId, job) VALUES(666750,1317450,'Actor_The Scorpion');
INSERT INTO MovieCredits(movieId, personId, job) VALUES(666750,12507,'Producer');
INSERT INTO MovieCredits(movieId, personId, job) VALUES(666750,29940,'Casting');
INSERT INTO MovieCredits(movieId, personId, job) VALUES(666750,41385,'Line Producer');
INSERT INTO MovieCredits(movieId, personId, job) VALUES(666750,56058,'Characters');
INSERT INTO MovieCredits(movieId, personId, job) VALUES(666750,56059,'Characters');
INSERT INTO MovieCredits(movieId, personId, job) VALUES(666750,60450,'Music');
INSERT INTO MovieProvider(movieId, provider, service) VALUES(666750,2,'buy');
INSERT INTO MovieProvider(movieId, provider, service) VALUES(666750,3,'buy');
INSERT INTO MovieProvider(movieId, provider, service) VALUES(666750,130,'buy');
INSERT INTO MovieProvider(movieId, provider, service) VALUES(666750,10,'buy');
INSERT INTO MovieProvider(movieId, provider, service) VALUES(666750,40,'buy');
INSERT INTO MovieProvider(movieId, provider, service) VALUES(666750,192,'buy');
INSERT INTO MovieProvider(movieId, provider, service) VALUES(666750,20,'buy');
INSERT INTO MovieProvider(movieId, provider, service) VALUES(666750,178,'buy');
INSERT INTO MovieProvider(movieId, provider, service) VALUES(666750,68,'buy');
INSERT INTO MovieProvider(movieId, provider, service) VALUES(666750,2,'rent');
INSERT INTO MovieProvider(movieId, provider, service) VALUES(666750,3,'rent');
INSERT INTO MovieProvider(movieId, provider, service) VALUES(666750,130,'rent');
INSERT INTO MovieProvider(movieId, provider, service) VALUES(666750,10,'rent');
INSERT INTO MovieProvider(movieId, provider, service) VALUES(666750,40,'rent');
INSERT INTO MovieProvider(movieId, provider, service) VALUES(666750,192,'rent');
INSERT INTO MovieProvider(movieId, provider, service) VALUES(666750,178,'rent');
INSERT INTO MovieProvider(movieId, provider, service) VALUES(666750,68,'rent');
INSERT INTO MovieWeekPopularity(movieId, weekNr, popularity, voteAVG, voteCount) VALUES ('666750', 16, 311.625, 7, 217);
INSERT INTO Movies(id, title, overview, popularity, releaseDate, posterPath, voteCount, voteAvg, revenue, runtime, tagline) VALUES(283566,'Evangelion: 3.0+1.0 Thrice Upon a Time','In the aftermath of the Fourth Impact, stranded without their Evangelions, Shinji, Asuka, and Rei search for refuge in the desolate red remains of Tokyo-3. But the danger to the world is far from over. A new impact is looming on the horizon—one that will prove to be the true end of Evangelion.',337.083,'2021-03-08','/jDwZavHo99JtGsCyRzp4epeeBHx.jpg',6, 6.5,'0', 155, 'Bye-bye, all of EVANGELION.');
INSERT INTO MovieGenre(movieId, genreId) VALUES(283566,'16');
INSERT INTO MovieGenre(movieId, genreId) VALUES(283566,'28');
INSERT INTO MovieGenre(movieId, genreId) VALUES(283566,'18');
INSERT INTO MovieGenre(movieId, genreId) VALUES(283566,'878');
INSERT INTO MovieCountry(movieId, countryId) VALUES(283566,'JP');
INSERT INTO MovieCredits(movieId, personId, job) VALUES(283566,77927,'Actor_Shinji Ikari (voice)');
INSERT INTO MovieCredits(movieId, personId, job) VALUES(283566,40325,'Actor_Rei Ayanami (voice)');
INSERT INTO MovieCredits(movieId, personId, job) VALUES(283566,83768,'Actor_Asuka Langley Shikinami (voice)');
INSERT INTO MovieCredits(movieId, personId, job) VALUES(283566,77931,'Actor_Misato Katsuragi (voice)');
INSERT INTO MovieCredits(movieId, personId, job) VALUES(283566,77933,'Actor_Ritsuko Akagi (voice)');
INSERT INTO MovieCredits(movieId, personId, job) VALUES(283566,9711,'Actor_Mari Illustrious Makinami (voice)');
INSERT INTO MovieCredits(movieId, personId, job) VALUES(283566,17132,'Music');
INSERT INTO MovieCredits(movieId, personId, job) VALUES(283566,56341,'Director');
INSERT INTO MovieCredits(movieId, personId, job) VALUES(283566,77921,'Screenplay');
INSERT INTO MovieCredits(movieId, personId, job) VALUES(283566,77921,'Director');
INSERT INTO MovieCredits(movieId, personId, job) VALUES(283566,77921,'Creator');
INSERT INTO MovieCredits(movieId, personId, job) VALUES(283566,77923,'Director');
INSERT INTO MovieWeekPopularity(movieId, weekNr, popularity, voteAVG, voteCount) VALUES ('283566', 16, 337.083, 6.5, 6);
INSERT INTO Movies(id, title, overview, popularity, releaseDate, posterPath, voteCount, voteAvg, revenue, runtime, tagline) VALUES(631939,'Legionnaires Trail','Noreno, a half-Roman, is entrusted with the mission of crossing the snowy mountains of Armenia, swarming with Parthian patrols, to seek help for his slowly dying men.',283.173,'2020-05-08','/6ssoBXQOxNhrsGJoM6Tcvm57V79.jpg',67, 6.5,'0', 96, '');
INSERT INTO MovieGenre(movieId, genreId) VALUES(631939,'36');
INSERT INTO MovieGenre(movieId, genreId) VALUES(631939,'28');
INSERT INTO MovieGenre(movieId, genreId) VALUES(631939,'12');
INSERT INTO MovieCountry(movieId, countryId) VALUES(631939,'ES');
INSERT INTO MovieCountry(movieId, countryId) VALUES(631939,'US');
INSERT INTO MovieCredits(movieId, personId, job) VALUES(631939,2295,'Actor_Corbulo');
INSERT INTO MovieCredits(movieId, personId, job) VALUES(631939,39126,'Actor_Amirah');
INSERT INTO MovieCredits(movieId, personId, job) VALUES(631939,22462,'Actor_Paetus');
INSERT INTO MovieCredits(movieId, personId, job) VALUES(631939,19898,'Actor_Marcus');
INSERT INTO MovieCredits(movieId, personId, job) VALUES(631939,120234,'Actor_');
INSERT INTO MovieCredits(movieId, personId, job) VALUES(631939,33401,'Actor_Saul');
INSERT INTO MovieCredits(movieId, personId, job) VALUES(631939,22453,'Director');
INSERT INTO MovieProvider(movieId, provider, service) VALUES(631939,2,'buy');
INSERT INTO MovieProvider(movieId, provider, service) VALUES(631939,3,'buy');
INSERT INTO MovieProvider(movieId, provider, service) VALUES(631939,130,'buy');
INSERT INTO MovieProvider(movieId, provider, service) VALUES(631939,10,'buy');
INSERT INTO MovieProvider(movieId, provider, service) VALUES(631939,40,'buy');
INSERT INTO MovieProvider(movieId, provider, service) VALUES(631939,192,'buy');
INSERT INTO MovieProvider(movieId, provider, service) VALUES(631939,20,'buy');
INSERT INTO MovieProvider(movieId, provider, service) VALUES(631939,133,'buy');
INSERT INTO MovieProvider(movieId, provider, service) VALUES(631939,35,'buy');
INSERT INTO MovieProvider(movieId, provider, service) VALUES(631939,178,'buy');
INSERT INTO MovieProvider(movieId, provider, service) VALUES(631939,2,'rent');
INSERT INTO MovieProvider(movieId, provider, service) VALUES(631939,3,'rent');
INSERT INTO MovieProvider(movieId, provider, service) VALUES(631939,130,'rent');
INSERT INTO MovieProvider(movieId, provider, service) VALUES(631939,10,'rent');
INSERT INTO MovieProvider(movieId, provider, service) VALUES(631939,40,'rent');
INSERT INTO MovieProvider(movieId, provider, service) VALUES(631939,192,'rent');
INSERT INTO MovieProvider(movieId, provider, service) VALUES(631939,20,'rent');
INSERT INTO MovieProvider(movieId, provider, service) VALUES(631939,133,'rent');
INSERT INTO MovieProvider(movieId, provider, service) VALUES(631939,35,'rent');
INSERT INTO MovieProvider(movieId, provider, service) VALUES(631939,178,'rent');
INSERT INTO MovieProvider(movieId, provider, service) VALUES(631939,177,'rent');
INSERT INTO MovieWeekPopularity(movieId, weekNr, popularity, voteAVG, voteCount) VALUES ('631939', 16, 283.173, 6.5, 67);
INSERT INTO Movies(id, title, overview, popularity, releaseDate, posterPath, voteCount, voteAvg, revenue, runtime, tagline) VALUES(520946,'100% Wolf','Freddy Lupin, heir to a proud family line of werewolves, is in for a shock when on his 14th birthday his first \'warfing\' goes awry, turning him into a ferocious poodle. The pack elders give Freddy until the next moonrise to prove he has the heart of a wolf, or risk being cast out forever. With the help of an unlikely ally in a streetwise stray named Batty, Freddy must prove he\'s 100% Wolf.',299.943,'2020-06-26','/2VrvxK4yxNCU6KVgo5TADJeBEQu.jpg',134, 5.6,'4.608579e+06', 96, 'Every pack needs a leader!');
INSERT INTO MovieGenre(movieId, genreId) VALUES(520946,'10751');
INSERT INTO MovieGenre(movieId, genreId) VALUES(520946,'16');
INSERT INTO MovieGenre(movieId, genreId) VALUES(520946,'14');
INSERT INTO MovieCountry(movieId, countryId) VALUES(520946,'AU');
INSERT INTO MovieCountry(movieId, countryId) VALUES(520946,'BE');
INSERT INTO MovieCredits(movieId, personId, job) VALUES(520946,2634036,'Actor_Freddy Lupin (voice)');
INSERT INTO MovieCredits(movieId, personId, job) VALUES(520946,224181,'Actor_Flasheart (voice)');
INSERT INTO MovieCredits(movieId, personId, job) VALUES(520946,1372369,'Actor_Batty (voice)');
INSERT INTO MovieCredits(movieId, personId, job) VALUES(520946,82666,'Actor_Foxwell Cripp (voice)');
INSERT INTO MovieCredits(movieId, personId, job) VALUES(520946,43775,'Actor_The Commander (voice)');
INSERT INTO MovieCredits(movieId, personId, job) VALUES(520946,211412,'Actor_Uncle Hotspur (voice)');
INSERT INTO MovieCredits(movieId, personId, job) VALUES(520946,1304466,'Director');
INSERT INTO MovieCredits(movieId, personId, job) VALUES(520946,1414901,'Writer');
INSERT INTO MovieCredits(movieId, personId, job) VALUES(520946,2030779,'Producer');
INSERT INTO MovieCredits(movieId, personId, job) VALUES(520946,2030780,'Producer');
INSERT INTO MovieCredits(movieId, personId, job) VALUES(520946,2030781,'Novel');
INSERT INTO MovieCredits(movieId, personId, job) VALUES(520946,2051288,'Executive Producer');
INSERT INTO MovieWeekPopularity(movieId, weekNr, popularity, voteAVG, voteCount) VALUES ('520946', 16, 299.943, 5.6, 134);
INSERT INTO Movies(id, title, overview, popularity, releaseDate, posterPath, voteCount, voteAvg, revenue, runtime, tagline) VALUES(299536,'Avengers: Infinity War','As the Avengers and their allies have continued to protect the world from threats too large for any one hero to handle, a new danger has emerged from the cosmic shadows: Thanos. A despot of intergalactic infamy, his goal is to collect all six Infinity Stones, artifacts of unimaginable power, and use them to inflict his twisted will on all of reality. Everything the Avengers have fought for has led up to this moment - the fate of Earth and existence itself has never been more uncertain.',294.685,'2018-04-25','/7WsyChQLEftFiDOVTGkv3hFpyyt.jpg',21593, 8.3,'2.046239637e+09', 149, 'An entire universe. Once and for all.');
INSERT INTO MovieGenre(movieId, genreId) VALUES(299536,'12');
INSERT INTO MovieGenre(movieId, genreId) VALUES(299536,'28');
INSERT INTO MovieGenre(movieId, genreId) VALUES(299536,'878');
INSERT INTO MovieCountry(movieId, countryId) VALUES(299536,'US');
INSERT INTO MovieCredits(movieId, personId, job) VALUES(299536,3223,'Actor_Tony Stark / Iron Man');
INSERT INTO MovieCredits(movieId, personId, job) VALUES(299536,74568,'Actor_Thor Odinson');
INSERT INTO MovieCredits(movieId, personId, job) VALUES(299536,16828,'Actor_Steve Rogers / Captain America');
INSERT INTO MovieCredits(movieId, personId, job) VALUES(299536,1245,'Actor_Natasha Romanoff / Black Widow');
INSERT INTO MovieCredits(movieId, personId, job) VALUES(299536,71580,'Actor_Stephen Strange / Doctor Strange');
INSERT INTO MovieCredits(movieId, personId, job) VALUES(299536,1136406,'Actor_Peter Parker / Spider-Man');
INSERT INTO MovieCredits(movieId, personId, job) VALUES(299536,37,'Original Music Composer');
INSERT INTO MovieCredits(movieId, personId, job) VALUES(299536,3504,'Sound Designer');
INSERT INTO MovieCredits(movieId, personId, job) VALUES(299536,3996,'Sound Re-Recording Mixer');
INSERT INTO MovieCredits(movieId, personId, job) VALUES(299536,7232,'Casting');
INSERT INTO MovieCredits(movieId, personId, job) VALUES(299536,7235,'Art Direction');
INSERT INTO MovieCredits(movieId, personId, job) VALUES(299536,5551,'Screenplay');
INSERT INTO MovieProvider(movieId, provider, service) VALUES(299536,2,'buy');
INSERT INTO MovieProvider(movieId, provider, service) VALUES(299536,130,'buy');
INSERT INTO MovieProvider(movieId, provider, service) VALUES(299536,10,'buy');
INSERT INTO MovieProvider(movieId, provider, service) VALUES(299536,35,'buy');
INSERT INTO MovieProvider(movieId, provider, service) VALUES(299536,178,'buy');
INSERT INTO MovieProvider(movieId, provider, service) VALUES(299536,68,'buy');
INSERT INTO MovieProvider(movieId, provider, service) VALUES(299536,2,'rent');
INSERT INTO MovieProvider(movieId, provider, service) VALUES(299536,130,'rent');
INSERT INTO MovieProvider(movieId, provider, service) VALUES(299536,10,'rent');
INSERT INTO MovieProvider(movieId, provider, service) VALUES(299536,35,'rent');
INSERT INTO MovieProvider(movieId, provider, service) VALUES(299536,178,'rent');
INSERT INTO MovieProvider(movieId, provider, service) VALUES(299536,177,'rent');
INSERT INTO MovieProvider(movieId, provider, service) VALUES(299536,68,'rent');
INSERT INTO MovieProvider(movieId, provider, service) VALUES(299536,337,'flat');
INSERT INTO MovieWeekPopularity(movieId, weekNr, popularity, voteAVG, voteCount) VALUES ('299536', 16, 294.685, 8.3, 21593);
INSERT INTO Movies(id, title, overview, popularity, releaseDate, posterPath, voteCount, voteAvg, revenue, runtime, tagline) VALUES(545609,'Extraction','Tyler Rake, a fearless mercenary who offers his services on the black market, embarks on a dangerous mission when he is hired to rescue the kidnapped son of a Mumbai crime lord.',293.868,'2020-04-24','/wlfDxbGEsW58vGhFljKkcR5IxDj.jpg',3764, 7.4,'0', 116, 'When the mission ends, redemption begins');
INSERT INTO MovieGenre(movieId, genreId) VALUES(545609,'18');
INSERT INTO MovieGenre(movieId, genreId) VALUES(545609,'28');
INSERT INTO MovieGenre(movieId, genreId) VALUES(545609,'53');
INSERT INTO MovieCountry(movieId, countryId) VALUES(545609,'US');
INSERT INTO MovieCredits(movieId, personId, job) VALUES(545609,74568,'Actor_Tyler Rake');
INSERT INTO MovieCredits(movieId, personId, job) VALUES(545609,2298804,'Actor_Ovi Mahajan');
INSERT INTO MovieCredits(movieId, personId, job) VALUES(545609,6519,'Actor_Saju');
INSERT INTO MovieCredits(movieId, personId, job) VALUES(545609,229932,'Actor_Nik Khan');
INSERT INTO MovieCredits(movieId, personId, job) VALUES(545609,1179460,'Actor_Ovi Mahajan Sr.');
INSERT INTO MovieCredits(movieId, personId, job) VALUES(545609,35029,'Actor_Gaspar');
INSERT INTO MovieCredits(movieId, personId, job) VALUES(545609,1317,'Production Design');
INSERT INTO MovieCredits(movieId, personId, job) VALUES(545609,7232,'Casting');
INSERT INTO MovieCredits(movieId, personId, job) VALUES(545609,9583,'Supervising Art Director');
INSERT INTO MovieCredits(movieId, personId, job) VALUES(545609,9040,'Director of Photography');
INSERT INTO MovieCredits(movieId, personId, job) VALUES(545609,14924,'Visual Effects Supervisor');
INSERT INTO MovieCredits(movieId, personId, job) VALUES(545609,19271,'Producer');
INSERT INTO MovieProvider(movieId, provider, service) VALUES(545609,8,'flat');
INSERT INTO MovieWeekPopularity(movieId, weekNr, popularity, voteAVG, voteCount) VALUES ('545609', 16, 293.868, 7.4, 3764);
INSERT INTO Movies(id, title, overview, popularity, releaseDate, posterPath, voteCount, voteAvg, revenue, runtime, tagline) VALUES(531499,'The Tax Collector','David Cuevas is a family man who works as a gangland tax collector for high ranking Los Angeles gang members. He makes collections across the city with his partner Creeper making sure people pay up or will see retaliation. An old threat returns to Los Angeles that puts everything David loves in harm’s way.',288.399,'2020-08-07','/3eg0kGC2Xh0vhydJHO37Sp4cmMt.jpg',280, 5.8,'942666', 95, 'Payback comes with interest.');
INSERT INTO MovieGenre(movieId, genreId) VALUES(531499,'28');
INSERT INTO MovieGenre(movieId, genreId) VALUES(531499,'80');
INSERT INTO MovieGenre(movieId, genreId) VALUES(531499,'18');
INSERT INTO MovieCountry(movieId, countryId) VALUES(531499,'US');
INSERT INTO MovieCredits(movieId, personId, job) VALUES(531499,150676,'Actor_David Cuervas');
INSERT INTO MovieCredits(movieId, personId, job) VALUES(531499,1201138,'Actor_Alexis');
INSERT INTO MovieCredits(movieId, personId, job) VALUES(531499,41798,'Actor_Uncle Louis');
INSERT INTO MovieCredits(movieId, personId, job) VALUES(531499,1102,'Actor_Janet');
INSERT INTO MovieCredits(movieId, personId, job) VALUES(531499,10959,'Actor_Creeper');
INSERT INTO MovieCredits(movieId, personId, job) VALUES(531499,177231,'Actor_Favi');
INSERT INTO MovieCredits(movieId, personId, job) VALUES(531499,5914,'Casting');
INSERT INTO MovieCredits(movieId, personId, job) VALUES(531499,7236,'Production Design');
INSERT INTO MovieCredits(movieId, personId, job) VALUES(531499,8408,'Director of Photography');
INSERT INTO MovieCredits(movieId, personId, job) VALUES(531499,19769,'Screenplay');
INSERT INTO MovieCredits(movieId, personId, job) VALUES(531499,19769,'Director');
INSERT INTO MovieCredits(movieId, personId, job) VALUES(531499,16368,'Original Music Composer');
INSERT INTO MovieProvider(movieId, provider, service) VALUES(531499,2,'buy');
INSERT INTO MovieProvider(movieId, provider, service) VALUES(531499,3,'buy');
INSERT INTO MovieProvider(movieId, provider, service) VALUES(531499,130,'buy');
INSERT INTO MovieProvider(movieId, provider, service) VALUES(531499,10,'buy');
INSERT INTO MovieProvider(movieId, provider, service) VALUES(531499,40,'buy');
INSERT INTO MovieProvider(movieId, provider, service) VALUES(531499,192,'buy');
INSERT INTO MovieProvider(movieId, provider, service) VALUES(531499,20,'buy');
INSERT INTO MovieProvider(movieId, provider, service) VALUES(531499,35,'buy');
INSERT INTO MovieProvider(movieId, provider, service) VALUES(531499,178,'buy');
INSERT INTO MovieProvider(movieId, provider, service) VALUES(531499,68,'buy');
INSERT INTO MovieProvider(movieId, provider, service) VALUES(531499,2,'rent');
INSERT INTO MovieProvider(movieId, provider, service) VALUES(531499,3,'rent');
INSERT INTO MovieProvider(movieId, provider, service) VALUES(531499,130,'rent');
INSERT INTO MovieProvider(movieId, provider, service) VALUES(531499,10,'rent');
INSERT INTO MovieProvider(movieId, provider, service) VALUES(531499,40,'rent');
INSERT INTO MovieProvider(movieId, provider, service) VALUES(531499,192,'rent');
INSERT INTO MovieProvider(movieId, provider, service) VALUES(531499,20,'rent');
INSERT INTO MovieProvider(movieId, provider, service) VALUES(531499,35,'rent');
INSERT INTO MovieProvider(movieId, provider, service) VALUES(531499,178,'rent');
INSERT INTO MovieProvider(movieId, provider, service) VALUES(531499,68,'rent');
INSERT INTO MovieWeekPopularity(movieId, weekNr, popularity, voteAVG, voteCount) VALUES ('531499', 16, 288.399, 5.8, 280);
INSERT INTO Movies(id, title, overview, popularity, releaseDate, posterPath, voteCount, voteAvg, revenue, runtime, tagline) VALUES(20982,'Naruto Shippuden the Movie','Demons that once almost destroyed the world, are revived by someone. To prevent the world from being destroyed, the demon has to be sealed and the only one who can do it is the shrine maiden Shion from the country of demons, who has two powers; one is sealing demons and the other is predicting the deaths of humans. This time Naruto\'s mission is to guard Shion, but she predicts Naruto\'s death. The only way to escape it, is to get away from Shion, which would leave her unguarded, then the demon, whose only goal is to kill Shion will do so, thus meaning the end of the world. Naruto decides to challenge this "prediction of death."',283.654,'2007-08-04','/vDkct38sSFSWJIATlfJw0l3QOIR.jpg',306, 7.1,'0', 94, '');
INSERT INTO MovieGenre(movieId, genreId) VALUES(20982,'10751');
INSERT INTO MovieGenre(movieId, genreId) VALUES(20982,'28');
INSERT INTO MovieGenre(movieId, genreId) VALUES(20982,'16');
INSERT INTO MovieGenre(movieId, genreId) VALUES(20982,'12');
INSERT INTO MovieGenre(movieId, genreId) VALUES(20982,'14');
INSERT INTO MovieCountry(movieId, countryId) VALUES(20982,'JP');
INSERT INTO MovieCredits(movieId, personId, job) VALUES(20982,82055,'Actor_Naruto Uzumaki (voice)');
INSERT INTO MovieCredits(movieId, personId, job) VALUES(20982,82057,'Actor_Sakura Haruno (voice)');
INSERT INTO MovieCredits(movieId, personId, job) VALUES(20982,89971,'Actor_Rock Lee (voice)');
INSERT INTO MovieCredits(movieId, personId, job) VALUES(20982,550662,'Actor_Neji Hyûga (voice)');
INSERT INTO MovieCredits(movieId, personId, job) VALUES(20982,89835,'Actor_Shion (voice)');
INSERT INTO MovieCredits(movieId, personId, job) VALUES(20982,1221880,'Actor_Taruho (voice)');
INSERT INTO MovieCredits(movieId, personId, job) VALUES(20982,80751,'Storyboard');
INSERT INTO MovieCredits(movieId, personId, job) VALUES(20982,80751,'Key Animation');
INSERT INTO MovieCredits(movieId, personId, job) VALUES(20982,89963,'Writer');
INSERT INTO MovieCredits(movieId, personId, job) VALUES(20982,89972,'Director');
INSERT INTO MovieCredits(movieId, personId, job) VALUES(20982,201835,'Writer');
INSERT INTO MovieProvider(movieId, provider, service) VALUES(20982,2,'buy');
INSERT INTO MovieProvider(movieId, provider, service) VALUES(20982,10,'buy');
INSERT INTO MovieProvider(movieId, provider, service) VALUES(20982,20,'buy');
INSERT INTO MovieProvider(movieId, provider, service) VALUES(20982,178,'buy');
INSERT INTO MovieWeekPopularity(movieId, weekNr, popularity, voteAVG, voteCount) VALUES ('20982', 16, 283.654, 7.1, 306);
INSERT INTO Movies(id, title, overview, popularity, releaseDate, posterPath, voteCount, voteAvg, revenue, runtime, tagline) VALUES(682254,'Scooby-Doo! The Sword and the Scoob','An evil sorceress transports the gang back to the age of chivalrous knights, spell-casting wizards, and fire-breathing dragons.',291.894,'2021-02-22','/sCoG0ibohbPrnyomtzegSuBL40L.jpg',79, 7.8,'0', 72, 'Mystery, inc. is back!');
INSERT INTO MovieGenre(movieId, genreId) VALUES(682254,'16');
INSERT INTO MovieGenre(movieId, genreId) VALUES(682254,'35');
INSERT INTO MovieGenre(movieId, genreId) VALUES(682254,'10751');
INSERT INTO MovieGenre(movieId, genreId) VALUES(682254,'9648');
INSERT INTO MovieGenre(movieId, genreId) VALUES(682254,'12');
INSERT INTO MovieCountry(movieId, countryId) VALUES(682254,'US');
INSERT INTO MovieCredits(movieId, personId, job) VALUES(682254,15831,'Actor_Scooby-Doo / Fred Jones / Monster (voice)');
INSERT INTO MovieCredits(movieId, personId, job) VALUES(682254,15761,'Actor_Daphne Blake (voice)');
INSERT INTO MovieCredits(movieId, personId, job) VALUES(682254,26457,'Actor_Shaggy Rogers (voice)');
INSERT INTO MovieCredits(movieId, personId, job) VALUES(682254,132354,'Actor_Velma Dinkley / Sandi (voice)');
INSERT INTO MovieCredits(movieId, personId, job) VALUES(682254,11355,'Actor_King Arthur Pendragon (voice)');
INSERT INTO MovieCredits(movieId, personId, job) VALUES(682254,4031,'Actor_Herald / Herman Ellinger / British Passenger (voice)');
INSERT INTO MovieCredits(movieId, personId, job) VALUES(682254,15831,'Vocals');
INSERT INTO MovieCredits(movieId, personId, job) VALUES(682254,13594,'Characters');
INSERT INTO MovieCredits(movieId, personId, job) VALUES(682254,13620,'Characters');
INSERT INTO MovieCredits(movieId, personId, job) VALUES(682254,81597,'Director');
INSERT INTO MovieCredits(movieId, personId, job) VALUES(682254,81597,'Producer');
INSERT INTO MovieCredits(movieId, personId, job) VALUES(682254,81597,'Writer');
INSERT INTO MovieWeekPopularity(movieId, weekNr, popularity, voteAVG, voteCount) VALUES ('682254', 16, 291.894, 7.8, 79);
INSERT INTO Movies(id, title, overview, popularity, releaseDate, posterPath, voteCount, voteAvg, revenue, runtime, tagline) VALUES(400160,'The SpongeBob Movie: Sponge on the Run','When his best friend Gary is suddenly snatched away, SpongeBob takes Patrick on a madcap mission far beyond Bikini Bottom to save their pink-shelled pal.',299.453,'2020-08-14','/jlJ8nDhMhCYJuzOw3f52CP1W8MW.jpg',2131, 7.8,'4.7e+06', 95, 'They\'re Not in Bikini Bottom Anymore.');
INSERT INTO MovieGenre(movieId, genreId) VALUES(400160,'16');
INSERT INTO MovieGenre(movieId, genreId) VALUES(400160,'14');
INSERT INTO MovieGenre(movieId, genreId) VALUES(400160,'12');
INSERT INTO MovieGenre(movieId, genreId) VALUES(400160,'35');
INSERT INTO MovieGenre(movieId, genreId) VALUES(400160,'10751');
INSERT INTO MovieCountry(movieId, countryId) VALUES(400160,'KR');
INSERT INTO MovieCountry(movieId, countryId) VALUES(400160,'US');
INSERT INTO MovieCredits(movieId, personId, job) VALUES(400160,78798,'Actor_SpongeBob SquarePants / Gary the Snail (voice)');
INSERT INTO MovieCredits(movieId, personId, job) VALUES(400160,34398,'Actor_Patrick Star (voice)');
INSERT INTO MovieCredits(movieId, personId, job) VALUES(400160,70615,'Actor_Squidward Tentacles (voice)');
INSERT INTO MovieCredits(movieId, personId, job) VALUES(400160,188229,'Actor_Plankton (voice)');
INSERT INTO MovieCredits(movieId, personId, job) VALUES(400160,6384,'Actor_Sage');
INSERT INTO MovieCredits(movieId, personId, job) VALUES(400160,6574,'Actor_Mr. Krabs (voice)');
INSERT INTO MovieCredits(movieId, personId, job) VALUES(400160,947,'Original Music Composer');
INSERT INTO MovieCredits(movieId, personId, job) VALUES(400160,9776,'Executive Producer');
INSERT INTO MovieCredits(movieId, personId, job) VALUES(400160,15894,'Supervising Sound Editor');
INSERT INTO MovieCredits(movieId, personId, job) VALUES(400160,49903,'Screenplay');
INSERT INTO MovieCredits(movieId, personId, job) VALUES(400160,49903,'Director');
INSERT INTO MovieCredits(movieId, personId, job) VALUES(400160,49903,'Story');
INSERT INTO MovieProvider(movieId, provider, service) VALUES(400160,8,'flat');
INSERT INTO MovieProvider(movieId, provider, service) VALUES(400160,175,'flat');
INSERT INTO MovieWeekPopularity(movieId, weekNr, popularity, voteAVG, voteCount) VALUES ('400160', 16, 299.453, 7.8, 2131);
INSERT INTO Movies(id, title, overview, popularity, releaseDate, posterPath, voteCount, voteAvg, revenue, runtime, tagline) VALUES(599281,'Fear of Rain','A teenage girl living with schizophrenia begins to suspect her neighbor has kidnapped a child. Her parents try desperately to help her live a normal life, without exposing their own tragic secrets, and the only person who believes her is Caleb – a boy she isn’t even sure exists.',285.098,'2021-02-12','/b2shaNA4F8zNIwoRYr33lPTiFfl.jpg',203, 7.2,'0', 109, 'Some voices you can\'t outrun');
INSERT INTO MovieGenre(movieId, genreId) VALUES(599281,'53');
INSERT INTO MovieGenre(movieId, genreId) VALUES(599281,'27');
INSERT INTO MovieGenre(movieId, genreId) VALUES(599281,'18');
INSERT INTO MovieCountry(movieId, countryId) VALUES(599281,'US');
INSERT INTO MovieCredits(movieId, personId, job) VALUES(599281,25541,'Actor_Michelle Burroughs');
INSERT INTO MovieCredits(movieId, personId, job) VALUES(599281,18688,'Actor_John Burroughs');
INSERT INTO MovieCredits(movieId, personId, job) VALUES(599281,1597855,'Actor_Rain Burroughs');
INSERT INTO MovieCredits(movieId, personId, job) VALUES(599281,969140,'Actor_Caleb');
INSERT INTO MovieCredits(movieId, personId, job) VALUES(599281,90364,'Actor_Dr. Elyn Pangloss');
INSERT INTO MovieCredits(movieId, personId, job) VALUES(599281,1317693,'Actor_Dani McConnell');
INSERT INTO MovieCredits(movieId, personId, job) VALUES(599281,1448492,'Director');
INSERT INTO MovieCredits(movieId, personId, job) VALUES(599281,1448492,'Writer');
INSERT INTO MovieProvider(movieId, provider, service) VALUES(599281,2,'buy');
INSERT INTO MovieProvider(movieId, provider, service) VALUES(599281,3,'buy');
INSERT INTO MovieProvider(movieId, provider, service) VALUES(599281,130,'buy');
INSERT INTO MovieProvider(movieId, provider, service) VALUES(599281,10,'buy');
INSERT INTO MovieProvider(movieId, provider, service) VALUES(599281,192,'buy');
INSERT INTO MovieProvider(movieId, provider, service) VALUES(599281,20,'buy');
INSERT INTO MovieProvider(movieId, provider, service) VALUES(599281,133,'buy');
INSERT INTO MovieProvider(movieId, provider, service) VALUES(599281,178,'buy');
INSERT INTO MovieProvider(movieId, provider, service) VALUES(599281,68,'buy');
INSERT INTO MovieProvider(movieId, provider, service) VALUES(599281,2,'rent');
INSERT INTO MovieProvider(movieId, provider, service) VALUES(599281,3,'rent');
INSERT INTO MovieProvider(movieId, provider, service) VALUES(599281,130,'rent');
INSERT INTO MovieProvider(movieId, provider, service) VALUES(599281,10,'rent');
INSERT INTO MovieProvider(movieId, provider, service) VALUES(599281,192,'rent');
INSERT INTO MovieProvider(movieId, provider, service) VALUES(599281,20,'rent');
INSERT INTO MovieProvider(movieId, provider, service) VALUES(599281,133,'rent');
INSERT INTO MovieProvider(movieId, provider, service) VALUES(599281,178,'rent');
INSERT INTO MovieProvider(movieId, provider, service) VALUES(599281,68,'rent');
INSERT INTO MovieProvider(movieId, provider, service) VALUES(599281,9,'flat');
INSERT INTO MovieWeekPopularity(movieId, weekNr, popularity, voteAVG, voteCount) VALUES ('599281', 16, 285.098, 7.2, 203);
INSERT INTO Movies(id, title, overview, popularity, releaseDate, posterPath, voteCount, voteAvg, revenue, runtime, tagline) VALUES(796849,'Ride or Die','Rei helps the woman she\'s been in love with for years escape her abusive husband. While on the run, their feelings for each other catch fire.',398.18,'2021-04-15','/c7JzcVK4OZY1u7HYiFBOASkKPP5.jpg',36, 7.1,'0', 142, '');
INSERT INTO MovieGenre(movieId, genreId) VALUES(796849,'18');
INSERT INTO MovieGenre(movieId, genreId) VALUES(796849,'10749');
INSERT INTO MovieGenre(movieId, genreId) VALUES(796849,'53');
INSERT INTO MovieCountry(movieId, countryId) VALUES(796849,'JP');
INSERT INTO MovieCredits(movieId, personId, job) VALUES(796849,226711,'Actor_Rei Nagasawa');
INSERT INTO MovieCredits(movieId, personId, job) VALUES(796849,2023708,'Actor_Nanae Shinoda');
INSERT INTO MovieCredits(movieId, personId, job) VALUES(796849,592147,'Actor_Mika Oe');
INSERT INTO MovieCredits(movieId, personId, job) VALUES(796849,43662,'Actor_Yu Nagasawa');
INSERT INTO MovieCredits(movieId, personId, job) VALUES(796849,2977312,'Actor_Masato Nagasawa');
INSERT INTO MovieCredits(movieId, personId, job) VALUES(796849,587661,'Actor_Yoshio Akiba');
INSERT INTO MovieCredits(movieId, personId, job) VALUES(796849,78268,'Director');
INSERT INTO MovieCredits(movieId, personId, job) VALUES(796849,587652,'Writer');
INSERT INTO MovieCredits(movieId, personId, job) VALUES(796849,1267682,'Producer');
INSERT INTO MovieCredits(movieId, personId, job) VALUES(796849,2977310,'Writer');
INSERT INTO MovieProvider(movieId, provider, service) VALUES(796849,8,'flat');
INSERT INTO MovieWeekPopularity(movieId, weekNr, popularity, voteAVG, voteCount) VALUES ('796849', 16, 398.18, 7.1, 36);
INSERT INTO Movies(id, title, overview, popularity, releaseDate, posterPath, voteCount, voteAvg, revenue, runtime, tagline) VALUES(582306,'Assassin 33 A.D.','When a billionaire gives a group of young scientists unlimited resources to study the science of matter transfer, the scientists unlock the secrets of time travel. But they soon find out that the project is backed by a militant extremist group, and the billionaire plans to go back in time and prove that Jesus never rose from the dead.',287.061,'2020-01-24','/8jDvtdH327I8TgX3UPdkAsZF1dA.jpg',58, 5.2,'0', 108, 'What if the greatest event in human history was erased?');
INSERT INTO MovieGenre(movieId, genreId) VALUES(582306,'878');
INSERT INTO MovieGenre(movieId, genreId) VALUES(582306,'28');
INSERT INTO MovieGenre(movieId, genreId) VALUES(582306,'12');
INSERT INTO MovieGenre(movieId, genreId) VALUES(582306,'9648');
INSERT INTO MovieGenre(movieId, genreId) VALUES(582306,'36');
INSERT INTO MovieGenre(movieId, genreId) VALUES(582306,'14');
INSERT INTO MovieCountry(movieId, countryId) VALUES(582306,'US');
INSERT INTO MovieCredits(movieId, personId, job) VALUES(582306,1040679,'Actor_Brandt');
INSERT INTO MovieCredits(movieId, personId, job) VALUES(582306,974455,'Actor_Ram\'s Mom');
INSERT INTO MovieCredits(movieId, personId, job) VALUES(582306,1223711,'Actor_Diane');
INSERT INTO MovieCredits(movieId, personId, job) VALUES(582306,1237283,'Actor_Einstein');
INSERT INTO MovieCredits(movieId, personId, job) VALUES(582306,1632090,'Actor_Kabil');
INSERT INTO MovieCredits(movieId, personId, job) VALUES(582306,31367,'Actor_Ram\'s Father');
INSERT INTO MovieCredits(movieId, personId, job) VALUES(582306,2511025,'Director');
INSERT INTO MovieCredits(movieId, personId, job) VALUES(582306,2511025,'Writer');
INSERT INTO MovieWeekPopularity(movieId, weekNr, popularity, voteAVG, voteCount) VALUES ('582306', 16, 287.061, 5.2, 58);
INSERT INTO Movies(id, title, overview, popularity, releaseDate, posterPath, voteCount, voteAvg, revenue, runtime, tagline) VALUES(512200,'Jumanji: The Next Level','As the gang return to Jumanji to rescue one of their own, they discover that nothing is as they expect. The players will have to brave parts unknown and unexplored in order to escape the world’s most dangerous game.',271.966,'2019-12-04','/jyw8VKYEiM1UDzPB7NsisUgBeJ8.jpg',5716, 7,'7.96575993e+08', 123, '');
INSERT INTO MovieGenre(movieId, genreId) VALUES(512200,'12');
INSERT INTO MovieGenre(movieId, genreId) VALUES(512200,'35');
INSERT INTO MovieGenre(movieId, genreId) VALUES(512200,'14');
INSERT INTO MovieCountry(movieId, countryId) VALUES(512200,'US');
INSERT INTO MovieCredits(movieId, personId, job) VALUES(512200,18918,'Actor_Dr. Smolder Bravestone');
INSERT INTO MovieCredits(movieId, personId, job) VALUES(512200,55638,'Actor_Franklin \'Mouse\' Finbar');
INSERT INTO MovieCredits(movieId, personId, job) VALUES(512200,70851,'Actor_Professor Sheldon \'Shelly\' Oberon');
INSERT INTO MovieCredits(movieId, personId, job) VALUES(512200,543261,'Actor_Ruby Roundhouse');
INSERT INTO MovieCredits(movieId, personId, job) VALUES(512200,1625558,'Actor_Ming');
INSERT INTO MovieCredits(movieId, personId, job) VALUES(512200,130565,'Actor_Jefferson \'Seaplane\' McDonough');
INSERT INTO MovieCredits(movieId, personId, job) VALUES(512200,546,'Casting Director');
INSERT INTO MovieCredits(movieId, personId, job) VALUES(512200,3228,'Executive Producer');
INSERT INTO MovieCredits(movieId, personId, job) VALUES(512200,3228,'Writer');
INSERT INTO MovieCredits(movieId, personId, job) VALUES(512200,20586,'Art Direction');
INSERT INTO MovieCredits(movieId, personId, job) VALUES(512200,9196,'Executive Producer');
INSERT INTO MovieCredits(movieId, personId, job) VALUES(512200,9043,'Costume Design');
INSERT INTO MovieProvider(movieId, provider, service) VALUES(512200,2,'buy');
INSERT INTO MovieProvider(movieId, provider, service) VALUES(512200,3,'buy');
INSERT INTO MovieProvider(movieId, provider, service) VALUES(512200,130,'buy');
INSERT INTO MovieProvider(movieId, provider, service) VALUES(512200,10,'buy');
INSERT INTO MovieProvider(movieId, provider, service) VALUES(512200,40,'buy');
INSERT INTO MovieProvider(movieId, provider, service) VALUES(512200,192,'buy');
INSERT INTO MovieProvider(movieId, provider, service) VALUES(512200,20,'buy');
INSERT INTO MovieProvider(movieId, provider, service) VALUES(512200,35,'buy');
INSERT INTO MovieProvider(movieId, provider, service) VALUES(512200,178,'buy');
INSERT INTO MovieProvider(movieId, provider, service) VALUES(512200,68,'buy');
INSERT INTO MovieProvider(movieId, provider, service) VALUES(512200,30,'flat');
INSERT INTO MovieProvider(movieId, provider, service) VALUES(512200,29,'flat');
INSERT INTO MovieWeekPopularity(movieId, weekNr, popularity, voteAVG, voteCount) VALUES ('512200', 16, 271.966, 7, 5716);
INSERT INTO Movies(id, title, overview, popularity, releaseDate, posterPath, voteCount, voteAvg, revenue, runtime, tagline) VALUES(675490,'The Unfamiliar','A British Army doctor comes back from a war, thinking that she has PTSD only to discover that there is a more daunting malevolence at work making the life that she knew unfamiliar.',266.497,'2020-08-21','/g7Bxg2j7nbCpKo7U0j1jwU79XPY.jpg',52, 6.2,'0', 89, 'Some fears haunt you from within.');
INSERT INTO MovieGenre(movieId, genreId) VALUES(675490,'53');
INSERT INTO MovieGenre(movieId, genreId) VALUES(675490,'27');
INSERT INTO MovieCredits(movieId, personId, job) VALUES(675490,1075355,'Actor_Elizabeth (Izzy) Cormack');
INSERT INTO MovieCredits(movieId, personId, job) VALUES(675490,115671,'Actor_Ethan Cormack');
INSERT INTO MovieCredits(movieId, personId, job) VALUES(675490,1888271,'Actor_Emma Cormack');
INSERT INTO MovieCredits(movieId, personId, job) VALUES(675490,2720027,'Actor_Tommy Cormack');
INSERT INTO MovieCredits(movieId, personId, job) VALUES(675490,2720031,'Actor_Auntie Mae');
INSERT INTO MovieCredits(movieId, personId, job) VALUES(675490,1306749,'Actor_Kaimoni');
INSERT INTO MovieCredits(movieId, personId, job) VALUES(675490,49187,'Executive Producer');
INSERT INTO MovieCredits(movieId, personId, job) VALUES(675490,75097,'Supervising Sound Editor');
INSERT INTO MovieCredits(movieId, personId, job) VALUES(675490,75099,'Sound Re-Recording Mixer');
INSERT INTO MovieCredits(movieId, personId, job) VALUES(675490,167555,'Sound Effects Editor');
INSERT INTO MovieCredits(movieId, personId, job) VALUES(675490,1042668,'Director');
INSERT INTO MovieCredits(movieId, personId, job) VALUES(675490,1042668,'Executive Producer');
INSERT INTO MovieWeekPopularity(movieId, weekNr, popularity, voteAVG, voteCount) VALUES ('675490', 16, 266.497, 6.2, 52);
INSERT INTO Movies(id, title, overview, popularity, releaseDate, posterPath, voteCount, voteAvg, revenue, runtime, tagline) VALUES(579051,'Silk Road','The true story of Ross Ulbricht, the charismatic young tech-mastermind who unleashed the darknet website Silk Road, and the corrupt DEA agent determined to bring down his billion-dollar empire.',385.228,'2021-02-19','/6KxiEWyIDpz1ikmD7nv3GTX4Uoj.jpg',39, 6.9,'0', 116, 'A mastermind is a terrible thing to waste.');
INSERT INTO MovieGenre(movieId, genreId) VALUES(579051,'80');
INSERT INTO MovieGenre(movieId, genreId) VALUES(579051,'53');
INSERT INTO MovieGenre(movieId, genreId) VALUES(579051,'18');
INSERT INTO MovieCountry(movieId, countryId) VALUES(579051,'US');
INSERT INTO MovieCredits(movieId, personId, job) VALUES(579051,76512,'Actor_Rick Bowden');
INSERT INTO MovieCredits(movieId, personId, job) VALUES(579051,1108907,'Actor_Ross Ulbricht');
INSERT INTO MovieCredits(movieId, personId, job) VALUES(579051,1715524,'Actor_Max');
INSERT INTO MovieCredits(movieId, personId, job) VALUES(579051,1253199,'Actor_Julia');
INSERT INTO MovieCredits(movieId, personId, job) VALUES(579051,1294982,'Actor_Curtis Clark Green');
INSERT INTO MovieCredits(movieId, personId, job) VALUES(579051,22125,'Actor_Chris Tarbell');
INSERT INTO MovieCredits(movieId, personId, job) VALUES(579051,9000,'Executive Producer');
INSERT INTO MovieCredits(movieId, personId, job) VALUES(579051,29788,'Production Design');
INSERT INTO MovieCredits(movieId, personId, job) VALUES(579051,53077,'Producer');
INSERT INTO MovieCredits(movieId, personId, job) VALUES(579051,62778,'Casting');
INSERT INTO MovieCredits(movieId, personId, job) VALUES(579051,63190,'Co-Producer');
INSERT INTO MovieCredits(movieId, personId, job) VALUES(579051,88023,'Cinematography');
INSERT INTO MovieProvider(movieId, provider, service) VALUES(579051,2,'buy');
INSERT INTO MovieProvider(movieId, provider, service) VALUES(579051,3,'buy');
INSERT INTO MovieProvider(movieId, provider, service) VALUES(579051,130,'buy');
INSERT INTO MovieProvider(movieId, provider, service) VALUES(579051,10,'buy');
INSERT INTO MovieProvider(movieId, provider, service) VALUES(579051,192,'buy');
INSERT INTO MovieProvider(movieId, provider, service) VALUES(579051,20,'buy');
INSERT INTO MovieProvider(movieId, provider, service) VALUES(579051,133,'buy');
INSERT INTO MovieProvider(movieId, provider, service) VALUES(579051,178,'buy');
INSERT INTO MovieProvider(movieId, provider, service) VALUES(579051,2,'rent');
INSERT INTO MovieProvider(movieId, provider, service) VALUES(579051,3,'rent');
INSERT INTO MovieProvider(movieId, provider, service) VALUES(579051,130,'rent');
INSERT INTO MovieProvider(movieId, provider, service) VALUES(579051,10,'rent');
INSERT INTO MovieProvider(movieId, provider, service) VALUES(579051,192,'rent');
INSERT INTO MovieProvider(movieId, provider, service) VALUES(579051,20,'rent');
INSERT INTO MovieProvider(movieId, provider, service) VALUES(579051,133,'rent');
INSERT INTO MovieProvider(movieId, provider, service) VALUES(579051,178,'rent');
INSERT INTO MovieWeekPopularity(movieId, weekNr, popularity, voteAVG, voteCount) VALUES ('579051', 16, 385.228, 6.9, 39);
INSERT INTO Movies(id, title, overview, popularity, releaseDate, posterPath, voteCount, voteAvg, revenue, runtime, tagline) VALUES(709629,'War of Likes','In order to advance her career in the dynamic world of publicity in Mexico City, Raquel tries to reunite with her high school friend Cecy who has become the queen of social media. But unlike followers, friendships do not come instantly.',284.706,'2021-03-12','/jpdWHOu6EJbYnLXLCA52h82nLEz.jpg',193, 7.9,'0', 103, '');
INSERT INTO MovieGenre(movieId, genreId) VALUES(709629,'35');
INSERT INTO MovieCountry(movieId, countryId) VALUES(709629,'MX');
INSERT INTO MovieCredits(movieId, personId, job) VALUES(709629,1251058,'Actor_Raquel Gámez');
INSERT INTO MovieCredits(movieId, personId, job) VALUES(709629,947296,'Actor_Cecy Díaz');
INSERT INTO MovieCredits(movieId, personId, job) VALUES(709629,271,'Actor_Teniente Bravo');
INSERT INTO MovieCredits(movieId, personId, job) VALUES(709629,140604,'Actor_Detective Marcos');
INSERT INTO MovieCredits(movieId, personId, job) VALUES(709629,2153303,'Actor_Melissa');
INSERT INTO MovieCredits(movieId, personId, job) VALUES(709629,1486655,'Actor_Zarina Clark');
INSERT INTO MovieCredits(movieId, personId, job) VALUES(709629,61123,'Screenplay');
INSERT INTO MovieCredits(movieId, personId, job) VALUES(709629,102329,'Director');
INSERT INTO MovieCredits(movieId, personId, job) VALUES(709629,2218827,'Screenplay');
INSERT INTO MovieWeekPopularity(movieId, weekNr, popularity, voteAVG, voteCount) VALUES ('709629', 16, 284.706, 7.9, 193);
INSERT INTO Movies(id, title, overview, popularity, releaseDate, posterPath, voteCount, voteAvg, revenue, runtime, tagline) VALUES(373571,'Godzilla: King of the Monsters','Follows the heroic efforts of the crypto-zoological agency Monarch as its members face off against a battery of god-sized monsters, including the mighty Godzilla, who collides with Mothra, Rodan, and his ultimate nemesis, the three-headed King Ghidorah. When these ancient super-species, thought to be mere myths, rise again, they all vie for supremacy, leaving humanity\'s very existence hanging in the balance.',273.399,'2019-05-29','/pU3bnutJU91u3b4IeRPQTOP8jhV.jpg',4023, 6.7,'3.86600138e+08', 132, 'Long live the king.');
INSERT INTO MovieGenre(movieId, genreId) VALUES(373571,'878');
INSERT INTO MovieGenre(movieId, genreId) VALUES(373571,'28');
INSERT INTO MovieCountry(movieId, countryId) VALUES(373571,'CA');
INSERT INTO MovieCountry(movieId, countryId) VALUES(373571,'CN');
INSERT INTO MovieCountry(movieId, countryId) VALUES(373571,'JP');
INSERT INTO MovieCountry(movieId, countryId) VALUES(373571,'US');
INSERT INTO MovieCredits(movieId, personId, job) VALUES(373571,3497,'Actor_Mark Russell');
INSERT INTO MovieCredits(movieId, personId, job) VALUES(373571,21657,'Actor_Emma Russell');
INSERT INTO MovieCredits(movieId, personId, job) VALUES(373571,1356210,'Actor_Madison Russell');
INSERT INTO MovieCredits(movieId, personId, job) VALUES(373571,3899,'Actor_Dr. Ishiro Serizawa');
INSERT INTO MovieCredits(movieId, personId, job) VALUES(373571,1339,'Actor_Dr. Ilene Chen / Dr. Ling');
INSERT INTO MovieCredits(movieId, personId, job) VALUES(373571,11367,'Actor_Dr. Rick Stanton');
INSERT INTO MovieCredits(movieId, personId, job) VALUES(373571,7232,'Casting');
INSERT INTO MovieCredits(movieId, personId, job) VALUES(373571,5387,'Director of Photography');
INSERT INTO MovieCredits(movieId, personId, job) VALUES(373571,7784,'Editor');
INSERT INTO MovieCredits(movieId, personId, job) VALUES(373571,8285,'Supervising Art Director');
INSERT INTO MovieCredits(movieId, personId, job) VALUES(373571,9646,'Editor');
INSERT INTO MovieCredits(movieId, personId, job) VALUES(373571,9043,'Costume Designer');
INSERT INTO MovieProvider(movieId, provider, service) VALUES(373571,2,'buy');
INSERT INTO MovieProvider(movieId, provider, service) VALUES(373571,3,'buy');
INSERT INTO MovieProvider(movieId, provider, service) VALUES(373571,130,'buy');
INSERT INTO MovieProvider(movieId, provider, service) VALUES(373571,10,'buy');
INSERT INTO MovieProvider(movieId, provider, service) VALUES(373571,40,'buy');
INSERT INTO MovieProvider(movieId, provider, service) VALUES(373571,192,'buy');
INSERT INTO MovieProvider(movieId, provider, service) VALUES(373571,20,'buy');
INSERT INTO MovieProvider(movieId, provider, service) VALUES(373571,133,'buy');
INSERT INTO MovieProvider(movieId, provider, service) VALUES(373571,35,'buy');
INSERT INTO MovieProvider(movieId, provider, service) VALUES(373571,178,'buy');
INSERT INTO MovieProvider(movieId, provider, service) VALUES(373571,68,'buy');
INSERT INTO MovieProvider(movieId, provider, service) VALUES(373571,2,'rent');
INSERT INTO MovieProvider(movieId, provider, service) VALUES(373571,3,'rent');
INSERT INTO MovieProvider(movieId, provider, service) VALUES(373571,130,'rent');
INSERT INTO MovieProvider(movieId, provider, service) VALUES(373571,10,'rent');
INSERT INTO MovieProvider(movieId, provider, service) VALUES(373571,40,'rent');
INSERT INTO MovieProvider(movieId, provider, service) VALUES(373571,192,'rent');
INSERT INTO MovieProvider(movieId, provider, service) VALUES(373571,20,'rent');
INSERT INTO MovieProvider(movieId, provider, service) VALUES(373571,133,'rent');
INSERT INTO MovieProvider(movieId, provider, service) VALUES(373571,35,'rent');
INSERT INTO MovieProvider(movieId, provider, service) VALUES(373571,178,'rent');
INSERT INTO MovieProvider(movieId, provider, service) VALUES(373571,68,'rent');
INSERT INTO MovieProvider(movieId, provider, service) VALUES(373571,8,'flat');
INSERT INTO MovieWeekPopularity(movieId, weekNr, popularity, voteAVG, voteCount) VALUES ('373571', 16, 273.399, 6.7, 4023);
INSERT INTO Movies(id, title, overview, popularity, releaseDate, posterPath, voteCount, voteAvg, revenue, runtime, tagline) VALUES(684369,'West','A fugitive film director in exile, called H, returns to the industrial city of which he fled in the past, in a time and place unknown. Gloria, the working woman who loved and left behind lives subjected to routine. But H, unable to adapt, convince her to run away together to a place that no one remembers the outside of civilization.',298.703,'2019-11-05','/6Bp5EyQCunRumsswNyw9FzWM5Ji.jpg',3, 5,'0', 99, '');
INSERT INTO MovieGenre(movieId, genreId) VALUES(684369,'53');
INSERT INTO MovieCredits(movieId, personId, job) VALUES(684369,1033064,'Actor_H');
INSERT INTO MovieCredits(movieId, personId, job) VALUES(684369,2570552,'Actor_Gloria');
INSERT INTO MovieCredits(movieId, personId, job) VALUES(684369,28510,'Actor_');
INSERT INTO MovieCredits(movieId, personId, job) VALUES(684369,589542,'Actor_');
INSERT INTO MovieCredits(movieId, personId, job) VALUES(684369,589477,'Actor_');
INSERT INTO MovieCredits(movieId, personId, job) VALUES(684369,2570550,'Director');
INSERT INTO MovieWeekPopularity(movieId, weekNr, popularity, voteAVG, voteCount) VALUES ('684369', 16, 298.703, 5, 3);
INSERT INTO Movies(id, title, overview, popularity, releaseDate, posterPath, voteCount, voteAvg, revenue, runtime, tagline) VALUES(714277,'The Funeral Home','Bernardo is an undertaker. He runs his mortuary business in the same house where he resides. In the front, he has his clients. And in the back, his dysfunctional family lives amongst coffins, wreaths, and the mischievous but nonviolent ghosts that visit on a daily basis. But when a malevolent entity enters the scene, it wreaks havoc on the already fractured household.',273.745,'2021-04-15','/1rlgIzw129hEl46bFaJZ7wpEEZZ.jpg',5, 2.4,'0', 86, 'Dare you visit?');
INSERT INTO MovieGenre(movieId, genreId) VALUES(714277,'27');
INSERT INTO MovieGenre(movieId, genreId) VALUES(714277,'35');
INSERT INTO MovieCountry(movieId, countryId) VALUES(714277,'AR');
INSERT INTO MovieCredits(movieId, personId, job) VALUES(714277,225408,'Actor_Bernardo');
INSERT INTO MovieCredits(movieId, personId, job) VALUES(714277,1306270,'Actor_Estela');
INSERT INTO MovieCredits(movieId, personId, job) VALUES(714277,2022319,'Actor_Irina');
INSERT INTO MovieCredits(movieId, personId, job) VALUES(714277,228441,'Actor_Salvador');
INSERT INTO MovieCredits(movieId, personId, job) VALUES(714277,2440466,'Actor_Abuela');
INSERT INTO MovieCredits(movieId, personId, job) VALUES(714277,2988413,'Actor_Mirta Sánchez');
INSERT INTO MovieCredits(movieId, personId, job) VALUES(714277,2095395,'Director of Photography');
INSERT INTO MovieCredits(movieId, personId, job) VALUES(714277,2114688,'Editor');
INSERT INTO MovieCredits(movieId, personId, job) VALUES(714277,2673515,'Director');
INSERT INTO MovieCredits(movieId, personId, job) VALUES(714277,2673515,'Writer');
INSERT INTO MovieWeekPopularity(movieId, weekNr, popularity, voteAVG, voteCount) VALUES ('714277', 16, 273.745, 2.4, 5);
INSERT INTO Movies(id, title, overview, popularity, releaseDate, posterPath, voteCount, voteAvg, revenue, runtime, tagline) VALUES(461130,'Code 8','In Lincoln City, some inhabitants have extraordinary abilities. Most live below the poverty line, under the close surveillance of a heavily militarized police force. Connor, a construction worker with powers, involves with a criminal gang to help his ailing mother. (Based on the short film “Code 8,” 2016.)',254.727,'2019-12-06','/izGX7npHEopDQvngYcxMJEfcFbj.jpg',1151, 6.2,'157209', 99, 'Fear is the most dangerous power');
INSERT INTO MovieGenre(movieId, genreId) VALUES(461130,'878');
INSERT INTO MovieGenre(movieId, genreId) VALUES(461130,'28');
INSERT INTO MovieGenre(movieId, genreId) VALUES(461130,'80');
INSERT INTO MovieGenre(movieId, genreId) VALUES(461130,'53');
INSERT INTO MovieGenre(movieId, genreId) VALUES(461130,'18');
INSERT INTO MovieCountry(movieId, countryId) VALUES(461130,'CA');
INSERT INTO MovieCountry(movieId, countryId) VALUES(461130,'GB');
INSERT INTO MovieCountry(movieId, countryId) VALUES(461130,'US');
INSERT INTO MovieCredits(movieId, personId, job) VALUES(461130,76110,'Actor_Garrett');
INSERT INTO MovieCredits(movieId, personId, job) VALUES(461130,1223726,'Actor_Connor Reed');
INSERT INTO MovieCredits(movieId, personId, job) VALUES(461130,5937,'Actor_Mary Reed');
INSERT INTO MovieCredits(movieId, personId, job) VALUES(461130,2482346,'Actor_Receptionist');
INSERT INTO MovieCredits(movieId, personId, job) VALUES(461130,133921,'Actor_Big Joe');
INSERT INTO MovieCredits(movieId, personId, job) VALUES(461130,1470382,'Actor_Travis');
INSERT INTO MovieCredits(movieId, personId, job) VALUES(461130,4584,'Executive Producer');
INSERT INTO MovieCredits(movieId, personId, job) VALUES(461130,15230,'Stunts');
INSERT INTO MovieCredits(movieId, personId, job) VALUES(461130,59586,'Unit Production Manager');
INSERT INTO MovieCredits(movieId, personId, job) VALUES(461130,61697,'Executive Producer');
INSERT INTO MovieCredits(movieId, personId, job) VALUES(461130,64759,'Executive Producer');
INSERT INTO MovieCredits(movieId, personId, job) VALUES(461130,72117,'Stunts');
INSERT INTO MovieProvider(movieId, provider, service) VALUES(461130,2,'buy');
INSERT INTO MovieProvider(movieId, provider, service) VALUES(461130,3,'buy');
INSERT INTO MovieProvider(movieId, provider, service) VALUES(461130,130,'buy');
INSERT INTO MovieProvider(movieId, provider, service) VALUES(461130,10,'buy');
INSERT INTO MovieProvider(movieId, provider, service) VALUES(461130,40,'buy');
INSERT INTO MovieProvider(movieId, provider, service) VALUES(461130,192,'buy');
INSERT INTO MovieProvider(movieId, provider, service) VALUES(461130,20,'buy');
INSERT INTO MovieProvider(movieId, provider, service) VALUES(461130,35,'buy');
INSERT INTO MovieProvider(movieId, provider, service) VALUES(461130,178,'buy');
INSERT INTO MovieProvider(movieId, provider, service) VALUES(461130,68,'buy');
INSERT INTO MovieProvider(movieId, provider, service) VALUES(461130,2,'rent');
INSERT INTO MovieProvider(movieId, provider, service) VALUES(461130,3,'rent');
INSERT INTO MovieProvider(movieId, provider, service) VALUES(461130,130,'rent');
INSERT INTO MovieProvider(movieId, provider, service) VALUES(461130,10,'rent');
INSERT INTO MovieProvider(movieId, provider, service) VALUES(461130,40,'rent');
INSERT INTO MovieProvider(movieId, provider, service) VALUES(461130,192,'rent');
INSERT INTO MovieProvider(movieId, provider, service) VALUES(461130,20,'rent');
INSERT INTO MovieProvider(movieId, provider, service) VALUES(461130,35,'rent');
INSERT INTO MovieProvider(movieId, provider, service) VALUES(461130,178,'rent');
INSERT INTO MovieProvider(movieId, provider, service) VALUES(461130,68,'rent');
INSERT INTO MovieProvider(movieId, provider, service) VALUES(461130,9,'flat');
INSERT INTO MovieProvider(movieId, provider, service) VALUES(461130,178,'flat');
INSERT INTO MovieWeekPopularity(movieId, weekNr, popularity, voteAVG, voteCount) VALUES ('461130', 16, 254.727, 6.2, 1151);
INSERT INTO Movies(id, title, overview, popularity, releaseDate, posterPath, voteCount, voteAvg, revenue, runtime, tagline) VALUES(723072,'Host','Six friends hire a medium to hold a séance via Zoom during lockdown — but they get far more than they bargained for as things quickly go wrong. When an evil spirit starts invading their homes, they begin to realize they might not survive the night.',246.211,'2020-12-04','/h7dZpJDORYs5c56dydbrLFkEXpE.jpg',273, 6.6,'26745', 56, 'Someone new has joined the meeting.');
INSERT INTO MovieGenre(movieId, genreId) VALUES(723072,'27');
INSERT INTO MovieGenre(movieId, genreId) VALUES(723072,'9648');
INSERT INTO MovieCountry(movieId, countryId) VALUES(723072,'GB');
INSERT INTO MovieCredits(movieId, personId, job) VALUES(723072,1929090,'Actor_Haley');
INSERT INTO MovieCredits(movieId, personId, job) VALUES(723072,1824295,'Actor_Jemma');
INSERT INTO MovieCredits(movieId, personId, job) VALUES(723072,2525892,'Actor_Emma');
INSERT INTO MovieCredits(movieId, personId, job) VALUES(723072,1929091,'Actor_Radina');
INSERT INTO MovieCredits(movieId, personId, job) VALUES(723072,1929089,'Actor_Caroline');
INSERT INTO MovieCredits(movieId, personId, job) VALUES(723072,2706899,'Actor_Teddy');
INSERT INTO MovieCredits(movieId, personId, job) VALUES(723072,584237,'Executive Producer');
INSERT INTO MovieCredits(movieId, personId, job) VALUES(723072,1129908,'Director');
INSERT INTO MovieCredits(movieId, personId, job) VALUES(723072,1129908,'Executive Producer');
INSERT INTO MovieCredits(movieId, personId, job) VALUES(723072,1129908,'Writer');
INSERT INTO MovieCredits(movieId, personId, job) VALUES(723072,1273064,'Special Effects Makeup Artist');
INSERT INTO MovieCredits(movieId, personId, job) VALUES(723072,1487404,'Writer');
INSERT INTO MovieWeekPopularity(movieId, weekNr, popularity, voteAVG, voteCount) VALUES ('723072', 16, 246.211, 6.6, 273);
INSERT INTO Movies(id, title, overview, popularity, releaseDate, posterPath, voteCount, voteAvg, revenue, runtime, tagline) VALUES(9312,'Mortal Kombat','For nine generations an evil sorcerer has been victorious in hand-to-hand battle against his mortal enemies. If he wins a tenth Mortal Kombat tournament, desolation and evil will reign over the multiverse forever. To save Earth, three warriors must overcome seemingly insurmountable odds, their own inner demons, and superhuman foes in this action/adventure movie based on one of the most popular video games of all time.',261.386,'1995-08-18','/fcK7tzSSXMYiMN8E9KlZJL1BYyp.jpg',1464, 5.8,'1.2219592e+08', 101, 'Nothing In This World Has Prepared You For This.');
INSERT INTO MovieGenre(movieId, genreId) VALUES(9312,'28');
INSERT INTO MovieGenre(movieId, genreId) VALUES(9312,'14');
INSERT INTO MovieCountry(movieId, countryId) VALUES(9312,'US');
INSERT INTO MovieCredits(movieId, personId, job) VALUES(9312,38559,'Actor_Lord Rayden');
INSERT INTO MovieCredits(movieId, personId, job) VALUES(9312,57250,'Actor_Liu Kang');
INSERT INTO MovieCredits(movieId, personId, job) VALUES(9312,57251,'Actor_Johnny Cage');
INSERT INTO MovieCredits(movieId, personId, job) VALUES(9312,11398,'Actor_Shang Tsung');
INSERT INTO MovieCredits(movieId, personId, job) VALUES(9312,20751,'Actor_Sonya Blade');
INSERT INTO MovieCredits(movieId, personId, job) VALUES(9312,10680,'Actor_Princess Kitana');
INSERT INTO MovieCredits(movieId, personId, job) VALUES(9312,4014,'Director');
INSERT INTO MovieCredits(movieId, personId, job) VALUES(9312,3961,'Editor');
INSERT INTO MovieCredits(movieId, personId, job) VALUES(9312,9204,'Original Music Composer');
INSERT INTO MovieCredits(movieId, personId, job) VALUES(9312,26714,'Director of Photography');
INSERT INTO MovieCredits(movieId, personId, job) VALUES(9312,10809,'Executive Producer');
INSERT INTO MovieCredits(movieId, personId, job) VALUES(9312,43518,'Producer');
INSERT INTO MovieProvider(movieId, provider, service) VALUES(9312,2,'buy');
INSERT INTO MovieProvider(movieId, provider, service) VALUES(9312,130,'buy');
INSERT INTO MovieProvider(movieId, provider, service) VALUES(9312,10,'buy');
INSERT INTO MovieProvider(movieId, provider, service) VALUES(9312,20,'buy');
INSERT INTO MovieProvider(movieId, provider, service) VALUES(9312,178,'buy');
INSERT INTO MovieProvider(movieId, provider, service) VALUES(9312,68,'buy');
INSERT INTO MovieProvider(movieId, provider, service) VALUES(9312,2,'rent');
INSERT INTO MovieProvider(movieId, provider, service) VALUES(9312,130,'rent');
INSERT INTO MovieProvider(movieId, provider, service) VALUES(9312,10,'rent');
INSERT INTO MovieProvider(movieId, provider, service) VALUES(9312,20,'rent');
INSERT INTO MovieProvider(movieId, provider, service) VALUES(9312,178,'rent');
INSERT INTO MovieProvider(movieId, provider, service) VALUES(9312,177,'rent');
INSERT INTO MovieProvider(movieId, provider, service) VALUES(9312,68,'rent');
INSERT INTO MovieProvider(movieId, provider, service) VALUES(9312,8,'flat');
INSERT INTO MovieWeekPopularity(movieId, weekNr, popularity, voteAVG, voteCount) VALUES ('9312', 16, 261.386, 5.8, 1464);
INSERT INTO Movies(id, title, overview, popularity, releaseDate, posterPath, voteCount, voteAvg, revenue, runtime, tagline) VALUES(299534,'Avengers: Endgame','After the devastating events of Avengers: Infinity War, the universe is in ruins due to the efforts of the Mad Titan, Thanos. With the help of remaining allies, the Avengers must assemble once more in order to undo Thanos\' actions and restore order to the universe once and for all, no matter what consequences may be in store.',245.845,'2019-04-24','/ulzhLuWrPK07P1YkdWQLZnQh1JL.jpg',17924, 8.3,'2.797800564e+09', 181, 'Part of the journey is the end.');
INSERT INTO MovieGenre(movieId, genreId) VALUES(299534,'12');
INSERT INTO MovieGenre(movieId, genreId) VALUES(299534,'878');
INSERT INTO MovieGenre(movieId, genreId) VALUES(299534,'28');
INSERT INTO MovieCountry(movieId, countryId) VALUES(299534,'US');
INSERT INTO MovieCredits(movieId, personId, job) VALUES(299534,3223,'Actor_Tony Stark / Iron Man');
INSERT INTO MovieCredits(movieId, personId, job) VALUES(299534,16828,'Actor_Steve Rogers / Captain America');
INSERT INTO MovieCredits(movieId, personId, job) VALUES(299534,103,'Actor_Bruce Banner / Hulk');
INSERT INTO MovieCredits(movieId, personId, job) VALUES(299534,74568,'Actor_Thor Odinson');
INSERT INTO MovieCredits(movieId, personId, job) VALUES(299534,1245,'Actor_Natasha Romanoff / Black Widow');
INSERT INTO MovieCredits(movieId, personId, job) VALUES(299534,17604,'Actor_Clint Barton / Hawkeye');
INSERT INTO MovieCredits(movieId, personId, job) VALUES(299534,37,'Original Music Composer');
INSERT INTO MovieCredits(movieId, personId, job) VALUES(299534,3504,'Sound Designer');
INSERT INTO MovieCredits(movieId, personId, job) VALUES(299534,7232,'Casting');
INSERT INTO MovieCredits(movieId, personId, job) VALUES(299534,5551,'Screenplay');
INSERT INTO MovieCredits(movieId, personId, job) VALUES(299534,5551,'Co-Producer');
INSERT INTO MovieCredits(movieId, personId, job) VALUES(299534,5552,'Screenplay');
INSERT INTO MovieProvider(movieId, provider, service) VALUES(299534,2,'buy');
INSERT INTO MovieProvider(movieId, provider, service) VALUES(299534,3,'buy');
INSERT INTO MovieProvider(movieId, provider, service) VALUES(299534,130,'buy');
INSERT INTO MovieProvider(movieId, provider, service) VALUES(299534,10,'buy');
INSERT INTO MovieProvider(movieId, provider, service) VALUES(299534,40,'buy');
INSERT INTO MovieProvider(movieId, provider, service) VALUES(299534,192,'buy');
INSERT INTO MovieProvider(movieId, provider, service) VALUES(299534,35,'buy');
INSERT INTO MovieProvider(movieId, provider, service) VALUES(299534,178,'buy');
INSERT INTO MovieProvider(movieId, provider, service) VALUES(299534,68,'buy');
INSERT INTO MovieProvider(movieId, provider, service) VALUES(299534,337,'flat');
INSERT INTO MovieWeekPopularity(movieId, weekNr, popularity, voteAVG, voteCount) VALUES ('299534', 16, 245.845, 8.3, 17924);
INSERT INTO Movies(id, title, overview, popularity, releaseDate, posterPath, voteCount, voteAvg, revenue, runtime, tagline) VALUES(531219,'Roald Dahl\'s The Witches','In late 1967, a young orphaned boy goes to live with his loving grandma in the rural Alabama town of Demopolis. As the boy and his grandmother encounter some deceptively glamorous but thoroughly diabolical witches, she wisely whisks him away to a seaside resort. Regrettably, they arrive at precisely the same time that the world\'s Grand High Witch has gathered.',252.252,'2020-10-25','/b1C0FuXp4wiPmHLVKq4kwtDMgK6.jpg',1499, 6.7,'0', 106, 'They\'re real!');
INSERT INTO MovieGenre(movieId, genreId) VALUES(531219,'10751');
INSERT INTO MovieGenre(movieId, genreId) VALUES(531219,'14');
INSERT INTO MovieGenre(movieId, genreId) VALUES(531219,'12');
INSERT INTO MovieGenre(movieId, genreId) VALUES(531219,'35');
INSERT INTO MovieGenre(movieId, genreId) VALUES(531219,'27');
INSERT INTO MovieCountry(movieId, countryId) VALUES(531219,'MX');
INSERT INTO MovieCountry(movieId, countryId) VALUES(531219,'US');
INSERT INTO MovieCredits(movieId, personId, job) VALUES(531219,1813,'Actor_Grand High Witch');
INSERT INTO MovieCredits(movieId, personId, job) VALUES(531219,6944,'Actor_Grandma');
INSERT INTO MovieCredits(movieId, personId, job) VALUES(531219,2283,'Actor_Mr Stringer');
INSERT INTO MovieCredits(movieId, personId, job) VALUES(531219,2241218,'Actor_Hero Boy');
INSERT INTO MovieCredits(movieId, personId, job) VALUES(531219,2632,'Actor_Older Hero (voice)');
INSERT INTO MovieCredits(movieId, personId, job) VALUES(531219,2153678,'Actor_Bruno Jenkins');
INSERT INTO MovieCredits(movieId, personId, job) VALUES(531219,37,'Original Music Composer');
INSERT INTO MovieCredits(movieId, personId, job) VALUES(531219,24,'Screenplay');
INSERT INTO MovieCredits(movieId, personId, job) VALUES(531219,24,'Director');
INSERT INTO MovieCredits(movieId, personId, job) VALUES(531219,24,'Producer');
INSERT INTO MovieCredits(movieId, personId, job) VALUES(531219,36,'Director of Photography');
INSERT INTO MovieCredits(movieId, personId, job) VALUES(531219,498,'Costume Designer');
INSERT INTO MovieProvider(movieId, provider, service) VALUES(531219,30,'flat');
INSERT INTO MovieProvider(movieId, provider, service) VALUES(531219,29,'flat');
INSERT INTO MovieWeekPopularity(movieId, weekNr, popularity, voteAVG, voteCount) VALUES ('531219', 16, 252.252, 6.7, 1499);
INSERT INTO Movies(id, title, overview, popularity, releaseDate, posterPath, voteCount, voteAvg, revenue, runtime, tagline) VALUES(509967,'6 Underground','After faking his death, a tech billionaire recruits a team of international operatives for a bold and bloody mission to take down a brutal dictator.',223.653,'2019-12-10','/lnWkyG3LLgbbrIEeyl5mK5VRFe4.jpg',3036, 6.3,'0', 128, 'They say no one can save the world. Meet no one.');
INSERT INTO MovieGenre(movieId, genreId) VALUES(509967,'28');
INSERT INTO MovieGenre(movieId, genreId) VALUES(509967,'53');
INSERT INTO MovieGenre(movieId, genreId) VALUES(509967,'35');
INSERT INTO MovieCountry(movieId, countryId) VALUES(509967,'US');
INSERT INTO MovieCredits(movieId, personId, job) VALUES(509967,10859,'Actor_One');
INSERT INTO MovieCredits(movieId, personId, job) VALUES(509967,19119,'Actor_Two');
INSERT INTO MovieCredits(movieId, personId, job) VALUES(509967,1168097,'Actor_Three');
INSERT INTO MovieCredits(movieId, personId, job) VALUES(509967,1452045,'Actor_Four');
INSERT INTO MovieCredits(movieId, personId, job) VALUES(509967,1371297,'Actor_Five');
INSERT INTO MovieCredits(movieId, personId, job) VALUES(509967,54697,'Actor_Six');
INSERT INTO MovieCredits(movieId, personId, job) VALUES(509967,2215,'Casting');
INSERT INTO MovieCredits(movieId, personId, job) VALUES(509967,15841,'Editor');
INSERT INTO MovieCredits(movieId, personId, job) VALUES(509967,865,'Director');
INSERT INTO MovieCredits(movieId, personId, job) VALUES(509967,865,'Producer');
INSERT INTO MovieCredits(movieId, personId, job) VALUES(509967,4854,'Co-Producer');
INSERT INTO MovieCredits(movieId, personId, job) VALUES(509967,5545,'First Assistant Director');
INSERT INTO MovieProvider(movieId, provider, service) VALUES(509967,8,'flat');
INSERT INTO MovieWeekPopularity(movieId, weekNr, popularity, voteAVG, voteCount) VALUES ('509967', 16, 223.653, 6.3, 3036);
INSERT INTO Movies(id, title, overview, popularity, releaseDate, posterPath, voteCount, voteAvg, revenue, runtime, tagline) VALUES(429617,'Spider-Man: Far from Home','Peter Parker and his friends go on a summer trip to Europe. However, they will hardly be able to rest - Peter will have to agree to help Nick Fury uncover the mystery of creatures that cause natural disasters and destruction throughout the continent.',233.38,'2019-06-28','/4q2NNj4S5dG2RLF9CpXsej7yXl.jpg',9673, 7.5,'1.131927996e+09', 129, 'It’s time to step up.');
INSERT INTO MovieGenre(movieId, genreId) VALUES(429617,'28');
INSERT INTO MovieGenre(movieId, genreId) VALUES(429617,'12');
INSERT INTO MovieGenre(movieId, genreId) VALUES(429617,'878');
INSERT INTO MovieCountry(movieId, countryId) VALUES(429617,'US');
INSERT INTO MovieCredits(movieId, personId, job) VALUES(429617,1136406,'Actor_Peter Parker / Spider-Man');
INSERT INTO MovieCredits(movieId, personId, job) VALUES(429617,2231,'Actor_Nick Fury');
INSERT INTO MovieCredits(movieId, personId, job) VALUES(429617,131,'Actor_Quentin Beck / Mysterio');
INSERT INTO MovieCredits(movieId, personId, job) VALUES(429617,3141,'Actor_May Parker');
INSERT INTO MovieCredits(movieId, personId, job) VALUES(429617,15277,'Actor_Harold "Happy" Hogan');
INSERT INTO MovieCredits(movieId, personId, job) VALUES(429617,505710,'Actor_Michelle "MJ" Jones');
INSERT INTO MovieCredits(movieId, personId, job) VALUES(429617,7232,'Casting');
INSERT INTO MovieCredits(movieId, personId, job) VALUES(429617,4854,'Co-Producer');
INSERT INTO MovieCredits(movieId, personId, job) VALUES(429617,4856,'Co-Producer');
INSERT INTO MovieCredits(movieId, personId, job) VALUES(429617,6688,'Costume Design');
INSERT INTO MovieCredits(movieId, personId, job) VALUES(429617,7624,'Executive Producer');
INSERT INTO MovieCredits(movieId, personId, job) VALUES(429617,7624,'Comic Book');
INSERT INTO MovieProvider(movieId, provider, service) VALUES(429617,2,'buy');
INSERT INTO MovieProvider(movieId, provider, service) VALUES(429617,3,'buy');
INSERT INTO MovieProvider(movieId, provider, service) VALUES(429617,130,'buy');
INSERT INTO MovieProvider(movieId, provider, service) VALUES(429617,10,'buy');
INSERT INTO MovieProvider(movieId, provider, service) VALUES(429617,40,'buy');
INSERT INTO MovieProvider(movieId, provider, service) VALUES(429617,192,'buy');
INSERT INTO MovieProvider(movieId, provider, service) VALUES(429617,20,'buy');
INSERT INTO MovieProvider(movieId, provider, service) VALUES(429617,35,'buy');
INSERT INTO MovieProvider(movieId, provider, service) VALUES(429617,178,'buy');
INSERT INTO MovieProvider(movieId, provider, service) VALUES(429617,68,'buy');
INSERT INTO MovieProvider(movieId, provider, service) VALUES(429617,30,'flat');
INSERT INTO MovieProvider(movieId, provider, service) VALUES(429617,29,'flat');
INSERT INTO MovieWeekPopularity(movieId, weekNr, popularity, voteAVG, voteCount) VALUES ('429617', 16, 233.38, 7.5, 9673);
INSERT INTO Movies(id, title, overview, popularity, releaseDate, posterPath, voteCount, voteAvg, revenue, runtime, tagline) VALUES(615677,'We Can Be Heroes','When alien invaders capture Earth\'s superheroes, their kids must learn to work together to save their parents - and the planet.',227.246,'2020-12-25','/1S21HpcKY6uQ9UAw68aICmrJaq6.jpg',450, 6.2,'0', 97, 'Power comes in all sizes.');
INSERT INTO MovieGenre(movieId, genreId) VALUES(615677,'28');
INSERT INTO MovieGenre(movieId, genreId) VALUES(615677,'14');
INSERT INTO MovieGenre(movieId, genreId) VALUES(615677,'10751');
INSERT INTO MovieGenre(movieId, genreId) VALUES(615677,'35');
INSERT INTO MovieCountry(movieId, countryId) VALUES(615677,'US');
INSERT INTO MovieCredits(movieId, personId, job) VALUES(615677,2077868,'Actor_Missy Moreno');
INSERT INTO MovieCredits(movieId, personId, job) VALUES(615677,2392709,'Actor_Noodles');
INSERT INTO MovieCredits(movieId, personId, job) VALUES(615677,1730704,'Actor_Wheels');
INSERT INTO MovieCredits(movieId, personId, job) VALUES(615677,1368479,'Actor_Ojo');
INSERT INTO MovieCredits(movieId, personId, job) VALUES(615677,2392708,'Actor_A Capella');
INSERT INTO MovieCredits(movieId, personId, job) VALUES(615677,2883298,'Actor_Slo-Mo');
INSERT INTO MovieCredits(movieId, personId, job) VALUES(615677,2294,'Director');
INSERT INTO MovieCredits(movieId, personId, job) VALUES(615677,2294,'Director of Photography');
INSERT INTO MovieCredits(movieId, personId, job) VALUES(615677,2294,'Editor');
INSERT INTO MovieCredits(movieId, personId, job) VALUES(615677,2294,'Producer');
INSERT INTO MovieCredits(movieId, personId, job) VALUES(615677,2294,'Writer');
INSERT INTO MovieCredits(movieId, personId, job) VALUES(615677,5914,'Casting Director');
INSERT INTO MovieProvider(movieId, provider, service) VALUES(615677,8,'flat');
INSERT INTO MovieWeekPopularity(movieId, weekNr, popularity, voteAVG, voteCount) VALUES ('615677', 16, 227.246, 6.2, 450);
INSERT INTO Movies(id, title, overview, popularity, releaseDate, posterPath, voteCount, voteAvg, revenue, runtime, tagline) VALUES(40170,'Mortal Kombat: Rebirth','MORTAL KOMBAT: REBIRTH is a short film released by Kevin Tancharoen (Director) in 2010. It was originally made as a proof of concept for Tancharoen\'s pitch to Warner Brothers for a reboot movie franchise. This 8-minute short features an intricate fight scene choreographed by Larnell Stovall. It also reintroduces classic Mortal Kombat characters, including: Jax (Michael Jai White), Sonya Blade (Jeri Ryan), Johnny Cage (Matt Mullins), Scorpion (Ian Anthony Dale), Baraka (Lateef Crowder) and Shang Tsung (James Lew).',244.758,'2010-06-08','/78JIw8JICcPKDIURCJJq2F43iIZ.jpg',84, 7,'0', 8, '');
INSERT INTO MovieGenre(movieId, genreId) VALUES(40170,'28');
INSERT INTO MovieGenre(movieId, genreId) VALUES(40170,'14');
INSERT INTO MovieCountry(movieId, countryId) VALUES(40170,'US');
INSERT INTO MovieCredits(movieId, personId, job) VALUES(40170,123812,'Actor_Alan Zane / Baraka');
INSERT INTO MovieCredits(movieId, personId, job) VALUES(40170,123813,'Actor_Hanzo Hasashi / Scorpion');
INSERT INTO MovieCredits(movieId, personId, job) VALUES(40170,64856,'Actor_Jackson Briggs');
INSERT INTO MovieCredits(movieId, personId, job) VALUES(40170,174170,'Actor_Reptile');
INSERT INTO MovieCredits(movieId, personId, job) VALUES(40170,1042114,'Actor_Johnny Cage');
INSERT INTO MovieCredits(movieId, personId, job) VALUES(40170,1213613,'Actor_Sonya Blade');
INSERT INTO MovieCredits(movieId, personId, job) VALUES(40170,31126,'Cinematography');
INSERT INTO MovieCredits(movieId, personId, job) VALUES(40170,57256,'Creator');
INSERT INTO MovieCredits(movieId, personId, job) VALUES(40170,57257,'Creator');
INSERT INTO MovieCredits(movieId, personId, job) VALUES(40170,84459,'Fight Choreographer');
INSERT INTO MovieCredits(movieId, personId, job) VALUES(40170,101518,'Director');
INSERT INTO MovieCredits(movieId, personId, job) VALUES(40170,101518,'Editor');
INSERT INTO MovieWeekPopularity(movieId, weekNr, popularity, voteAVG, voteCount) VALUES ('40170', 16, 244.758, 7, 84);
INSERT INTO Movies(id, title, overview, popularity, releaseDate, posterPath, voteCount, voteAvg, revenue, runtime, tagline) VALUES(737568,'The Doorman','A former Marine turned doorman at a luxury New York City high-rise must outsmart and battle a group of art thieves and their ruthless leader — while struggling to protect her sister\'s family. As the thieves become increasingly desperate and violent, the doorman calls upon her deadly fighting skills to end the showdown.',228.812,'2020-10-01','/pklyUbh4k1DbHdnsOMASyw7C6NH.jpg',196, 5.8,'118666', 97, 'Be careful who you trust.');
INSERT INTO MovieGenre(movieId, genreId) VALUES(737568,'28');
INSERT INTO MovieGenre(movieId, genreId) VALUES(737568,'53');
INSERT INTO MovieCountry(movieId, countryId) VALUES(737568,'US');
INSERT INTO MovieCredits(movieId, personId, job) VALUES(737568,1246972,'Actor_Ali');
INSERT INTO MovieCredits(movieId, personId, job) VALUES(737568,1003,'Actor_Victor Dubois');
INSERT INTO MovieCredits(movieId, personId, job) VALUES(737568,76547,'Actor_Borz');
INSERT INTO MovieCredits(movieId, personId, job) VALUES(737568,17283,'Actor_Jon Stanton');
INSERT INTO MovieCredits(movieId, personId, job) VALUES(737568,1358574,'Actor_Max');
INSERT INTO MovieCredits(movieId, personId, job) VALUES(737568,1180795,'Actor_Andre');
INSERT INTO MovieCredits(movieId, personId, job) VALUES(737568,27220,'Production Design');
INSERT INTO MovieCredits(movieId, personId, job) VALUES(737568,31230,'Director of Photography');
INSERT INTO MovieCredits(movieId, personId, job) VALUES(737568,45996,'Director');
INSERT INTO MovieCredits(movieId, personId, job) VALUES(737568,59668,'Casting');
INSERT INTO MovieCredits(movieId, personId, job) VALUES(737568,62878,'Costume Supervisor');
INSERT INTO MovieCredits(movieId, personId, job) VALUES(737568,92554,'Producer');
INSERT INTO MovieProvider(movieId, provider, service) VALUES(737568,3,'buy');
INSERT INTO MovieProvider(movieId, provider, service) VALUES(737568,130,'buy');
INSERT INTO MovieProvider(movieId, provider, service) VALUES(737568,10,'buy');
INSERT INTO MovieProvider(movieId, provider, service) VALUES(737568,40,'buy');
INSERT INTO MovieProvider(movieId, provider, service) VALUES(737568,192,'buy');
INSERT INTO MovieProvider(movieId, provider, service) VALUES(737568,20,'buy');
INSERT INTO MovieProvider(movieId, provider, service) VALUES(737568,133,'buy');
INSERT INTO MovieProvider(movieId, provider, service) VALUES(737568,35,'buy');
INSERT INTO MovieProvider(movieId, provider, service) VALUES(737568,178,'buy');
INSERT INTO MovieProvider(movieId, provider, service) VALUES(737568,3,'rent');
INSERT INTO MovieProvider(movieId, provider, service) VALUES(737568,130,'rent');
INSERT INTO MovieProvider(movieId, provider, service) VALUES(737568,10,'rent');
INSERT INTO MovieProvider(movieId, provider, service) VALUES(737568,40,'rent');
INSERT INTO MovieProvider(movieId, provider, service) VALUES(737568,192,'rent');
INSERT INTO MovieProvider(movieId, provider, service) VALUES(737568,20,'rent');
INSERT INTO MovieProvider(movieId, provider, service) VALUES(737568,133,'rent');
INSERT INTO MovieProvider(movieId, provider, service) VALUES(737568,35,'rent');
INSERT INTO MovieProvider(movieId, provider, service) VALUES(737568,178,'rent');
INSERT INTO MovieWeekPopularity(movieId, weekNr, popularity, voteAVG, voteCount) VALUES ('737568', 16, 228.812, 5.8, 196);
INSERT INTO Movies(id, title, overview, popularity, releaseDate, posterPath, voteCount, voteAvg, revenue, runtime, tagline) VALUES(385687,'Fast & Furious 10','Tenth and penultimate installment of the Fast and Furious franchise.',209.581,'','/2DyEk84XnbJEdPlGF43crxfdtHH.jpg',0, 0,'0', 0, '');
INSERT INTO MovieGenre(movieId, genreId) VALUES(385687,'28');
INSERT INTO MovieGenre(movieId, genreId) VALUES(385687,'53');
INSERT INTO MovieCountry(movieId, countryId) VALUES(385687,'US');
INSERT INTO MovieCredits(movieId, personId, job) VALUES(385687,12835,'Actor_Dominic Toretto');
INSERT INTO MovieCredits(movieId, personId, job) VALUES(385687,17647,'Actor_Letty Ortiz');
INSERT INTO MovieCredits(movieId, personId, job) VALUES(385687,8169,'Actor_Roman Pearce');
INSERT INTO MovieCredits(movieId, personId, job) VALUES(385687,8171,'Actor_Tej Parker');
INSERT INTO MovieCredits(movieId, personId, job) VALUES(385687,22123,'Actor_Mia Toretto');
INSERT INTO MovieCredits(movieId, personId, job) VALUES(385687,1251069,'Actor_Ramsey');
INSERT INTO MovieCredits(movieId, personId, job) VALUES(385687,3184,'Producer');
INSERT INTO MovieCredits(movieId, personId, job) VALUES(385687,8162,'Characters');
INSERT INTO MovieCredits(movieId, personId, job) VALUES(385687,11874,'Producer');
INSERT INTO MovieCredits(movieId, personId, job) VALUES(385687,12835,'Producer');
INSERT INTO MovieCredits(movieId, personId, job) VALUES(385687,18311,'Producer');
INSERT INTO MovieCredits(movieId, personId, job) VALUES(385687,29400,'Producer');
INSERT INTO MovieWeekPopularity(movieId, weekNr, popularity, voteAVG, voteCount) VALUES ('385687', 16, 209.581, 0, 0);
INSERT INTO Movies(id, title, overview, popularity, releaseDate, posterPath, voteCount, voteAvg, revenue, runtime, tagline) VALUES(337401,'Mulan','When the Emperor of China issues a decree that one man per family must serve in the Imperial Chinese Army to defend the country from Huns, Hua Mulan, the eldest daughter of an honored warrior, steps in to take the place of her ailing father. She is spirited, determined and quick on her feet. Disguised as a man by the name of Hua Jun, she is tested every step of the way and must harness her innermost strength and embrace her true potential.',202.726,'2020-09-04','/aKx1ARwG55zZ0GpRvU2WrGrCG9o.jpg',4661, 7,'5.7e+07', 115, '');
INSERT INTO MovieGenre(movieId, genreId) VALUES(337401,'12');
INSERT INTO MovieGenre(movieId, genreId) VALUES(337401,'14');
INSERT INTO MovieCountry(movieId, countryId) VALUES(337401,'CN');
INSERT INTO MovieCountry(movieId, countryId) VALUES(337401,'US');
INSERT INTO MovieCredits(movieId, personId, job) VALUES(337401,122503,'Actor_Hua Mulan');
INSERT INTO MovieCredits(movieId, personId, job) VALUES(337401,1336,'Actor_The Emperor');
INSERT INTO MovieCredits(movieId, personId, job) VALUES(337401,21629,'Actor_Hua Zhou');
INSERT INTO MovieCredits(movieId, personId, job) VALUES(337401,1341,'Actor_Commander Tung');
INSERT INTO MovieCredits(movieId, personId, job) VALUES(337401,643,'Actor_Xian Niang');
INSERT INTO MovieCredits(movieId, personId, job) VALUES(337401,58319,'Actor_Böri Khan');
INSERT INTO MovieCredits(movieId, personId, job) VALUES(337401,298,'Producer');
INSERT INTO MovieCredits(movieId, personId, job) VALUES(337401,10816,'Additional Editor');
INSERT INTO MovieCredits(movieId, personId, job) VALUES(337401,3657,'Costume Design');
INSERT INTO MovieCredits(movieId, personId, job) VALUES(337401,1314,'Production Design');
INSERT INTO MovieCredits(movieId, personId, job) VALUES(337401,1319,'Art Direction');
INSERT INTO MovieCredits(movieId, personId, job) VALUES(337401,5338,'Sound Designer');
INSERT INTO MovieProvider(movieId, provider, service) VALUES(337401,337,'buy');
INSERT INTO MovieProvider(movieId, provider, service) VALUES(337401,2,'buy');
INSERT INTO MovieProvider(movieId, provider, service) VALUES(337401,3,'buy');
INSERT INTO MovieProvider(movieId, provider, service) VALUES(337401,130,'buy');
INSERT INTO MovieProvider(movieId, provider, service) VALUES(337401,10,'buy');
INSERT INTO MovieProvider(movieId, provider, service) VALUES(337401,40,'buy');
INSERT INTO MovieProvider(movieId, provider, service) VALUES(337401,192,'buy');
INSERT INTO MovieProvider(movieId, provider, service) VALUES(337401,35,'buy');
INSERT INTO MovieProvider(movieId, provider, service) VALUES(337401,178,'buy');
INSERT INTO MovieProvider(movieId, provider, service) VALUES(337401,68,'buy');
INSERT INTO MovieProvider(movieId, provider, service) VALUES(337401,337,'flat');
INSERT INTO MovieWeekPopularity(movieId, weekNr, popularity, voteAVG, voteCount) VALUES ('337401', 16, 202.726, 7, 4661);
INSERT INTO Movies(id, title, overview, popularity, releaseDate, posterPath, voteCount, voteAvg, revenue, runtime, tagline) VALUES(700995,'Devoto, la invasión silenciosa','Five strangers wake up locked in a strange building. They don\'t know who took them there or for what purpose. Throughout a night they will discover with surprise that an invasion is taking place outside that complex. And this motley group of strangers, for a reason they will have to figure out, are the ones chosen to try to stop it.',189.927,'2020-05-07','/ppqef9A3tg3PJiIA82gTiA7n9Fi.jpg',5, 2.9,'0', 72, '');
INSERT INTO MovieGenre(movieId, genreId) VALUES(700995,'878');
INSERT INTO MovieGenre(movieId, genreId) VALUES(700995,'53');
INSERT INTO MovieGenre(movieId, genreId) VALUES(700995,'28');
INSERT INTO MovieCountry(movieId, countryId) VALUES(700995,'AR');
INSERT INTO MovieCredits(movieId, personId, job) VALUES(700995,929045,'Actor_Pablo');
INSERT INTO MovieCredits(movieId, personId, job) VALUES(700995,1694299,'Actor_Gutiérrez');
INSERT INTO MovieCredits(movieId, personId, job) VALUES(700995,1506341,'Actor_Charly');
INSERT INTO MovieCredits(movieId, personId, job) VALUES(700995,2627366,'Actor_Yukio');
INSERT INTO MovieCredits(movieId, personId, job) VALUES(700995,1917455,'Actor_Padre de Charly');
INSERT INTO MovieCredits(movieId, personId, job) VALUES(700995,2627367,'Actor_Lancera');
INSERT INTO MovieCredits(movieId, personId, job) VALUES(700995,1374393,'Art Direction');
INSERT INTO MovieCredits(movieId, personId, job) VALUES(700995,2125236,'Writer');
INSERT INTO MovieCredits(movieId, personId, job) VALUES(700995,2202399,'Editor');
INSERT INTO MovieCredits(movieId, personId, job) VALUES(700995,2305711,'Cinematography');
INSERT INTO MovieCredits(movieId, personId, job) VALUES(700995,2627357,'Director');
INSERT INTO MovieCredits(movieId, personId, job) VALUES(700995,2627357,'Editor');
INSERT INTO MovieWeekPopularity(movieId, weekNr, popularity, voteAVG, voteCount) VALUES ('700995', 16, 189.927, 2.9, 5);
INSERT INTO Movies(id, title, overview, popularity, releaseDate, posterPath, voteCount, voteAvg, revenue, runtime, tagline) VALUES(290859,'Terminator: Dark Fate','Decades after Sarah Connor prevented Judgment Day, a lethal new Terminator is sent to eliminate the future leader of the resistance. In a fight to save mankind, battle-hardened Sarah Connor teams up with an unexpected ally and an enhanced super soldier to stop the deadliest Terminator yet.',207.582,'2019-10-23','/vqzNJRH4YyquRiWxCCOH0aXggHI.jpg',3423, 6.5,'2.61119292e+08', 128, 'Welcome to the day after judgement day');
INSERT INTO MovieGenre(movieId, genreId) VALUES(290859,'28');
INSERT INTO MovieGenre(movieId, genreId) VALUES(290859,'12');
INSERT INTO MovieGenre(movieId, genreId) VALUES(290859,'878');
INSERT INTO MovieCountry(movieId, countryId) VALUES(290859,'CN');
INSERT INTO MovieCountry(movieId, countryId) VALUES(290859,'HU');
INSERT INTO MovieCountry(movieId, countryId) VALUES(290859,'ES');
INSERT INTO MovieCountry(movieId, countryId) VALUES(290859,'US');
INSERT INTO MovieCredits(movieId, personId, job) VALUES(290859,2713,'Actor_Sarah Connor');
INSERT INTO MovieCredits(movieId, personId, job) VALUES(290859,1100,'Actor_T-800 / Carl');
INSERT INTO MovieCredits(movieId, personId, job) VALUES(290859,1110405,'Actor_Grace');
INSERT INTO MovieCredits(movieId, personId, job) VALUES(290859,1596934,'Actor_Daniella "Dani" Ramos');
INSERT INTO MovieCredits(movieId, personId, job) VALUES(290859,111016,'Actor_Gabriel / REV-9');
INSERT INTO MovieCredits(movieId, personId, job) VALUES(290859,935201,'Actor_Diego Ramos');
INSERT INTO MovieCredits(movieId, personId, job) VALUES(290859,1113,'Casting');
INSERT INTO MovieCredits(movieId, personId, job) VALUES(290859,869,'Characters');
INSERT INTO MovieCredits(movieId, personId, job) VALUES(290859,1322,'Costume Design');
INSERT INTO MovieCredits(movieId, personId, job) VALUES(290859,3893,'Screenplay');
INSERT INTO MovieCredits(movieId, personId, job) VALUES(290859,3893,'Story');
INSERT INTO MovieCredits(movieId, personId, job) VALUES(290859,2210,'Executive Producer');
INSERT INTO MovieProvider(movieId, provider, service) VALUES(290859,2,'buy');
INSERT INTO MovieProvider(movieId, provider, service) VALUES(290859,3,'buy');
INSERT INTO MovieProvider(movieId, provider, service) VALUES(290859,130,'buy');
INSERT INTO MovieProvider(movieId, provider, service) VALUES(290859,10,'buy');
INSERT INTO MovieProvider(movieId, provider, service) VALUES(290859,40,'buy');
INSERT INTO MovieProvider(movieId, provider, service) VALUES(290859,192,'buy');
INSERT INTO MovieProvider(movieId, provider, service) VALUES(290859,35,'buy');
INSERT INTO MovieProvider(movieId, provider, service) VALUES(290859,178,'buy');
INSERT INTO MovieProvider(movieId, provider, service) VALUES(290859,68,'buy');
INSERT INTO MovieProvider(movieId, provider, service) VALUES(290859,30,'flat');
INSERT INTO MovieProvider(movieId, provider, service) VALUES(290859,29,'flat');
INSERT INTO MovieWeekPopularity(movieId, weekNr, popularity, voteAVG, voteCount) VALUES ('290859', 16, 207.582, 6.5, 3423);
INSERT INTO Movies(id, title, overview, popularity, releaseDate, posterPath, voteCount, voteAvg, revenue, runtime, tagline) VALUES(611914,'The Courier','This intense action-thriller unfolds in real time as two embattled souls fight for their lives. Gary Oldman stars as a vicious crime boss out to kill Nick, the lone witness set to testify against him. He hires a mysterious female motorcycle courier to unknowingly deliver a poison-gas bomb to slay Nick, but after she rescues Nick from certain death, the duo must confront an army of ruthless hired killers in order to survive the night.',191.737,'2019-11-22','/cmC7bJZ5sCzx9ZsrlXOrYJfYtLc.jpg',355, 6.3,'0', 99, 'Don\'t shoot the messenger.');
INSERT INTO MovieGenre(movieId, genreId) VALUES(611914,'28');
INSERT INTO MovieGenre(movieId, genreId) VALUES(611914,'80');
INSERT INTO MovieGenre(movieId, genreId) VALUES(611914,'18');
INSERT INTO MovieGenre(movieId, genreId) VALUES(611914,'53');
INSERT INTO MovieCountry(movieId, countryId) VALUES(611914,'GB');
INSERT INTO MovieCountry(movieId, countryId) VALUES(611914,'US');
INSERT INTO MovieCredits(movieId, personId, job) VALUES(611914,18182,'Actor_The Courier');
INSERT INTO MovieCredits(movieId, personId, job) VALUES(611914,64,'Actor_Ezekiel Mannings');
INSERT INTO MovieCredits(movieId, personId, job) VALUES(611914,20212,'Actor_Special Agent Roberts');
INSERT INTO MovieCredits(movieId, personId, job) VALUES(611914,5528,'Actor_Agent Bryant');
INSERT INTO MovieCredits(movieId, personId, job) VALUES(611914,1936932,'Actor_Agent Simmonds');
INSERT INTO MovieCredits(movieId, personId, job) VALUES(611914,150072,'Actor_Nick Murch');
INSERT INTO MovieCredits(movieId, personId, job) VALUES(611914,38887,'Stunt Coordinator');
INSERT INTO MovieCredits(movieId, personId, job) VALUES(611914,40817,'Sound Re-Recording Mixer');
INSERT INTO MovieCredits(movieId, personId, job) VALUES(611914,45056,'Music Supervisor');
INSERT INTO MovieCredits(movieId, personId, job) VALUES(611914,55774,'Director of Photography');
INSERT INTO MovieCredits(movieId, personId, job) VALUES(611914,439236,'Director');
INSERT INTO MovieCredits(movieId, personId, job) VALUES(611914,439236,'Executive Producer');
INSERT INTO MovieProvider(movieId, provider, service) VALUES(611914,3,'buy');
INSERT INTO MovieProvider(movieId, provider, service) VALUES(611914,130,'buy');
INSERT INTO MovieProvider(movieId, provider, service) VALUES(611914,10,'buy');
INSERT INTO MovieProvider(movieId, provider, service) VALUES(611914,40,'buy');
INSERT INTO MovieProvider(movieId, provider, service) VALUES(611914,192,'buy');
INSERT INTO MovieProvider(movieId, provider, service) VALUES(611914,20,'buy');
INSERT INTO MovieProvider(movieId, provider, service) VALUES(611914,133,'buy');
INSERT INTO MovieProvider(movieId, provider, service) VALUES(611914,35,'buy');
INSERT INTO MovieProvider(movieId, provider, service) VALUES(611914,178,'buy');
INSERT INTO MovieProvider(movieId, provider, service) VALUES(611914,3,'rent');
INSERT INTO MovieProvider(movieId, provider, service) VALUES(611914,130,'rent');
INSERT INTO MovieProvider(movieId, provider, service) VALUES(611914,10,'rent');
INSERT INTO MovieProvider(movieId, provider, service) VALUES(611914,40,'rent');
INSERT INTO MovieProvider(movieId, provider, service) VALUES(611914,192,'rent');
INSERT INTO MovieProvider(movieId, provider, service) VALUES(611914,20,'rent');
INSERT INTO MovieProvider(movieId, provider, service) VALUES(611914,133,'rent');
INSERT INTO MovieProvider(movieId, provider, service) VALUES(611914,35,'rent');
INSERT INTO MovieProvider(movieId, provider, service) VALUES(611914,178,'rent');
INSERT INTO MovieWeekPopularity(movieId, weekNr, popularity, voteAVG, voteCount) VALUES ('611914', 16, 191.737, 6.3, 355);
INSERT INTO Movies(id, title, overview, popularity, releaseDate, posterPath, voteCount, voteAvg, revenue, runtime, tagline) VALUES(443791,'Underwater','After an earthquake destroys their underwater station, six researchers must navigate two miles along the dangerous, unknown depths of the ocean floor to make it to safety in a race against time.',210.72,'2020-01-08','/gzlbb3yeVISpQ3REd3Ga1scWGTU.jpg',2027, 6.3,'4.0882928e+07', 95, '7 miles below the ocean surface something has awakened');
INSERT INTO MovieGenre(movieId, genreId) VALUES(443791,'28');
INSERT INTO MovieGenre(movieId, genreId) VALUES(443791,'27');
INSERT INTO MovieGenre(movieId, genreId) VALUES(443791,'878');
INSERT INTO MovieGenre(movieId, genreId) VALUES(443791,'53');
INSERT INTO MovieCountry(movieId, countryId) VALUES(443791,'US');
INSERT INTO MovieCredits(movieId, personId, job) VALUES(443791,37917,'Actor_Norah Price');
INSERT INTO MovieCredits(movieId, personId, job) VALUES(443791,1925,'Actor_Captain Lucien');
INSERT INTO MovieCredits(movieId, personId, job) VALUES(443791,1639848,'Actor_Rodrigo Nagenda');
INSERT INTO MovieCredits(movieId, personId, job) VALUES(443791,51990,'Actor_Paul Abel');
INSERT INTO MovieCredits(movieId, personId, job) VALUES(443791,17487,'Actor_Liam Smith');
INSERT INTO MovieCredits(movieId, personId, job) VALUES(443791,1202689,'Actor_Emily Haversham');
INSERT INTO MovieCredits(movieId, personId, job) VALUES(443791,2122,'Editor');
INSERT INTO MovieCredits(movieId, personId, job) VALUES(443791,3189,'Editor');
INSERT INTO MovieCredits(movieId, personId, job) VALUES(443791,3504,'Sound Designer');
INSERT INTO MovieCredits(movieId, personId, job) VALUES(443791,7229,'Original Music Composer');
INSERT INTO MovieCredits(movieId, personId, job) VALUES(443791,11699,'Director of Photography');
INSERT INTO MovieCredits(movieId, personId, job) VALUES(443791,17677,'Production Design');
INSERT INTO MovieProvider(movieId, provider, service) VALUES(443791,2,'buy');
INSERT INTO MovieProvider(movieId, provider, service) VALUES(443791,3,'buy');
INSERT INTO MovieProvider(movieId, provider, service) VALUES(443791,130,'buy');
INSERT INTO MovieProvider(movieId, provider, service) VALUES(443791,10,'buy');
INSERT INTO MovieProvider(movieId, provider, service) VALUES(443791,40,'buy');
INSERT INTO MovieProvider(movieId, provider, service) VALUES(443791,192,'buy');
INSERT INTO MovieProvider(movieId, provider, service) VALUES(443791,35,'buy');
INSERT INTO MovieProvider(movieId, provider, service) VALUES(443791,178,'buy');
INSERT INTO MovieProvider(movieId, provider, service) VALUES(443791,68,'buy');
INSERT INTO MovieProvider(movieId, provider, service) VALUES(443791,30,'flat');
INSERT INTO MovieProvider(movieId, provider, service) VALUES(443791,29,'flat');
INSERT INTO MovieWeekPopularity(movieId, weekNr, popularity, voteAVG, voteCount) VALUES ('443791', 16, 210.72, 6.3, 2027);
INSERT INTO Movies(id, title, overview, popularity, releaseDate, posterPath, voteCount, voteAvg, revenue, runtime, tagline) VALUES(560192,'Grand Isle','Walter and his neglected wife lure a young man into their Victorian home to escape a hurricane. When the man is charged with murder by Det. Jones, he must reveal the couple\'s wicked secrets to save himself.',204.466,'2019-12-06','/8mcXb3km7hZ8aJKpxxgnvvxt9gW.jpg',156, 6,'0', 97, 'A storm is coming');
INSERT INTO MovieGenre(movieId, genreId) VALUES(560192,'53');
INSERT INTO MovieGenre(movieId, genreId) VALUES(560192,'28');
INSERT INTO MovieCountry(movieId, countryId) VALUES(560192,'US');
INSERT INTO MovieCredits(movieId, personId, job) VALUES(560192,2963,'Actor_Walter');
INSERT INTO MovieCredits(movieId, personId, job) VALUES(560192,20388,'Actor_Fancy');
INSERT INTO MovieCredits(movieId, personId, job) VALUES(560192,84482,'Actor_Buddy');
INSERT INTO MovieCredits(movieId, personId, job) VALUES(560192,7090,'Actor_Detective Jones');
INSERT INTO MovieCredits(movieId, personId, job) VALUES(560192,81703,'Actor_Officer Newton');
INSERT INTO MovieCredits(movieId, personId, job) VALUES(560192,1402526,'Actor_Lisa');
INSERT INTO MovieCredits(movieId, personId, job) VALUES(560192,109422,'Stunt Coordinator');
INSERT INTO MovieCredits(movieId, personId, job) VALUES(560192,119115,'Set Decoration');
INSERT INTO MovieCredits(movieId, personId, job) VALUES(560192,575687,'Second Assistant Director');
INSERT INTO MovieCredits(movieId, personId, job) VALUES(560192,582827,'Producer');
INSERT INTO MovieCredits(movieId, personId, job) VALUES(560192,933587,'Executive Producer');
INSERT INTO MovieCredits(movieId, personId, job) VALUES(560192,954441,'Producer');
INSERT INTO MovieProvider(movieId, provider, service) VALUES(560192,2,'buy');
INSERT INTO MovieProvider(movieId, provider, service) VALUES(560192,3,'buy');
INSERT INTO MovieProvider(movieId, provider, service) VALUES(560192,130,'buy');
INSERT INTO MovieProvider(movieId, provider, service) VALUES(560192,10,'buy');
INSERT INTO MovieProvider(movieId, provider, service) VALUES(560192,40,'buy');
INSERT INTO MovieProvider(movieId, provider, service) VALUES(560192,192,'buy');
INSERT INTO MovieProvider(movieId, provider, service) VALUES(560192,20,'buy');
INSERT INTO MovieProvider(movieId, provider, service) VALUES(560192,35,'buy');
INSERT INTO MovieProvider(movieId, provider, service) VALUES(560192,178,'buy');
INSERT INTO MovieProvider(movieId, provider, service) VALUES(560192,68,'buy');
INSERT INTO MovieProvider(movieId, provider, service) VALUES(560192,2,'rent');
INSERT INTO MovieProvider(movieId, provider, service) VALUES(560192,3,'rent');
INSERT INTO MovieProvider(movieId, provider, service) VALUES(560192,130,'rent');
INSERT INTO MovieProvider(movieId, provider, service) VALUES(560192,10,'rent');
INSERT INTO MovieProvider(movieId, provider, service) VALUES(560192,40,'rent');
INSERT INTO MovieProvider(movieId, provider, service) VALUES(560192,192,'rent');
INSERT INTO MovieProvider(movieId, provider, service) VALUES(560192,20,'rent');
INSERT INTO MovieProvider(movieId, provider, service) VALUES(560192,35,'rent');
INSERT INTO MovieProvider(movieId, provider, service) VALUES(560192,178,'rent');
INSERT INTO MovieProvider(movieId, provider, service) VALUES(560192,68,'rent');
INSERT INTO MovieWeekPopularity(movieId, weekNr, popularity, voteAVG, voteCount) VALUES ('560192', 16, 204.466, 6, 156);
INSERT INTO Movies(id, title, overview, popularity, releaseDate, posterPath, voteCount, voteAvg, revenue, runtime, tagline) VALUES(596247,'Pacto de Fuga','During the last years of Pinochet\'s military regime,  a group of militants from the "Manuel Rodríguez Patriotic Front" plan a prison break of political prisoners, through a tunnel that will take them 18 months to dig.',212.473,'2020-01-23','/qDFfu73R8uO94ydFtdxEdSfTlg6.jpg',56, 7.8,'0', 138, 'Based on the most daring prison escape of all time.');
INSERT INTO MovieGenre(movieId, genreId) VALUES(596247,'18');
INSERT INTO MovieGenre(movieId, genreId) VALUES(596247,'53');
INSERT INTO MovieCountry(movieId, countryId) VALUES(596247,'CL');
INSERT INTO MovieCredits(movieId, personId, job) VALUES(596247,79001,'Actor_Leon Vargas');
INSERT INTO MovieCredits(movieId, personId, job) VALUES(596247,590879,'Actor_Rafael Jimenez');
INSERT INTO MovieCredits(movieId, personId, job) VALUES(596247,225012,'Actor_Fabiola Pizarro');
INSERT INTO MovieCredits(movieId, personId, job) VALUES(596247,590876,'Actor_Paulina Baeza');
INSERT INTO MovieCredits(movieId, personId, job) VALUES(596247,71408,'Actor_Rodolfo Ternicier');
INSERT INTO MovieCredits(movieId, personId, job) VALUES(596247,1074951,'Actor_Patricio Velásquez');
INSERT INTO MovieCredits(movieId, personId, job) VALUES(596247,1116694,'Sound Supervisor');
INSERT INTO MovieCredits(movieId, personId, job) VALUES(596247,1407619,'ADR & Dubbing');
INSERT INTO MovieCredits(movieId, personId, job) VALUES(596247,1407619,'Dialogue Editor');
INSERT INTO MovieCredits(movieId, personId, job) VALUES(596247,1407620,'Sound Editor');
INSERT INTO MovieCredits(movieId, personId, job) VALUES(596247,1407620,'Sound Re-Recording Mixer');
INSERT INTO MovieCredits(movieId, personId, job) VALUES(596247,1407621,'Foley Editor');
INSERT INTO MovieWeekPopularity(movieId, weekNr, popularity, voteAVG, voteCount) VALUES ('596247', 16, 212.473, 7.8, 56);
INSERT INTO Movies(id, title, overview, popularity, releaseDate, posterPath, voteCount, voteAvg, revenue, runtime, tagline) VALUES(632632,'Given','The film centers on the love relationship among the band\'s bassist Haruki Nakayama, drummer Akihiko Kaji, and Akihiko\'s roommate and ex-boyfriend Ugetsu Murata.',230.425,'2020-08-22','/xKCtoYHUyX8zAg68eemnYa2orep.jpg',149, 8.8,'0', 60, '');
INSERT INTO MovieGenre(movieId, genreId) VALUES(632632,'16');
INSERT INTO MovieGenre(movieId, genreId) VALUES(632632,'18');
INSERT INTO MovieGenre(movieId, genreId) VALUES(632632,'10402');
INSERT INTO MovieGenre(movieId, genreId) VALUES(632632,'10749');
INSERT INTO MovieCountry(movieId, countryId) VALUES(632632,'JP');
INSERT INTO MovieCredits(movieId, personId, job) VALUES(632632,1248374,'Actor_Kaji Akihiko (voice)');
INSERT INTO MovieCredits(movieId, personId, job) VALUES(632632,2019916,'Actor_Nakayama Haruki (voice)');
INSERT INTO MovieCredits(movieId, personId, job) VALUES(632632,2157589,'Actor_Satou Mafuyu (voice)');
INSERT INTO MovieCredits(movieId, personId, job) VALUES(632632,1492992,'Actor_Uenoyama Ritsuka (voice)');
INSERT INTO MovieCredits(movieId, personId, job) VALUES(632632,1247778,'Actor_Murata Ugetsu (voice)');
INSERT INTO MovieCredits(movieId, personId, job) VALUES(632632,1491949,'Sound Director');
INSERT INTO MovieCredits(movieId, personId, job) VALUES(632632,1564397,'Script');
INSERT INTO MovieCredits(movieId, personId, job) VALUES(632632,1862067,'Character Designer');
INSERT INTO MovieCredits(movieId, personId, job) VALUES(632632,2362487,'Music');
INSERT INTO MovieCredits(movieId, personId, job) VALUES(632632,2414863,'Original Story');
INSERT INTO MovieCredits(movieId, personId, job) VALUES(632632,2564771,'Director');
INSERT INTO MovieWeekPopularity(movieId, weekNr, popularity, voteAVG, voteCount) VALUES ('632632', 16, 230.425, 8.8, 149);
INSERT INTO Movies(id, title, overview, popularity, releaseDate, posterPath, voteCount, voteAvg, revenue, runtime, tagline) VALUES(458156,'John Wick: Chapter 3 - Parabellum','Super-assassin John Wick returns with a $14 million price tag on his head and an army of bounty-hunting killers on his trail. After killing a member of the shadowy international assassin’s guild, the High Table, John Wick is excommunicado, but the world’s most ruthless hit men and women await his every turn.',212.154,'2019-05-15','/ziEuG1essDuWuC5lpWUaw1uXY2O.jpg',6656, 7.4,'3.26709727e+08', 130, 'The Grace Period Is Over');
INSERT INTO MovieGenre(movieId, genreId) VALUES(458156,'28');
INSERT INTO MovieGenre(movieId, genreId) VALUES(458156,'53');
INSERT INTO MovieGenre(movieId, genreId) VALUES(458156,'80');
INSERT INTO MovieCountry(movieId, countryId) VALUES(458156,'US');
INSERT INTO MovieCredits(movieId, personId, job) VALUES(458156,6384,'Actor_Jonathan "John" Wick');
INSERT INTO MovieCredits(movieId, personId, job) VALUES(458156,4587,'Actor_Sofia');
INSERT INTO MovieCredits(movieId, personId, job) VALUES(458156,2975,'Actor_Bowery King');
INSERT INTO MovieCredits(movieId, personId, job) VALUES(458156,18702,'Actor_Zero');
INSERT INTO MovieCredits(movieId, personId, job) VALUES(458156,1776040,'Actor_Adjudicator');
INSERT INTO MovieCredits(movieId, personId, job) VALUES(458156,129101,'Actor_Charon');
INSERT INTO MovieCredits(movieId, personId, job) VALUES(458156,5914,'Casting');
INSERT INTO MovieCredits(movieId, personId, job) VALUES(458156,6283,'In Memory Of');
INSERT INTO MovieCredits(movieId, personId, job) VALUES(458156,40644,'Director');
INSERT INTO MovieCredits(movieId, personId, job) VALUES(458156,40644,'Executive Producer');
INSERT INTO MovieCredits(movieId, personId, job) VALUES(458156,40684,'Executive Producer');
INSERT INTO MovieCredits(movieId, personId, job) VALUES(458156,15221,'Original Music Composer');
INSERT INTO MovieProvider(movieId, provider, service) VALUES(458156,2,'buy');
INSERT INTO MovieProvider(movieId, provider, service) VALUES(458156,3,'buy');
INSERT INTO MovieProvider(movieId, provider, service) VALUES(458156,130,'buy');
INSERT INTO MovieProvider(movieId, provider, service) VALUES(458156,10,'buy');
INSERT INTO MovieProvider(movieId, provider, service) VALUES(458156,192,'buy');
INSERT INTO MovieProvider(movieId, provider, service) VALUES(458156,20,'buy');
INSERT INTO MovieProvider(movieId, provider, service) VALUES(458156,133,'buy');
INSERT INTO MovieProvider(movieId, provider, service) VALUES(458156,35,'buy');
INSERT INTO MovieProvider(movieId, provider, service) VALUES(458156,178,'buy');
INSERT INTO MovieProvider(movieId, provider, service) VALUES(458156,2,'rent');
INSERT INTO MovieProvider(movieId, provider, service) VALUES(458156,3,'rent');
INSERT INTO MovieProvider(movieId, provider, service) VALUES(458156,130,'rent');
INSERT INTO MovieProvider(movieId, provider, service) VALUES(458156,10,'rent');
INSERT INTO MovieProvider(movieId, provider, service) VALUES(458156,192,'rent');
INSERT INTO MovieProvider(movieId, provider, service) VALUES(458156,20,'rent');
INSERT INTO MovieProvider(movieId, provider, service) VALUES(458156,133,'rent');
INSERT INTO MovieProvider(movieId, provider, service) VALUES(458156,35,'rent');
INSERT INTO MovieProvider(movieId, provider, service) VALUES(458156,178,'rent');
INSERT INTO MovieProvider(movieId, provider, service) VALUES(458156,9,'flat');
INSERT INTO MovieWeekPopularity(movieId, weekNr, popularity, voteAVG, voteCount) VALUES ('458156', 16, 212.154, 7.4, 6656);
INSERT INTO Movies(id, title, overview, popularity, releaseDate, posterPath, voteCount, voteAvg, revenue, runtime, tagline) VALUES(743439,'PAW Patrol: Jet to the Rescue','Get ready to zoom back to Barkingburg with the pups in this all-new TV movie! When the scheming DUKE of Flappington steals a powerful levitation gem from the royal castle, it’s up to the PAW Patrol to jet to the rescue before the town is lost forever! Then join the PAW Patrol in even more high-flying adventures where they will save a stunt pilot, one of Mayor Humdinger’s kittens, and even Skye when she breaks her wing flying to Jake’s Mountain!',203.691,'2020-09-03','/qHcn3PbjVHxBweDZxWpYH3JfugS.jpg',68, 7.3,'0', 0, '');
INSERT INTO MovieGenre(movieId, genreId) VALUES(743439,'10751');
INSERT INTO MovieGenre(movieId, genreId) VALUES(743439,'16');
INSERT INTO MovieCredits(movieId, personId, job) VALUES(743439,2856455,'Actor_Sweetie');
INSERT INTO MovieCredits(movieId, personId, job) VALUES(743439,2856457,'Actor_The Princess of Barkingburg');
INSERT INTO MovieCredits(movieId, personId, job) VALUES(743439,2856452,'Writer');
INSERT INTO MovieWeekPopularity(movieId, weekNr, popularity, voteAVG, voteCount) VALUES ('743439', 16, 203.691, 7.3, 68);
INSERT INTO Movies(id, title, overview, popularity, releaseDate, posterPath, voteCount, voteAvg, revenue, runtime, tagline) VALUES(621876,'Flora & Ulysses','When Flora rescues a squirrel she names Ulysses, she is amazed to discover he possesses unique superhero powers, which take them on an adventure of humorous complications that ultimately change Flora\'s life--and her outlook--forever.',197.902,'2021-02-19','/syobJCxZcIJl0OpjNroZSQKa1kW.jpg',124, 6.8,'0', 91, 'No tights. No cape. No problem.');
INSERT INTO MovieGenre(movieId, genreId) VALUES(621876,'10751');
INSERT INTO MovieGenre(movieId, genreId) VALUES(621876,'12');
INSERT INTO MovieGenre(movieId, genreId) VALUES(621876,'35');
INSERT INTO MovieGenre(movieId, genreId) VALUES(621876,'14');
INSERT INTO MovieCountry(movieId, countryId) VALUES(621876,'US');
INSERT INTO MovieCredits(movieId, personId, job) VALUES(621876,2382043,'Actor_Flora Buckman');
INSERT INTO MovieCredits(movieId, personId, job) VALUES(621876,21595,'Actor_Phyllis Buckman');
INSERT INTO MovieCredits(movieId, personId, job) VALUES(621876,222121,'Actor_George Buckman');
INSERT INTO MovieCredits(movieId, personId, job) VALUES(621876,205179,'Actor_Miller');
INSERT INTO MovieCredits(movieId, personId, job) VALUES(621876,2382044,'Actor_William Spiver');
INSERT INTO MovieCredits(movieId, personId, job) VALUES(621876,132354,'Actor_Rita');
INSERT INTO MovieCredits(movieId, personId, job) VALUES(621876,8275,'Executive Producer');
INSERT INTO MovieCredits(movieId, personId, job) VALUES(621876,8846,'Director of Photography');
INSERT INTO MovieCredits(movieId, personId, job) VALUES(621876,11818,'Art Direction');
INSERT INTO MovieCredits(movieId, personId, job) VALUES(621876,22059,'Casting Director');
INSERT INTO MovieCredits(movieId, personId, job) VALUES(621876,25455,'Producer');
INSERT INTO MovieCredits(movieId, personId, job) VALUES(621876,42909,'Costume Design');
INSERT INTO MovieProvider(movieId, provider, service) VALUES(621876,337,'flat');
INSERT INTO MovieWeekPopularity(movieId, weekNr, popularity, voteAVG, voteCount) VALUES ('621876', 16, 197.902, 6.8, 124);
INSERT INTO Movies(id, title, overview, popularity, releaseDate, posterPath, voteCount, voteAvg, revenue, runtime, tagline) VALUES(340102,'The New Mutants','Five young mutants, just discovering their abilities while held in a secret facility against their will, fight to escape their past sins and save themselves.',194.822,'2020-08-26','/xZNw9xxtwbEf25NYoz52KdbXHPM.jpg',1833, 6.3,'4.5534613e+07', 94, 'It\'s time to face your demons.');
INSERT INTO MovieGenre(movieId, genreId) VALUES(340102,'28');
INSERT INTO MovieGenre(movieId, genreId) VALUES(340102,'27');
INSERT INTO MovieGenre(movieId, genreId) VALUES(340102,'878');
INSERT INTO MovieCountry(movieId, countryId) VALUES(340102,'US');
INSERT INTO MovieCredits(movieId, personId, job) VALUES(340102,1181313,'Actor_Rahne Sinclair / Wolfsbane');
INSERT INTO MovieCredits(movieId, personId, job) VALUES(340102,1397778,'Actor_Illyana Rasputin / Magik');
INSERT INTO MovieCredits(movieId, personId, job) VALUES(340102,1448222,'Actor_Samuel Guthrie / Cannonball');
INSERT INTO MovieCredits(movieId, personId, job) VALUES(340102,8602,'Actor_Dr. Cecilia Reyes');
INSERT INTO MovieCredits(movieId, personId, job) VALUES(340102,1827498,'Actor_Danielle Moonstar / Mirage');
INSERT INTO MovieCredits(movieId, personId, job) VALUES(340102,1563169,'Actor_Roberto da Costa / Sunspot');
INSERT INTO MovieCredits(movieId, personId, job) VALUES(340102,1720,'Casting');
INSERT INTO MovieCredits(movieId, personId, job) VALUES(340102,10569,'Producer');
INSERT INTO MovieCredits(movieId, personId, job) VALUES(340102,5339,'ADR Mixer');
INSERT INTO MovieCredits(movieId, personId, job) VALUES(340102,7200,'Producer');
INSERT INTO MovieCredits(movieId, personId, job) VALUES(340102,7624,'Executive Producer');
INSERT INTO MovieCredits(movieId, personId, job) VALUES(340102,9373,'Dolly Grip');
INSERT INTO MovieProvider(movieId, provider, service) VALUES(340102,2,'buy');
INSERT INTO MovieProvider(movieId, provider, service) VALUES(340102,3,'buy');
INSERT INTO MovieProvider(movieId, provider, service) VALUES(340102,130,'buy');
INSERT INTO MovieProvider(movieId, provider, service) VALUES(340102,10,'buy');
INSERT INTO MovieProvider(movieId, provider, service) VALUES(340102,40,'buy');
INSERT INTO MovieProvider(movieId, provider, service) VALUES(340102,192,'buy');
INSERT INTO MovieProvider(movieId, provider, service) VALUES(340102,35,'buy');
INSERT INTO MovieProvider(movieId, provider, service) VALUES(340102,178,'buy');
INSERT INTO MovieProvider(movieId, provider, service) VALUES(340102,68,'buy');
INSERT INTO MovieProvider(movieId, provider, service) VALUES(340102,2,'rent');
INSERT INTO MovieProvider(movieId, provider, service) VALUES(340102,3,'rent');
INSERT INTO MovieProvider(movieId, provider, service) VALUES(340102,130,'rent');
INSERT INTO MovieProvider(movieId, provider, service) VALUES(340102,10,'rent');
INSERT INTO MovieProvider(movieId, provider, service) VALUES(340102,40,'rent');
INSERT INTO MovieProvider(movieId, provider, service) VALUES(340102,192,'rent');
INSERT INTO MovieProvider(movieId, provider, service) VALUES(340102,35,'rent');
INSERT INTO MovieProvider(movieId, provider, service) VALUES(340102,178,'rent');
INSERT INTO MovieProvider(movieId, provider, service) VALUES(340102,68,'rent');
INSERT INTO MovieWeekPopularity(movieId, weekNr, popularity, voteAVG, voteCount) VALUES ('340102', 16, 194.822, 6.3, 1833);
INSERT INTO Movies(id, title, overview, popularity, releaseDate, posterPath, voteCount, voteAvg, revenue, runtime, tagline) VALUES(583903,'Our Friend','After learning that his terminally ill wife has six months to live, a man welcomes the support of his best friend who moves into their home to help out.',203.97,'2021-01-22','/vg9C5LttsKBqoLuqeQvOXaeBGiD.jpg',83, 7.1,'0', 124, '');
INSERT INTO MovieGenre(movieId, genreId) VALUES(583903,'18');
INSERT INTO MovieGenre(movieId, genreId) VALUES(583903,'35');
INSERT INTO MovieCountry(movieId, countryId) VALUES(583903,'US');
INSERT INTO MovieCredits(movieId, personId, job) VALUES(583903,1893,'Actor_Matthew Teague');
INSERT INTO MovieCredits(movieId, personId, job) VALUES(583903,118545,'Actor_Nicole Teague');
INSERT INTO MovieCredits(movieId, personId, job) VALUES(583903,41088,'Actor_Dane Faucheux');
INSERT INTO MovieCredits(movieId, personId, job) VALUES(583903,1011904,'Actor_Teresa');
INSERT INTO MovieCredits(movieId, personId, job) VALUES(583903,1956,'Actor_Faith');
INSERT INTO MovieCredits(movieId, personId, job) VALUES(583903,999605,'Actor_Gale');
INSERT INTO MovieCredits(movieId, personId, job) VALUES(583903,578,'Executive Producer');
INSERT INTO MovieCredits(movieId, personId, job) VALUES(583903,932432,'Screenplay');
INSERT INTO MovieCredits(movieId, personId, job) VALUES(583903,932432,'Executive Producer');
INSERT INTO MovieCredits(movieId, personId, job) VALUES(583903,1023495,'Editor');
INSERT INTO MovieCredits(movieId, personId, job) VALUES(583903,1042699,'Original Music Composer');
INSERT INTO MovieCredits(movieId, personId, job) VALUES(583903,1045176,'Director');
INSERT INTO MovieWeekPopularity(movieId, weekNr, popularity, voteAVG, voteCount) VALUES ('583903', 16, 203.97, 7.1, 83);
INSERT INTO Movies(id, title, overview, popularity, releaseDate, posterPath, voteCount, voteAvg, revenue, runtime, tagline) VALUES(509635,'Alone','A recently widowed traveler is kidnapped by a cold blooded killer, only to escape into the wilderness where she is forced to battle against the elements as her pursuer closes in on her.',202.041,'2020-09-10','/n9OzZmPMnVrV0cMQ7amX0DtBkQH.jpg',247, 6.2,'0', 98, 'What are you running from?');
INSERT INTO MovieGenre(movieId, genreId) VALUES(509635,'53');
INSERT INTO MovieGenre(movieId, genreId) VALUES(509635,'27');
INSERT INTO MovieGenre(movieId, genreId) VALUES(509635,'18');
INSERT INTO MovieCountry(movieId, countryId) VALUES(509635,'US');
INSERT INTO MovieCredits(movieId, personId, job) VALUES(509635,1261381,'Actor_Jessica');
INSERT INTO MovieCredits(movieId, personId, job) VALUES(509635,212776,'Actor_Man');
INSERT INTO MovieCredits(movieId, personId, job) VALUES(509635,16293,'Actor_Robert');
INSERT INTO MovieCredits(movieId, personId, job) VALUES(509635,552966,'Actor_Eric');
INSERT INTO MovieCredits(movieId, personId, job) VALUES(509635,588695,'Actor_Officer (voice)');
INSERT INTO MovieCredits(movieId, personId, job) VALUES(509635,79905,'Actor_Mom (voice)');
INSERT INTO MovieCredits(movieId, personId, job) VALUES(509635,5586,'Executive Producer');
INSERT INTO MovieCredits(movieId, personId, job) VALUES(509635,47325,'Executive Producer');
INSERT INTO MovieCredits(movieId, personId, job) VALUES(509635,63984,'Producer');
INSERT INTO MovieCredits(movieId, personId, job) VALUES(509635,62941,'Director');
INSERT INTO MovieCredits(movieId, personId, job) VALUES(509635,62941,'Editor');
INSERT INTO MovieCredits(movieId, personId, job) VALUES(509635,552966,'Producer');
INSERT INTO MovieProvider(movieId, provider, service) VALUES(509635,2,'buy');
INSERT INTO MovieProvider(movieId, provider, service) VALUES(509635,3,'buy');
INSERT INTO MovieProvider(movieId, provider, service) VALUES(509635,130,'buy');
INSERT INTO MovieProvider(movieId, provider, service) VALUES(509635,10,'buy');
INSERT INTO MovieProvider(movieId, provider, service) VALUES(509635,40,'buy');
INSERT INTO MovieProvider(movieId, provider, service) VALUES(509635,192,'buy');
INSERT INTO MovieProvider(movieId, provider, service) VALUES(509635,20,'buy');
INSERT INTO MovieProvider(movieId, provider, service) VALUES(509635,178,'buy');
INSERT INTO MovieProvider(movieId, provider, service) VALUES(509635,68,'buy');
INSERT INTO MovieProvider(movieId, provider, service) VALUES(509635,2,'rent');
INSERT INTO MovieProvider(movieId, provider, service) VALUES(509635,3,'rent');
INSERT INTO MovieProvider(movieId, provider, service) VALUES(509635,130,'rent');
INSERT INTO MovieProvider(movieId, provider, service) VALUES(509635,10,'rent');
INSERT INTO MovieProvider(movieId, provider, service) VALUES(509635,40,'rent');
INSERT INTO MovieProvider(movieId, provider, service) VALUES(509635,192,'rent');
INSERT INTO MovieProvider(movieId, provider, service) VALUES(509635,20,'rent');
INSERT INTO MovieProvider(movieId, provider, service) VALUES(509635,178,'rent');
INSERT INTO MovieProvider(movieId, provider, service) VALUES(509635,68,'rent');
INSERT INTO MovieWeekPopularity(movieId, weekNr, popularity, voteAVG, voteCount) VALUES ('509635', 16, 202.041, 6.2, 247);
INSERT INTO Movies(id, title, overview, popularity, releaseDate, posterPath, voteCount, voteAvg, revenue, runtime, tagline) VALUES(662334,'Chaco','In 1934, Bolivia is at war with Paraguay. Liborio and Ticona and other Bolivian indigenous soldiers are lost in the hell of the Chaco, under the commandment of German Captain Kundt. They\'re looking for the Paraguayan enemy that they haven\'t seen for months, and that they will never find. They leave together in a search that will make them realize, progressively, the destiny they have been pushed into and the inevitable condition of a defeated troop. They\'re walking like shadows, wandering forever in the middle of dust and silence.',201.639,'2020-01-28','/hCR2i9rK6P4VHMfFw2MT5jDGJcN.jpg',40, 7.9,'0', 77, '');
INSERT INTO MovieGenre(movieId, genreId) VALUES(662334,'10752');
INSERT INTO MovieGenre(movieId, genreId) VALUES(662334,'18');
INSERT INTO MovieCountry(movieId, countryId) VALUES(662334,'AR');
INSERT INTO MovieCountry(movieId, countryId) VALUES(662334,'BO');
INSERT INTO MovieCredits(movieId, personId, job) VALUES(662334,3043036,'Actor_Cabo Liboro');
INSERT INTO MovieCredits(movieId, personId, job) VALUES(662334,995388,'Actor_Capitán alemán');
INSERT INTO MovieCredits(movieId, personId, job) VALUES(662334,3043037,'Actor_Teniente Rogelio');
INSERT INTO MovieCredits(movieId, personId, job) VALUES(662334,3043038,'Actor_Soldado Jacinto');
INSERT INTO MovieCredits(movieId, personId, job) VALUES(662334,3043039,'Actor_Soldado Ticona');
INSERT INTO MovieCredits(movieId, personId, job) VALUES(662334,1168402,'Director');
INSERT INTO MovieCredits(movieId, personId, job) VALUES(662334,1168402,'Writer');
INSERT INTO MovieCredits(movieId, personId, job) VALUES(662334,1651890,'Writer');
INSERT INTO MovieCredits(movieId, personId, job) VALUES(662334,2025649,'Writer');
INSERT INTO MovieWeekPopularity(movieId, weekNr, popularity, voteAVG, voteCount) VALUES ('662334', 16, 201.639, 7.9, 40);
INSERT INTO Movies(id, title, overview, popularity, releaseDate, posterPath, voteCount, voteAvg, revenue, runtime, tagline) VALUES(638597,'Yes Day','A mom and dad who usually say no decide to say yes to their kids\' wildest requests — with a few ground rules — on a whirlwind day of fun and adventure.',200.726,'2021-03-12','/rejrD9ovTHJbfmpLM0mbEliEPV6.jpg',491, 7,'0', 86, 'For 24 hours, kids make the rules.');
INSERT INTO MovieGenre(movieId, genreId) VALUES(638597,'35');
INSERT INTO MovieGenre(movieId, genreId) VALUES(638597,'10751');
INSERT INTO MovieCountry(movieId, countryId) VALUES(638597,'US');
INSERT INTO MovieCredits(movieId, personId, job) VALUES(638597,9278,'Actor_Allison Torres');
INSERT INTO MovieCredits(movieId, personId, job) VALUES(638597,25616,'Actor_Carlos Torres');
INSERT INTO MovieCredits(movieId, personId, job) VALUES(638597,974169,'Actor_Katie Torres');
INSERT INTO MovieCredits(movieId, personId, job) VALUES(638597,1942582,'Actor_Nando Torres');
INSERT INTO MovieCredits(movieId, personId, job) VALUES(638597,2443015,'Actor_Ellie Torres');
INSERT INTO MovieCredits(movieId, personId, job) VALUES(638597,2320763,'Actor_H.E.R.');
INSERT INTO MovieCredits(movieId, personId, job) VALUES(638597,497,'Production Design');
INSERT INTO MovieCredits(movieId, personId, job) VALUES(638597,1589,'Original Music Composer');
INSERT INTO MovieCredits(movieId, personId, job) VALUES(638597,9278,'Producer');
INSERT INTO MovieCredits(movieId, personId, job) VALUES(638597,13588,'Set Decoration');
INSERT INTO MovieCredits(movieId, personId, job) VALUES(638597,47293,'Director of Photography');
INSERT INTO MovieCredits(movieId, personId, job) VALUES(638597,61069,'Director');
INSERT INTO MovieProvider(movieId, provider, service) VALUES(638597,8,'flat');
INSERT INTO MovieProvider(movieId, provider, service) VALUES(638597,175,'flat');
INSERT INTO MovieWeekPopularity(movieId, weekNr, popularity, voteAVG, voteCount) VALUES ('638597', 16, 200.726, 7, 491);
INSERT INTO Movies(id, title, overview, popularity, releaseDate, posterPath, voteCount, voteAvg, revenue, runtime, tagline) VALUES(659067,'Earth and Blood','A sawmill owner and his teenage daughter become tangled in a deadly feud when a drug dealer stashes stolen cocaine on their remote property.',194.576,'2020-04-17','/23S0NEXXOMhhXhF566Pw5sx7hnZ.jpg',233, 6.3,'0', 80, '');
INSERT INTO MovieGenre(movieId, genreId) VALUES(659067,'28');
INSERT INTO MovieGenre(movieId, genreId) VALUES(659067,'53');
INSERT INTO MovieCountry(movieId, countryId) VALUES(659067,'BE');
INSERT INTO MovieCountry(movieId, countryId) VALUES(659067,'FR');
INSERT INTO MovieCredits(movieId, personId, job) VALUES(659067,20667,'Actor_Saïd');
INSERT INTO MovieCredits(movieId, personId, job) VALUES(659067,25078,'Actor_Adama');
INSERT INTO MovieCredits(movieId, personId, job) VALUES(659067,96044,'Actor_Yanis');
INSERT INTO MovieCredits(movieId, personId, job) VALUES(659067,1281819,'Actor_Sarah');
INSERT INTO MovieCredits(movieId, personId, job) VALUES(659067,1187189,'Actor_Mehdi');
INSERT INTO MovieCredits(movieId, personId, job) VALUES(659067,1471308,'Actor_Yao');
INSERT INTO MovieCredits(movieId, personId, job) VALUES(659067,46291,'Sound Mixer');
INSERT INTO MovieCredits(movieId, personId, job) VALUES(659067,49191,'Visual Effects Supervisor');
INSERT INTO MovieCredits(movieId, personId, job) VALUES(659067,56408,'Original Music Composer');
INSERT INTO MovieCredits(movieId, personId, job) VALUES(659067,56410,'Original Music Composer');
INSERT INTO MovieCredits(movieId, personId, job) VALUES(659067,84439,'Director');
INSERT INTO MovieCredits(movieId, personId, job) VALUES(659067,1127483,'Production Design');
INSERT INTO MovieProvider(movieId, provider, service) VALUES(659067,8,'flat');
INSERT INTO MovieWeekPopularity(movieId, weekNr, popularity, voteAVG, voteCount) VALUES ('659067', 16, 194.576, 6.3, 233);
INSERT INTO Personen(id, name, birthday, deathday, popularity, profilePath, gender, profession) VALUES(60898,'Sebastian Stan','1982-08-13','',24.923,'/nKZgixTbHFXpkzzIpMFdLX98GYh.jpg',2,'Acting');
INSERT INTO Personen(id, name, birthday, deathday, popularity, profilePath, gender, profession) VALUES(84247,'Emily VanCamp','1986-05-12','',9.369,'/zTl2KVglr7D7jnBLjbqe1BbbJiV.jpg',1,'Acting');
INSERT INTO Personen(id, name, birthday, deathday, popularity, profilePath, gender, profession) VALUES(986808,'Wyatt Russell','1986-07-10','',13.271,'/f759e6y7uhobWRCmD0O21cBmjBA.jpg',2,'Acting');
INSERT INTO Personen(id, name, birthday, deathday, popularity, profilePath, gender, profession) VALUES(3872,'Daniel Brühl','1978-06-16','',7.894,'/yaSULfePwytkw845KKiz4bbLK48.jpg',2,'Acting');
INSERT INTO Personen(id, name, birthday, deathday, popularity, profilePath, gender, profession) VALUES(1672504,'Erin Kellyman','1998-10-17','',9.253,'/f7XXomAaSRxE3h5NT0sAlcQTjPL.jpg',1,'Acting');
INSERT INTO Personen(id, name, birthday, deathday, popularity, profilePath, gender, profession) VALUES(1773397,'Danny Ramirez','','',4.75,'/zI3w5lx9b61tRtQdyyn4DWJ3RRj.jpg',2,'Acting');
INSERT INTO Personen(id, name, birthday, deathday, popularity, profilePath, gender, profession) VALUES(467633,'Adepero Oduye','1978-01-11','',4.252,'/w9axk9dSTVpZPnoDH08iClklmF4.jpg',1,'Acting');
INSERT INTO Personen(id, name, birthday, deathday, popularity, profilePath, gender, profession) VALUES(10850,'Kevin Feige','1973-06-02','',6.722,'/kCBqXZ5PT5udYGEj2wfTSFbLMvT.jpg',2,'Production');
INSERT INTO Personen(id, name, birthday, deathday, popularity, profilePath, gender, profession) VALUES(1543191,'Jason B. Stamey','','',1.442,'',0,'Production');
INSERT INTO Personen(id, name, birthday, deathday, popularity, profilePath, gender, profession) VALUES(139744,'Ed Brubaker','1966-11-17','',2.188,'/dcXApNLVHS9DHvRTVF238WSgLc9.jpg',2,'Writing');
INSERT INTO Personen(id, name, birthday, deathday, popularity, profilePath, gender, profession) VALUES(22140,'Kari Skogland','','',0.65,'/5MSVfb2hKtDo3S386YSHjcdaYDC.jpg',1,'Directing');
INSERT INTO Personen(id, name, birthday, deathday, popularity, profilePath, gender, profession) VALUES(1076800,'Derek Kolstad','','',2.968,'/mi6jxGxkIPjEKNSu9BquWoFMTZy.jpg',0,'Writing');
INSERT INTO Personen(id, name, birthday, deathday, popularity, profilePath, gender, profession) VALUES(1067682,'Nate Moore','','',1.381,'/y6aSGvSXO4ZUyTMx04DXOXddJeg.jpg',0,'Acting');
INSERT INTO Personen(id, name, birthday, deathday, popularity, profilePath, gender, profession) VALUES(1281,'Freddie Highmore','1992-02-14','',20.888,'/4haqYYQJFhFe9Poqb26Xpuj1VJk.jpg',2,'Acting');
INSERT INTO Personen(id, name, birthday, deathday, popularity, profilePath, gender, profession) VALUES(221981,'Antonia Thomas','1986-11-03','',9.451,'/ybmnPYUzcr3RMdaXnZIw2jEw9ju.jpg',1,'Acting');
INSERT INTO Personen(id, name, birthday, deathday, popularity, profilePath, gender, profession) VALUES(57686,'Hill Harper','1966-05-17','',5.333,'/bUzVvgD066zYGJ9amJzgoGivlqD.jpg',2,'Acting');
INSERT INTO Personen(id, name, birthday, deathday, popularity, profilePath, gender, profession) VALUES(31028,'Richard Schiff','1955-05-27','',4.915,'/cHYHhPvyznOJrw0yEqndhYK2GnQ.jpg',2,'Acting');
INSERT INTO Personen(id, name, birthday, deathday, popularity, profilePath, gender, profession) VALUES(1215689,'Christina Chang','1971-06-29','',7.402,'/p1m4Da7ZOt6BOcXy4T58Mu3jAY3.jpg',1,'Acting');
INSERT INTO Personen(id, name, birthday, deathday, popularity, profilePath, gender, profession) VALUES(1454610,'Paige Spara','1989-08-09','',10.099,'/fvw957j6d1ImrZO7dDhyVqLTPlb.jpg',1,'Acting');
INSERT INTO Personen(id, name, birthday, deathday, popularity, profilePath, gender, profession) VALUES(1233749,'Fiona Gubelmann','1980-03-30','',8.472,'/c80VyX8RyupJXb7EqTxHNHtN4Cn.jpg',1,'Acting');
INSERT INTO Personen(id, name, birthday, deathday, popularity, profilePath, gender, profession) VALUES(10884,'Will Yun Lee','1971-03-22','',6.52,'/uFEQ7JW5GFvRinOMPaVBn4epcar.jpg',2,'Acting');
INSERT INTO Personen(id, name, birthday, deathday, popularity, profilePath, gender, profession) VALUES(1255712,'Park Jae-beom','','',0.6,'/hS96Gb7vGebNgo1wQOcnRSVXxkQ.jpg',2,'Writing');
INSERT INTO Personen(id, name, birthday, deathday, popularity, profilePath, gender, profession) VALUES(122616,'Grant Gustin','1990-01-14','',7.478,'/iNhAQMOfPFxLQ3fzag8YRcouRmT.jpg',2,'Acting');
INSERT INTO Personen(id, name, birthday, deathday, popularity, profilePath, gender, profession) VALUES(212700,'Candice Patton','1988-06-24','',8.723,'/g3Tpx8iGRyRGYkWqBL1GQgmSbcu.jpg',1,'Acting');
INSERT INTO Personen(id, name, birthday, deathday, popularity, profilePath, gender, profession) VALUES(31838,'Danielle Panabaker','1987-09-19','',16.109,'/1F4p4mjGIElQP3Krj6yz4KuGwkq.jpg',1,'Acting');
INSERT INTO Personen(id, name, birthday, deathday, popularity, profilePath, gender, profession) VALUES(1428398,'Carlos Valdes','1989-04-20','',8.001,'/uDQWtrmSPsNsm2DL3TMMiAtVoTq.jpg',2,'Acting');
INSERT INTO Personen(id, name, birthday, deathday, popularity, profilePath, gender, profession) VALUES(101060,'Danielle Nicolet','1973-11-24','',3.611,'/jUcFFKOiwQzqos9X9cHmSbPbRn2.jpg',1,'Acting');
INSERT INTO Personen(id, name, birthday, deathday, popularity, profilePath, gender, profession) VALUES(1163405,'Kayla Compton','1990-02-03','',7.758,'/s5DQrvszZeLUIGdD9ryl1aMsGQv.jpg',1,'Acting');
INSERT INTO Personen(id, name, birthday, deathday, popularity, profilePath, gender, profession) VALUES(1887800,'Brandon McKnight','','',1.971,'/inEnfkpRXSVYaOKK2kpgWrqM26i.jpg',2,'Acting');
INSERT INTO Personen(id, name, birthday, deathday, popularity, profilePath, gender, profession) VALUES(59216,'Tom Cavanagh','1963-10-26','',8.616,'/ySArFxNLO43QJsWBUQ9I85TmnqW.jpg',2,'Acting');
INSERT INTO Personen(id, name, birthday, deathday, popularity, profilePath, gender, profession) VALUES(1747677,'Geoff Garrett','','',0.6,'',0,'Production');
INSERT INTO Personen(id, name, birthday, deathday, popularity, profilePath, gender, profession) VALUES(1512011,'Jennifer Lence','','',1.1,'',0,'Production');
INSERT INTO Personen(id, name, birthday, deathday, popularity, profilePath, gender, profession) VALUES(1512010,'Carl Ogawa','','',1.951,'',0,'Production');
INSERT INTO Personen(id, name, birthday, deathday, popularity, profilePath, gender, profession) VALUES(1379199,'Lauren Barnett','','',0.766,'',0,'Writing');
INSERT INTO Personen(id, name, birthday, deathday, popularity, profilePath, gender, profession) VALUES(1331238,'Thomas Pound','','',1.073,'',2,'Writing');
INSERT INTO Personen(id, name, birthday, deathday, popularity, profilePath, gender, profession) VALUES(1920098,'Kristen Kim','','',1.62,'',1,'Writing');
INSERT INTO Personen(id, name, birthday, deathday, popularity, profilePath, gender, profession) VALUES(1716146,'Kelly Wheeler','1977-11-28','',0.619,'',0,'Writing');
INSERT INTO Personen(id, name, birthday, deathday, popularity, profilePath, gender, profession) VALUES(72069,'Joseph Patrick Finn','','',0.6,'',0,'Production');
INSERT INTO Personen(id, name, birthday, deathday, popularity, profilePath, gender, profession) VALUES(215055,'Steven Yeun','1983-12-21','',7.874,'/5XU0L0drBa7JlGrLg2w3LhAgjG0.jpg',2,'Acting');
INSERT INTO Personen(id, name, birthday, deathday, popularity, profilePath, gender, profession) VALUES(18999,'J.K. Simmons','1955-01-09','',6.592,'/7kIiPojgSVNRXb5z0hiijcD5LJ6.jpg',2,'Acting');
INSERT INTO Personen(id, name, birthday, deathday, popularity, profilePath, gender, profession) VALUES(1223867,'Robert Kirkman','1978-11-30','',1.431,'/ulYOkxtk8lUvg4Ltkg2q22ibg4R.jpg',2,'Writing');
INSERT INTO Personen(id, name, birthday, deathday, popularity, profilePath, gender, profession) VALUES(1227315,'Simon Racioppa','','',1.4,'',2,'Writing');
INSERT INTO Personen(id, name, birthday, deathday, popularity, profilePath, gender, profession) VALUES(1318707,'David Alpert','','',0.702,'/2rNdPp1zhah223s8UuGVG3bwor7.jpg',0,'Production');
INSERT INTO Personen(id, name, birthday, deathday, popularity, profilePath, gender, profession) VALUES(71539,'Catherine Winder','','',0.607,'/qGabLBToUcMJ0xheOPj7HgoIbCC.jpg',1,'Production');
INSERT INTO Personen(id, name, birthday, deathday, popularity, profilePath, gender, profession) VALUES(1447959,'Cory Walker','','',0.6,'',0,'Writing');
INSERT INTO Personen(id, name, birthday, deathday, popularity, profilePath, gender, profession) VALUES(1789737,'Ryan Ottley','1975-08-08','',0.6,'',2,'Writing');
INSERT INTO Personen(id, name, birthday, deathday, popularity, profilePath, gender, profession) VALUES(19274,'Seth Rogen','1982-04-15','',8.372,'/xCt0MWnPkk1tJIYYPT6fekgQRMg.jpg',2,'Acting');
INSERT INTO Personen(id, name, birthday, deathday, popularity, profilePath, gender, profession) VALUES(1680339,'K.J. Apa','1997-06-17','',5.301,'/idpwm8ZdFnndjeQ3mKleF20hvRo.jpg',2,'Acting');
INSERT INTO Personen(id, name, birthday, deathday, popularity, profilePath, gender, profession) VALUES(1136940,'Lili Reinhart','1996-09-13','',10.674,'/7q9dCds3jDkSBo9FgtNRwOwRLxr.jpg',1,'Acting');
INSERT INTO Personen(id, name, birthday, deathday, popularity, profilePath, gender, profession) VALUES(56730,'Cole Sprouse','1992-08-04','',10.971,'/aJxTvZjse8hAljcvljqTaH45eaB.jpg',2,'Acting');
INSERT INTO Personen(id, name, birthday, deathday, popularity, profilePath, gender, profession) VALUES(1721740,'Camila Mendes','1994-06-29','',5.898,'/lXZ1iHoSOwc5REqwXm3eoiPejB3.jpg',1,'Acting');
INSERT INTO Personen(id, name, birthday, deathday, popularity, profilePath, gender, profession) VALUES(1592855,'Madelaine Petsch','1994-08-18','',11.336,'/qjTMzTNGJNqgRynr7QbIuWGLglY.jpg',1,'Acting');
INSERT INTO Personen(id, name, birthday, deathday, popularity, profilePath, gender, profession) VALUES(1724690,'Casey Cott','1992-08-08','',3.431,'/bMWn0qPfgYjl7zJoMI7asvychRw.jpg',2,'Acting');
INSERT INTO Personen(id, name, birthday, deathday, popularity, profilePath, gender, profession) VALUES(142113,'Vanessa Morgan','1992-03-23','',5.645,'/pSiESfaaRScSo3WG3KDO2FQENvH.jpg',1,'Acting');
INSERT INTO Personen(id, name, birthday, deathday, popularity, profilePath, gender, profession) VALUES(2952139,'Amy Myrold','','',0.6,'',0,'Production');
INSERT INTO Personen(id, name, birthday, deathday, popularity, profilePath, gender, profession) VALUES(2017520,'Arabella Anderson','','',1.176,'',0,'Writing');
INSERT INTO Personen(id, name, birthday, deathday, popularity, profilePath, gender, profession) VALUES(1790284,'Brian E. Paterson','','',0.6,'',0,'Writing');
INSERT INTO Personen(id, name, birthday, deathday, popularity, profilePath, gender, profession) VALUES(1778902,'Janine Salinas Schoenberg','','',0.605,'',0,'Writing');
INSERT INTO Personen(id, name, birthday, deathday, popularity, profilePath, gender, profession) VALUES(2248019,'Gabriel Correa','','',0.6,'',0,'Directing');
INSERT INTO Personen(id, name, birthday, deathday, popularity, profilePath, gender, profession) VALUES(1554004,'James DeWille','','',2.419,'',2,'Writing');
INSERT INTO Personen(id, name, birthday, deathday, popularity, profilePath, gender, profession) VALUES(2017521,'Tessa Leigh Williams','','',0.6,'',0,'Writing');
INSERT INTO Personen(id, name, birthday, deathday, popularity, profilePath, gender, profession) VALUES(1228379,'Michael Grassi','','',1.417,'',2,'Writing');
INSERT INTO Personen(id, name, birthday, deathday, popularity, profilePath, gender, profession) VALUES(9280,'Ellen Pompeo','1969-11-10','',5.569,'/2oLCXhKHFJ4QdXJ2ImDHQ7yEOLi.jpg',1,'Acting');
INSERT INTO Personen(id, name, birthday, deathday, popularity, profilePath, gender, profession) VALUES(25544,'James Pickens Jr.','1954-10-26','',4.202,'/iddDcaysDQ6IVMUjJ97Bv3lTBCu.jpg',2,'Acting');
INSERT INTO Personen(id, name, birthday, deathday, popularity, profilePath, gender, profession) VALUES(171075,'Chandra Wilson','1969-08-27','',3.641,'/83Ynxlv3jV4ahkOiAEfunM7Rez2.jpg',1,'Acting');
INSERT INTO Personen(id, name, birthday, deathday, popularity, profilePath, gender, profession) VALUES(81684,'Caterina Scorsone','1981-10-16','',5.406,'/eLexGfeg4SyY9anPyNoh8hzKATD.jpg',1,'Acting');
INSERT INTO Personen(id, name, birthday, deathday, popularity, profilePath, gender, profession) VALUES(210695,'Jesse Williams','1981-08-05','',6.985,'/hygNTzn3Ml92ear4ltTPYo5Pp2G.jpg',2,'Acting');
INSERT INTO Personen(id, name, birthday, deathday, popularity, profilePath, gender, profession) VALUES(1362995,'Giacomo Gianniotti','1989-06-19','',3.326,'',2,'Acting');
INSERT INTO Personen(id, name, birthday, deathday, popularity, profilePath, gender, profession) VALUES(9013,'Kevin McKidd','1973-08-09','',3.327,'/hbSbMVnitS8uCdmpBhXeAC9WZz8.jpg',2,'Acting');
INSERT INTO Personen(id, name, birthday, deathday, popularity, profilePath, gender, profession) VALUES(236021,'Camilla Luddington','1983-12-15','',1.866,'/eKF5lSEdEtOCbsgb5mKjd8vYLck.jpg',1,'Acting');
INSERT INTO Personen(id, name, birthday, deathday, popularity, profilePath, gender, profession) VALUES(192944,'Tom Ellis','1979-11-17','',9.295,'/sJkxqJfSgcwussMeywxyrnYxVX.jpg',2,'Acting');
INSERT INTO Personen(id, name, birthday, deathday, popularity, profilePath, gender, profession) VALUES(37014,'Lauren German','1978-11-29','',15.605,'/6cLWWpKtQZLRZ0larn2pHFeteok.jpg',1,'Acting');
INSERT INTO Personen(id, name, birthday, deathday, popularity, profilePath, gender, profession) VALUES(116474,'Kevin Alejandro','1976-04-07','',4.086,'/bh4aQqP7kJzL2Ls9tj5OmhsBlqi.jpg',2,'Acting');
INSERT INTO Personen(id, name, birthday, deathday, popularity, profilePath, gender, profession) VALUES(21356,'D.B. Woodside','1969-07-25','',9.364,'/eb4NCvnZeA4yCIcIip5tYwX07Fo.jpg',2,'Acting');
INSERT INTO Personen(id, name, birthday, deathday, popularity, profilePath, gender, profession) VALUES(515875,'Lesley-Ann Brandt','1981-12-02','',5.347,'/y0AzNGb9dd1oZoN9k9lYYnBykA9.jpg',1,'Acting');
INSERT INTO Personen(id, name, birthday, deathday, popularity, profilePath, gender, profession) VALUES(56457,'Aimee Garcia','1978-11-28','',8.77,'/n0hKZHujbdzjkti2y4s7w48boTB.jpg',1,'Acting');
INSERT INTO Personen(id, name, birthday, deathday, popularity, profilePath, gender, profession) VALUES(46074,'Rachael Harris','1968-01-12','',9.178,'/hG2kUSUzEnHxfpEkxogHLCsLLqw.jpg',1,'Acting');
INSERT INTO Personen(id, name, birthday, deathday, popularity, profilePath, gender, profession) VALUES(4886,'Norman Reedus','1969-01-06','',6.876,'/x0VtaRWYKPEegZJv7cxqKtB9k98.jpg',2,'Acting');
INSERT INTO Personen(id, name, birthday, deathday, popularity, profilePath, gender, profession) VALUES(82104,'Danai Gurira','1978-02-14','',5.088,'/z7H7QeQvr24vskGlANQhG43vozQ.jpg',1,'Acting');
INSERT INTO Personen(id, name, birthday, deathday, popularity, profilePath, gender, profession) VALUES(31535,'Melissa McBride','1965-05-23','',3.548,'/a1yjfKwaLbSpgzOfDdnNk2nxaQx.jpg',1,'Acting');
INSERT INTO Personen(id, name, birthday, deathday, popularity, profilePath, gender, profession) VALUES(62220,'Lauren Cohan','1982-01-07','',10.299,'/zJ9nZ5jqQTUD55GLKbgfiKlUoBN.jpg',1,'Acting');
INSERT INTO Personen(id, name, birthday, deathday, popularity, profilePath, gender, profession) VALUES(84224,'Christian Serratos','1990-09-21','',6.31,'/3odIVQPRdJ0aNuecrtciodBi0rL.jpg',1,'Acting');
INSERT INTO Personen(id, name, birthday, deathday, popularity, profilePath, gender, profession) VALUES(1252310,'Josh McDermitt','1978-06-04','',3.059,'/ueZwswzCiJ0KgLNCKnrBNQvl0aE.jpg',2,'Acting');
INSERT INTO Personen(id, name, birthday, deathday, popularity, profilePath, gender, profession) VALUES(41688,'Seth Gilliam','1968-11-05','',3.168,'/uX4k1H9sRx3VDewQRuQO0oQrWEW.jpg',2,'Acting');
INSERT INTO Personen(id, name, birthday, deathday, popularity, profilePath, gender, profession) VALUES(555249,'Ross Marquand','1981-08-22','',2.168,'/jIGiAslF6KWcdHMV2sf4bETv72C.jpg',2,'Acting');
INSERT INTO Personen(id, name, birthday, deathday, popularity, profilePath, gender, profession) VALUES(59811,'Bear McCreary','','',1.551,'/nTE1G81ZRSF1ZyUHaKI5lrSmN4H.jpg',2,'Sound');
INSERT INTO Personen(id, name, birthday, deathday, popularity, profilePath, gender, profession) VALUES(1223875,'Angela Kang','1976-03-23','',1.4,'/aeqK2edX5pipyfQsjk3GYY0CEZd.jpg',1,'Production');
INSERT INTO Personen(id, name, birthday, deathday, popularity, profilePath, gender, profession) VALUES(46348,'Denise M. Huth','','',1.38,'/xnidVzBjhQbChdgIN0IkRCEVaDV.jpg',0,'Production');
INSERT INTO Personen(id, name, birthday, deathday, popularity, profilePath, gender, profession) VALUES(59287,'Gregory Nicotero','1963-03-15','',2.805,'/dvi65TIvULyskySmQMaVjiuEQby.jpg',2,'Crew');
INSERT INTO Personen(id, name, birthday, deathday, popularity, profilePath, gender, profession) VALUES(1756128,'Joe Incaprera','','',0.6,'/3MVOYdyaOdwLZAiEiSpq39QNFRa.jpg',2,'Production');
INSERT INTO Personen(id, name, birthday, deathday, popularity, profilePath, gender, profession) VALUES(205379,'Scott M. Gimple','1971-03-29','',1.84,'/3i8X7w3B38ZM1xqrFwjV7sIUkr3.jpg',2,'Writing');
INSERT INTO Personen(id, name, birthday, deathday, popularity, profilePath, gender, profession) VALUES(550843,'Elizabeth Olsen','1989-02-16','',19.231,'/wIU675y4dofIDVuhaNWPizJNtep.jpg',1,'Acting');
INSERT INTO Personen(id, name, birthday, deathday, popularity, profilePath, gender, profession) VALUES(6162,'Paul Bettany','1971-05-27','',9.452,'/vcAVrAOZrpqmi37qjFdztRAv1u9.jpg',2,'Acting');
INSERT INTO Personen(id, name, birthday, deathday, popularity, profilePath, gender, profession) VALUES(17696,'Kathryn Hahn','1973-07-23','',12.883,'/9sVllAKfEls3SJD3GoPm2JEZoa5.jpg',1,'Acting');
INSERT INTO Personen(id, name, birthday, deathday, popularity, profilePath, gender, profession) VALUES(970219,'Teyonah Parris','1987-09-22','',3.06,'/k3U24YNgdaINZEQ4PftebnN5cpU.jpg',1,'Acting');
INSERT INTO Personen(id, name, birthday, deathday, popularity, profilePath, gender, profession) VALUES(79082,'Randall Park','1974-03-23','',4.424,'/1QJ4cBQZoOaLR8Hc3V2NgBLvB0f.jpg',2,'Acting');
INSERT INTO Personen(id, name, birthday, deathday, popularity, profilePath, gender, profession) VALUES(52852,'Kat Dennings','1986-06-13','',9.054,'/rrfyo9z1wW5nY9ZsFlj1Ozfj9g2.jpg',1,'Acting');
INSERT INTO Personen(id, name, birthday, deathday, popularity, profilePath, gender, profession) VALUES(123132,'Jac Schaeffer','1978-01-01','',2.816,'',1,'Writing');
INSERT INTO Personen(id, name, birthday, deathday, popularity, profilePath, gender, profession) VALUES(2007598,'Sandra Doyle Carmola','','',0.6,'',1,'Art');
INSERT INTO Personen(id, name, birthday, deathday, popularity, profilePath, gender, profession) VALUES(23486,'Christophe Beck','1972-11-30','',2.106,'/n3U0OPETTZGTx4mgsrryARKphR4.jpg',2,'Sound');
INSERT INTO Personen(id, name, birthday, deathday, popularity, profilePath, gender, profession) VALUES(1025712,'John Collins','','',0.648,'',2,'Art');
INSERT INTO Personen(id, name, birthday, deathday, popularity, profilePath, gender, profession) VALUES(2079872,'Mary Livanos','','',0.6,'',0,'Production');
INSERT INTO Personen(id, name, birthday, deathday, popularity, profilePath, gender, profession) VALUES(2229026,'Kathy Orlando','','',0.6,'',0,'Art');
INSERT INTO Personen(id, name, birthday, deathday, popularity, profilePath, gender, profession) VALUES(1521330,'Sharon Davis','','',0.608,'',1,'Art');
INSERT INTO Personen(id, name, birthday, deathday, popularity, profilePath, gender, profession) VALUES(3000971,'Carolina Miranda','1990-06-26','',2.514,'/7TkEhCL3ZK8IlFNqm5Ow8nZPkso.jpg',1,'Acting');
INSERT INTO Personen(id, name, birthday, deathday, popularity, profilePath, gender, profession) VALUES(66914,'Manolo Cardona','1977-04-25','',9.912,'/9hPHLgO9lINwZynrFywTG9ms8Jl.jpg',2,'Acting');
INSERT INTO Personen(id, name, birthday, deathday, popularity, profilePath, gender, profession) VALUES(24923,'Ginés García Millán','','',4.15,'/lWbOCU1yUUHKmGwzp8iLUEcLgam.jpg',0,'Acting');
INSERT INTO Personen(id, name, birthday, deathday, popularity, profilePath, gender, profession) VALUES(143174,'Claudia Ramírez','1964-07-30','',2.146,'',1,'Acting');
INSERT INTO Personen(id, name, birthday, deathday, popularity, profilePath, gender, profession) VALUES(1245795,'Eugenio Siller','1981-04-05','',1.719,'',2,'Acting');
INSERT INTO Personen(id, name, birthday, deathday, popularity, profilePath, gender, profession) VALUES(973853,'Alejandro Nones','','',1.214,'',0,'Acting');
INSERT INTO Personen(id, name, birthday, deathday, popularity, profilePath, gender, profession) VALUES(78198,'Tyler Hoechlin','1987-09-11','',10.956,'/n2hXiC2MABZnZoQKtWLkP73LKWe.jpg',2,'Acting');
INSERT INTO Personen(id, name, birthday, deathday, popularity, profilePath, gender, profession) VALUES(74577,'Elizabeth Tulloch','1981-01-19','',5.879,'/mp6XaPJTV4R6HCn4KxVp2pR1mhn.jpg',1,'Acting');
INSERT INTO Personen(id, name, birthday, deathday, popularity, profilePath, gender, profession) VALUES(1719127,'Jordan Elsass','2001-08-28','',2.246,'/hhOrGz8Hwum9cKE3IzWKY6Ree4T.jpg',2,'Acting');
INSERT INTO Personen(id, name, birthday, deathday, popularity, profilePath, gender, profession) VALUES(1393181,'Alex Garfin','','',3.049,'/ePUrZovtYXQ5PTYSF9hR41g21mb.jpg',2,'Acting');
INSERT INTO Personen(id, name, birthday, deathday, popularity, profilePath, gender, profession) VALUES(1367619,'Erik Valdez','1979-08-26','',1.788,'/ehuLul90Mp0zUrjEx3CeSaVoI91.jpg',2,'Acting');
INSERT INTO Personen(id, name, birthday, deathday, popularity, profilePath, gender, profession) VALUES(2638587,'Inde Navarrette','1997-03-03','',2.248,'/GlyEqcM13XIKUQUjvThuPzY35h.jpg',1,'Acting');
INSERT INTO Personen(id, name, birthday, deathday, popularity, profilePath, gender, profession) VALUES(1132104,'Wolé Parks','1982-07-27','',2.124,'/nstF434UXqCR3rig37TdbAdyNmZ.jpg',2,'Acting');
INSERT INTO Personen(id, name, birthday, deathday, popularity, profilePath, gender, profession) VALUES(144292,'Adam Rayner','1977-01-01','',3.287,'/3BPfA65U7R0gKSEpLv69oNVb1Q8.jpg',2,'Acting');
INSERT INTO Personen(id, name, birthday, deathday, popularity, profilePath, gender, profession) VALUES(1395152,'Sarah Schechter','','',1.22,'',1,'Production');
INSERT INTO Personen(id, name, birthday, deathday, popularity, profilePath, gender, profession) VALUES(211962,'Geoff Johns','1973-01-25','',3.539,'/1hiQjkIkeFoiwvD4yIk2Dq6tnOa.jpg',2,'Writing');
INSERT INTO Personen(id, name, birthday, deathday, popularity, profilePath, gender, profession) VALUES(60584,'Donald Munro','1967-11-23','',0.6,'/l8pcloU7glHYAreOa0ydxWtRYfZ.jpg',2,'Production');
INSERT INTO Personen(id, name, birthday, deathday, popularity, profilePath, gender, profession) VALUES(1699159,'Stephen Judge','','',0.6,'',0,'Production');
INSERT INTO Personen(id, name, birthday, deathday, popularity, profilePath, gender, profession) VALUES(2989065,'Karyn Smith-Forge','','',0.6,'',0,'Production');
INSERT INTO Personen(id, name, birthday, deathday, popularity, profilePath, gender, profession) VALUES(2021379,'Nadria Tucker','','',0.6,'',1,'Writing');
INSERT INTO Personen(id, name, birthday, deathday, popularity, profilePath, gender, profession) VALUES(1223786,'Emilia Clarke','1986-10-23','',15.507,'/86jeYFV40KctQMDQIWhJ5oviNGj.jpg',1,'Acting');
INSERT INTO Personen(id, name, birthday, deathday, popularity, profilePath, gender, profession) VALUES(1001657,'Sophie Turner','1996-02-21','',12.398,'/1hUAKYvSi4vZSYvTnD2TlqF6VVx.jpg',1,'Acting');
INSERT INTO Personen(id, name, birthday, deathday, popularity, profilePath, gender, profession) VALUES(239019,'Kit Harington','1986-12-26','',9.026,'/wWTG27LBVTuHhIZ96aJcrkHuy8Z.jpg',2,'Acting');
INSERT INTO Personen(id, name, birthday, deathday, popularity, profilePath, gender, profession) VALUES(12795,'Nikolaj Coster-Waldau','1970-07-27','',10.994,'/zCWcyAfbbEgB3Lmiew1yrkPU4Lr.jpg',2,'Acting');
INSERT INTO Personen(id, name, birthday, deathday, popularity, profilePath, gender, profession) VALUES(15498,'Liam Cunningham','1961-06-02','',5.795,'/ljmFT9zYqh4k2bmEcNU6rxoE7fW.jpg',2,'Acting');
INSERT INTO Personen(id, name, birthday, deathday, popularity, profilePath, gender, profession) VALUES(33316,'David Nutter','','',1.4,'',2,'Directing');
INSERT INTO Personen(id, name, birthday, deathday, popularity, profilePath, gender, profession) VALUES(1406855,'Duncan Muggoch','','',0.6,'/ukGjJ62Ejd4cFziald03G34Fsrp.jpg',2,'Production');
INSERT INTO Personen(id, name, birthday, deathday, popularity, profilePath, gender, profession) VALUES(114404,'Miguel Sapochnik','1974-01-07','',1.63,'/jlZGTjiifvvFDoEtlwrKz7QxuJS.jpg',2,'Directing');
INSERT INTO Personen(id, name, birthday, deathday, popularity, profilePath, gender, profession) VALUES(2553002,'Ronan Binding','','',1.22,'',2,'Visual Effects');
INSERT INTO Personen(id, name, birthday, deathday, popularity, profilePath, gender, profession) VALUES(2818817,'Paul Zeke','','',0.6,'',0,'Visual Effects');
INSERT INTO Personen(id, name, birthday, deathday, popularity, profilePath, gender, profession) VALUES(1223784,'Bryan Cogman','','',1.164,'',0,'Writing');
INSERT INTO Personen(id, name, birthday, deathday, popularity, profilePath, gender, profession) VALUES(2818813,'Shaila Tobin','','',0.6,'',0,'Visual Effects');
INSERT INTO Personen(id, name, birthday, deathday, popularity, profilePath, gender, profession) VALUES(1460616,'Devin Stoutley','','',0.6,'',0,'Visual Effects');
INSERT INTO Personen(id, name, birthday, deathday, popularity, profilePath, gender, profession) VALUES(1120,'Lennie James','1965-10-11','',5.193,'/hfZrdEkBHxYYbMoGHAaVomlgMi.jpg',2,'Acting');
INSERT INTO Personen(id, name, birthday, deathday, popularity, profilePath, gender, profession) VALUES(1129464,'Alycia Debnam-Carey','1993-07-20','',11.643,'/jOGFt9WUezPQFN0xxgTekA2Fyta.jpg',1,'Acting');
INSERT INTO Personen(id, name, birthday, deathday, popularity, profilePath, gender, profession) VALUES(91671,'Colman Domingo','1969-11-28','',3.155,'/2tu6T9ugnf82qIMGVKWSb0dvvq5.jpg',2,'Acting');
INSERT INTO Personen(id, name, birthday, deathday, popularity, profilePath, gender, profession) VALUES(1225996,'Danay García','1984-07-05','',3.137,'/iS4vwXHoPhOdwUQS7J9kplitvlh.jpg',1,'Acting');
INSERT INTO Personen(id, name, birthday, deathday, popularity, profilePath, gender, profession) VALUES(39520,'Garret Dillahunt','1964-11-24','',6.409,'/4L9bdqQIdfrtqR7JQdsIhlF3Fjk.jpg',2,'Acting');
INSERT INTO Personen(id, name, birthday, deathday, popularity, profilePath, gender, profession) VALUES(11825,'Maggie Grace','1983-09-21','',7.14,'/e65jkJM8ezDeb3WApiz6wDKr5nT.jpg',1,'Acting');
INSERT INTO Personen(id, name, birthday, deathday, popularity, profilePath, gender, profession) VALUES(1552436,'Austin Amelio','1988-09-27','',3.059,'/y4QTXuSSmD99n8dinMiTRBkUnAp.jpg',2,'Acting');
INSERT INTO Personen(id, name, birthday, deathday, popularity, profilePath, gender, profession) VALUES(168380,'Mo Collins','1965-07-07','',4.658,'/o34lPu8SgYNeMnZ9WJS2iBvhzmb.jpg',1,'Acting');
INSERT INTO Personen(id, name, birthday, deathday, popularity, profilePath, gender, profession) VALUES(1457461,'Danielle Rose Russell','1999-10-31','',9.311,'/cAjXX0F68KLDtgBbT3D6Npt1URt.jpg',1,'Acting');
INSERT INTO Personen(id, name, birthday, deathday, popularity, profilePath, gender, profession) VALUES(1659541,'Aria Shahghasemi','1996-10-07','',0.6,'/mbBqJRFABxqR9OmfeYVo5xvwh4C.jpg',2,'Acting');
INSERT INTO Personen(id, name, birthday, deathday, popularity, profilePath, gender, profession) VALUES(56045,'Matthew Davis','1978-05-08','',7.336,'/7VKR2vroCbzVeklTzYSjnVVOwkl.jpg',2,'Acting');
INSERT INTO Personen(id, name, birthday, deathday, popularity, profilePath, gender, profession) VALUES(1493434,'Kaylee Bryant','1997-11-01','',4.924,'/2cfCz4fj9sZTyq8dJ90LG9QSknj.jpg',1,'Acting');
INSERT INTO Personen(id, name, birthday, deathday, popularity, profilePath, gender, profession) VALUES(1413434,'Jenny Boyd','1991-02-27','',5.082,'/cYlE4GkL3l1UYUeuJssLFvbl9nr.jpg',1,'Acting');
INSERT INTO Personen(id, name, birthday, deathday, popularity, profilePath, gender, profession) VALUES(1788166,'Quincy Fouse','1997-08-26','',1.85,'/dhmAa34BkmKiPwvEthEYhOT4CSE.jpg',2,'Acting');
INSERT INTO Personen(id, name, birthday, deathday, popularity, profilePath, gender, profession) VALUES(2949808,'Ryan Brunner','','',0.6,'',0,'Directing');
INSERT INTO Personen(id, name, birthday, deathday, popularity, profilePath, gender, profession) VALUES(1564154,'Laura J. Medina','','',0.6,'',0,'Production');
INSERT INTO Personen(id, name, birthday, deathday, popularity, profilePath, gender, profession) VALUES(217394,'Dort Clark','1917-10-01','1989-03-30',1.03,'/ryRsUzBie08kSBwQ1TiFFV1yvEp.jpg',2,'Acting');
INSERT INTO Personen(id, name, birthday, deathday, popularity, profilePath, gender, profession) VALUES(2949809,'Kate Stauduhar','','',0.6,'',0,'Crew');
INSERT INTO Personen(id, name, birthday, deathday, popularity, profilePath, gender, profession) VALUES(2305369,'David M. Morizot','1967-02-22','',0.652,'',2,'Crew');
INSERT INTO Personen(id, name, birthday, deathday, popularity, profilePath, gender, profession) VALUES(1752259,'Russell Caldwell','','',0.6,'',2,'Lighting');
INSERT INTO Personen(id, name, birthday, deathday, popularity, profilePath, gender, profession) VALUES(2872224,'Ashley Dunsing','','',1.4,'',0,'Production');
INSERT INTO Personen(id, name, birthday, deathday, popularity, profilePath, gender, profession) VALUES(559313,'Stuart Goetz','','',0.6,'',2,'Sound');
INSERT INTO Personen(id, name, birthday, deathday, popularity, profilePath, gender, profession) VALUES(2877,'Ralph Macchio','1961-11-04','',4.56,'/kehn6kNTFPlAYrWJzBzrEu6WHJp.jpg',2,'Acting');
INSERT INTO Personen(id, name, birthday, deathday, popularity, profilePath, gender, profession) VALUES(56124,'William Zabka','1965-10-20','',6.904,'/AoTxNif6Kv5KtIk3YdfQUxLrLeR.jpg',2,'Acting');
INSERT INTO Personen(id, name, birthday, deathday, popularity, profilePath, gender, profession) VALUES(43483,'Courtney Henggeler','1981-12-11','',7.371,'/soNsMFPhOsdW6jR7oJi6SlXsYYT.jpg',1,'Acting');
INSERT INTO Personen(id, name, birthday, deathday, popularity, profilePath, gender, profession) VALUES(1185997,'Xolo Mariduena','2001-06-09','',4.833,'/gIDJUwxXPKVd6Tr4r4PAdtctjdB.jpg',2,'Acting');
INSERT INTO Personen(id, name, birthday, deathday, popularity, profilePath, gender, profession) VALUES(1130555,'Tanner Buchanan','1998-12-08','',11.29,'/sjxBAWkL5aSdd6GHozWEAjEA64u.jpg',2,'Acting');
INSERT INTO Personen(id, name, birthday, deathday, popularity, profilePath, gender, profession) VALUES(1223084,'Mary Mouser','1996-05-09','',8.468,'/A5AMjqFB5SqWdZh4gOBGQNXK8vf.jpg',1,'Acting');
INSERT INTO Personen(id, name, birthday, deathday, popularity, profilePath, gender, profession) VALUES(114446,'Jacob Bertrand','2000-03-06','',6.547,'/j1V1788QXnzZ2Flp5pllqeodjYT.jpg',2,'Acting');
INSERT INTO Personen(id, name, birthday, deathday, popularity, profilePath, gender, profession) VALUES(1776137,'Gianni Decenzo','','',3.796,'/aqbQh0hMt5vRbdhErs32bybr7Ah.jpg',2,'Acting');
INSERT INTO Personen(id, name, birthday, deathday, popularity, profilePath, gender, profession) VALUES(2171145,'Mallory Yund','','',0.6,'',0,'Production');
INSERT INTO Personen(id, name, birthday, deathday, popularity, profilePath, gender, profession) VALUES(1475805,'Bob Dearden','','',0.6,'',0,'Writing');
INSERT INTO Personen(id, name, birthday, deathday, popularity, profilePath, gender, profession) VALUES(1452578,'Stacey Harman','','',0.6,'',0,'Writing');
INSERT INTO Personen(id, name, birthday, deathday, popularity, profilePath, gender, profession) VALUES(1308072,'Michael Jonathan Smith','1985-05-21','',0.734,'',2,'Writing');
INSERT INTO Personen(id, name, birthday, deathday, popularity, profilePath, gender, profession) VALUES(2710744,'Joe Piarulli','','',0.6,'',0,'Production');
INSERT INTO Personen(id, name, birthday, deathday, popularity, profilePath, gender, profession) VALUES(2710745,'Luan Thomas','','',0.6,'',0,'Production');
INSERT INTO Personen(id, name, birthday, deathday, popularity, profilePath, gender, profession) VALUES(1002643,'Ryan Berg','','',0.6,'',0,'Art');
INSERT INTO Personen(id, name, birthday, deathday, popularity, profilePath, gender, profession) VALUES(1345611,'Tara Feldstein Bennett','','',1.96,'/8Mtv58QeYereQ7OgkNjTxJDRrXg.jpg',1,'Production');
INSERT INTO Personen(id, name, birthday, deathday, popularity, profilePath, gender, profession) VALUES(83141,'Paul Wesley','1982-07-23','',6.477,'/5Y41OJCtiYIBc4a8zbYRdNJ7Q4v.jpg',2,'Acting');
INSERT INTO Personen(id, name, birthday, deathday, popularity, profilePath, gender, profession) VALUES(19211,'Ian Somerhalder','1978-12-08','',8.721,'/egcPsSlojwiB3kXjj3rpZSxu5gq.jpg',2,'Acting');
INSERT INTO Personen(id, name, birthday, deathday, popularity, profilePath, gender, profession) VALUES(159962,'Kat Graham','1989-09-05','',7.478,'/9AvpU8NAcPJRcioeNm5kVo4rPZg.jpg',1,'Acting');
INSERT INTO Personen(id, name, birthday, deathday, popularity, profilePath, gender, profession) VALUES(85144,'Candice King','1987-05-13','',5.024,'/m6PxOADgKFyC3748DDyE7hsugNr.jpg',1,'Acting');
INSERT INTO Personen(id, name, birthday, deathday, popularity, profilePath, gender, profession) VALUES(221841,'Zach Roerig','1985-02-22','',4.388,'/mxWxwVzx5vG6wwg2z9ELtbqtz7e.jpg',2,'Acting');
INSERT INTO Personen(id, name, birthday, deathday, popularity, profilePath, gender, profession) VALUES(1465190,'Michael Malarkey','1983-06-21','',4.884,'/pgbcK2FZbUOIN0FIPYxHiXsZ9Sq.jpg',2,'Acting');
INSERT INTO Personen(id, name, birthday, deathday, popularity, profilePath, gender, profession) VALUES(1214616,'Julie Plec','1972-05-26','',2.605,'/kQeuOgZBKDs80W4Ssm91x6zAdWu.jpg',1,'Writing');
INSERT INTO Personen(id, name, birthday, deathday, popularity, profilePath, gender, profession) VALUES(26458,'Kevin Williamson','1965-03-14','',2.666,'/jWgZZoKBU1WFaCO5C7jpMBZ7xJs.jpg',2,'Writing');
INSERT INTO Personen(id, name, birthday, deathday, popularity, profilePath, gender, profession) VALUES(74039,'Leslie Morgenstein','','',1.4,'',0,'Production');
INSERT INTO Personen(id, name, birthday, deathday, popularity, profilePath, gender, profession) VALUES(1553880,'L.J. Smith','','',0.6,'',1,'Writing');
INSERT INTO Personen(id, name, birthday, deathday, popularity, profilePath, gender, profession) VALUES(20225,'Michael Suby','','',0.6,'',2,'Sound');
INSERT INTO Personen(id, name, birthday, deathday, popularity, profilePath, gender, profession) VALUES(1017624,'Dominic Savage','1962-11-23','',2.268,'/dA9qELqZNnLvuy40qvb5qu7yutP.jpg',2,'Directing');
INSERT INTO Personen(id, name, birthday, deathday, popularity, profilePath, gender, profession) VALUES(2575564,'Richard Yee','','',0.6,'',0,'Production');
INSERT INTO Personen(id, name, birthday, deathday, popularity, profilePath, gender, profession) VALUES(2635,'Shaheen Baig','','',1.562,'',1,'Production');
INSERT INTO Personen(id, name, birthday, deathday, popularity, profilePath, gender, profession) VALUES(1609347,'Alex Høgh Andersen','1994-05-20','',7.084,'/wqtvSvC80cSbFCExptqC2s1DZO5.jpg',2,'Acting');
INSERT INTO Personen(id, name, birthday, deathday, popularity, profilePath, gender, profession) VALUES(1394429,'Jordan Patrick Smith','1989-06-18','',5.355,'/bGPLRUkjCHm2j8VspCOgL6mti4b.jpg',2,'Acting');
INSERT INTO Personen(id, name, birthday, deathday, popularity, profilePath, gender, profession) VALUES(1372317,'Marco Ilsø','1994-09-29','',7.542,'/4p6Mz91vuUugQHNw4Zv2bmw5liJ.jpg',2,'Acting');
INSERT INTO Personen(id, name, birthday, deathday, popularity, profilePath, gender, profession) VALUES(11263,'Peter Franzén','1971-08-14','',10.002,'/oyOHvNdJcOTQGZuAimene2Wlghw.jpg',2,'Acting');
INSERT INTO Personen(id, name, birthday, deathday, popularity, profilePath, gender, profession) VALUES(2074237,'Georgia Hirst','1994-12-26','',3.793,'/sV5dyX3WzUstlNkzGGE8kI6vf8q.jpg',1,'Acting');
INSERT INTO Personen(id, name, birthday, deathday, popularity, profilePath, gender, profession) VALUES(562730,'Danila Kozlovsky','1985-05-03','',4.254,'/tCyw5GzBFUwEgB8Qg2JSR3ZWd0y.jpg',2,'Acting');
INSERT INTO Personen(id, name, birthday, deathday, popularity, profilePath, gender, profession) VALUES(37631,'Michael Hirst','1952-09-21','',2.36,'',2,'Writing');
INSERT INTO Personen(id, name, birthday, deathday, popularity, profilePath, gender, profession) VALUES(1846046,'Carter Hudson','','',3.255,'/iW6Pk9aFaC5o86IxpViI1OTMZed.jpg',2,'Acting');
INSERT INTO Personen(id, name, birthday, deathday, popularity, profilePath, gender, profession) VALUES(78994,'Sergio Peris-Mencheta','1975-04-07','',4.572,'/pdNIwIs0UCNEfZeUHVIcPvAVVuy.jpg',2,'Acting');
INSERT INTO Personen(id, name, birthday, deathday, popularity, profilePath, gender, profession) VALUES(1855369,'Isaiah John','','',1.562,'/mKCuf0BZFsBUYnSTPTHaUtxmKa0.jpg',2,'Acting');
INSERT INTO Personen(id, name, birthday, deathday, popularity, profilePath, gender, profession) VALUES(131772,'Amin Joseph','','',1.875,'/4amOjOS9wUXoecbYzHJAsaSVAOb.jpg',2,'Acting');
INSERT INTO Personen(id, name, birthday, deathday, popularity, profilePath, gender, profession) VALUES(1945056,'Angela Lewis','1987-07-14','',1.553,'/6VyKM7sMZpzKyuxLDhN5Ra5OBLb.jpg',1,'Acting');
INSERT INTO Personen(id, name, birthday, deathday, popularity, profilePath, gender, profession) VALUES(1676168,'Jason Marnocha','1989-03-09','',0.985,'/vnA49oCWTmEUHgTRktEi0obDewQ.jpg',2,'Acting');
INSERT INTO Personen(id, name, birthday, deathday, popularity, profilePath, gender, profession) VALUES(1951888,'Jake Foushee','','',0.656,'/4VxXWDP5MNy6DgxLCuroakpS6d4.jpg',0,'Acting');
INSERT INTO Personen(id, name, birthday, deathday, popularity, profilePath, gender, profession) VALUES(2004665,'Linsay Rousseau','','',2.268,'/9SxHZf6ez6a4X1IS7HbbZDpJUFd.jpg',1,'Acting');
INSERT INTO Personen(id, name, birthday, deathday, popularity, profilePath, gender, profession) VALUES(2263505,'Frank Todaro','','',0.728,'/vuHWWdSF4pRrZkG6rxgTNx2y557.jpg',2,'Acting');
INSERT INTO Personen(id, name, birthday, deathday, popularity, profilePath, gender, profession) VALUES(1714878,'Joe Zieja','','',0.6,'/htS8KWXwXaWTrpTjh8o5N8e72ZF.jpg',0,'Acting');
INSERT INTO Personen(id, name, birthday, deathday, popularity, profilePath, gender, profession) VALUES(1798827,'Rafael Goldstein','','',0.6,'/UKCKjLwzc7NRqHJHeUYl7sfZsV.jpg',0,'Acting');
INSERT INTO Personen(id, name, birthday, deathday, popularity, profilePath, gender, profession) VALUES(2760821,'Bill Rogers','1974-05-11','',0.6,'/pHysB6FZ0WmKP5ZY8pE7Wls4Kv8.jpg',2,'Acting');
INSERT INTO Personen(id, name, birthday, deathday, popularity, profilePath, gender, profession) VALUES(1343544,'Keith Silverstein','1970-12-24','',1.892,'/vW1d7TfqNPglzmxa8UlyDEbkLgJ.jpg',2,'Acting');
INSERT INTO Personen(id, name, birthday, deathday, popularity, profilePath, gender, profession) VALUES(1676173,'George Krstic','','',0.6,'',0,'Production');
INSERT INTO Personen(id, name, birthday, deathday, popularity, profilePath, gender, profession) VALUES(1762097,'Vincent Talenti','','',0.6,'',0,'Directing');
INSERT INTO Personen(id, name, birthday, deathday, popularity, profilePath, gender, profession) VALUES(2105421,'Austin Snyder','','',0.6,'',0,'Production');
INSERT INTO Personen(id, name, birthday, deathday, popularity, profilePath, gender, profession) VALUES(2218270,'Kohei Obara','','',0.6,'',0,'Production');
INSERT INTO Personen(id, name, birthday, deathday, popularity, profilePath, gender, profession) VALUES(133359,'Burnie Burns','1973-01-18','',1.058,'/wTmq1NuyxQpg61rzvwxpvESyGlF.jpg',2,'Acting');
INSERT INTO Personen(id, name, birthday, deathday, popularity, profilePath, gender, profession) VALUES(1695620,'Ted Biaselli','','',0.6,'',2,'Production');
INSERT INTO Personen(id, name, birthday, deathday, popularity, profilePath, gender, profession) VALUES(1070265,'Alexander Bornstein','1986-01-15','',0.6,'',2,'Sound');
INSERT INTO Personen(id, name, birthday, deathday, popularity, profilePath, gender, profession) VALUES(220273,'F.J. DeSanto','','',0.692,'',0,'Production');
INSERT INTO Personen(id, name, birthday, deathday, popularity, profilePath, gender, profession) VALUES(1213278,'Eliza Taylor','1989-10-24','',7.718,'/igWylWFncQPoJZcmwRsACUYXtyQ.jpg',1,'Acting');
INSERT INTO Personen(id, name, birthday, deathday, popularity, profilePath, gender, profession) VALUES(1390882,'Tasya Teles','1985-02-01','',2.138,'/9GvtSzxOq2W3Ryx0Er01qTGN9u8.jpg',1,'Acting');
INSERT INTO Personen(id, name, birthday, deathday, popularity, profilePath, gender, profession) VALUES(118546,'Adina Porter','1971-03-13','',6.341,'/2mXvJkXGVCoqyV1Gxmki9WrkRke.jpg',1,'Acting');
INSERT INTO Personen(id, name, birthday, deathday, popularity, profilePath, gender, profession) VALUES(127733,'Bob Morley','1984-12-20','',7.099,'/2cmGyuIhI8pGe1W3mGXK1RtQIeK.jpg',2,'Acting');
INSERT INTO Personen(id, name, birthday, deathday, popularity, profilePath, gender, profession) VALUES(1610710,'Chuku Modu','1990-06-19','',5.517,'/t9ryT7sNICJXfDI8IAwgTnSu8bQ.jpg',2,'Acting');
INSERT INTO Personen(id, name, birthday, deathday, popularity, profilePath, gender, profession) VALUES(62911,'JR Bourne','1970-04-08','',4.507,'/jrcOdB3xmXjXBjmBLMoCDolfm3P.jpg',2,'Acting');
INSERT INTO Personen(id, name, birthday, deathday, popularity, profilePath, gender, profession) VALUES(2643410,'Shelby Flannery','','',1.96,'/wpAuhYulI9ulm276Pzfgzolyabm.jpg',0,'Acting');
INSERT INTO Personen(id, name, birthday, deathday, popularity, profilePath, gender, profession) VALUES(1252432,'Charles Lyall','','',0.6,'',0,'Production');
INSERT INTO Personen(id, name, birthday, deathday, popularity, profilePath, gender, profession) VALUES(1768898,'Erica Meredith','','',0.6,'',0,'Writing');
INSERT INTO Personen(id, name, birthday, deathday, popularity, profilePath, gender, profession) VALUES(1368832,'Alyssa Clark','','',0.6,'',0,'Writing');
INSERT INTO Personen(id, name, birthday, deathday, popularity, profilePath, gender, profession) VALUES(98159,'Miranda Kwok','','',1.308,'/7xkXqadXOlCKVBWV5B3titnN5Bt.jpg',1,'Acting');
INSERT INTO Personen(id, name, birthday, deathday, popularity, profilePath, gender, profession) VALUES(1237457,'Tim Scanlan','','',1.4,'',0,'Production');
INSERT INTO Personen(id, name, birthday, deathday, popularity, profilePath, gender, profession) VALUES(1360905,'Sean Crouch','','',1.616,'',2,'Writing');
INSERT INTO Personen(id, name, birthday, deathday, popularity, profilePath, gender, profession) VALUES(1387274,'Drew Lindo','','',0.6,'',0,'Writing');
INSERT INTO Personen(id, name, birthday, deathday, popularity, profilePath, gender, profession) VALUES(1803550,'Kim Shumway','','',0.6,'',1,'Writing');
INSERT INTO Personen(id, name, birthday, deathday, popularity, profilePath, gender, profession) VALUES(2115309,'Annouck Hautbois','','',1.786,'/tHrYesrLV2MwCNwsWQc16l4zlZv.jpg',1,'Acting');
INSERT INTO Personen(id, name, birthday, deathday, popularity, profilePath, gender, profession) VALUES(1558832,'Benjamin Bollen','1984-01-24','',2.548,'/dEFjkdxyA2kzLtjK8OIkTkWnCXS.jpg',2,'Acting');
INSERT INTO Personen(id, name, birthday, deathday, popularity, profilePath, gender, profession) VALUES(1373143,'Marie Nonnenmacher','','',2.482,'/b0F4vbkVIWEk849tWKL04WcLJ6S.jpg',1,'Acting');
INSERT INTO Personen(id, name, birthday, deathday, popularity, profilePath, gender, profession) VALUES(1758915,'Antoine Tomé','1951-03-22','',1.351,'',2,'Acting');
INSERT INTO Personen(id, name, birthday, deathday, popularity, profilePath, gender, profession) VALUES(1762590,'Fanny Bloc','','',3.929,'/7qcsMqQNNZ0Im1j0i9EUTBDdjaP.jpg',1,'Acting');
INSERT INTO Personen(id, name, birthday, deathday, popularity, profilePath, gender, profession) VALUES(1762591,'Marie Chevalot','','',2.256,'',1,'Acting');
INSERT INTO Personen(id, name, birthday, deathday, popularity, profilePath, gender, profession) VALUES(1762589,'Thierry Kazazian','','',2.067,'/7sqA1L6pwKmmBccMdmzNJwlXBWk.jpg',2,'Acting');
INSERT INTO Personen(id, name, birthday, deathday, popularity, profilePath, gender, profession) VALUES(1558830,'Jessica Barrier','','',1.167,'',1,'Acting');
INSERT INTO Personen(id, name, birthday, deathday, popularity, profilePath, gender, profession) VALUES(1418219,'Carmen Villalobos','1983-07-13','',3.479,'/i2VvCZH6hswYXI6mRtw4AYCkK5r.jpg',1,'Acting');
INSERT INTO Personen(id, name, birthday, deathday, popularity, profilePath, gender, profession) VALUES(1489764,'Carolina Gaitán','1984-04-04','',1.786,'/8LOOe1vyATus95oqpZzjP190g8f.jpg',1,'Acting');
INSERT INTO Personen(id, name, birthday, deathday, popularity, profilePath, gender, profession) VALUES(2982047,'Stephania Duque','','',0.6,'',0,'Acting');
INSERT INTO Personen(id, name, birthday, deathday, popularity, profilePath, gender, profession) VALUES(1252026,'Fabián Ríos','1980-07-05','',0.84,'/jvIGKqqoDcAEbRBVCVoLsfhNCy3.jpg',2,'Acting');
INSERT INTO Personen(id, name, birthday, deathday, popularity, profilePath, gender, profession) VALUES(1222609,'Catherine Siachoque','1972-01-21','',1.635,'/cMMlna6LChMAOttFCdRWkj9rz1C.jpg',1,'Acting');
INSERT INTO Personen(id, name, birthday, deathday, popularity, profilePath, gender, profession) VALUES(1524508,'Gregorio Pernía','','',0.6,'',2,'Acting');
INSERT INTO Personen(id, name, birthday, deathday, popularity, profilePath, gender, profession) VALUES(1869543,'Kimberly Reyes','','',0.844,'',0,'Acting');
INSERT INTO Personen(id, name, birthday, deathday, popularity, profilePath, gender, profession) VALUES(1919397,'Juan Pablo Urrego','1986-01-30','',1.802,'/1T09jzblGtFpEbNoLjyMAmiciiN.jpg',2,'Acting');
INSERT INTO Personen(id, name, birthday, deathday, popularity, profilePath, gender, profession) VALUES(1258629,'Yesmer Uribe','','',0.98,'',0,'Creator');
INSERT INTO Personen(id, name, birthday, deathday, popularity, profilePath, gender, profession) VALUES(1524489,'Gustavo Bolívar Moreno','','',0.652,'',0,'Directing');
INSERT INTO Personen(id, name, birthday, deathday, popularity, profilePath, gender, profession) VALUES(82056,'Noriaki Sugiyama','1974-03-09','',5.892,'/wurJc7y8bFhjtYDyEH46GOxJn9Z.jpg',2,'Acting');
INSERT INTO Personen(id, name, birthday, deathday, popularity, profilePath, gender, profession) VALUES(89968,'Kazuhiko Inoue','1954-03-26','',3.569,'/pbtAwOl8h7JU62w0IibV024No4z.jpg',2,'Acting');
INSERT INTO Personen(id, name, birthday, deathday, popularity, profilePath, gender, profession) VALUES(1213848,'Hidekatsu Shibata','1937-03-25','',2.182,'/hnKQe1GpuLAZY8pDnJc6eXIQzfv.jpg',2,'Acting');
INSERT INTO Personen(id, name, birthday, deathday, popularity, profilePath, gender, profession) VALUES(111531,'Masashi Ebara','1953-05-04','',2.486,'/73QzLxyhSNVwgjx1KtYUqaRBG9b.jpg',0,'Acting');
INSERT INTO Personen(id, name, birthday, deathday, popularity, profilePath, gender, profession) VALUES(1067794,'Hayato Date','1962-01-01','',2.647,'/zrnf0dYAOlV3GhJCk2SFpdc5i83.jpg',2,'Directing');
INSERT INTO Personen(id, name, birthday, deathday, popularity, profilePath, gender, profession) VALUES(21088,'Alan Tudyk','1971-03-16','',8.392,'/91LuROVPKcEJvT0FwSOZZj62bZ8.jpg',2,'Acting');
INSERT INTO Personen(id, name, birthday, deathday, popularity, profilePath, gender, profession) VALUES(95984,'Sara Tomko','1983-10-19','',5.099,'/7RERjTTifM6U8NqKSoq9lvGMP3M.jpg',1,'Acting');
INSERT INTO Personen(id, name, birthday, deathday, popularity, profilePath, gender, profession) VALUES(8694,'Corey Reynolds','1974-07-03','',1.207,'/bLtKPVOoWcdvilRGTiVGXDpbH7X.jpg',2,'Acting');
INSERT INTO Personen(id, name, birthday, deathday, popularity, profilePath, gender, profession) VALUES(1661365,'Alice Wetterlund','1981-05-16','',2.794,'/qjWItJ4ItrKZPd2z5zIWPZtDGsk.jpg',1,'Acting');
INSERT INTO Personen(id, name, birthday, deathday, popularity, profilePath, gender, profession) VALUES(133780,'Levi Fiehler','','',3.008,'/93p3Osbb4UkCpibOIoY7yf1Rlnd.jpg',2,'Acting');
INSERT INTO Personen(id, name, birthday, deathday, popularity, profilePath, gender, profession) VALUES(2955230,'Judah Prehn','','',2.114,'/wnYier5iAb7RltumB3Tv0LTALu2.jpg',0,'Acting');
INSERT INTO Personen(id, name, birthday, deathday, popularity, profilePath, gender, profession) VALUES(2484544,'Peter Hogan','','',0.6,'',0,'Writing');
INSERT INTO Personen(id, name, birthday, deathday, popularity, profilePath, gender, profession) VALUES(170819,'Chris Sheridan','1967-09-19','',1.168,'',2,'Production');
INSERT INTO Personen(id, name, birthday, deathday, popularity, profilePath, gender, profession) VALUES(2484545,'Steve Parkhouse','','',0.6,'',0,'Writing');
INSERT INTO Personen(id, name, birthday, deathday, popularity, profilePath, gender, profession) VALUES(1491096,'Noah Sorota','','',0.6,'',2,'Sound');
INSERT INTO Personen(id, name, birthday, deathday, popularity, profilePath, gender, profession) VALUES(1225545,'Justin Falvey','','',0.6,'',0,'Production');
INSERT INTO Personen(id, name, birthday, deathday, popularity, profilePath, gender, profession) VALUES(1231425,'Darryl Frank','','',0.6,'',2,'Production');
INSERT INTO Personen(id, name, birthday, deathday, popularity, profilePath, gender, profession) VALUES(2984290,'Todd Leykamp','','',0.6,'',0,'Production');
INSERT INTO Personen(id, name, birthday, deathday, popularity, profilePath, gender, profession) VALUES(1646058,'Derek Syverud','','',1.38,'',0,'Sound');
INSERT INTO Personen(id, name, birthday, deathday, popularity, profilePath, gender, profession) VALUES(1706738,'Itzan Escamilla','1996-09-23','',5.361,'/ki0FqpQZONlq3KD5OpGBrqtPD9N.jpg',2,'Acting');
INSERT INTO Personen(id, name, birthday, deathday, popularity, profilePath, gender, profession) VALUES(1846370,'Miguel Bernardeau','1996-12-12','',3.457,'/lXfY862eCHe5s1cWG63H7Dy6sZB.jpg',2,'Acting');
INSERT INTO Personen(id, name, birthday, deathday, popularity, profilePath, gender, profession) VALUES(1162998,'Arón Piper','1997-03-29','',3.522,'/mYknxfhplHyMoP2nfK4A6X8U3d3.jpg',2,'Acting');
INSERT INTO Personen(id, name, birthday, deathday, popularity, profilePath, gender, profession) VALUES(237569,'Rafael Amaya','1977-02-28','',5.377,'/5Nv2eZsMYkdZKqUU3alruMWa49v.jpg',2,'Acting');
INSERT INTO Personen(id, name, birthday, deathday, popularity, profilePath, gender, profession) VALUES(1044077,'Leonardo Daniel','1954-07-26','',2.835,'/kPbDRhWPfuDh4Jc11AIF1Ouch8A.jpg',2,'Acting');
INSERT INTO Personen(id, name, birthday, deathday, popularity, profilePath, gender, profession) VALUES(1044087,'Guillermo Quintanilla','','',1.361,'/V06zmGwn5lUzhgW7YreDMnFCt2.jpg',0,'Acting');
INSERT INTO Personen(id, name, birthday, deathday, popularity, profilePath, gender, profession) VALUES(1254327,'Isabella Castillo','1994-12-23','',3.53,'/vmuG03Cke2UdXvKmgBs4IfGRnHn.jpg',1,'Acting');
INSERT INTO Personen(id, name, birthday, deathday, popularity, profilePath, gender, profession) VALUES(2066671,'Matías Novoa','1980-06-14','',1.166,'/dToyCM7nLB6nUkJnSTRbU2R0KNU.jpg',2,'Acting');
INSERT INTO Personen(id, name, birthday, deathday, popularity, profilePath, gender, profession) VALUES(946529,'Ninel Conde','1978-09-29','',1.4,'/xFmAWkDyMYazCSzeUXS7m5gIEvO.jpg',1,'Acting');
INSERT INTO Personen(id, name, birthday, deathday, popularity, profilePath, gender, profession) VALUES(950564,'Danna García','1978-04-02','',2.468,'/io7ylNGU0Zm63RRIEaVcRDk3ynY.jpg',1,'Acting');
INSERT INTO Personen(id, name, birthday, deathday, popularity, profilePath, gender, profession) VALUES(51797,'Nathan Fillion','1971-03-27','',7.634,'/aW6vCxkUZtwb6iH2Wf88Uq0XNVv.jpg',2,'Acting');
INSERT INTO Personen(id, name, birthday, deathday, popularity, profilePath, gender, profession) VALUES(1234713,'Melissa O\'Neil','1988-07-12','',10.886,'/wvhTunk3QuTKWbp5yKulwlXpBMJ.jpg',1,'Acting');
INSERT INTO Personen(id, name, birthday, deathday, popularity, profilePath, gender, profession) VALUES(202952,'Mekia Cox','1981-11-18','',4.108,'/8e9wj3kX0A2L9BPgBSlgzYFpdam.jpg',1,'Acting');
INSERT INTO Personen(id, name, birthday, deathday, popularity, profilePath, gender, profession) VALUES(564632,'Titus Makin Jr.','1989-06-10','',1.652,'/etChJvOSamrR5kkm3Y9Pv9StZiX.jpg',2,'Acting');
INSERT INTO Personen(id, name, birthday, deathday, popularity, profilePath, gender, profession) VALUES(74409,'Eric Winter','1976-07-17','',5.496,'/tDQSZv5rHm4s2hwwVWpp5EMQ0w9.jpg',2,'Acting');
INSERT INTO Personen(id, name, birthday, deathday, popularity, profilePath, gender, profession) VALUES(134180,'Alyssa Diaz','1985-09-07','',7.087,'/nUWjDdSvhcTX25CuheDFhCGEWqk.jpg',1,'Acting');
INSERT INTO Personen(id, name, birthday, deathday, popularity, profilePath, gender, profession) VALUES(55755,'Richard T. Jones','1972-01-16','',4.869,'/hdko2C45Wr5G03Z8JwGjWMynP84.jpg',2,'Acting');
INSERT INTO Personen(id, name, birthday, deathday, popularity, profilePath, gender, profession) VALUES(1606164,'Junya Enoki','1988-10-19','',5.59,'/vBnNL3Jqy0zkS3ZgsXZmvDM9Dfz.jpg',2,'Acting');
INSERT INTO Personen(id, name, birthday, deathday, popularity, profilePath, gender, profession) VALUES(1254672,'Asami Seto','1993-04-02','',6.634,'/j88IskzIdGkyHBbjygPyg9EiE90.jpg',1,'Acting');
INSERT INTO Personen(id, name, birthday, deathday, popularity, profilePath, gender, profession) VALUES(1221114,'Yuichi Nakamura','1980-02-20','',5.703,'/wb8behVKjBHX9XXrEydvNINCYwH.jpg',2,'Acting');
INSERT INTO Personen(id, name, birthday, deathday, popularity, profilePath, gender, profession) VALUES(1466003,'Tadashi Hiramatsu','1963-03-17','',0.831,'/2y9QMI3ppTm1oYvIRRXDrpCPfyj.jpg',2,'Visual Effects');
INSERT INTO Personen(id, name, birthday, deathday, popularity, profilePath, gender, profession) VALUES(2720273,'Gege Akutami','1992-02-26','',0.694,'',2,'Writing');
INSERT INTO Personen(id, name, birthday, deathday, popularity, profilePath, gender, profession) VALUES(1491863,'Hiroshi Seko','','',2.169,'/rdsy2s2gEb2ketocfL3A8oX8hmm.jpg',2,'Writing');
INSERT INTO Personen(id, name, birthday, deathday, popularity, profilePath, gender, profession) VALUES(2765990,'Miki Kaneda','','',0.6,'',0,'Visual Effects');
INSERT INTO Personen(id, name, birthday, deathday, popularity, profilePath, gender, profession) VALUES(2536500,'Keisuke Yanagi','','',0.694,'',2,'Editing');
INSERT INTO Personen(id, name, birthday, deathday, popularity, profilePath, gender, profession) VALUES(2045661,'Chikako Kamata','','',0.6,'',0,'Visual Effects');
INSERT INTO Personen(id, name, birthday, deathday, popularity, profilePath, gender, profession) VALUES(2765983,'Teppei Itō','','',0.6,'',0,'Camera');
INSERT INTO Personen(id, name, birthday, deathday, popularity, profilePath, gender, profession) VALUES(2413516,'Yui Umemoto','','',0.6,'/T1f3QNvCZWLpzafRN2WbST17n1.jpg',2,'Directing');
INSERT INTO Personen(id, name, birthday, deathday, popularity, profilePath, gender, profession) VALUES(198,'Dan Castellaneta','1957-10-29','',5.537,'/AmeqWhP4A46AWkM4kVphg6jOTQX.jpg',2,'Acting');
INSERT INTO Personen(id, name, birthday, deathday, popularity, profilePath, gender, profession) VALUES(199,'Julie Kavner','1950-09-07','',5.721,'/x3oG3OXtBfTFgqXPqxI1GKVEiaQ.jpg',1,'Acting');
INSERT INTO Personen(id, name, birthday, deathday, popularity, profilePath, gender, profession) VALUES(200,'Nancy Cartwright','1957-10-25','',5.858,'/40qNhyYJhSE2Yiy4pnXSZhdufO6.jpg',1,'Acting');
INSERT INTO Personen(id, name, birthday, deathday, popularity, profilePath, gender, profession) VALUES(5587,'Hank Azaria','1964-04-25','',5.989,'/khTCh9TUT5YgMNvteLAh0D9H4Ck.jpg',2,'Acting');
INSERT INTO Personen(id, name, birthday, deathday, popularity, profilePath, gender, profession) VALUES(6008,'Harry Shearer','1943-12-23','',2.993,'/au1mO0Mb9gni7h0rJCSokBTDnVf.jpg',2,'Acting');
INSERT INTO Personen(id, name, birthday, deathday, popularity, profilePath, gender, profession) VALUES(49623,'Jared Padalecki','1982-07-19','',5.383,'/q2YR6o6MKqO2szOhmmSSAnjs2aC.jpg',2,'Acting');
INSERT INTO Personen(id, name, birthday, deathday, popularity, profilePath, gender, profession) VALUES(49624,'Jensen Ackles','1978-03-01','',3.229,'/vFegIjLLQGwPn6af4SE9LAbnGNE.jpg',2,'Acting');
INSERT INTO Personen(id, name, birthday, deathday, popularity, profilePath, gender, profession) VALUES(1197120,'Catherine Michaud','','',1.019,'/jzCknZsbGQkxusiCeRGf3cUVQxh.jpg',1,'Acting');
INSERT INTO Personen(id, name, birthday, deathday, popularity, profilePath, gender, profession) VALUES(2589982,'Talli Buchanan','','',0.6,'',0,'Writing');
INSERT INTO Personen(id, name, birthday, deathday, popularity, profilePath, gender, profession) VALUES(2589986,'Susan Milne','','',0.6,'',0,'Production');
INSERT INTO Personen(id, name, birthday, deathday, popularity, profilePath, gender, profession) VALUES(1319152,'Kerry Weinrauch','','',0.6,'',0,'Costume & Make-Up');
INSERT INTO Personen(id, name, birthday, deathday, popularity, profilePath, gender, profession) VALUES(6992,'Serge Ladouceur','1952-06-16','',1.242,'',2,'Camera');
INSERT INTO Personen(id, name, birthday, deathday, popularity, profilePath, gender, profession) VALUES(23782,'Doug Chiang','','',0.833,'/4BnyjdF0N1W6naFU0Exl0krR7RJ.jpg',2,'Art');
INSERT INTO Personen(id, name, birthday, deathday, popularity, profilePath, gender, profession) VALUES(1371864,'Carrie Beck','','',1.303,'',0,'Production');
INSERT INTO Personen(id, name, birthday, deathday, popularity, profilePath, gender, profession) VALUES(2648309,'John Hampian','','',0.6,'',0,'Production');
INSERT INTO Personen(id, name, birthday, deathday, popularity, profilePath, gender, profession) VALUES(1423746,'Maria Sandoval','','',0.6,'',0,'Costume & Make-Up');
INSERT INTO Personen(id, name, birthday, deathday, popularity, profilePath, gender, profession) VALUES(1091813,'Shawna Trpcic','','',0.6,'',1,'Costume & Make-Up');
INSERT INTO Personen(id, name, birthday, deathday, popularity, profilePath, gender, profession) VALUES(1324261,'John B. Josselyn','','',0.6,'',0,'Art');
INSERT INTO Personen(id, name, birthday, deathday, popularity, profilePath, gender, profession) VALUES(1293581,'Bradley Rubin','','',0.972,'',0,'Art');
INSERT INTO Personen(id, name, birthday, deathday, popularity, profilePath, gender, profession) VALUES(1760516,'John Bartnicki','','',1.4,'',2,'Production');
INSERT INTO Personen(id, name, birthday, deathday, popularity, profilePath, gender, profession) VALUES(25933,'Emily Deschanel','1976-10-11','',6.435,'/bS4F39NlQAURKtO5r1CD3ivSf62.jpg',1,'Acting');
INSERT INTO Personen(id, name, birthday, deathday, popularity, profilePath, gender, profession) VALUES(25934,'David Boreanaz','1969-05-16','',6.062,'/oO619MACIfz7YoPiIGXYOfamhOE.jpg',2,'Acting');
INSERT INTO Personen(id, name, birthday, deathday, popularity, profilePath, gender, profession) VALUES(58621,'John Boyd','1981-10-22','',1.206,'/oHgkm4VtuG1kFNqRCqPd5pKKMd0.jpg',2,'Acting');
INSERT INTO Personen(id, name, birthday, deathday, popularity, profilePath, gender, profession) VALUES(39464,'Tamara Taylor','1970-09-27','',6.117,'/lAAQHoRQJizp8lefGUbuajwbJcI.jpg',1,'Acting');
INSERT INTO Personen(id, name, birthday, deathday, popularity, profilePath, gender, profession) VALUES(151263,'T. J. Thyne','1975-03-07','',4.196,'/wzPGaDjzimfGjIpRg6NjN9eqJxL.jpg',2,'Acting');
INSERT INTO Personen(id, name, birthday, deathday, popularity, profilePath, gender, profession) VALUES(11824,'Tom Welling','1977-04-26','',4.463,'/uUuHSmfCGChISLWSRO8nQCuBRCo.jpg',2,'Acting');
INSERT INTO Personen(id, name, birthday, deathday, popularity, profilePath, gender, profession) VALUES(138770,'Cassidy Freeman','1982-04-22','',1.762,'/6QooKF97oaUoIrW2lbx36aYYGZH.jpg',1,'Acting');
INSERT INTO Personen(id, name, birthday, deathday, popularity, profilePath, gender, profession) VALUES(46897,'Erica Durance','1978-06-21','',3.451,'/kshDl70fwwTHOvog60VFqMjCFUL.jpg',1,'Acting');
INSERT INTO Personen(id, name, birthday, deathday, popularity, profilePath, gender, profession) VALUES(1222596,'Justin Hartley','1977-01-29','',6.025,'/oo7vqWz30pA1tY6quUOnS6O0AgB.jpg',2,'Acting');
INSERT INTO Personen(id, name, birthday, deathday, popularity, profilePath, gender, profession) VALUES(72446,'Al Septien','1966-11-15','',0.965,'',2,'Writing');
INSERT INTO Personen(id, name, birthday, deathday, popularity, profilePath, gender, profession) VALUES(1237458,'Tom Flores','','',0.6,'',0,'Production');
INSERT INTO Personen(id, name, birthday, deathday, popularity, profilePath, gender, profession) VALUES(1223889,'Anne Cofell Saunders','','',1.685,'',1,'Writing');
INSERT INTO Personen(id, name, birthday, deathday, popularity, profilePath, gender, profession) VALUES(72445,'Turi Meyer','1964-06-28','',1.581,'',2,'Writing');
INSERT INTO Personen(id, name, birthday, deathday, popularity, profilePath, gender, profession) VALUES(1237460,'Jae Marchant','','',0.828,'',0,'Production');
INSERT INTO Personen(id, name, birthday, deathday, popularity, profilePath, gender, profession) VALUES(1237463,'Christopher Petry','','',0.6,'',2,'Production');
INSERT INTO Personen(id, name, birthday, deathday, popularity, profilePath, gender, profession) VALUES(2203918,'Asia Ortega','1996-05-18','',5.314,'/jWDoTmcQKLIggpoFXSDugsepPrc.jpg',1,'Acting');
INSERT INTO Personen(id, name, birthday, deathday, popularity, profilePath, gender, profession) VALUES(2543167,'Albert Salazar','1996-01-01','',1.308,'/wpbfTt6VxEpm2lj6vSbzYEnwZLT.jpg',2,'Acting');
INSERT INTO Personen(id, name, birthday, deathday, popularity, profilePath, gender, profession) VALUES(1300672,'Joel Bosqued','1989-09-29','',2.823,'/pTCPqrbf9dtHUf4be3TANv6hRSL.jpg',2,'Acting');
INSERT INTO Personen(id, name, birthday, deathday, popularity, profilePath, gender, profession) VALUES(33412,'Alberto Amarilla','1980-10-20','',1.959,'/gv3K3xFqKdd82KyBk4FZzKESHRM.jpg',2,'Acting');
INSERT INTO Personen(id, name, birthday, deathday, popularity, profilePath, gender, profession) VALUES(2025253,'Mina El Hammani','1993-11-29','',6.992,'/qImBg8eRtM7gH85wBCm9X3OcRfj.jpg',1,'Acting');
INSERT INTO Personen(id, name, birthday, deathday, popularity, profilePath, gender, profession) VALUES(2438142,'Claudia Riera','1996-01-01','',3.859,'/uBMSiIXu3Vu1xGr9bB1i8u29OxD.jpg',1,'Acting');
INSERT INTO Personen(id, name, birthday, deathday, popularity, profilePath, gender, profession) VALUES(2107386,'Paula del Río','2000-01-01','',0.999,'/dYMczdhormnOEuY1xteiPUlkCkG.jpg',1,'Acting');
INSERT INTO Personen(id, name, birthday, deathday, popularity, profilePath, gender, profession) VALUES(2543169,'Daniel Arias','','',0.917,'/icg8ECswnXvvqp9BvYubO0mzkGY.jpg',2,'Acting');
INSERT INTO Personen(id, name, birthday, deathday, popularity, profilePath, gender, profession) VALUES(1261481,'Laura Belloso','','',1.298,'',0,'Creator');
INSERT INTO Personen(id, name, birthday, deathday, popularity, profilePath, gender, profession) VALUES(2013085,'Sonia Martínez','','',0.6,'',0,'Production');
INSERT INTO Personen(id, name, birthday, deathday, popularity, profilePath, gender, profession) VALUES(1261480,'Daniel Écija','1963-01-01','',1.232,'',2,'Creator');
INSERT INTO Personen(id, name, birthday, deathday, popularity, profilePath, gender, profession) VALUES(1697440,'Rocio Martínez Llano','','',0.6,'',0,'Creator');
INSERT INTO Personen(id, name, birthday, deathday, popularity, profilePath, gender, profession) VALUES(1697439,'Juan Carlos Cueto','','',0.6,'',0,'Creator');
INSERT INTO Personen(id, name, birthday, deathday, popularity, profilePath, gender, profession) VALUES(3040958,'Denis Rovira','','',0.6,'',0,'Directing');
INSERT INTO Personen(id, name, birthday, deathday, popularity, profilePath, gender, profession) VALUES(129104,'Melissa Benoist','1988-10-04','',13.785,'/1F0fCPNhb5W0WyFe8Tszfbx1DEp.jpg',1,'Acting');
INSERT INTO Personen(id, name, birthday, deathday, popularity, profilePath, gender, profession) VALUES(69210,'Chyler Leigh','1982-04-10','',8.272,'/wuNMNPmV802aIZQeP8XNfsnNfYH.jpg',1,'Acting');
INSERT INTO Personen(id, name, birthday, deathday, popularity, profilePath, gender, profession) VALUES(16752,'David Harewood','1965-12-08','',3.984,'/8scO8ISd5UH6MNMr9kyb4H6aAWD.jpg',2,'Acting');
INSERT INTO Personen(id, name, birthday, deathday, popularity, profilePath, gender, profession) VALUES(150587,'Katie McGrath','1983-10-24','',6.777,'/cq9pc7qFRUKCrkXgsi5mJkb64U5.jpg',1,'Acting');
INSERT INTO Personen(id, name, birthday, deathday, popularity, profilePath, gender, profession) VALUES(96593,'Jesse Rath','1989-02-11','',3.607,'/AphsaApS4dINg5y3oO9Y2qDDbeV.jpg',2,'Acting');
INSERT INTO Personen(id, name, birthday, deathday, popularity, profilePath, gender, profession) VALUES(1718957,'Nicole Maines','1997-10-07','',6.332,'/4LBk3R26NpjH78hJ2W1T8h3luil.jpg',1,'Acting');
INSERT INTO Personen(id, name, birthday, deathday, popularity, profilePath, gender, profession) VALUES(134238,'Azie Tesfai','','',2.939,'/fWQtyjPDHArabFap9w4GuDhv7Qf.jpg',1,'Acting');
INSERT INTO Personen(id, name, birthday, deathday, popularity, profilePath, gender, profession) VALUES(68769,'Julie Gonzalo','1981-09-09','',4.507,'/dyLwM3a3r9hzwyQ4vjNl4ybKfEA.jpg',1,'Acting');
INSERT INTO Personen(id, name, birthday, deathday, popularity, profilePath, gender, profession) VALUES(1218135,'Rob Wright','','',0.6,'',0,'Writing');
INSERT INTO Personen(id, name, birthday, deathday, popularity, profilePath, gender, profession) VALUES(3031809,'Chris Pavoni','','',0.6,'',2,'Production');
INSERT INTO Personen(id, name, birthday, deathday, popularity, profilePath, gender, profession) VALUES(1890015,'Elle Lipson','','',0.6,'',0,'Writing');
INSERT INTO Personen(id, name, birthday, deathday, popularity, profilePath, gender, profession) VALUES(1498016,'Emilio Ortega Aldrich','','',1.082,'',0,'Writing');
INSERT INTO Personen(id, name, birthday, deathday, popularity, profilePath, gender, profession) VALUES(2339934,'J. Holtham','','',0.6,'/rdFvo1bFwqecSYTQ987SFdkU17I.jpg',2,'Writing');
INSERT INTO Personen(id, name, birthday, deathday, popularity, profilePath, gender, profession) VALUES(1378801,'Jay Faerber','','',0.694,'',0,'Writing');
INSERT INTO Personen(id, name, birthday, deathday, popularity, profilePath, gender, profession) VALUES(1237300,'Karen Maser','','',0.828,'',1,'Writing');
INSERT INTO Personen(id, name, birthday, deathday, popularity, profilePath, gender, profession) VALUES(1488029,'Derek Simon','','',0.692,'',2,'Writing');
INSERT INTO Personen(id, name, birthday, deathday, popularity, profilePath, gender, profession) VALUES(1372,'Karl Urban','1972-06-07','',17.322,'/bsAnEFgVm5kn8DbBZKfnlLNll89.jpg',2,'Acting');
INSERT INTO Personen(id, name, birthday, deathday, popularity, profilePath, gender, profession) VALUES(1030513,'Jack Quaid','1992-04-24','',5.761,'/320qW5yEbxpmyxQ3evmClJbtKag.jpg',2,'Acting');
INSERT INTO Personen(id, name, birthday, deathday, popularity, profilePath, gender, profession) VALUES(60373,'Antony Starr','1975-10-25','',4.07,'/dyTQZSc6Jl7Ph1PvCTW7cx4ByIY.jpg',2,'Acting');
INSERT INTO Personen(id, name, birthday, deathday, popularity, profilePath, gender, profession) VALUES(990393,'Erin Moriarty','1994-06-24','',10.754,'/oioBLC6lD6CfYGjDrs8iO6iH4gS.jpg',1,'Acting');
INSERT INTO Personen(id, name, birthday, deathday, popularity, profilePath, gender, profession) VALUES(115146,'Dominique McElligott','1986-03-05','',11.522,'/99Pbu6HYwrBcX10RDf7ttUh6fO9.jpg',1,'Acting');
INSERT INTO Personen(id, name, birthday, deathday, popularity, profilePath, gender, profession) VALUES(198847,'Jessie T. Usher','1992-02-29','',3.817,'/bkFM2GHKU1rr6CRCgeaojY1TDCS.jpg',2,'Acting');
INSERT INTO Personen(id, name, birthday, deathday, popularity, profilePath, gender, profession) VALUES(10964,'Laz Alonso','1974-03-25','',3.12,'/nmgOd3X2Xn3jIp9OLCRJzLExRWN.jpg',2,'Acting');
INSERT INTO Personen(id, name, birthday, deathday, popularity, profilePath, gender, profession) VALUES(60899,'Chace Crawford','1985-07-18','',3.362,'/rBhsVBsS0ciO3ti0K6YjGVms4zK.jpg',2,'Acting');
INSERT INTO Personen(id, name, birthday, deathday, popularity, profilePath, gender, profession) VALUES(2746280,'Michaela Starr','','',0.6,'',1,'Production');
INSERT INTO Personen(id, name, birthday, deathday, popularity, profilePath, gender, profession) VALUES(58922,'Craig Rosenberg','','',1.22,'',2,'Writing');
INSERT INTO Personen(id, name, birthday, deathday, popularity, profilePath, gender, profession) VALUES(71225,'Michael Saltzman','','',0.98,'',2,'Production');
INSERT INTO Personen(id, name, birthday, deathday, popularity, profilePath, gender, profession) VALUES(2121901,'Jackie Davis','','',0.6,'',0,'Costume & Make-Up');
INSERT INTO Personen(id, name, birthday, deathday, popularity, profilePath, gender, profession) VALUES(1225933,'Philip Sgriccia','','',1.481,'',2,'Directing');
INSERT INTO Personen(id, name, birthday, deathday, popularity, profilePath, gender, profession) VALUES(2765494,'Gabriel Garcia','','',0.6,'',2,'Production');
INSERT INTO Personen(id, name, birthday, deathday, popularity, profilePath, gender, profession) VALUES(82665,'Rebecca Sonnenshine','','',0.678,'',1,'Writing');
INSERT INTO Personen(id, name, birthday, deathday, popularity, profilePath, gender, profession) VALUES(1708333,'Stephan Szpak-Fleet','','',0.6,'',0,'Writing');
INSERT INTO Personen(id, name, birthday, deathday, popularity, profilePath, gender, profession) VALUES(61829,'Kelly Overton','1978-08-28','',5.297,'/u1KnPtnHfdLCrImtONXCYwJDqZk.jpg',1,'Acting');
INSERT INTO Personen(id, name, birthday, deathday, popularity, profilePath, gender, profession) VALUES(32887,'Christopher Heyerdahl','1963-09-18','',3.864,'/pTPZa3TFIkxRbqM5adXYE51a99s.jpg',2,'Acting');
INSERT INTO Personen(id, name, birthday, deathday, popularity, profilePath, gender, profession) VALUES(83948,'Rukiya Bernard','1983-01-20','',3.21,'/1xnSniYd3y84qt6lqLvDIzGT4x0.jpg',1,'Acting');
INSERT INTO Personen(id, name, birthday, deathday, popularity, profilePath, gender, profession) VALUES(107810,'Aleks Paunovic','1969-06-29','',3.376,'/k8j9Nr0xS2vEUMV8Wl0y5cC2NeB.jpg',2,'Acting');
INSERT INTO Personen(id, name, birthday, deathday, popularity, profilePath, gender, profession) VALUES(2037,'Cillian Murphy','1976-05-25','',10.758,'/i8dOTC0w6V274ev5iAAvo4Ahhpr.jpg',2,'Acting');
INSERT INTO Personen(id, name, birthday, deathday, popularity, profilePath, gender, profession) VALUES(220448,'Paul Anderson','1978-02-12','',9.789,'/nds5rTBZvJ4rEsP4N6OaoEgQDkW.jpg',2,'Acting');
INSERT INTO Personen(id, name, birthday, deathday, popularity, profilePath, gender, profession) VALUES(237455,'Sam Claflin','1986-06-27','',9.493,'/5DtmRlRZc7wPbat1INQPqsxaH4a.jpg',2,'Acting');
INSERT INTO Personen(id, name, birthday, deathday, popularity, profilePath, gender, profession) VALUES(1508313,'Finn Cole','1995-11-09','',9.574,'/me4b3j2u2XNC2877t6UXBx36qMT.jpg',2,'Acting');
INSERT INTO Personen(id, name, birthday, deathday, popularity, profilePath, gender, profession) VALUES(15737,'Helen McCrory','1968-08-17','2021-04-16',9.619,'/dVtwKuGce3BhUcqfdpxFvpCT8YT.jpg',1,'Acting');
INSERT INTO Personen(id, name, birthday, deathday, popularity, profilePath, gender, profession) VALUES(1088620,'Sophie Rundle','1988-04-21','',10.19,'/dXVO6u47qgTOLKkarTRQiVl2e7x.jpg',1,'Acting');
INSERT INTO Personen(id, name, birthday, deathday, popularity, profilePath, gender, profession) VALUES(1392625,'Kate Phillips','','',3.459,'/lXm5bJ8rle6J9B2xCRYXCXoxp2d.jpg',1,'Acting');
INSERT INTO Personen(id, name, birthday, deathday, popularity, profilePath, gender, profession) VALUES(1164437,'Si Bell','','',0.6,'',0,'Camera');
INSERT INTO Personen(id, name, birthday, deathday, popularity, profilePath, gender, profession) VALUES(2435179,'Stuart Wright','','',0.6,'',0,'Sound');
INSERT INTO Personen(id, name, birthday, deathday, popularity, profilePath, gender, profession) VALUES(25515,'Paul Knight','1973-05-17','',0.694,'',2,'Editing');
INSERT INTO Personen(id, name, birthday, deathday, popularity, profilePath, gender, profession) VALUES(1922328,'Nicole Northridge','','',0.6,'',0,'Art');
INSERT INTO Personen(id, name, birthday, deathday, popularity, profilePath, gender, profession) VALUES(1238126,'Patrick Spence','','',0.6,'',0,'Production');
INSERT INTO Personen(id, name, birthday, deathday, popularity, profilePath, gender, profession) VALUES(1849956,'Jonathan Midlane','','',0.6,'',0,'Directing');
INSERT INTO Personen(id, name, birthday, deathday, popularity, profilePath, gender, profession) VALUES(2435182,'Bryony Arnold','','',0.6,'',0,'Production');
INSERT INTO Personen(id, name, birthday, deathday, popularity, profilePath, gender, profession) VALUES(53280,'Tyler Posey','1991-10-18','',8.814,'/eXeus5vixCYfehHFUA0zgQfiqN6.jpg',2,'Acting');
INSERT INTO Personen(id, name, birthday, deathday, popularity, profilePath, gender, profession) VALUES(208782,'Holland Roden','1986-10-07','',9.16,'/vtk55PbPoZskBZtiV96vHqLJUgD.jpg',1,'Acting');
INSERT INTO Personen(id, name, birthday, deathday, popularity, profilePath, gender, profession) VALUES(444211,'Shelley Hennig','1987-01-02','',6.387,'/gvyjQPlglQuN2X1h0KGEZOo7Ggc.jpg',1,'Acting');
INSERT INTO Personen(id, name, birthday, deathday, popularity, profilePath, gender, profession) VALUES(236302,'Dylan Sprayberry','1998-07-07','',5.614,'/aQvC4qmW6z4mJj5Fxb5ar1MNsyD.jpg',2,'Acting');
INSERT INTO Personen(id, name, birthday, deathday, popularity, profilePath, gender, profession) VALUES(168658,'Melissa Ponzio','1972-08-03','',5.627,'/eeVIHZE0Y7A0TGiL3DITdXU4JT.jpg',1,'Acting');
INSERT INTO Personen(id, name, birthday, deathday, popularity, profilePath, gender, profession) VALUES(1383186,'Eric Wallace','','',0.625,'/jAC9Qmm8qMlJMERSujeA1ErhNEH.jpg',2,'Writing');
INSERT INTO Personen(id, name, birthday, deathday, popularity, profilePath, gender, profession) VALUES(1219632,'Liz Gateley','','',0.84,'',0,'Creator');
INSERT INTO Personen(id, name, birthday, deathday, popularity, profilePath, gender, profession) VALUES(65192,'Joseph P. Genier','','',0.6,'',2,'Production');
INSERT INTO Personen(id, name, birthday, deathday, popularity, profilePath, gender, profession) VALUES(1212216,'René Echevarria','','',1.206,'',2,'Writing');
INSERT INTO Personen(id, name, birthday, deathday, popularity, profilePath, gender, profession) VALUES(1215767,'Marty Adelstein','','',0.6,'',0,'Production');
INSERT INTO Personen(id, name, birthday, deathday, popularity, profilePath, gender, profession) VALUES(1522703,'Hande Erçel','1993-11-24','',14.557,'/heZOn03SAJkwbmTAdk7IXA5yMTV.jpg',1,'Acting');
INSERT INTO Personen(id, name, birthday, deathday, popularity, profilePath, gender, profession) VALUES(134497,'Kerem Bürsin','1987-06-04','',12.255,'/6abFV7TBSgaPX7E9tBbx5mrMx3C.jpg',2,'Acting');
INSERT INTO Personen(id, name, birthday, deathday, popularity, profilePath, gender, profession) VALUES(1893219,'Bige Önal','1990-02-01','',3.726,'/p8SQAYnGEvR0aAkfeINsgvsdI1I.jpg',1,'Acting');
INSERT INTO Personen(id, name, birthday, deathday, popularity, profilePath, gender, profession) VALUES(2036975,'Çağrı Çıtanak','','',2.718,'/nqTLDXza08h4iOl9Jsa5SmdiV6x.jpg',0,'Acting');
INSERT INTO Personen(id, name, birthday, deathday, popularity, profilePath, gender, profession) VALUES(1146738,'Neslihan Yeldan','','',3.919,'/jS9PWUQuBLxBbDgcaTkjufI89gK.jpg',0,'Acting');
INSERT INTO Personen(id, name, birthday, deathday, popularity, profilePath, gender, profession) VALUES(1948895,'Alican Aytekin','','',1.02,'/bWGaFjwcJPYbrSeyi5VEHo9ruXr.jpg',0,'Acting');
INSERT INTO Personen(id, name, birthday, deathday, popularity, profilePath, gender, profession) VALUES(2342438,'Başak Gümülcinelioğlu','1991-10-22','',5.608,'/2JizaCEo7ZffjnGIdnTSZrmgGZS.jpg',1,'Acting');
INSERT INTO Personen(id, name, birthday, deathday, popularity, profilePath, gender, profession) VALUES(1967321,'İsmail Ege Şaşmaz','','',4.742,'/qVFcXBwXv0WZC3qMuax51It1YFv.jpg',0,'Acting');
INSERT INTO Personen(id, name, birthday, deathday, popularity, profilePath, gender, profession) VALUES(2691038,'Ender Mıhlar','','',0.6,'',0,'Directing');
INSERT INTO Personen(id, name, birthday, deathday, popularity, profilePath, gender, profession) VALUES(2691039,'Ayşe Üner Kutlu','','',1.214,'',0,'Writing');
INSERT INTO Personen(id, name, birthday, deathday, popularity, profilePath, gender, profession) VALUES(2691041,'Aytekin Ataş','','',0.6,'',0,'Sound');
INSERT INTO Personen(id, name, birthday, deathday, popularity, profilePath, gender, profession) VALUES(81391,'J. D. Pardo','1980-09-07','',6.84,'/uS616imhPsa4kt8veloLGQffx6f.jpg',2,'Acting');
INSERT INTO Personen(id, name, birthday, deathday, popularity, profilePath, gender, profession) VALUES(1781793,'Clayton Cardenas','','',2.253,'/zvqWkRFsyvFGoh8ovKMIZVEfEEV.jpg',2,'Acting');
INSERT INTO Personen(id, name, birthday, deathday, popularity, profilePath, gender, profession) VALUES(587,'Edward James Olmos','1947-02-24','',4.344,'/mXnilUrQBIMLHSQkPjQk99mX70x.jpg',2,'Acting');
INSERT INTO Personen(id, name, birthday, deathday, popularity, profilePath, gender, profession) VALUES(33397,'Sarah Bolger','1991-02-28','',10.617,'/A3K2l5kkqTMQHtAkctzICqtbZMY.jpg',1,'Acting');
INSERT INTO Personen(id, name, birthday, deathday, popularity, profilePath, gender, profession) VALUES(124304,'Michael Irby','1972-11-16','',2.134,'/9DlWNTlVhkdKnZ76DT8nUTl5DD3.jpg',2,'Acting');
INSERT INTO Personen(id, name, birthday, deathday, popularity, profilePath, gender, profession) VALUES(180306,'Antonio Jaramillo','','',2.71,'/6xLThPXEOLPGxZ7Szi1X3cGRZ8g.jpg',2,'Acting');
INSERT INTO Personen(id, name, birthday, deathday, popularity, profilePath, gender, profession) VALUES(17688,'Raoul Max Trujillo','1955-05-08','',3.536,'/dIfHIt1pgnYW9oCksc0DdoY5Mt5.jpg',2,'Acting');
INSERT INTO Personen(id, name, birthday, deathday, popularity, profilePath, gender, profession) VALUES(1105711,'Richard Cabral','','',2.274,'/g7wzGBJzqO5tvIjrbzv2UsZ7cIv.jpg',2,'Acting');
INSERT INTO Personen(id, name, birthday, deathday, popularity, profilePath, gender, profession) VALUES(1017294,'Tom Hopper','1985-01-28','',3.032,'/qS8F31xn6ZoNBTOvcXZfWewgma2.jpg',2,'Acting');
INSERT INTO Personen(id, name, birthday, deathday, popularity, profilePath, gender, profession) VALUES(1450392,'David Castañeda','1989-10-24','',6.362,'/5ClaQPDoFKBRmQrjuiomq01uSgC.jpg',2,'Acting');
INSERT INTO Personen(id, name, birthday, deathday, popularity, profilePath, gender, profession) VALUES(2026050,'Emmy Raver-Lampman','1988-09-05','',2.883,'/cBkHUBzqoqrnkxDXWlqQmm91pD2.jpg',1,'Acting');
INSERT INTO Personen(id, name, birthday, deathday, popularity, profilePath, gender, profession) VALUES(118616,'Robert Sheehan','1988-01-07','',2.314,'/2rum1TvJyB13RMERueiH1MrBmjZ.jpg',2,'Acting');
INSERT INTO Personen(id, name, birthday, deathday, popularity, profilePath, gender, profession) VALUES(1520843,'Aidan Gallagher','2003-09-18','',18.228,'/zwOMopF4dAAvA6Lexr2dxJ9qBlD.jpg',2,'Acting');
INSERT INTO Personen(id, name, birthday, deathday, popularity, profilePath, gender, profession) VALUES(1442976,'Justin H. Min','1989-03-20','',5.715,'/ephzwqElc1LzIDfm9fiVf38ppkK.jpg',2,'Acting');
INSERT INTO Personen(id, name, birthday, deathday, popularity, profilePath, gender, profession) VALUES(27578,'Elliot Page','1987-02-21','',10.47,'/3gVm1jSZERNTCKqtgXRC0J3COtn.jpg',3,'Acting');
INSERT INTO Personen(id, name, birthday, deathday, popularity, profilePath, gender, profession) VALUES(164094,'Marin Ireland','1979-08-30','',5.354,'/jAIOQNraHjvIAdqk81QDV5Phupp.jpg',1,'Acting');
INSERT INTO Personen(id, name, birthday, deathday, popularity, profilePath, gender, profession) VALUES(2835127,'Vladyslav Driuchyn','','',0.6,'/aZbEFdRu9qvjdfWpn4Jt7WyeCCx.jpg',2,'Visual Effects');
INSERT INTO Personen(id, name, birthday, deathday, popularity, profilePath, gender, profession) VALUES(2451297,'Jamie Neese','','',0.6,'/vnkIqRLtAT2r455plaIU6Ts3PB4.jpg',2,'Production');
INSERT INTO Personen(id, name, birthday, deathday, popularity, profilePath, gender, profession) VALUES(2990650,'Jason Neese','','',0.6,'',2,'Production');
INSERT INTO Personen(id, name, birthday, deathday, popularity, profilePath, gender, profession) VALUES(587872,'Gerard Way','1977-04-09','',0.6,'/pKoyioMvwo5M04hZLKFpvEbZYE6.jpg',2,'Acting');
INSERT INTO Personen(id, name, birthday, deathday, popularity, profilePath, gender, profession) VALUES(1270336,'Gabriel Bá','','',0.6,'',0,'Writing');
INSERT INTO Personen(id, name, birthday, deathday, popularity, profilePath, gender, profession) VALUES(1227939,'Steve Blackman','','',2.205,'/ui2tZkndNgit4Gsb4nRPzKyjPZx.jpg',2,'Writing');
INSERT INTO Personen(id, name, birthday, deathday, popularity, profilePath, gender, profession) VALUES(104831,'Jeff King','','',1.388,'',2,'Writing');
INSERT INTO Personen(id, name, birthday, deathday, popularity, profilePath, gender, profession) VALUES(1293687,'Sneha Koorse','','',0.6,'',1,'Writing');
INSERT INTO Personen(id, name, birthday, deathday, popularity, profilePath, gender, profession) VALUES(1250874,'Karol Sevilla','1999-11-09','',1.693,'/39f30RhjBH0WgVNdwbdQK9M7sF7.jpg',1,'Acting');
INSERT INTO Personen(id, name, birthday, deathday, popularity, profilePath, gender, profession) VALUES(1433621,'Ruggero Pasquarelli','1993-09-10','',2.175,'/4WQEWCQVISkOeIqKtkglAdbpC77.jpg',2,'Acting');
INSERT INTO Personen(id, name, birthday, deathday, popularity, profilePath, gender, profession) VALUES(1731979,'Valentina Zenere','','',4.932,'/ml8u8b2xJUghP0EHHrmWb65eW9P.jpg',1,'Acting');
INSERT INTO Personen(id, name, birthday, deathday, popularity, profilePath, gender, profession) VALUES(936249,'Michael Ronda','1996-09-28','',2.322,'/woZCHtOgAvmGrrFz4i9MyxiVNof.jpg',2,'Acting');
INSERT INTO Personen(id, name, birthday, deathday, popularity, profilePath, gender, profession) VALUES(1731984,'Carolina Kopelioff','1996-08-30','',1.753,'/nxyOmoAfCf20p87QmDGpO51B7Z2.jpg',1,'Acting');
INSERT INTO Personen(id, name, birthday, deathday, popularity, profilePath, gender, profession) VALUES(1731981,'Malena Ratner','1995-11-15','',0.6,'',1,'Acting');
INSERT INTO Personen(id, name, birthday, deathday, popularity, profilePath, gender, profession) VALUES(1376657,'Agustín Bernasconi','1996-10-15','',1.4,'/dR5AOY9rNXBl4mZsaeXkQ2W8mpE.jpg',2,'Acting');
INSERT INTO Personen(id, name, birthday, deathday, popularity, profilePath, gender, profession) VALUES(1731980,'Katja Martínez','1995-07-24','',0.98,'',1,'Acting');
INSERT INTO Personen(id, name, birthday, deathday, popularity, profilePath, gender, profession) VALUES(2033141,'Gabriel Gardeazabal','','',0.6,'',0,'Editing');
INSERT INTO Personen(id, name, birthday, deathday, popularity, profilePath, gender, profession) VALUES(2033137,'Manuel Martí','','',0.6,'',0,'Production');
INSERT INTO Personen(id, name, birthday, deathday, popularity, profilePath, gender, profession) VALUES(2033144,'Gabriela Grinman','','',0.6,'',0,'Costume & Make-Up');
INSERT INTO Personen(id, name, birthday, deathday, popularity, profilePath, gender, profession) VALUES(2033134,'Rodolfo Antúnez','','',0.6,'',2,'Directing');
INSERT INTO Personen(id, name, birthday, deathday, popularity, profilePath, gender, profession) VALUES(2033164,'Leonardo Aguirre','','',0.6,'',0,'Production');
INSERT INTO Personen(id, name, birthday, deathday, popularity, profilePath, gender, profession) VALUES(1376038,'Laura Farhi','','',0.6,'',0,'Writing');
INSERT INTO Personen(id, name, birthday, deathday, popularity, profilePath, gender, profession) VALUES(2033153,'Mauro Santiago','','',0.6,'',2,'Production');
INSERT INTO Personen(id, name, birthday, deathday, popularity, profilePath, gender, profession) VALUES(2033151,'María Paz Albo','','',0.6,'',0,'Costume & Make-Up');
INSERT INTO Personen(id, name, birthday, deathday, popularity, profilePath, gender, profession) VALUES(2943316,'Yany Prado','','',1.107,'/qgVcujSPqsZk5jMuewWAa3UpYk4.jpg',1,'Acting');
INSERT INTO Personen(id, name, birthday, deathday, popularity, profilePath, gender, profession) VALUES(90773,'Verónica Sánchez','1977-07-01','',2.013,'/4Z7OHkdHIQ9VPp3JBU8QPUzMewR.jpg',1,'Acting');
INSERT INTO Personen(id, name, birthday, deathday, popularity, profilePath, gender, profession) VALUES(1246184,'Lali Espósito','1991-10-10','',2.315,'/iKDr7a7Fv8Ba6xYxo7BhF5To0ey.jpg',1,'Acting');
INSERT INTO Personen(id, name, birthday, deathday, popularity, profilePath, gender, profession) VALUES(102228,'Asier Etxeandia','1975-06-27','',5.168,'/mHsHV3SWodFLpvDkQl3xdGiD5xd.jpg',2,'Acting');
INSERT INTO Personen(id, name, birthday, deathday, popularity, profilePath, gender, profession) VALUES(121689,'Miguel Ángel Silvestre','1982-04-06','',1.992,'/9RI6vIKvfXJTVyKjVoWE86icZqd.jpg',2,'Acting');
INSERT INTO Personen(id, name, birthday, deathday, popularity, profilePath, gender, profession) VALUES(1436707,'Enric Auquer','','',1.566,'/zAiMVhkJkND9ZMAZBiqpbaiM1Yj.jpg',0,'Acting');
INSERT INTO Personen(id, name, birthday, deathday, popularity, profilePath, gender, profession) VALUES(82725,'Álex Pina','1967-06-23','',3.481,'/hMKcFPRKo0I4WLBvkvppyBFDGr8.jpg',2,'Creator');
INSERT INTO Personen(id, name, birthday, deathday, popularity, profilePath, gender, profession) VALUES(1637084,'Esther Martínez Lobato','','',2.548,'',1,'Creator');
INSERT INTO Personen(id, name, birthday, deathday, popularity, profilePath, gender, profession) VALUES(1608537,'Jesús Colmenar','','',2.823,'/pvfNjlwcwUFFuB9CSFgVcEGzUZt.jpg',2,'Directing');
INSERT INTO Personen(id, name, birthday, deathday, popularity, profilePath, gender, profession) VALUES(81244,'Akira Ishida','1967-11-02','',4.653,'/iHExPPMgIdvAmtoHWMV74Ugq1gT.jpg',2,'Acting');
INSERT INTO Personen(id, name, birthday, deathday, popularity, profilePath, gender, profession) VALUES(9720,'Hideo Ishikawa','1969-12-13','',2.999,'/gEjEDNGt3CHsyzFQdNqewZVbh0.jpg',2,'Acting');
INSERT INTO Personen(id, name, birthday, deathday, popularity, profilePath, gender, profession) VALUES(23987,'Jouji Nakata','1954-04-22','',5.699,'/aFx0ForDkSc119U3nTC7NymStkn.jpg',2,'Acting');
INSERT INTO Personen(id, name, birthday, deathday, popularity, profilePath, gender, profession) VALUES(17419,'Bryan Cranston','1956-03-07','',12.364,'/7Jahy5LZX2Fo8fGJltMreAI49hC.jpg',2,'Acting');
INSERT INTO Personen(id, name, birthday, deathday, popularity, profilePath, gender, profession) VALUES(84497,'Aaron Paul','1979-08-27','',9.632,'/u8UdsB9yenM4uHEjmce4nkBn48X.jpg',2,'Acting');
INSERT INTO Personen(id, name, birthday, deathday, popularity, profilePath, gender, profession) VALUES(134531,'Anna Gunn','1968-08-11','',4.698,'/adppyeu1a4REN3khtgmXusrapFi.jpg',1,'Acting');
INSERT INTO Personen(id, name, birthday, deathday, popularity, profilePath, gender, profession) VALUES(14329,'Dean Norris','1963-04-08','',6.35,'/fXbHgZxCEclcTxV8MpeBXhe2OJS.jpg',2,'Acting');
INSERT INTO Personen(id, name, birthday, deathday, popularity, profilePath, gender, profession) VALUES(783,'Jonathan Banks','1947-01-31','',4.873,'/va6APAzwv68YxvYQkB3lHhpccCi.jpg',2,'Acting');
INSERT INTO Personen(id, name, birthday, deathday, popularity, profilePath, gender, profession) VALUES(1217934,'Betsy Brandt','1973-03-14','',2.316,'/zmhhPmXnwjSzVyoTVL93i1EkLRK.jpg',1,'Acting');
INSERT INTO Personen(id, name, birthday, deathday, popularity, profilePath, gender, profession) VALUES(209674,'RJ Mitte','1992-08-21','',6.556,'/aG6NYV2EgzBFLRIl7vvbtd7go1j.jpg',2,'Acting');
INSERT INTO Personen(id, name, birthday, deathday, popularity, profilePath, gender, profession) VALUES(29779,'Michelle MacLaren','1965-01-01','',1.566,'',1,'Directing');
INSERT INTO Personen(id, name, birthday, deathday, popularity, profilePath, gender, profession) VALUES(66633,'Vince Gilligan','1967-02-10','',2.928,'/uFh3OrBvkwKSU3N5y0XnXOhqBJz.jpg',2,'Writing');
INSERT INTO Personen(id, name, birthday, deathday, popularity, profilePath, gender, profession) VALUES(35583,'Kathleen Detoro','','',0.6,'',0,'Costume & Make-Up');
INSERT INTO Personen(id, name, birthday, deathday, popularity, profilePath, gender, profession) VALUES(1280070,'Dave Porter','','',0.631,'',2,'Sound');
INSERT INTO Personen(id, name, birthday, deathday, popularity, profilePath, gender, profession) VALUES(21640,'Robb Wilson King','','',0.702,'',2,'Art');
INSERT INTO Personen(id, name, birthday, deathday, popularity, profilePath, gender, profession) VALUES(103009,'Thomas Schnauz','','',1.708,'',2,'Writing');
INSERT INTO Personen(id, name, birthday, deathday, popularity, profilePath, gender, profession) VALUES(1223200,'Stewart Lyons','','',0.6,'',0,'Production');
INSERT INTO Personen(id, name, birthday, deathday, popularity, profilePath, gender, profession) VALUES(1284159,'Simon Baker','1969-07-30','',5.682,'/qod2heTmAK6gEKZ93F5KzVfLyu1.jpg',2,'Acting');
INSERT INTO Personen(id, name, birthday, deathday, popularity, profilePath, gender, profession) VALUES(17346,'Robin Tunney','1972-06-19','',10.566,'/jIvJPF9BnwQRzqEoECowBlUqZgA.jpg',1,'Acting');
INSERT INTO Personen(id, name, birthday, deathday, popularity, profilePath, gender, profession) VALUES(52947,'Tim Kang','1973-03-16','',4.747,'/kGK9nQjmSOivwtwg9Q0ljO4nPOw.jpg',2,'Acting');
INSERT INTO Personen(id, name, birthday, deathday, popularity, profilePath, gender, profession) VALUES(17345,'Rockmond Dunbar','1973-01-11','',7.689,'/jPeVjtCH3bo1tzbDogdXyZpNrir.jpg',2,'Acting');
INSERT INTO Personen(id, name, birthday, deathday, popularity, profilePath, gender, profession) VALUES(970561,'Joe Adler','1993-03-29','',2.044,'/bsle7zqj6HBs6NYstkwDwQY7EEf.jpg',2,'Acting');
INSERT INTO Personen(id, name, birthday, deathday, popularity, profilePath, gender, profession) VALUES(74289,'Amanda Righetti','1983-04-04','',5.379,'/u1irjBteLJvxC5FAzieqOLez2yg.jpg',1,'Acting');
INSERT INTO Personen(id, name, birthday, deathday, popularity, profilePath, gender, profession) VALUES(146516,'Josie Loren','1987-03-19','',2.777,'/vZJc51rwheOC0TCdUkA4KM1UfXu.jpg',1,'Acting');
INSERT INTO Personen(id, name, birthday, deathday, popularity, profilePath, gender, profession) VALUES(1320139,'Jordan Harper','','',0.98,'',2,'Writing');
INSERT INTO Personen(id, name, birthday, deathday, popularity, profilePath, gender, profession) VALUES(1486893,'Alex Berger','','',0.84,'',2,'Production');
INSERT INTO Personen(id, name, birthday, deathday, popularity, profilePath, gender, profession) VALUES(1597203,'Tom Donaghy','','',0.6,'',2,'Writing');
INSERT INTO Personen(id, name, birthday, deathday, popularity, profilePath, gender, profession) VALUES(1557074,'John Scherer','1960-07-25','',0.6,'',0,'Directing');
INSERT INTO Personen(id, name, birthday, deathday, popularity, profilePath, gender, profession) VALUES(1122804,'Nina Lopez-Corrado','','',2.114,'/bNqZOW11UesTNSFNsM0gAUjimRa.jpg',1,'Directing');
INSERT INTO Personen(id, name, birthday, deathday, popularity, profilePath, gender, profession) VALUES(2383,'Peter Lauritson','','',1.932,'',2,'Production');
INSERT INTO Personen(id, name, birthday, deathday, popularity, profilePath, gender, profession) VALUES(1215660,'Tom Szentgyorgyi','','',1.4,'',2,'Writing');
INSERT INTO Personen(id, name, birthday, deathday, popularity, profilePath, gender, profession) VALUES(78050,'Elyes Gabel','1983-05-08','',4.21,'/z9IqYTYxhVR9ADxaksbPQwiYQns.jpg',2,'Acting');
INSERT INTO Personen(id, name, birthday, deathday, popularity, profilePath, gender, profession) VALUES(86765,'Jadyn Wong','1989-05-11','',2.135,'/frzndJ5wVjzBKfaHLKoEa9C7eGF.jpg',1,'Acting');
INSERT INTO Personen(id, name, birthday, deathday, popularity, profilePath, gender, profession) VALUES(77088,'Katharine McPhee','1984-03-25','',3.595,'/monrkPe0xrdfwZo32LMS9xTYDqb.jpg',1,'Acting');
INSERT INTO Personen(id, name, birthday, deathday, popularity, profilePath, gender, profession) VALUES(52480,'Eddie Kaye Thomas','1980-10-31','',4.734,'/glUDeCvXfoLXgE0JJ5CboDpFW4R.jpg',2,'Acting');
INSERT INTO Personen(id, name, birthday, deathday, popularity, profilePath, gender, profession) VALUES(1324186,'Ari Stidham','1992-08-22','',1.435,'/cjToagdNEXK3fCVTFANy29p4QyJ.jpg',2,'Acting');
INSERT INTO Personen(id, name, birthday, deathday, popularity, profilePath, gender, profession) VALUES(1368490,'Riley B. Smith','2005-09-02','',1.817,'/uCmlKQB1c4EuupjmeaAeBJDFgta.jpg',2,'Acting');
INSERT INTO Personen(id, name, birthday, deathday, popularity, profilePath, gender, profession) VALUES(1130319,'Tony Morales','','',0.6,'',2,'Sound');
INSERT INTO Personen(id, name, birthday, deathday, popularity, profilePath, gender, profession) VALUES(6041,'Brian Tyler','1978-05-08','',2.139,'/wLPLAOcEgA9vfNuXSX1QI1ajguU.jpg',2,'Sound');
INSERT INTO Personen(id, name, birthday, deathday, popularity, profilePath, gender, profession) VALUES(15346,'Roberto Orci','1973-07-20','',3.07,'',2,'Production');
INSERT INTO Personen(id, name, birthday, deathday, popularity, profilePath, gender, profession) VALUES(1039317,'Jennifer Cooper','','',1.4,'',1,'Production');
INSERT INTO Personen(id, name, birthday, deathday, popularity, profilePath, gender, profession) VALUES(1224019,'Paul Grellong','','',1.114,'',2,'Writing');
INSERT INTO Personen(id, name, birthday, deathday, popularity, profilePath, gender, profession) VALUES(15345,'Alex Kurtzman','1973-09-07','',6.651,'/uDZxuaV19OYMhN7vuuVg1bSlqUM.jpg',2,'Writing');
INSERT INTO Personen(id, name, birthday, deathday, popularity, profilePath, gender, profession) VALUES(1535916,'Danny Rose','','',0.6,'',0,'Production');
INSERT INTO Personen(id, name, birthday, deathday, popularity, profilePath, gender, profession) VALUES(1878325,'Danielle Woodrow','','',0.6,'',0,'Production');
INSERT INTO Personen(id, name, birthday, deathday, popularity, profilePath, gender, profession) VALUES(429,'Lucas Till','1990-08-10','',9.875,'/xCJqL57d7TCZXxfRf9MeBwx9qgc.jpg',2,'Acting');
INSERT INTO Personen(id, name, birthday, deathday, popularity, profilePath, gender, profession) VALUES(945846,'Tristin Mays','1990-06-10','',4.783,'/grVMEoLvmzgZvnOdxpAaEAtROhS.jpg',1,'Acting');
INSERT INTO Personen(id, name, birthday, deathday, popularity, profilePath, gender, profession) VALUES(31166,'Henry Ian Cusick','1967-04-17','',4.33,'/6nOzMO4bPqt7rV31GYFNOjBNfDL.jpg',2,'Acting');
INSERT INTO Personen(id, name, birthday, deathday, popularity, profilePath, gender, profession) VALUES(172388,'Meredith Eaton','1974-08-26','',4.208,'/agxaT28ahH8LbyFi7GM8pxociIs.jpg',1,'Acting');
INSERT INTO Personen(id, name, birthday, deathday, popularity, profilePath, gender, profession) VALUES(1566455,'Justin Hires','1985-06-24','',1.712,'/oXSmmnpAMFpylDXGpVtX1xrThXo.jpg',2,'Acting');
INSERT INTO Personen(id, name, birthday, deathday, popularity, profilePath, gender, profession) VALUES(1578220,'Levy Tran','1983-04-08','',8.561,'/ungYHOdC0DETelUD8I6FR1bFdn.jpg',1,'Acting');
INSERT INTO Personen(id, name, birthday, deathday, popularity, profilePath, gender, profession) VALUES(1233726,'Natasha Klauss','1975-06-25','',2.31,'',1,'Acting');
INSERT INTO Personen(id, name, birthday, deathday, popularity, profilePath, gender, profession) VALUES(1233727,'Paola Rey','','',0.6,'',0,'Acting');
INSERT INTO Personen(id, name, birthday, deathday, popularity, profilePath, gender, profession) VALUES(86039,'Mario Cimarro','1971-06-01','',3.47,'/zkMlyYdWyV7HlDWt0wjECKUOe1L.jpg',2,'Acting');
INSERT INTO Personen(id, name, birthday, deathday, popularity, profilePath, gender, profession) VALUES(1238062,'Kristina Lilley','1963-08-31','',2.811,'/iqvq4FDSgvyMfDDrrjbdGAV9qzU.jpg',1,'Acting');
INSERT INTO Personen(id, name, birthday, deathday, popularity, profilePath, gender, profession) VALUES(1038680,'Jorge Cao','1944-01-02','',0.6,'',0,'Acting');
INSERT INTO Personen(id, name, birthday, deathday, popularity, profilePath, gender, profession) VALUES(1238547,'Michel Brown','','',0.6,'',0,'Acting');
INSERT INTO Personen(id, name, birthday, deathday, popularity, profilePath, gender, profession) VALUES(1241666,'Juan A. Baptista','1976-09-09','',0.98,'/hm9VdJzbpdYOnRHLHqGAeTpxiPJ.jpg',2,'Acting');
INSERT INTO Personen(id, name, birthday, deathday, popularity, profilePath, gender, profession) VALUES(16856,'Gabriel Macht','1972-01-22','',6.215,'/mc0zlgOviaVnfrIQ0igHDg4sHH0.jpg',2,'Acting');
INSERT INTO Personen(id, name, birthday, deathday, popularity, profilePath, gender, profession) VALUES(1216133,'Rick Hoffman','1970-06-12','',3.17,'/yRjH4z0lKgvjxZ07P7bvRpZy95q.jpg',2,'Acting');
INSERT INTO Personen(id, name, birthday, deathday, popularity, profilePath, gender, profession) VALUES(154856,'Sarah Rafferty','1972-12-06','',4.675,'/d2oJRayMQPd8r97usqdoLZo0QC5.jpg',1,'Acting');
INSERT INTO Personen(id, name, birthday, deathday, popularity, profilePath, gender, profession) VALUES(65871,'Amanda Schull','1978-08-26','',7.773,'/nakdxAUxYobF7TgPa6uzMXtiycs.jpg',1,'Acting');
INSERT INTO Personen(id, name, birthday, deathday, popularity, profilePath, gender, profession) VALUES(122756,'Dulé Hill','1975-05-03','',2.31,'/fPJ8lIx6WwBgO2AhnHQSeiZiAUy.jpg',2,'Acting');
INSERT INTO Personen(id, name, birthday, deathday, popularity, profilePath, gender, profession) VALUES(41422,'Jesse Spencer','1979-02-12','',3.805,'/pjnjfZLbwTtToQyhIVIKkhilyIf.jpg',2,'Acting');
INSERT INTO Personen(id, name, birthday, deathday, popularity, profilePath, gender, profession) VALUES(210271,'Taylor Kinney','1981-07-15','',6.205,'/zpeJHKf73rnxd4Dvq3lfAkX6Zkq.jpg',2,'Acting');
INSERT INTO Personen(id, name, birthday, deathday, popularity, profilePath, gender, profession) VALUES(1371298,'Kara Killmer','1988-06-14','',5.134,'/bfiSQa9YZXrYhlXgKazWc4jtoqD.jpg',1,'Acting');
INSERT INTO Personen(id, name, birthday, deathday, popularity, profilePath, gender, profession) VALUES(27552,'David Eigenberg','1964-05-17','',3.495,'/3JOY715n7Low0Y1a9YZAzhNjvZM.jpg',2,'Acting');
INSERT INTO Personen(id, name, birthday, deathday, popularity, profilePath, gender, profession) VALUES(1368157,'Joe Minoso','1978-09-25','',1.522,'/je6BoStc1WicNZQNJWSrf0kNhAG.jpg',2,'Acting');
INSERT INTO Personen(id, name, birthday, deathday, popularity, profilePath, gender, profession) VALUES(36091,'Christian Stolte','1962-10-16','',1.796,'/xpjZXfLG5FFVQiiUFtHleLXCmFi.jpg',2,'Acting');
INSERT INTO Personen(id, name, birthday, deathday, popularity, profilePath, gender, profession) VALUES(1525940,'Miranda Rae Mayo','1988-08-14','',1.564,'',1,'Acting');
INSERT INTO Personen(id, name, birthday, deathday, popularity, profilePath, gender, profession) VALUES(1486207,'Alberto Rosende','1993-02-14','',6.63,'/x63EVNQJ5nccOMjI0ZryrCMiwak.jpg',2,'Acting');
INSERT INTO Personen(id, name, birthday, deathday, popularity, profilePath, gender, profession) VALUES(1396324,'Steve Chikerotis','','',0.6,'',2,'Writing');
INSERT INTO Personen(id, name, birthday, deathday, popularity, profilePath, gender, profession) VALUES(1457688,'Jonathan Strauss','','',1.02,'',2,'Production');
INSERT INTO Personen(id, name, birthday, deathday, popularity, profilePath, gender, profession) VALUES(1554574,'Tim Deluca','','',0.6,'',0,'Production');
INSERT INTO Personen(id, name, birthday, deathday, popularity, profilePath, gender, profession) VALUES(2579153,'David Brownfield','','',0.694,'',0,'Production');
INSERT INTO Personen(id, name, birthday, deathday, popularity, profilePath, gender, profession) VALUES(212800,'Matt Whitney','','',0.728,'',0,'Writing');
INSERT INTO Personen(id, name, birthday, deathday, popularity, profilePath, gender, profession) VALUES(1405245,'Reza Tabrizi','','',0.673,'',2,'Directing');
INSERT INTO Personen(id, name, birthday, deathday, popularity, profilePath, gender, profession) VALUES(840978,'Michael Gilvary','','',1.828,'',2,'Writing');
INSERT INTO Personen(id, name, birthday, deathday, popularity, profilePath, gender, profession) VALUES(1215763,'Andrea Newman','','',1.473,'',1,'Writing');
INSERT INTO Personen(id, name, birthday, deathday, popularity, profilePath, gender, profession) VALUES(90496,'Masako Nozawa','1936-10-25','',4.145,'/jxbXdejmPoiKnNoQz7Dkb80qC26.jpg',1,'Acting');
INSERT INTO Personen(id, name, birthday, deathday, popularity, profilePath, gender, profession) VALUES(122501,'Ryou Horikawa','1958-02-01','',3.663,'/1fiJvPrzz8Fqsjr5DVQclGojxO5.jpg',2,'Acting');
INSERT INTO Personen(id, name, birthday, deathday, popularity, profilePath, gender, profession) VALUES(85286,'Toshio Furukawa','1946-07-16','',4.908,'/n4xda3RzeEP6lt7Q0GHQR5qs3gJ.jpg',2,'Acting');
INSERT INTO Personen(id, name, birthday, deathday, popularity, profilePath, gender, profession) VALUES(65510,'Mayumi Tanaka','1955-01-15','',4.637,'/dvwL1Uqqm8eyVLbTqCyyiSnpG83.jpg',1,'Acting');
INSERT INTO Personen(id, name, birthday, deathday, popularity, profilePath, gender, profession) VALUES(122193,'Hiromi Tsuru','1960-03-29','2017-11-16',3.34,'/oFU9CCNLUhklLhEuLutM0FyTUbt.jpg',1,'Acting');
INSERT INTO Personen(id, name, birthday, deathday, popularity, profilePath, gender, profession) VALUES(122373,'Naoki Tatsuta','','',4.73,'/iYGYNGRoQv0yRwKhisqfk5ARVTE.jpg',2,'Acting');
INSERT INTO Personen(id, name, birthday, deathday, popularity, profilePath, gender, profession) VALUES(115305,'Ryusei Nakao','1951-02-05','',3.566,'/mStyRuTHrJlvPbWamnJHLwRmSOG.jpg',2,'Acting');
INSERT INTO Personen(id, name, birthday, deathday, popularity, profilePath, gender, profession) VALUES(619,'Jōji Yanami','1931-08-30','',1.64,'/eO3PiUqjdzmAasku8QMv2eR45Lo.jpg',2,'Acting');
INSERT INTO Personen(id, name, birthday, deathday, popularity, profilePath, gender, profession) VALUES(78322,'Akira Toriyama','1955-04-05','',2.942,'/9YorJMvF6DgfJcpATHbGyivZpS5.jpg',2,'Writing');
INSERT INTO Personen(id, name, birthday, deathday, popularity, profilePath, gender, profession) VALUES(1916539,'Bruce Faulconer','','',1.22,'/32GooqAeNGAFs1hEPJdEzDF4r6w.jpg',2,'Sound');
INSERT INTO Personen(id, name, birthday, deathday, popularity, profilePath, gender, profession) VALUES(1338902,'Jaina Lee Ortiz','1986-11-20','',6.505,'/teU37jf112CCCz8CHCfgeGUPoaL.jpg',1,'Acting');
INSERT INTO Personen(id, name, birthday, deathday, popularity, profilePath, gender, profession) VALUES(95475,'Jason George','1972-02-09','',3.816,'/eTiyxcbtEsdANo1NGFsfk3mZPW3.jpg',2,'Acting');
INSERT INTO Personen(id, name, birthday, deathday, popularity, profilePath, gender, profession) VALUES(80758,'Boris Kodjoe','1973-03-08','',3.747,'/fo6bMq96LUDEatiXlQlMctOMGI3.jpg',2,'Acting');
INSERT INTO Personen(id, name, birthday, deathday, popularity, profilePath, gender, profession) VALUES(130769,'Grey Damon','1987-09-24','',3.532,'/pI2EgN1ihdxgmzaiJ9Jy5Q0VITu.jpg',2,'Acting');
INSERT INTO Personen(id, name, birthday, deathday, popularity, profilePath, gender, profession) VALUES(1702827,'Barrett Doss','','',1.847,'/sYCzceQLzAOcVYQClar3gJiJoMM.jpg',1,'Acting');
INSERT INTO Personen(id, name, birthday, deathday, popularity, profilePath, gender, profession) VALUES(1105796,'Jay Hayden','1987-02-20','',3.591,'/blBIWNzXKBEfynH15n020QWaWmh.jpg',2,'Acting');
INSERT INTO Personen(id, name, birthday, deathday, popularity, profilePath, gender, profession) VALUES(1419065,'Okieriete Onaodowan','1987-08-16','',4.707,'/kxPzTxYuPInFY08o0H3KZahf7lX.jpg',2,'Acting');
INSERT INTO Personen(id, name, birthday, deathday, popularity, profilePath, gender, profession) VALUES(154955,'Danielle Savre','1988-08-26','',4.964,'/2vZ5uWOit9nS6hLbGEum29LW36D.jpg',1,'Acting');
INSERT INTO Personen(id, name, birthday, deathday, popularity, profilePath, gender, profession) VALUES(1920,'Winona Ryder','1971-10-29','',12.261,'/5yteOSY2lgGOgSWmRTlxqfY59MS.jpg',1,'Acting');
INSERT INTO Personen(id, name, birthday, deathday, popularity, profilePath, gender, profession) VALUES(1442069,'Finn Wolfhard','2002-12-23','',7.461,'/bi5OLYrxLwG3AZKOZL1mZjpcRQm.jpg',2,'Acting');
INSERT INTO Personen(id, name, birthday, deathday, popularity, profilePath, gender, profession) VALUES(1653291,'Gaten Matarazzo','2002-09-08','',8.141,'/gfxSa9pwafFEyzok6N4sIVbJLS.jpg',2,'Acting');
INSERT INTO Personen(id, name, birthday, deathday, popularity, profilePath, gender, profession) VALUES(1474123,'Caleb McLaughlin','2001-10-13','',4.409,'/6YjorSZyqFBl3f4sgcCQmOc1yoi.jpg',2,'Acting');
INSERT INTO Personen(id, name, birthday, deathday, popularity, profilePath, gender, profession) VALUES(1039011,'Natalia Dyer','1995-01-13','',6.25,'/n5e7Pn61ZQmcPkXrrYIcPdOHH7R.jpg',1,'Acting');
INSERT INTO Personen(id, name, birthday, deathday, popularity, profilePath, gender, profession) VALUES(1685626,'Kyle Dixon','','',0.6,'',0,'Sound');
INSERT INTO Personen(id, name, birthday, deathday, popularity, profilePath, gender, profession) VALUES(1729244,'Diego Garzon','','',0.6,'',2,'Production');
INSERT INTO Personen(id, name, birthday, deathday, popularity, profilePath, gender, profession) VALUES(1187120,'Iain Paterson','','',0.6,'',0,'Acting');
INSERT INTO Personen(id, name, birthday, deathday, popularity, profilePath, gender, profession) VALUES(1179422,'Ross Duffer','1984-01-01','',0.6,'/kN1HdFViQkcJOQlNcvvFJIx9Uju.jpg',2,'Writing');
INSERT INTO Personen(id, name, birthday, deathday, popularity, profilePath, gender, profession) VALUES(1179419,'Matt Duffer','1984-01-01','',1.826,'/kXO5CnSxC0znMAICGxnPeuGP73U.jpg',2,'Writing');
INSERT INTO Personen(id, name, birthday, deathday, popularity, profilePath, gender, profession) VALUES(1803695,'Rand Geiger','','',0.6,'',0,'Crew');
INSERT INTO Personen(id, name, birthday, deathday, popularity, profilePath, gender, profession) VALUES(1209579,'Emilio Sakraya','1996-06-29','',5.264,'/rWKX19bKWLHFIYhRTLmG98A6kp0.jpg',2,'Acting');
INSERT INTO Personen(id, name, birthday, deathday, popularity, profilePath, gender, profession) VALUES(50293,'Henriette Confurius','1991-02-05','',3.164,'/zMy0wVGLEkKK1eocJdR78GuBvdl.jpg',1,'Acting');
INSERT INTO Personen(id, name, birthday, deathday, popularity, profilePath, gender, profession) VALUES(2669274,'David Ali Rashed','2002-10-09','',0.6,'/tDFm3P8d7dCLG3zbp8Oc2XiIFAQ.jpg',2,'Acting');
INSERT INTO Personen(id, name, birthday, deathday, popularity, profilePath, gender, profession) VALUES(213581,'Oliver Masucci','1968-12-06','',5.101,'/u3ndWBPECxyKf6CRAZqjlJ92hQw.jpg',2,'Acting');
INSERT INTO Personen(id, name, birthday, deathday, popularity, profilePath, gender, profession) VALUES(57064,'Melika Foroutan','1976-01-01','',5.97,'/nlXZFeqhXGbR5KePkO4UCcEUfg4.jpg',1,'Acting');
INSERT INTO Personen(id, name, birthday, deathday, popularity, profilePath, gender, profession) VALUES(9140,'James Faulkner','1948-07-18','',5.354,'/wMDpbctF9cAL5nYnSL6AcXUTG5K.jpg',2,'Acting');
INSERT INTO Personen(id, name, birthday, deathday, popularity, profilePath, gender, profession) VALUES(2388486,'Antonia Gentry','1997-09-30','',1.127,'/2XgTZZS6gPqUPN6cSXnFNR1OkxO.jpg',1,'Acting');
INSERT INTO Personen(id, name, birthday, deathday, popularity, profilePath, gender, profession) VALUES(132312,'Brianne Howey','1989-05-24','',13.587,'/5TMOHWjWoK5xhzIgQkIGzpQ3cM7.jpg',1,'Acting');
INSERT INTO Personen(id, name, birthday, deathday, popularity, profilePath, gender, profession) VALUES(2989300,'Mason Temple','','',0.6,'',0,'Acting');
INSERT INTO Personen(id, name, birthday, deathday, popularity, profilePath, gender, profession) VALUES(2398772,'Diesel La Torraca','','',0.6,'/u1HeT1le89d7aUXgKPwp9fl13kp.jpg',2,'Acting');
INSERT INTO Personen(id, name, birthday, deathday, popularity, profilePath, gender, profession) VALUES(87571,'Jennifer Robertson','1971-11-01','',1.024,'',1,'Acting');
INSERT INTO Personen(id, name, birthday, deathday, popularity, profilePath, gender, profession) VALUES(2044036,'Felix Mallard','1998-04-20','',4.737,'/d4t966dq1GMfXTsqbPHBMjb0YZ2.jpg',2,'Acting');
INSERT INTO Personen(id, name, birthday, deathday, popularity, profilePath, gender, profession) VALUES(1305494,'Sara Waisglass','1998-07-03','',5.489,'/dI625xFV4M78v5mi05PjgcTr08m.jpg',1,'Acting');
INSERT INTO Personen(id, name, birthday, deathday, popularity, profilePath, gender, profession) VALUES(53368,'Scott Porter','1979-07-14','',4.295,'/1FLeU180KAUbMCpCmNsuYJhT84G.jpg',2,'Acting');
INSERT INTO Personen(id, name, birthday, deathday, popularity, profilePath, gender, profession) VALUES(1686,'Takeshi Kusao','','',5.239,'/gDiYLUdl9zXXJmhE0bAuB1Jm3FJ.jpg',2,'Acting');
INSERT INTO Personen(id, name, birthday, deathday, popularity, profilePath, gender, profession) VALUES(68472,'Kappei Yamaguchi','1965-05-23','',5.315,'/bk6Jmobb4QZNmJNxPkwwxkhRTjX.jpg',2,'Acting');
INSERT INTO Personen(id, name, birthday, deathday, popularity, profilePath, gender, profession) VALUES(2995849,'Yoshiyuki Suzuki','','',0.6,'',0,'Writing');
INSERT INTO Personen(id, name, birthday, deathday, popularity, profilePath, gender, profession) VALUES(2512710,'Hiroyuki Sakurada','','',0.6,'',0,'Production');
INSERT INTO Personen(id, name, birthday, deathday, popularity, profilePath, gender, profession) VALUES(2494491,'Yuya Mori','','',0.6,'',0,'Acting');
INSERT INTO Personen(id, name, birthday, deathday, popularity, profilePath, gender, profession) VALUES(1083452,'Tadayoshi Yamamuro','','',0.833,'',0,'Writing');
INSERT INTO Personen(id, name, birthday, deathday, popularity, profilePath, gender, profession) VALUES(1258664,'Madeleine Mantock','1990-05-26','',3.332,'/mKbeNavI6HFF74mnLATY2SFLrlQ.jpg',1,'Acting');
INSERT INTO Personen(id, name, birthday, deathday, popularity, profilePath, gender, profession) VALUES(53936,'Melonie Diaz','1984-04-25','',1.725,'/2xQRDAy0XF6FEafg7Vq2TpC2sTI.jpg',1,'Acting');
INSERT INTO Personen(id, name, birthday, deathday, popularity, profilePath, gender, profession) VALUES(1331456,'Sarah Jeffery','1996-04-03','',3.669,'/zlYugT4mMKCUQO2TS7PGR5rRb59.jpg',1,'Acting');
INSERT INTO Personen(id, name, birthday, deathday, popularity, profilePath, gender, profession) VALUES(2432948,'Jordan Donica','','',1.129,'/eLTFdmU4uuyAbGwn3AHYbDqjyzd.jpg',0,'Acting');
INSERT INTO Personen(id, name, birthday, deathday, popularity, profilePath, gender, profession) VALUES(1541266,'Poppy Drayton','1991-06-07','',8.112,'/mx81cyurTIGDtoWcNPcK4fDKxAu.jpg',1,'Acting');
INSERT INTO Personen(id, name, birthday, deathday, popularity, profilePath, gender, profession) VALUES(1944059,'Mariano González','1992-08-20','',0.6,'',2,'Acting');
INSERT INTO Personen(id, name, birthday, deathday, popularity, profilePath, gender, profession) VALUES(1943997,'Sebastián Athié','1995-07-26','2020-07-04',1.4,'',2,'Acting');
INSERT INTO Personen(id, name, birthday, deathday, popularity, profilePath, gender, profession) VALUES(1591216,'Juan David Penagos','','',0.6,'',0,'Acting');
INSERT INTO Personen(id, name, birthday, deathday, popularity, profilePath, gender, profession) VALUES(1943999,'Luan Brum','','',0.98,'',0,'Acting');
INSERT INTO Personen(id, name, birthday, deathday, popularity, profilePath, gender, profession) VALUES(1944000,'Paulina Vetrano','','',0.6,'',0,'Acting');
INSERT INTO Personen(id, name, birthday, deathday, popularity, profilePath, gender, profession) VALUES(1944001,'Javier Eloy Bonanno','','',1.025,'',0,'Acting');
INSERT INTO Personen(id, name, birthday, deathday, popularity, profilePath, gender, profession) VALUES(1944002,'Renato Quattordio','1997-09-15','',0.6,'',2,'Acting');
INSERT INTO Personen(id, name, birthday, deathday, popularity, profilePath, gender, profession) VALUES(1944003,'Fausto Bengoechea','','',0.6,'',0,'Acting');
INSERT INTO Personen(id, name, birthday, deathday, popularity, profilePath, gender, profession) VALUES(6240,'Mariska Hargitay','1964-01-23','',7.933,'/7tULgPSy5hksTi7mBF9uOnrrzHX.jpg',1,'Acting');
INSERT INTO Personen(id, name, birthday, deathday, popularity, profilePath, gender, profession) VALUES(21411,'Ice-T','1958-02-16','',4.882,'/iqyAw0iTgESyykWIUtMP0CoP88J.jpg',2,'Acting');
INSERT INTO Personen(id, name, birthday, deathday, popularity, profilePath, gender, profession) VALUES(206637,'Kelli Giddish','1980-04-13','',5.214,'/3zcqEyAguRhYofePyJehWm19uUX.jpg',1,'Acting');
INSERT INTO Personen(id, name, birthday, deathday, popularity, profilePath, gender, profession) VALUES(1217599,'Peter Scanavino','1980-02-29','',4.026,'/kQzX89Ar4rEC1wwHcuDMr0YxUve.jpg',2,'Acting');
INSERT INTO Personen(id, name, birthday, deathday, popularity, profilePath, gender, profession) VALUES(180921,'Demore Barnes','1979-02-26','',2.745,'/1Uwsms7rOSRNQWVb6HvvyejbFzw.jpg',2,'Acting');
INSERT INTO Personen(id, name, birthday, deathday, popularity, profilePath, gender, profession) VALUES(1367620,'Jamie Gray Hyder','1985-04-27','',3.067,'/xVg5JQTEsdTw9IVen33g3GkisLg.jpg',1,'Acting');
INSERT INTO Personen(id, name, birthday, deathday, popularity, profilePath, gender, profession) VALUES(52139,'Seth MacFarlane','1973-10-26','',5.705,'/8oQJqM51Z0Qtdb7sE6ZfX1peNCB.jpg',2,'Acting');
INSERT INTO Personen(id, name, birthday, deathday, popularity, profilePath, gender, profession) VALUES(24357,'Alex Borstein','1971-02-15','',4.188,'/evbCnRe5Yfuy0B41PONLTIcvbem.jpg',1,'Acting');
INSERT INTO Personen(id, name, birthday, deathday, popularity, profilePath, gender, profession) VALUES(18973,'Mila Kunis','1983-08-14','',10.793,'/6Lp9qPkMO740Hcp8NBYZZLWWvJF.jpg',1,'Acting');
INSERT INTO Personen(id, name, birthday, deathday, popularity, profilePath, gender, profession) VALUES(13922,'Seth Green','1974-02-08','',8.918,'/l4No5Eu6j0U80hCIkaSn17AOWrj.jpg',2,'Acting');
INSERT INTO Personen(id, name, birthday, deathday, popularity, profilePath, gender, profession) VALUES(130836,'John Viener','1972-07-10','',2.442,'/yhpCMQScLbHZWz0X8ACw9mHqMxf.jpg',2,'Acting');
INSERT INTO Personen(id, name, birthday, deathday, popularity, profilePath, gender, profession) VALUES(1219665,'Mike Henry','1965-11-07','',1.87,'/iYNPvFjsx07iYE1WRp4EIDnxDhH.jpg',2,'Acting');
INSERT INTO Personen(id, name, birthday, deathday, popularity, profilePath, gender, profession) VALUES(9657,'Patrick Warburton','1964-11-14','',5.425,'/eLqDtbFYmlTxov9vT9Dwldn839v.jpg',2,'Acting');
INSERT INTO Personen(id, name, birthday, deathday, popularity, profilePath, gender, profession) VALUES(26847,'Adam West','1928-09-19','2017-06-09',4.634,'/a3Yw8bb6AF7a8Zr7IyEZhZxWVWN.jpg',2,'Acting');
INSERT INTO Personen(id, name, birthday, deathday, popularity, profilePath, gender, profession) VALUES(222169,'J.G. Quintel','1982-09-13','',1.924,'/iVrY1k1ggfYUy8o9eY8XHAhu6f1.jpg',2,'Writing');
INSERT INTO Personen(id, name, birthday, deathday, popularity, profilePath, gender, profession) VALUES(1215264,'William Salyers','1964-08-16','',1.572,'/7h5yGKp6eROxRrzTkHE6FeKicmT.jpg',2,'Acting');
INSERT INTO Personen(id, name, birthday, deathday, popularity, profilePath, gender, profession) VALUES(2,'Mark Hamill','1951-09-25','',13.254,'/zMQ93JTLW8KxusKhOlHFZhih3YQ.jpg',2,'Acting');
INSERT INTO Personen(id, name, birthday, deathday, popularity, profilePath, gender, profession) VALUES(1251102,'Sam Marin','1984-03-04','',1.4,'/7ga9UBGfoHMTXzYiyZLA9T2DiH8.jpg',2,'Acting');
INSERT INTO Personen(id, name, birthday, deathday, popularity, profilePath, gender, profession) VALUES(75038,'Roger Craig Smith','1975-08-11','',3.997,'/oWrBIEULh80xAQ210njikYk70C4.jpg',2,'Acting');
INSERT INTO Personen(id, name, birthday, deathday, popularity, profilePath, gender, profession) VALUES(34982,'Jeff Bennett','1962-10-02','',6.058,'/p78svoOr99IA2oBOUzAH9cnPOwf.jpg',2,'Acting');
INSERT INTO Personen(id, name, birthday, deathday, popularity, profilePath, gender, profession) VALUES(1251103,'Janie Haddad Tompkins','1972-10-28','',1.683,'/jzTMYtdgVmq9jpKesss4xj9RZxE.jpg',1,'Acting');
INSERT INTO Personen(id, name, birthday, deathday, popularity, profilePath, gender, profession) VALUES(41419,'Hugh Laurie','1959-06-11','',5.741,'/akArncggHnusP5jxzMBKmJDRrMo.jpg',2,'Acting');
INSERT INTO Personen(id, name, birthday, deathday, popularity, profilePath, gender, profession) VALUES(4987,'Omar Epps','1973-07-20','',2.779,'/yc9JiSiIykY4jbWrMqccneYBvIi.jpg',2,'Acting');
INSERT INTO Personen(id, name, birthday, deathday, popularity, profilePath, gender, profession) VALUES(2692,'Robert Sean Leonard','1969-02-28','',3.71,'/9h3Gvs96UemTK4tnBUhBry0B7C0.jpg',2,'Acting');
INSERT INTO Personen(id, name, birthday, deathday, popularity, profilePath, gender, profession) VALUES(31514,'Peter Jacobson','1965-03-24','',2.967,'/pGi9CnzEG4cLa2viUP89yvlPCyR.jpg',2,'Acting');
INSERT INTO Personen(id, name, birthday, deathday, popularity, profilePath, gender, profession) VALUES(51992,'Odette Annable','1985-05-10','',8.892,'/fWPmTC9QfqAKi3JKJKp2LKrm8Ix.jpg',1,'Acting');
INSERT INTO Personen(id, name, birthday, deathday, popularity, profilePath, gender, profession) VALUES(93285,'Charlyne Yi','1986-01-04','',6.102,'/h8A0PEz8Ot2gotwZciL3HwyclNS.jpg',1,'Acting');
INSERT INTO Personen(id, name, birthday, deathday, popularity, profilePath, gender, profession) VALUES(1223964,'Peter Blake','','',1.312,'',2,'Production');
INSERT INTO Personen(id, name, birthday, deathday, popularity, profilePath, gender, profession) VALUES(12256,'Gerrit van der Meer','','',0.652,'',2,'Production');
INSERT INTO Personen(id, name, birthday, deathday, popularity, profilePath, gender, profession) VALUES(1223966,'Thomas L. Moran','','',1.152,'',2,'Writing');
INSERT INTO Personen(id, name, birthday, deathday, popularity, profilePath, gender, profession) VALUES(1224008,'Marcy G. Kaplan','','',1.38,'',1,'Production');
INSERT INTO Personen(id, name, birthday, deathday, popularity, profilePath, gender, profession) VALUES(1213567,'Russel Friend','','',0.798,'',2,'Writing');
INSERT INTO Personen(id, name, birthday, deathday, popularity, profilePath, gender, profession) VALUES(114407,'Garrett Lerner','','',0.991,'',2,'Writing');
INSERT INTO Personen(id, name, birthday, deathday, popularity, profilePath, gender, profession) VALUES(169061,'David Shore','1959-07-03','',2.556,'/yUwAL9wOJoS9caz9GusyHsrad8J.jpg',2,'Writing');
INSERT INTO Personen(id, name, birthday, deathday, popularity, profilePath, gender, profession) VALUES(45543,'Paul Attanasio','1959-11-14','',3.468,'',2,'Writing');
INSERT INTO Personen(id, name, birthday, deathday, popularity, profilePath, gender, profession) VALUES(13548,'James Spader','1960-02-07','',7.654,'/6u1472yK7NwdQMNPASjgh5bAFp4.jpg',2,'Acting');
INSERT INTO Personen(id, name, birthday, deathday, popularity, profilePath, gender, profession) VALUES(222141,'Megan Boone','1983-04-29','',8.073,'/8SjSPu2IJQVvuM2rP0KPNmze6Dz.jpg',1,'Acting');
INSERT INTO Personen(id, name, birthday, deathday, popularity, profilePath, gender, profession) VALUES(9464,'Harry Lennix','1964-11-16','',5.258,'/kNGiizWpetf4pyAkINkjkWacmCL.jpg',2,'Acting');
INSERT INTO Personen(id, name, birthday, deathday, popularity, profilePath, gender, profession) VALUES(142193,'Diego Klattenhoff','1979-11-30','',4.409,'/6OV26Iq6qTXg4S3M7UnJglHBwHZ.jpg',2,'Acting');
INSERT INTO Personen(id, name, birthday, deathday, popularity, profilePath, gender, profession) VALUES(144583,'Hisham Tawfiq','1970-05-17','',3.068,'/go8XkwY6pbqfUDExs7o1U6O1r5u.jpg',2,'Acting');
INSERT INTO Personen(id, name, birthday, deathday, popularity, profilePath, gender, profession) VALUES(164431,'Amir Arison','1978-03-24','',4.794,'/5oecIPqgmQIcB0VEzBJVL9v5YBx.jpg',2,'Acting');
INSERT INTO Personen(id, name, birthday, deathday, popularity, profilePath, gender, profession) VALUES(2200292,'Laura Sohn','','',8.959,'/iABra2b6kO0JfHdBnVMROYtkuuM.jpg',1,'Acting');
INSERT INTO Personen(id, name, birthday, deathday, popularity, profilePath, gender, profession) VALUES(934289,'Kiernan Shipka','1999-11-10','',4.973,'/aZeL5x1QfJ9LVpXfpTzyQilJTjN.jpg',1,'Acting');
INSERT INTO Personen(id, name, birthday, deathday, popularity, profilePath, gender, profession) VALUES(973385,'Ross Lynch','1995-12-29','',3.241,'/28JyBmSa0tQu7BZLJDllxcayd8u.jpg',2,'Acting');
INSERT INTO Personen(id, name, birthday, deathday, popularity, profilePath, gender, profession) VALUES(11111,'Lucy Davis','1973-01-02','',2.319,'/A1ymILbxQA5w5TduCNaU0xD9C5a.jpg',1,'Acting');
INSERT INTO Personen(id, name, birthday, deathday, popularity, profilePath, gender, profession) VALUES(502,'Miranda Otto','1967-12-16','',8.966,'/szME1IBVTLgiKrO5D5wvOGnvUDW.jpg',1,'Acting');
INSERT INTO Personen(id, name, birthday, deathday, popularity, profilePath, gender, profession) VALUES(2035329,'Chance Perdomo','1996-10-19','',5.121,'/xRRDtdHhTewrKMj5cpcmEkPNmuP.jpg',2,'Acting');
INSERT INTO Personen(id, name, birthday, deathday, popularity, profilePath, gender, profession) VALUES(144250,'Michelle Gomez','1966-04-21','',7.277,'/jEkZsW1hviRjgGcWLwgdit7vONJ.jpg',1,'Acting');
INSERT INTO Personen(id, name, birthday, deathday, popularity, profilePath, gender, profession) VALUES(1449596,'Jaz Sinclair','1994-07-22','',4.869,'/eReY9KBXXFpcEyTg7M882AE9qiZ.jpg',1,'Acting');
INSERT INTO Personen(id, name, birthday, deathday, popularity, profilePath, gender, profession) VALUES(52890,'Richard Coyle','1972-02-27','',2.638,'/pW7dJLmR3PuL4T1eVGa5iixPHGZ.jpg',2,'Acting');
INSERT INTO Personen(id, name, birthday, deathday, popularity, profilePath, gender, profession) VALUES(1721739,'Jon Goldwater','','',0.608,'',2,'Production');
INSERT INTO Personen(id, name, birthday, deathday, popularity, profilePath, gender, profession) VALUES(1181353,'Ryan Eggold','1984-08-10','',5.528,'/6YZfGMzcugWwMquOIzGlsgx4wYN.jpg',2,'Acting');
INSERT INTO Personen(id, name, birthday, deathday, popularity, profilePath, gender, profession) VALUES(90755,'Janet Montgomery','1985-10-29','',9.756,'/jn9tU6mAAkdtjgw2JPlS2vFG1jM.jpg',1,'Acting');
INSERT INTO Personen(id, name, birthday, deathday, popularity, profilePath, gender, profession) VALUES(1182929,'Freema Agyeman','1979-03-20','',5.875,'/7guKF8RnTLcC7kTZAsMHPNoxqtb.jpg',1,'Acting');
INSERT INTO Personen(id, name, birthday, deathday, popularity, profilePath, gender, profession) VALUES(51383,'Tyler Labine','1978-04-29','',4.407,'/jTAiEJxTiPxW87dfVILW8pmuyid.jpg',2,'Acting');
INSERT INTO Personen(id, name, birthday, deathday, popularity, profilePath, gender, profession) VALUES(6217,'Anupam Kher','1955-03-07','',2.852,'/62IEjVcbXTzgM29lP2vDSPfeHae.jpg',2,'Acting');
INSERT INTO Personen(id, name, birthday, deathday, popularity, profilePath, gender, profession) VALUES(2552984,'Alejandro Hernandez','','',1.783,'/mo68a8xt97OmPJvXkI25xgleS8A.jpg',0,'Acting');
INSERT INTO Personen(id, name, birthday, deathday, popularity, profilePath, gender, profession) VALUES(160161,'Shaun Cassidy','1948-09-27','',1.402,'/8wrpZ2WC4QOSDQBE9OZ9WBxafCz.jpg',2,'Acting');
INSERT INTO Personen(id, name, birthday, deathday, popularity, profilePath, gender, profession) VALUES(1697199,'Javicia Leslie','1987-05-30','',2.84,'/mD4uPJZhgTAlnAMkfI2xreYzxf6.jpg',1,'Acting');
INSERT INTO Personen(id, name, birthday, deathday, popularity, profilePath, gender, profession) VALUES(80018,'Rachel Skarsten','1985-04-23','',6.575,'/bgeqmHfkeFYMXaqr6ReSfN1TWOG.jpg',1,'Acting');
INSERT INTO Personen(id, name, birthday, deathday, popularity, profilePath, gender, profession) VALUES(2081650,'Nicole Kang','1991-10-07','',1.567,'/sXSDLSunHyvEBnkbVuxf6th2KyP.jpg',1,'Acting');
INSERT INTO Personen(id, name, birthday, deathday, popularity, profilePath, gender, profession) VALUES(1785142,'Camrus Johnson','','',1.96,'/opaEeDwL8wgwuwJrC0KpQe5obG5.jpg',2,'Acting');
INSERT INTO Personen(id, name, birthday, deathday, popularity, profilePath, gender, profession) VALUES(15336,'Dougray Scott','1965-11-25','',7.413,'/zeZmtK4EKK9R2r6bp2nTxMs3ByS.jpg',2,'Acting');
INSERT INTO Personen(id, name, birthday, deathday, popularity, profilePath, gender, profession) VALUES(142205,'Meagan Tandy','1985-05-03','',4.825,'/3KSRmYTDNFfHjBeWb2y8dB7BzpX.jpg',1,'Acting');
INSERT INTO Personen(id, name, birthday, deathday, popularity, profilePath, gender, profession) VALUES(1368489,'Jerry Shandy','','',0.6,'',0,'Writing');
INSERT INTO Personen(id, name, birthday, deathday, popularity, profilePath, gender, profession) VALUES(1254582,'Daniel T. Thomsen','','',1.388,'',2,'Writing');
INSERT INTO Personen(id, name, birthday, deathday, popularity, profilePath, gender, profession) VALUES(1521468,'Nancy Kiu','','',0.84,'',1,'Writing');
INSERT INTO Personen(id, name, birthday, deathday, popularity, profilePath, gender, profession) VALUES(163198,'Holly Dale','1953-12-23','',1.774,'/7MtKPEWzYcJQtEuOtcZfht4STib.jpg',1,'Directing');
INSERT INTO Personen(id, name, birthday, deathday, popularity, profilePath, gender, profession) VALUES(1214625,'James Patrick Stoteraux','','',0.651,'/pQO1iFqCEEnk6uS3qYWq9hEsDzh.jpg',2,'Writing');
INSERT INTO Personen(id, name, birthday, deathday, popularity, profilePath, gender, profession) VALUES(1214624,'Chad Fiveash','','',1.109,'',2,'Writing');
INSERT INTO Personen(id, name, birthday, deathday, popularity, profilePath, gender, profession) VALUES(63784,'Candice Elzinga','','',1.094,'',1,'Production');
INSERT INTO Personen(id, name, birthday, deathday, popularity, profilePath, gender, profession) VALUES(1807529,'Martina Smyth','','',0.694,'',1,'Production');
INSERT INTO Personen(id, name, birthday, deathday, popularity, profilePath, gender, profession) VALUES(17236,'A.J. Cook','1978-07-22','',6.611,'/tvEjGDQVuu7jiOvWXwEU6tEE7NW.jpg',1,'Acting');
INSERT INTO Personen(id, name, birthday, deathday, popularity, profilePath, gender, profession) VALUES(3266,'Joe Mantegna','1947-11-13','',5.532,'/2MxHhMasaSRXoWdBafPxeeuhik7.jpg',2,'Acting');
INSERT INTO Personen(id, name, birthday, deathday, popularity, profilePath, gender, profession) VALUES(49706,'Adam Rodríguez','1975-04-02','',3.496,'/bItjbs27qfBslaZ5mUkIKKQvacj.jpg',2,'Acting');
INSERT INTO Personen(id, name, birthday, deathday, popularity, profilePath, gender, profession) VALUES(82093,'Daniel Henney','1979-11-28','',2.032,'/4cxNfiABrndn6izXAt6TsjFfYBZ.jpg',2,'Acting');
INSERT INTO Personen(id, name, birthday, deathday, popularity, profilePath, gender, profession) VALUES(38674,'Aisha Tyler','1970-09-18','',3.476,'/gVvqznx4udJMgO86IbufADinfE9.jpg',1,'Acting');
INSERT INTO Personen(id, name, birthday, deathday, popularity, profilePath, gender, profession) VALUES(5661,'Matthew Gray Gubler','1980-03-09','',10.444,'/tHjIUjHFjl4Kzc4XQ7JSd1EHYSU.jpg',2,'Acting');
INSERT INTO Personen(id, name, birthday, deathday, popularity, profilePath, gender, profession) VALUES(123727,'Kirsten Vangsness','1972-07-07','',6.687,'/mZvRWbF0JBUAZpguLRxMyrkfKno.jpg',1,'Acting');
INSERT INTO Personen(id, name, birthday, deathday, popularity, profilePath, gender, profession) VALUES(15423,'Paget Brewster','1969-03-10','',6.683,'/10hT8LIfzZCGh4KJcuawptqtWup.jpg',1,'Acting');
INSERT INTO Personen(id, name, birthday, deathday, popularity, profilePath, gender, profession) VALUES(681098,'Camila Bordonaba','1984-09-04','',1.904,'/AaGXbVGDv3v8VynPo9CCxdvBIoY.jpg',1,'Acting');
INSERT INTO Personen(id, name, birthday, deathday, popularity, profilePath, gender, profession) VALUES(1073034,'Luisana Lopilato','1987-05-18','',2.324,'/j8bTfMobbYKZ3zHQz8mGfBfoooq.jpg',1,'Acting');
INSERT INTO Personen(id, name, birthday, deathday, popularity, profilePath, gender, profession) VALUES(585956,'Benjamín Rojas','1985-04-16','',3,'/hFt7INPNchsW92QF4Lsl0vlsiON.jpg',2,'Acting');
INSERT INTO Personen(id, name, birthday, deathday, popularity, profilePath, gender, profession) VALUES(567743,'Felipe Colombo','1983-01-08','',0.6,'/oc14cLpsEQZlyRzcingvnvtQ3Qk.jpg',2,'Acting');
INSERT INTO Personen(id, name, birthday, deathday, popularity, profilePath, gender, profession) VALUES(1241654,'Ángeles Balbiani','1981-08-07','',1.135,'/uOy3tLlv48kYuHLTj5PZIkacXKc.jpg',1,'Acting');
INSERT INTO Personen(id, name, birthday, deathday, popularity, profilePath, gender, profession) VALUES(1241648,'Jazmín Beccar Varela','1986-04-28','',1.062,'/JyeQxeLV0LVz7WlPoDiid9KTwU.jpg',1,'Acting');
INSERT INTO Personen(id, name, birthday, deathday, popularity, profilePath, gender, profession) VALUES(117818,'Victoria Maurette','1982-07-30','',1.251,'/qSI8Kof56c2xgEFWdbjamEiPDYk.jpg',1,'Acting');
INSERT INTO Personen(id, name, birthday, deathday, popularity, profilePath, gender, profession) VALUES(2368046,'Diego García','1983-02-08','',0.838,'/y9OJ6xpP0hraqtozRQrDxCglpjF.jpg',2,'Acting');
INSERT INTO Personen(id, name, birthday, deathday, popularity, profilePath, gender, profession) VALUES(2369546,'Analía F. Rodriguez','','',0.6,'',1,'Crew');
INSERT INTO Personen(id, name, birthday, deathday, popularity, profilePath, gender, profession) VALUES(2235870,'Cristian Gremes','','',0.6,'',2,'Sound');
INSERT INTO Personen(id, name, birthday, deathday, popularity, profilePath, gender, profession) VALUES(1392558,'Marcela Bazzano','','',0.6,'/tw8uF75gdtBQqkgbvvnqzEZAHwD.jpg',1,'Art');
INSERT INTO Personen(id, name, birthday, deathday, popularity, profilePath, gender, profession) VALUES(2369544,'Luis Mariani','','',0.6,'',2,'Directing');
INSERT INTO Personen(id, name, birthday, deathday, popularity, profilePath, gender, profession) VALUES(2369548,'Luis González Oliva','','',0.6,'',2,'Art');
INSERT INTO Personen(id, name, birthday, deathday, popularity, profilePath, gender, profession) VALUES(2369549,'Miguel A. Pérez Alfaro','','',0.6,'',2,'Art');
INSERT INTO Personen(id, name, birthday, deathday, popularity, profilePath, gender, profession) VALUES(34847,'Emma Roberts','1991-02-10','',6.645,'/gn5rf7Nh0X0855n07XkuEn27n0n.jpg',1,'Acting');
INSERT INTO Personen(id, name, birthday, deathday, popularity, profilePath, gender, profession) VALUES(1399531,'Billie Lourd','1992-07-17','',4.411,'/ZNvGBzuLyVYzqHlWDFmBjaCW2E.jpg',1,'Acting');
INSERT INTO Personen(id, name, birthday, deathday, popularity, profilePath, gender, profession) VALUES(1212123,'Leslie Grossman','1971-10-25','',4.307,'/kkr9KK5bua1rC8qlOW61dq8nBoq.jpg',1,'Acting');
INSERT INTO Personen(id, name, birthday, deathday, popularity, profilePath, gender, profession) VALUES(1197895,'Cody Fern','1988-01-01','',5.7,'/wNRvu919eiDtgOXk0TwlfwTP6v2.jpg',2,'Acting');
INSERT INTO Personen(id, name, birthday, deathday, popularity, profilePath, gender, profession) VALUES(155209,'Matthew Morrison','1978-10-30','',3.753,'/bOGUKhbE8QRpm1bxwla3YDLbs0m.jpg',2,'Acting');
INSERT INTO Personen(id, name, birthday, deathday, popularity, profilePath, gender, profession) VALUES(582155,'Gus Kenworthy','1991-10-01','',0.84,'/XAI1wxZIlQlhNuIhMZoc80vaVH.jpg',2,'Acting');
INSERT INTO Personen(id, name, birthday, deathday, popularity, profilePath, gender, profession) VALUES(3911,'John Carroll Lynch','1963-08-01','',4.874,'/cIx1HYFOHmfeAGRDBJwdFK9ZMIM.jpg',2,'Acting');
INSERT INTO Personen(id, name, birthday, deathday, popularity, profilePath, gender, profession) VALUES(1583356,'Angelica Ross','1980-11-08','',1.284,'/bNxmms1tR36sUu7njCuGbUmRdIz.jpg',1,'Acting');
INSERT INTO Personen(id, name, birthday, deathday, popularity, profilePath, gender, profession) VALUES(970753,'Maite Perroni','1983-03-09','',3.965,'/ghbXlNZ4qEqVleKGGQ6mxanXr7x.jpg',1,'Acting');
INSERT INTO Personen(id, name, birthday, deathday, popularity, profilePath, gender, profession) VALUES(1234164,'Anahí','1983-05-14','',0.664,'/1YfJlpMsq1aeavZGm0FQYCWVnTZ.jpg',1,'Acting');
INSERT INTO Personen(id, name, birthday, deathday, popularity, profilePath, gender, profession) VALUES(1234166,'Dulce María','1985-12-06','',0.84,'/wJ93czJ9NWdLVfYn7PGLsTFYqU7.jpg',1,'Acting');
INSERT INTO Personen(id, name, birthday, deathday, popularity, profilePath, gender, profession) VALUES(1234169,'Christopher Von Uckermann','1986-10-21','',0.988,'/7VSPcejVdZc18DGhgBkyostCzOm.jpg',2,'Acting');
INSERT INTO Personen(id, name, birthday, deathday, popularity, profilePath, gender, profession) VALUES(220496,'Alfonso Herrera','1983-08-28','',1.96,'/h7WJDvUFUMDA4UUnVKS34JyYJVy.jpg',2,'Acting');
INSERT INTO Personen(id, name, birthday, deathday, popularity, profilePath, gender, profession) VALUES(1234163,'Christian Chávez','1983-08-07','',1.791,'/i0uN7fkb3AgxxV5KfMelLBmhoDg.jpg',2,'Acting');
INSERT INTO Personen(id, name, birthday, deathday, popularity, profilePath, gender, profession) VALUES(1446750,'Elena López Carreón','','',0.6,'',1,'Costume & Make-Up');
INSERT INTO Personen(id, name, birthday, deathday, popularity, profilePath, gender, profession) VALUES(1855666,'Armando Villavicencio','','',0.6,'',2,'Directing');
INSERT INTO Personen(id, name, birthday, deathday, popularity, profilePath, gender, profession) VALUES(1855680,'Carlos Ortega','','',0.6,'',2,'Camera');
INSERT INTO Personen(id, name, birthday, deathday, popularity, profilePath, gender, profession) VALUES(1877073,'Noé Galindo','','',0.6,'',2,'Editing');
INSERT INTO Personen(id, name, birthday, deathday, popularity, profilePath, gender, profession) VALUES(2330550,'Gabriela Chávez','','',0.6,'',1,'Costume & Make-Up');
INSERT INTO Personen(id, name, birthday, deathday, popularity, profilePath, gender, profession) VALUES(1856778,'Mauricio Ponce','','',0.6,'',2,'Crew');
INSERT INTO Personen(id, name, birthday, deathday, popularity, profilePath, gender, profession) VALUES(2364109,'Lynda Thomas','1981-12-21','',0.6,'/fSPwhTNxPsxBxisF23VjwBE86NU.jpg',1,'Acting');
INSERT INTO Personen(id, name, birthday, deathday, popularity, profilePath, gender, profession) VALUES(2364116,'Armando Ávila','','',0.6,'',2,'Sound');
INSERT INTO Personen(id, name, birthday, deathday, popularity, profilePath, gender, profession) VALUES(130368,'Luis Ernesto Franco','1983-12-21','',2.168,'/wIGc57OVU1KSIzJr931rXYBzqCQ.jpg',2,'Acting');
INSERT INTO Personen(id, name, birthday, deathday, popularity, profilePath, gender, profession) VALUES(229614,'Camila Sodi','1986-05-14','',2.201,'/sG7BhICpNZZp9hxxgXVv7BHipRa.jpg',0,'Acting');
INSERT INTO Personen(id, name, birthday, deathday, popularity, profilePath, gender, profession) VALUES(2328502,'Samadhi Zendejas','1994-12-27','',1.805,'/u49Fl3A2wZKs5LVr6obL4TG6l74.jpg',1,'Acting');
INSERT INTO Personen(id, name, birthday, deathday, popularity, profilePath, gender, profession) VALUES(9211,'Eduardo Yáñez','1960-09-25','',1.299,'/eRHKw2zBPgw4K01zy2PPB4oOaKn.jpg',2,'Acting');
INSERT INTO Personen(id, name, birthday, deathday, popularity, profilePath, gender, profession) VALUES(224809,'Sonya Smith','1972-04-23','',1.46,'/yzHGLMCNm27rWj1sTFHLarySBc5.jpg',1,'Acting');
INSERT INTO Personen(id, name, birthday, deathday, popularity, profilePath, gender, profession) VALUES(2748758,'Barbie Casillas','','',0.6,'',0,'Acting');
INSERT INTO Personen(id, name, birthday, deathday, popularity, profilePath, gender, profession) VALUES(1783616,'Pepe Gámez','','',1.214,'',0,'Acting');
INSERT INTO Personen(id, name, birthday, deathday, popularity, profilePath, gender, profession) VALUES(71200,'Andrés Parra','1977-09-18','',4.049,'/z105wf0tuBN8Ul5jLAhGpHKHEPf.jpg',2,'Acting');
INSERT INTO Personen(id, name, birthday, deathday, popularity, profilePath, gender, profession) VALUES(120557,'Angie Cepeda','1974-08-02','',4.989,'/57OE4acJypRTey5OQlQjkpv14pQ.jpg',1,'Acting');
INSERT INTO Personen(id, name, birthday, deathday, popularity, profilePath, gender, profession) VALUES(61743,'Vicky Hernández','','',0.6,'',0,'Acting');
INSERT INTO Personen(id, name, birthday, deathday, popularity, profilePath, gender, profession) VALUES(1255920,'Nicolas Montero','','',0.694,'',0,'Acting');
INSERT INTO Personen(id, name, birthday, deathday, popularity, profilePath, gender, profession) VALUES(1255921,'Marcela Gallego','','',0.652,'',0,'Acting');
INSERT INTO Personen(id, name, birthday, deathday, popularity, profilePath, gender, profession) VALUES(1255922,'Ernesto Benjumea','','',1.4,'',0,'Acting');
INSERT INTO Personen(id, name, birthday, deathday, popularity, profilePath, gender, profession) VALUES(1255923,'Christian Tappán','1972-02-19','',2.228,'/nxZfEjscDlc24ETnRmkPnNasSY.jpg',2,'Acting');
INSERT INTO Personen(id, name, birthday, deathday, popularity, profilePath, gender, profession) VALUES(1255924,'Cecilia Navia','','',0.6,'',0,'Acting');
INSERT INTO Personen(id, name, birthday, deathday, popularity, profilePath, gender, profession) VALUES(2071690,'Mabel Moreno','','',0.6,'',0,'Acting');
INSERT INTO Personen(id, name, birthday, deathday, popularity, profilePath, gender, profession) VALUES(2071691,'Andres Sandoval','','',0.6,'',0,'Acting');
INSERT INTO Personen(id, name, birthday, deathday, popularity, profilePath, gender, profession) VALUES(2071693,'Carlos Torres','','',0.6,'',0,'Acting');
INSERT INTO Personen(id, name, birthday, deathday, popularity, profilePath, gender, profession) VALUES(2071695,'Lucho Velasco','','',0.6,'',0,'Acting');
INSERT INTO Personen(id, name, birthday, deathday, popularity, profilePath, gender, profession) VALUES(1627070,'David Ojalvo','','',1.4,'',0,'Acting');
INSERT INTO Personen(id, name, birthday, deathday, popularity, profilePath, gender, profession) VALUES(1880554,'Liliana Bocanegra','','',0.6,'',0,'Directing');
INSERT INTO Personen(id, name, birthday, deathday, popularity, profilePath, gender, profession) VALUES(2072925,'Claudia Sánchez','','',0.6,'',1,'Writing');
INSERT INTO Personen(id, name, birthday, deathday, popularity, profilePath, gender, profession) VALUES(2072924,'Said Chamie','','',0.6,'',0,'Writing');
INSERT INTO Personen(id, name, birthday, deathday, popularity, profilePath, gender, profession) VALUES(2072923,'Andres Salgado','','',0.6,'',0,'Creator');
INSERT INTO Personen(id, name, birthday, deathday, popularity, profilePath, gender, profession) VALUES(1160015,'Rodrigo Lalinde','','',0.6,'',0,'Camera');
INSERT INTO Personen(id, name, birthday, deathday, popularity, profilePath, gender, profession) VALUES(23119,'Peter Krause','1965-08-12','',8.267,'/4p42emuJrU8fFxbBuOhYFFdzmN6.jpg',2,'Acting');
INSERT INTO Personen(id, name, birthday, deathday, popularity, profilePath, gender, profession) VALUES(9780,'Angela Bassett','1958-08-16','',9.719,'/7Oz53NKdglRzAzI2MKjM3eQXwn.jpg',1,'Acting');
INSERT INTO Personen(id, name, birthday, deathday, popularity, profilePath, gender, profession) VALUES(1283871,'Oliver Stark','1991-06-27','',9.39,'/qJp056KMaMo2dhznchav4Kza2oS.jpg',2,'Acting');
INSERT INTO Personen(id, name, birthday, deathday, popularity, profilePath, gender, profession) VALUES(41561,'Kenneth Choi','1971-10-20','',7.138,'/ycHOQV42jsYXoWMaobKTzGXy9g4.jpg',2,'Acting');
INSERT INTO Personen(id, name, birthday, deathday, popularity, profilePath, gender, profession) VALUES(1192492,'Aisha Hinds','1975-11-13','',3.066,'/zk59cqqDmJMFjnjYSC2xOqwp91r.jpg',1,'Acting');
INSERT INTO Personen(id, name, birthday, deathday, popularity, profilePath, gender, profession) VALUES(33259,'Jennifer Love Hewitt','1979-02-21','',8.304,'/6Rg9fzsDRv2PpawkLAGKdDGNZ3H.jpg',1,'Acting');
INSERT INTO Personen(id, name, birthday, deathday, popularity, profilePath, gender, profession) VALUES(932091,'Ryan Guzman','1987-09-21','',11.797,'/87saYOHLNaijt4P1nsZYDBt0kOD.jpg',2,'Acting');
INSERT INTO Personen(id, name, birthday, deathday, popularity, profilePath, gender, profession) VALUES(1042728,'Úrsula Corberó','1989-08-11','',16.047,'/wZkK15LnloSAhzs1jxI3AZbR6f0.jpg',1,'Acting');
INSERT INTO Personen(id, name, birthday, deathday, popularity, profilePath, gender, profession) VALUES(1340020,'Álvaro Morte','1975-02-23','',7.348,'/2TGPhdpRC5wjdFEJqnLYiN5kbwg.jpg',2,'Acting');
INSERT INTO Personen(id, name, birthday, deathday, popularity, profilePath, gender, profession) VALUES(947514,'Itziar Ituño','1974-06-18','',12.932,'/vnrfL03NwRJ1X82esSNUoYzASGr.jpg',1,'Acting');
INSERT INTO Personen(id, name, birthday, deathday, popularity, profilePath, gender, profession) VALUES(1109836,'Pedro Alonso','1971-06-21','',9.699,'/llGDFMdR3xNAIHENP50KOtaUcHX.jpg',2,'Acting');
INSERT INTO Personen(id, name, birthday, deathday, popularity, profilePath, gender, profession) VALUES(1283843,'Alba Flores','1986-10-27','',17.09,'/9ExASXw097MyNuSy6N23fpkqpXq.jpg',1,'Acting');
INSERT INTO Personen(id, name, birthday, deathday, popularity, profilePath, gender, profession) VALUES(1428896,'Miguel Herrán','1996-04-25','',8.549,'/sDzdBhIjjtbTYAqXOr83FYRaIVT.jpg',2,'Acting');
INSERT INTO Personen(id, name, birthday, deathday, popularity, profilePath, gender, profession) VALUES(1972706,'Jaime Lorente','1991-12-12','',7.579,'/nLaxzU92z14FIbe25sE8jDMIThZ.jpg',2,'Acting');
INSERT INTO Personen(id, name, birthday, deathday, popularity, profilePath, gender, profession) VALUES(1972707,'Esther Acebo','1983-01-19','',9.659,'/mwCGuJJNfwY5MdeY3INVHaZWR5A.jpg',1,'Acting');
INSERT INTO Personen(id, name, birthday, deathday, popularity, profilePath, gender, profession) VALUES(2013084,'Cristina López Ferraz','','',1.188,'',1,'Production');
INSERT INTO Personen(id, name, birthday, deathday, popularity, profilePath, gender, profession) VALUES(1801920,'Manuel Robles','','',0.6,'',2,'Sound');
INSERT INTO Personen(id, name, birthday, deathday, popularity, profilePath, gender, profession) VALUES(1714782,'José Ignacio Arrufat','','',0.6,'',0,'Sound');
INSERT INTO Personen(id, name, birthday, deathday, popularity, profilePath, gender, profession) VALUES(2013069,'Mikel Z. Castells','','',0.6,'',0,'Sound');
INSERT INTO Personen(id, name, birthday, deathday, popularity, profilePath, gender, profession) VALUES(2013075,'Fernando Martínez','','',0.6,'',0,'Editing');
INSERT INTO Personen(id, name, birthday, deathday, popularity, profilePath, gender, profession) VALUES(2013076,'Pepe Abellán','','',0.6,'',0,'Editing');
INSERT INTO Personen(id, name, birthday, deathday, popularity, profilePath, gender, profession) VALUES(2365657,'David González','','',0.6,'',0,'Editing');
INSERT INTO Personen(id, name, birthday, deathday, popularity, profilePath, gender, profession) VALUES(2365658,'Miguel Angel Gómez Fernandez','','',0.6,'',0,'Crew');
INSERT INTO Personen(id, name, birthday, deathday, popularity, profilePath, gender, profession) VALUES(5374,'Jim Parsons','1973-03-24','',6.934,'/sa05slVgacuXe94UFnQs4rfqZL4.jpg',2,'Acting');
INSERT INTO Personen(id, name, birthday, deathday, popularity, profilePath, gender, profession) VALUES(16478,'Johnny Galecki','1975-04-30','',7.126,'/gkwMiwHX7lmfjORRJi6T6SM3ppo.jpg',2,'Acting');
INSERT INTO Personen(id, name, birthday, deathday, popularity, profilePath, gender, profession) VALUES(53862,'Kaley Cuoco','1985-11-30','',7.087,'/jZdgOfncpYjks4AFd6ndYIwpAez.jpg',1,'Acting');
INSERT INTO Personen(id, name, birthday, deathday, popularity, profilePath, gender, profession) VALUES(53863,'Simon Helberg','1980-12-09','',7.327,'/9tLEc6N4lImJX4FohLWHRHFbFXD.jpg',2,'Acting');
INSERT INTO Personen(id, name, birthday, deathday, popularity, profilePath, gender, profession) VALUES(208099,'Kunal Nayyar','1981-04-30','',5.297,'/4e2zbGYxBTHHzDDGKo5SnNyOUx3.jpg',2,'Acting');
INSERT INTO Personen(id, name, birthday, deathday, popularity, profilePath, gender, profession) VALUES(1221716,'Melissa Rauch','1980-06-23','',5.903,'/pYcQdUodRdZLpDM2FA0LhW5KhkF.jpg',1,'Acting');
INSERT INTO Personen(id, name, birthday, deathday, popularity, profilePath, gender, profession) VALUES(167640,'Mayim Bialik','1975-12-12','',5.188,'/kPsafWVc5H565iTuwS85LtDvvsf.jpg',1,'Acting');
INSERT INTO Personen(id, name, birthday, deathday, popularity, profilePath, gender, profession) VALUES(60633,'Kevin Sussman','1970-12-04','',4.798,'/tLqrE9uz6GKoeoDC7LU7cE6oF2Q.jpg',2,'Acting');
INSERT INTO Personen(id, name, birthday, deathday, popularity, profilePath, gender, profession) VALUES(1379356,'Jeremy Howe','','',0.6,'',2,'Writing');
INSERT INTO Personen(id, name, birthday, deathday, popularity, profilePath, gender, profession) VALUES(581616,'Tara Hernandez','','',1.158,'',1,'Writing');
INSERT INTO Personen(id, name, birthday, deathday, popularity, profilePath, gender, profession) VALUES(1480277,'Anthony Del Broccolo','1973-03-26','',1.094,'',2,'Writing');
INSERT INTO Personen(id, name, birthday, deathday, popularity, profilePath, gender, profession) VALUES(2153496,'Shannon Timberlake','','',0.6,'',1,'Production');
INSERT INTO Personen(id, name, birthday, deathday, popularity, profilePath, gender, profession) VALUES(2153483,'Jamie Hitchcock','','',0.6,'',0,'Camera');
INSERT INTO Personen(id, name, birthday, deathday, popularity, profilePath, gender, profession) VALUES(2153471,'Rick Puccio','','',0.6,'',2,'Art');
INSERT INTO Personen(id, name, birthday, deathday, popularity, profilePath, gender, profession) VALUES(1481429,'Adam Faberman','','',0.6,'',0,'Writing');
INSERT INTO Personen(id, name, birthday, deathday, popularity, profilePath, gender, profession) VALUES(2153480,'John DeChene','','',0.6,'',0,'Camera');
INSERT INTO Personen(id, name, birthday, deathday, popularity, profilePath, gender, profession) VALUES(37203,'Jason Beghe','1960-03-12','',6.903,'/hrTwOPWek7nkPJgFhh6inFu7vSS.jpg',2,'Acting');
INSERT INTO Personen(id, name, birthday, deathday, popularity, profilePath, gender, profession) VALUES(1011102,'Jesse Lee Soffer','1984-04-23','',3.435,'/xzcWZerW0h7p4Bb3X4mYn0G4PwY.jpg',2,'Acting');
INSERT INTO Personen(id, name, birthday, deathday, popularity, profilePath, gender, profession) VALUES(208678,'Tracy Spiridakos','1988-02-20','',3.056,'/qgJCSPbPSy94f6qWTesZeBcJIGa.jpg',1,'Acting');
INSERT INTO Personen(id, name, birthday, deathday, popularity, profilePath, gender, profession) VALUES(1100549,'Marina Squerciati','','',10.285,'/j8OI9j2HUnKCIWgu8DBn7Mm3ryl.jpg',1,'Acting');
INSERT INTO Personen(id, name, birthday, deathday, popularity, profilePath, gender, profession) VALUES(115730,'Patrick John Flueger','1983-12-10','',4.411,'/pnERPmUO3o0tNdDuyq67wdJP430.jpg',2,'Acting');
INSERT INTO Personen(id, name, birthday, deathday, popularity, profilePath, gender, profession) VALUES(1261395,'Laroyce Hawkins','1988-05-04','',2.842,'/vdBrE8uJNo8u0HZKudnctQ6gdOx.jpg',2,'Acting');
INSERT INTO Personen(id, name, birthday, deathday, popularity, profilePath, gender, profession) VALUES(26930,'Amy Morton','1958-01-01','',3.769,'/gWVEHcLI5am2XErhXofFPkw2iWY.jpg',1,'Acting');
INSERT INTO Personen(id, name, birthday, deathday, popularity, profilePath, gender, profession) VALUES(2574774,'Gregory Van Horn','','',0.6,'',0,'Art');
INSERT INTO Personen(id, name, birthday, deathday, popularity, profilePath, gender, profession) VALUES(57164,'Terry Blythe','','',0.609,'',0,'Editing');
INSERT INTO Personen(id, name, birthday, deathday, popularity, profilePath, gender, profession) VALUES(1735045,'Bill Balas','','',2.261,'',2,'Writing');
INSERT INTO Personen(id, name, birthday, deathday, popularity, profilePath, gender, profession) VALUES(1214632,'Daniel Arkin','','',1.189,'',2,'Writing');
INSERT INTO Personen(id, name, birthday, deathday, popularity, profilePath, gender, profession) VALUES(1868485,'Gwen Sigan','','',0.6,'',1,'Writing');
INSERT INTO Personen(id, name, birthday, deathday, popularity, profilePath, gender, profession) VALUES(1349058,'Scott Gold','','',0.6,'/lgJIPhRM8QY8cOqpThNiNE0L13G.jpg',2,'Writing');
INSERT INTO Personen(id, name, birthday, deathday, popularity, profilePath, gender, profession) VALUES(1224397,'Gavin Harris','','',1.573,'',2,'Writing');
INSERT INTO Personen(id, name, birthday, deathday, popularity, profilePath, gender, profession) VALUES(116774,'David Ramsey','1971-11-17','',4.274,'/bZWO7WfBYI8iojTFozzqN2X3RWL.jpg',2,'Acting');
INSERT INTO Personen(id, name, birthday, deathday, popularity, profilePath, gender, profession) VALUES(55775,'Katie Cassidy','1986-11-25','',6.292,'/mcRo6KyzYOE7prr01mTd5b2TstI.jpg',1,'Acting');
INSERT INTO Personen(id, name, birthday, deathday, popularity, profilePath, gender, profession) VALUES(53184,'Rick Gonzalez','1979-06-30','',4.701,'/ghcqBGJwRIreUmeKBgqp1a0cvUy.jpg',2,'Acting');
INSERT INTO Personen(id, name, birthday, deathday, popularity, profilePath, gender, profession) VALUES(576474,'Juliana Harkavy','1985-01-01','',2.638,'/mO8gTYhjrVO2N2dtjwWt1PEYjoo.jpg',1,'Acting');
INSERT INTO Personen(id, name, birthday, deathday, popularity, profilePath, gender, profession) VALUES(968006,'Katherine McNamara','1995-11-22','',6.27,'/f4h9CLOFeTdrnwKT6GYYnW089cu.jpg',1,'Acting');
INSERT INTO Personen(id, name, birthday, deathday, popularity, profilePath, gender, profession) VALUES(1581190,'Joseph David-Jones','','',0.6,'/f5N4dKCyKJozIN2PgWlqC7SFcuD.jpg',2,'Acting');
INSERT INTO Personen(id, name, birthday, deathday, popularity, profilePath, gender, profession) VALUES(33702,'Ben Lewis','1985-09-30','',1.62,'/4vRrNkaht7Sklg5XJAUPMciUHOU.jpg',2,'Acting');
INSERT INTO Personen(id, name, birthday, deathday, popularity, profilePath, gender, profession) VALUES(157847,'Cress Williams','1970-07-26','',5.672,'/pIOyAg9U0eAUvs8N2Xca7uRKlOe.jpg',2,'Acting');
INSERT INTO Personen(id, name, birthday, deathday, popularity, profilePath, gender, profession) VALUES(1532331,'Nafessa Williams','1989-12-04','',4.691,'/pqS4vTGuziuTTWFVVo174RtbN9z.jpg',1,'Acting');
INSERT INTO Personen(id, name, birthday, deathday, popularity, profilePath, gender, profession) VALUES(1962692,'Marvin \'Krondon\' Jones III','1976-07-09','',3.39,'/7RU4jjZel3ab4l7eVjEFTl2qUkn.jpg',2,'Acting');
INSERT INTO Personen(id, name, birthday, deathday, popularity, profilePath, gender, profession) VALUES(1451923,'Chantal Thuy','','',2.268,'/6tjhoI5tHfXEeVAIfX1c6Myfs0Y.jpg',1,'Acting');
INSERT INTO Personen(id, name, birthday, deathday, popularity, profilePath, gender, profession) VALUES(1736,'James Remar','1953-12-31','',6.034,'/ctMVpFDKKWCty60lLORf3IoJcv9.jpg',2,'Acting');
INSERT INTO Personen(id, name, birthday, deathday, popularity, profilePath, gender, profession) VALUES(2971861,'Gabrielle Greig','','',0.6,'',0,'Production');
INSERT INTO Personen(id, name, birthday, deathday, popularity, profilePath, gender, profession) VALUES(2000111,'Jamila Daniel','','',0.6,'',1,'Writing');
INSERT INTO Personen(id, name, birthday, deathday, popularity, profilePath, gender, profession) VALUES(1533684,'Lamont Magee','','',0.6,'/qjx6RMxTI3BVm5JLT5VCDj8rylh.jpg',2,'Writing');
INSERT INTO Personen(id, name, birthday, deathday, popularity, profilePath, gender, profession) VALUES(1372651,'Brusta Brown','','',0.6,'',0,'Writing');
INSERT INTO Personen(id, name, birthday, deathday, popularity, profilePath, gender, profession) VALUES(1372652,'John Mitchell Todd','','',0.6,'',0,'Writing');
INSERT INTO Personen(id, name, birthday, deathday, popularity, profilePath, gender, profession) VALUES(1445393,'Adam Giaudrone','','',0.748,'',2,'Creator');
INSERT INTO Personen(id, name, birthday, deathday, popularity, profilePath, gender, profession) VALUES(62116,'Bille Woodruff','','',0.6,'/1PnHe8956X9yUV5n5dZKmpSr5CR.jpg',2,'Directing');
INSERT INTO Personen(id, name, birthday, deathday, popularity, profilePath, gender, profession) VALUES(41883,'Max Thieriot','1988-10-14','',6.667,'/ceCeFvmzTrADF1HYU0jIlcKUBvQ.jpg',2,'Acting');
INSERT INTO Personen(id, name, birthday, deathday, popularity, profilePath, gender, profession) VALUES(55091,'Neil Brown Jr.','1980-06-19','',2.113,'/z5oYLrCNGh48EoRQYqyIklYiCs9.jpg',2,'Acting');
INSERT INTO Personen(id, name, birthday, deathday, popularity, profilePath, gender, profession) VALUES(60460,'A.J. Buckley','1978-02-09','',3.71,'/7mdIM5QdxnccD4YWC03FrI78EPc.jpg',2,'Acting');
INSERT INTO Personen(id, name, birthday, deathday, popularity, profilePath, gender, profession) VALUES(105831,'Toni Trucks','1980-09-30','',1.967,'/s2qfaRUh8oEt78HqkXTagbeVNE7.jpg',1,'Acting');
INSERT INTO Personen(id, name, birthday, deathday, popularity, profilePath, gender, profession) VALUES(990136,'Judd Lormand','','',3.657,'/jeZBWgcjiTaXZM6FwcHm9QW1F6w.jpg',2,'Acting');
INSERT INTO Personen(id, name, birthday, deathday, popularity, profilePath, gender, profession) VALUES(1245733,'Justin Roiland','1980-02-21','',4.056,'/wYApP38aXe6ZcEtlBAfNRxJTQQi.jpg',2,'Acting');
INSERT INTO Personen(id, name, birthday, deathday, popularity, profilePath, gender, profession) VALUES(51382,'Chris Parnell','1967-02-05','',5.856,'/aGzA5l9S89qLkhpSdjmkerFdZt0.jpg',2,'Acting');
INSERT INTO Personen(id, name, birthday, deathday, popularity, profilePath, gender, profession) VALUES(176823,'Spencer Grammer','1983-10-09','',1.622,'/1L8Y45RJo2YxUXl6ldIowQay1V7.jpg',1,'Acting');
INSERT INTO Personen(id, name, birthday, deathday, popularity, profilePath, gender, profession) VALUES(49001,'Sarah Chalke','1976-08-27','',4.67,'/ycwiu89cpjqCtSNC5FjbJggjj5R.jpg',1,'Acting');
INSERT INTO Personen(id, name, birthday, deathday, popularity, profilePath, gender, profession) VALUES(57194,'Dan Harmon','1973-01-03','',1.854,'/aGGlW2R9VD6DNzzAXFsZGLcJaDl.jpg',2,'Writing');
INSERT INTO Personen(id, name, birthday, deathday, popularity, profilePath, gender, profession) VALUES(1216675,'J. Michael Mendel','1964-09-24','2019-09-22',1.08,'',2,'Production');
INSERT INTO Personen(id, name, birthday, deathday, popularity, profilePath, gender, profession) VALUES(1651036,'Ryan Elder','','',0.6,'',2,'Sound');
INSERT INTO Personen(id, name, birthday, deathday, popularity, profilePath, gender, profession) VALUES(1215656,'Keith Crofford','1956-04-14','',0.6,'/vyNDOCtfryXLFDSvAv5iMXiQuTD.jpg',2,'Production');
INSERT INTO Personen(id, name, birthday, deathday, popularity, profilePath, gender, profession) VALUES(1215655,'Mike Lazzo','','',0.6,'',2,'Production');
INSERT INTO Personen(id, name, birthday, deathday, popularity, profilePath, gender, profession) VALUES(19728,'Mark Harmon','1951-09-02','',5.057,'/lMqKPig7zBoGfou7wWf88sZEGHo.jpg',2,'Acting');
INSERT INTO Personen(id, name, birthday, deathday, popularity, profilePath, gender, profession) VALUES(1230381,'Sean Murray','1977-11-15','',3.786,'/v9W3HbHS1n3UUr4SXSluPc7eR9d.jpg',2,'Acting');
INSERT INTO Personen(id, name, birthday, deathday, popularity, profilePath, gender, profession) VALUES(18975,'Wilmer Valderrama','1980-01-30','',2.665,'/ApA03vxxobrGauXmQ3LpGM5EKjD.jpg',2,'Acting');
INSERT INTO Personen(id, name, birthday, deathday, popularity, profilePath, gender, profession) VALUES(204679,'Emily Wickersham','1984-04-26','',6.156,'/oWxiSZFx4QO1VQZQFtLqzWKyiAK.jpg',1,'Acting');
INSERT INTO Personen(id, name, birthday, deathday, popularity, profilePath, gender, profession) VALUES(49,'Maria Bello','1967-04-18','',7.685,'/tFkbad0JoWvYc6XYBITv6EfeLwR.jpg',1,'Acting');
INSERT INTO Personen(id, name, birthday, deathday, popularity, profilePath, gender, profession) VALUES(1470346,'Diona Reasonover','1992-01-06','',3.276,'/1X7UkPIA6hnGlOMAoq4gHxIChY2.jpg',1,'Acting');
INSERT INTO Personen(id, name, birthday, deathday, popularity, profilePath, gender, profession) VALUES(27448,'Rocky Carroll','1963-07-08','',4.063,'/pqjqmRChGqhDXXY7Etka3bmOatN.jpg',2,'Acting');
INSERT INTO Personen(id, name, birthday, deathday, popularity, profilePath, gender, profession) VALUES(24813,'David McCallum','1933-09-19','',3.951,'/47no2X4533Ehk2VO3BvVqUBqMUd.jpg',2,'Acting');
INSERT INTO Personen(id, name, birthday, deathday, popularity, profilePath, gender, profession) VALUES(2857027,'Brian Kirk','','',0.6,'',0,'Sound');
INSERT INTO Personen(id, name, birthday, deathday, popularity, profilePath, gender, profession) VALUES(1424928,'Burak Özçivit','1984-12-24','',7.837,'/weuT6yXxnHYzgtg7wBjb5SzrDkX.jpg',2,'Acting');
INSERT INTO Personen(id, name, birthday, deathday, popularity, profilePath, gender, profession) VALUES(1254465,'Neslihan Atagül','1992-08-20','',12.381,'/euyrNmDsRUmhUasS85PNblpEa1V.jpg',1,'Acting');
INSERT INTO Personen(id, name, birthday, deathday, popularity, profilePath, gender, profession) VALUES(145408,'Kaan Urgancıoğlu','1981-05-08','',7.527,'/atzXG7xQ4EOyGDh8d5PGRU6KMj8.jpg',2,'Acting');
INSERT INTO Personen(id, name, birthday, deathday, popularity, profilePath, gender, profession) VALUES(1246608,'Zerrin Tekindor','1964-08-05','',0.751,'/biSrG7XeB19cYfCKbj0c1xul7cw.jpg',1,'Acting');
INSERT INTO Personen(id, name, birthday, deathday, popularity, profilePath, gender, profession) VALUES(1575024,'Neşe Baykent','','',3.636,'/ePEGpdPSVRkKkW2AYlieENjczWy.jpg',0,'Acting');
INSERT INTO Personen(id, name, birthday, deathday, popularity, profilePath, gender, profession) VALUES(1575028,'Hazal Filiz Küçükköse','1988-02-09','',4.365,'/uLRFiox5Xch4SVdfatHTNfzx0kH.jpg',0,'Acting');
INSERT INTO Personen(id, name, birthday, deathday, popularity, profilePath, gender, profession) VALUES(1575026,'Melisa Asli Pamuk','1991-04-14','',8.294,'/5nfpKiUP4AH52Yzz0YsVyVY2ROJ.jpg',1,'Acting');
INSERT INTO Personen(id, name, birthday, deathday, popularity, profilePath, gender, profession) VALUES(66982,'Burak Sergen','','',1.4,'/4JbVxFhHj4ql0QZZT26Mbnr3BLi.jpg',0,'Acting');
INSERT INTO Personen(id, name, birthday, deathday, popularity, profilePath, gender, profession) VALUES(1575019,'Hilal Saral','1971-01-01','',1.043,'/dbVu1VpAVqttIhag4x2rnAqyi9I.jpg',1,'Creator');
INSERT INTO Personen(id, name, birthday, deathday, popularity, profilePath, gender, profession) VALUES(1575020,'Anıl Eke','','',0.6,'',0,'Writing');
INSERT INTO Personen(id, name, birthday, deathday, popularity, profilePath, gender, profession) VALUES(1575021,'Özlem Yılmaz','','',0.6,'',0,'Writing');
INSERT INTO Personen(id, name, birthday, deathday, popularity, profilePath, gender, profession) VALUES(1575022,'Burcu Görgün Toptaş','1986-01-01','',0.6,'/dJThopz2vrRGzcEU6Xh6H722QyG.jpg',1,'Writing');
INSERT INTO Personen(id, name, birthday, deathday, popularity, profilePath, gender, profession) VALUES(1439911,'Kerem Çatay','1979-01-01','',0.6,'/f0rr1FOpEx7g9SmUpr1j7tdW237.jpg',2,'Production');
INSERT INTO Personen(id, name, birthday, deathday, popularity, profilePath, gender, profession) VALUES(1371456,'Abigail Cowen','1998-03-18','',11.259,'/ovv8pAF4eEKikyjXWxB56B98kJe.jpg',1,'Acting');
INSERT INTO Personen(id, name, birthday, deathday, popularity, profilePath, gender, profession) VALUES(1540185,'Hannah van der Westhuysen','1995-08-26','',5.772,'/v1pWVLqNDSLUjvuH2yCtsxA6OxT.jpg',1,'Acting');
INSERT INTO Personen(id, name, birthday, deathday, popularity, profilePath, gender, profession) VALUES(2356696,'Precious Mustapha','1997-04-13','',1.917,'/anywefRxTwbETE3u2RkAYezWRrQ.jpg',1,'Acting');
INSERT INTO Personen(id, name, birthday, deathday, popularity, profilePath, gender, profession) VALUES(1577369,'Elisha Applebaum','1995-09-09','',2.654,'/62OOS8AHSXfxJ5nxmLVrMdJtq2i.jpg',1,'Acting');
INSERT INTO Personen(id, name, birthday, deathday, popularity, profilePath, gender, profession) VALUES(2477613,'Eliot Salt','1994-01-18','',5.444,'/7wE2fgucCBqtapjI2eJSlwBxnlN.jpg',1,'Acting');
INSERT INTO Personen(id, name, birthday, deathday, popularity, profilePath, gender, profession) VALUES(2244576,'Danny Griffin','1997-07-02','',0.6,'/tzDaITUDXfLviME37mqp80vJz9J.jpg',2,'Acting');
INSERT INTO Personen(id, name, birthday, deathday, popularity, profilePath, gender, profession) VALUES(2270402,'Sadie Soverall','2002-01-17','',6.87,'/vg5QZFoLiNaqLhHFSEYUDdBWZMo.jpg',1,'Acting');
INSERT INTO Personen(id, name, birthday, deathday, popularity, profilePath, gender, profession) VALUES(224193,'Robert James-Collier','1976-09-23','',2.339,'/679ZyGoxw2nWKQRtWCSKYmcdGxC.jpg',2,'Acting');
INSERT INTO Personen(id, name, birthday, deathday, popularity, profilePath, gender, profession) VALUES(587933,'Iginio Straffi','','',1.4,'',0,'Creator');
INSERT INTO Personen(id, name, birthday, deathday, popularity, profilePath, gender, profession) VALUES(1214634,'Brian Young','','',0.614,'',2,'Production');
INSERT INTO Personen(id, name, birthday, deathday, popularity, profilePath, gender, profession) VALUES(1513078,'Speed Weed','','',0.6,'',2,'Writing');
INSERT INTO Personen(id, name, birthday, deathday, popularity, profilePath, gender, profession) VALUES(2042546,'Niceole R. Levy','','',0.694,'',1,'Writing');
INSERT INTO Personen(id, name, birthday, deathday, popularity, profilePath, gender, profession) VALUES(1818678,'Sarah Hooper','','',0.6,'',0,'Writing');
INSERT INTO Personen(id, name, birthday, deathday, popularity, profilePath, gender, profession) VALUES(1743679,'Judy Counihan','','',0.84,'',0,'Production');
INSERT INTO Personen(id, name, birthday, deathday, popularity, profilePath, gender, profession) VALUES(963336,'Kris Thykier','1972-01-13','',0.6,'',0,'Production');
INSERT INTO Personen(id, name, birthday, deathday, popularity, profilePath, gender, profession) VALUES(1065253,'Ana María Orozco','1973-07-04','',2.305,'/jTvQ7N3txOkEBYv7iPjhUzxsBDE.jpg',1,'Acting');
INSERT INTO Personen(id, name, birthday, deathday, popularity, profilePath, gender, profession) VALUES(2158639,'Jorge E. Abello','','',0.6,'',0,'Acting');
INSERT INTO Personen(id, name, birthday, deathday, popularity, profilePath, gender, profession) VALUES(2158641,'Lorna Paz','','',1.169,'',1,'Acting');
INSERT INTO Personen(id, name, birthday, deathday, popularity, profilePath, gender, profession) VALUES(2022400,'Natalia Ramírez','','',0.6,'',1,'Acting');
INSERT INTO Personen(id, name, birthday, deathday, popularity, profilePath, gender, profession) VALUES(2158642,'Luis Mesa','','',2.279,'/dISc5QIvqlcuzjxn6PVBARlGrZx.jpg',2,'Acting');
INSERT INTO Personen(id, name, birthday, deathday, popularity, profilePath, gender, profession) VALUES(1245883,'Scarlet Ortiz','1974-03-12','',1.36,'/90Z1kuHvAUEiDZg0YbMF6b4sHB3.jpg',1,'Acting');
INSERT INTO Personen(id, name, birthday, deathday, popularity, profilePath, gender, profession) VALUES(130640,'Hailee Steinfeld','1996-12-11','',13.676,'/dxSDWkiVaC6JYjrV3XRAZI7HOSS.jpg',1,'Acting');
INSERT INTO Personen(id, name, birthday, deathday, popularity, profilePath, gender, profession) VALUES(18271,'Toby Huss','1966-12-09','',3.666,'/n2axLZZ3ae0mdcbEMZBf5QkOam8.jpg',2,'Acting');
INSERT INTO Personen(id, name, birthday, deathday, popularity, profilePath, gender, profession) VALUES(1756169,'Adrian Enscoe','','',1.298,'/6eeB8SjySeTsnlDCI0dV2Gd97L8.jpg',2,'Acting');
INSERT INTO Personen(id, name, birthday, deathday, popularity, profilePath, gender, profession) VALUES(1724137,'Anna Baryshnikov','1992-05-22','',0.999,'/Zh2XvGptoyMlzMc19Or37mjqVD.jpg',1,'Acting');
INSERT INTO Personen(id, name, birthday, deathday, popularity, profilePath, gender, profession) VALUES(989411,'Ella Hunt','1998-04-29','',6.119,'/j5SOv91oPkeJuyyunEFeO6hMrWa.jpg',1,'Acting');
INSERT INTO Personen(id, name, birthday, deathday, popularity, profilePath, gender, profession) VALUES(13636,'Jane Krakowski','1968-10-11','',4.755,'/mep1Pz9E3e9CLLSqIX7UrEuNx09.jpg',1,'Acting');
INSERT INTO Personen(id, name, birthday, deathday, popularity, profilePath, gender, profession) VALUES(1580140,'Alison Ford','','',0.6,'',1,'Art');
INSERT INTO Personen(id, name, birthday, deathday, popularity, profilePath, gender, profession) VALUES(1165338,'Neil Patel','','',0.98,'',0,'Art');
INSERT INTO Personen(id, name, birthday, deathday, popularity, profilePath, gender, profession) VALUES(1800154,'Diana Schmidt','','',0.6,'',1,'Production');
INSERT INTO Personen(id, name, birthday, deathday, popularity, profilePath, gender, profession) VALUES(2808272,'Robbie Macdonald','','',0.6,'',0,'Writing');
INSERT INTO Personen(id, name, birthday, deathday, popularity, profilePath, gender, profession) VALUES(2927815,'Jordan Murcia','','',0.6,'',0,'Production');
INSERT INTO Personen(id, name, birthday, deathday, popularity, profilePath, gender, profession) VALUES(21005,'Darlene Hunt','','',1.114,'/5d1SzkMsfpfw88Va7PsMdB8yQih.jpg',1,'Acting');
INSERT INTO Personen(id, name, birthday, deathday, popularity, profilePath, gender, profession) VALUES(2927816,'Ian Adelson','','',0.6,'',0,'Production');
INSERT INTO Personen(id, name, birthday, deathday, popularity, profilePath, gender, profession) VALUES(1531361,'DeVoe Yates','','',0.6,'',2,'Sound');
INSERT INTO Personen(id, name, birthday, deathday, popularity, profilePath, gender, profession) VALUES(1244197,'Angelique Boyer','1988-07-04','',3.346,'/1jFWvoO4NHzPD7m4S5bD6h7xO0f.jpg',1,'Acting');
INSERT INTO Personen(id, name, birthday, deathday, popularity, profilePath, gender, profession) VALUES(237368,'Aarón Díaz','1982-03-07','',0.998,'/4dvLKTuaT8lghNWxOaA3wuGid2l.jpg',2,'Acting');
INSERT INTO Personen(id, name, birthday, deathday, popularity, profilePath, gender, profession) VALUES(1243950,'Cynthia Klitbo','1967-03-11','',4.192,'/sTtPcBENTUXyC9tXOMpcPdeXlAt.jpg',1,'Acting');
INSERT INTO Personen(id, name, birthday, deathday, popularity, profilePath, gender, profession) VALUES(1240110,'Sebastián Rulli','1975-07-06','',2.453,'/tOrJ9BHWxvAVCziPcd1dyLQTeuI.jpg',2,'Acting');
INSERT INTO Personen(id, name, birthday, deathday, popularity, profilePath, gender, profession) VALUES(234184,'Ana Brenda Contreras','1986-12-24','',3.187,'/oKtw8elGuiyM4gXAaNCoIuPzxK5.jpg',1,'Acting');
INSERT INTO Personen(id, name, birthday, deathday, popularity, profilePath, gender, profession) VALUES(1249597,'Gloria Trevi','1968-02-15','',0.98,'/pBBLNZiXiNQzfXpiZ2hprc4UJNt.jpg',1,'Acting');
INSERT INTO Personen(id, name, birthday, deathday, popularity, profilePath, gender, profession) VALUES(1786549,'Julián Aguilar','','',0.6,'',2,'Writing');
INSERT INTO Personen(id, name, birthday, deathday, popularity, profilePath, gender, profession) VALUES(1657253,'Ernesto Hernández','','',0.6,'',2,'Production');
INSERT INTO Personen(id, name, birthday, deathday, popularity, profilePath, gender, profession) VALUES(1244221,'José Alberto Castro','1963-05-31','',0.6,'',2,'Production');
INSERT INTO Personen(id, name, birthday, deathday, popularity, profilePath, gender, profession) VALUES(1304423,'Ximena Suárez','','',0.6,'',1,'Writing');
INSERT INTO Personen(id, name, birthday, deathday, popularity, profilePath, gender, profession) VALUES(1301793,'Mimí Bechelani','','',0.61,'/AbALaAybsowp38WB4XGCcYZGcWS.jpg',1,'Writing');
INSERT INTO Personen(id, name, birthday, deathday, popularity, profilePath, gender, profession) VALUES(1786551,'Fausto Sáinz','','',0.6,'',2,'Production');
INSERT INTO Personen(id, name, birthday, deathday, popularity, profilePath, gender, profession) VALUES(1684536,'Iain Armitage','2008-07-15','',2.784,'/wwBzIjjBLJAOnCXMEuH03JSmXmD.jpg',2,'Acting');
INSERT INTO Personen(id, name, birthday, deathday, popularity, profilePath, gender, profession) VALUES(133450,'Zoe Perry','1984-01-01','',2.969,'/dpdoE1SdfXqFum0xMbg1Yl8ciWE.jpg',1,'Acting');
INSERT INTO Personen(id, name, birthday, deathday, popularity, profilePath, gender, profession) VALUES(1212111,'Lance Barber','1973-06-29','',4.871,'/dCIcGDmlHPOwohzQwf1wOWgawHk.jpg',2,'Acting');
INSERT INTO Personen(id, name, birthday, deathday, popularity, profilePath, gender, profession) VALUES(1817307,'Montana Jordan','2003-03-08','',2.441,'/vDmv2p8ZDabInqtubeuM5iEgk4L.jpg',2,'Acting');
INSERT INTO Personen(id, name, birthday, deathday, popularity, profilePath, gender, profession) VALUES(1575317,'Raegan Revord','2008-01-03','',9.854,'/zIHQyMQZipJ2GCF2r10K7MM7Ue9.jpg',1,'Acting');
INSERT INTO Personen(id, name, birthday, deathday, popularity, profilePath, gender, profession) VALUES(8873,'Annie Potts','1952-10-28','',6.122,'/xXlYEoCoCYbhcPH6YXheOktOnqr.jpg',1,'Acting');
INSERT INTO Personen(id, name, birthday, deathday, popularity, profilePath, gender, profession) VALUES(1536526,'Matt Hobby','','',1.238,'/Acek1U1sb6WnfhEIVoZCaNkOgiF.jpg',0,'Acting');
INSERT INTO Personen(id, name, birthday, deathday, popularity, profilePath, gender, profession) VALUES(77996,'Asa Butterfield','1997-04-01','',9.738,'/hMDIBO0QcOydD0UtfeDjTR7mhi6.jpg',2,'Acting');
INSERT INTO Personen(id, name, birthday, deathday, popularity, profilePath, gender, profession) VALUES(12214,'Gillian Anderson','1968-08-09','',9.339,'/pLHyyHwLID7icND29spleuM0mPQ.jpg',1,'Acting');
INSERT INTO Personen(id, name, birthday, deathday, popularity, profilePath, gender, profession) VALUES(1475239,'Ncuti Gatwa','1992-10-16','',3.524,'/zc7x4xSaSUb85PBYUj7sXu17NvT.jpg',2,'Acting');
INSERT INTO Personen(id, name, birthday, deathday, popularity, profilePath, gender, profession) VALUES(2201315,'Emma Mackey','1996-01-04','',8.419,'/9OZBcFSS3Yz0Oqr8mssbQa4suW8.jpg',1,'Acting');
INSERT INTO Personen(id, name, birthday, deathday, popularity, profilePath, gender, profession) VALUES(126169,'Kedar Williams-Stirling','1994-12-14','',2.285,'/dhXjEwdKhhObMgU1Y8cA1MgZnUL.jpg',2,'Acting');
INSERT INTO Personen(id, name, birthday, deathday, popularity, profilePath, gender, profession) VALUES(2201317,'Aimee Lou Wood','1995-11-02','',3.359,'/4mBtmJ4MAkP1fRPhQC7lHTpntW3.jpg',1,'Acting');
INSERT INTO Personen(id, name, birthday, deathday, popularity, profilePath, gender, profession) VALUES(2112439,'Connor Swindells','1996-09-19','',4.154,'/jUY1Ayi79usRpwjMmrGVtGmWL6B.jpg',2,'Acting');
INSERT INTO Personen(id, name, birthday, deathday, popularity, profilePath, gender, profession) VALUES(2223754,'Patricia Allison','1994-12-07','',1.627,'/ztRXYFo2HUgUkxKjNbh3ivlw6pL.jpg',1,'Acting');
INSERT INTO Personen(id, name, birthday, deathday, popularity, profilePath, gender, profession) VALUES(2955529,'Tolga Kahraman','2000-11-25','',0.6,'',0,'Sound');
INSERT INTO Personen(id, name, birthday, deathday, popularity, profilePath, gender, profession) VALUES(213083,'Lara Pulver','1980-05-12','',1.715,'/cJxfjquWo9p03Y27gEDUHD8QUPC.jpg',1,'Acting');
INSERT INTO Personen(id, name, birthday, deathday, popularity, profilePath, gender, profession) VALUES(19384,'Tony Todd','1954-12-04','',6.506,'/Tl2wuhRon93SkcAj1jyC52bQaG.jpg',2,'Acting');
INSERT INTO Personen(id, name, birthday, deathday, popularity, profilePath, gender, profession) VALUES(127387,'Yuri Lowenthal','1971-03-05','',3.758,'/rEgMZ15WDwcsBOxzKGC1eX0J6SS.jpg',2,'Acting');
INSERT INTO Personen(id, name, birthday, deathday, popularity, profilePath, gender, profession) VALUES(963818,'Troy Baker','1976-04-01','',2.487,'/k3eNrfCd6tEH7RKDwn6ZUpmjMnf.jpg',2,'Acting');
INSERT INTO Personen(id, name, birthday, deathday, popularity, profilePath, gender, profession) VALUES(67484,'Ashley Edward Miller','1971-03-16','',2.288,'/dvWGQk1DXtZii0rfAAzLjWbIJPP.jpg',2,'Writing');
INSERT INTO Personen(id, name, birthday, deathday, popularity, profilePath, gender, profession) VALUES(1252487,'Ki Hyun Ryu','','',0.6,'/igGe9ln2CxcMlRkv3Eo2UMgSSv4.jpg',2,'Art');
INSERT INTO Personen(id, name, birthday, deathday, popularity, profilePath, gender, profession) VALUES(71540,'Steven Melching','','',1.16,'',0,'Writing');
INSERT INTO Personen(id, name, birthday, deathday, popularity, profilePath, gender, profession) VALUES(3024124,'Cheong-Il Han','','',0.6,'',0,'Production');
INSERT INTO Personen(id, name, birthday, deathday, popularity, profilePath, gender, profession) VALUES(1116126,'Meredith Layne','','',0.6,'',1,'Production');
INSERT INTO Personen(id, name, birthday, deathday, popularity, profilePath, gender, profession) VALUES(3024202,'Dino Meneghin','','',0.6,'',2,'Sound');
INSERT INTO Personen(id, name, birthday, deathday, popularity, profilePath, gender, profession) VALUES(1559169,'Jeffrey Biggers','','',0.6,'',2,'Sound');
INSERT INTO Personen(id, name, birthday, deathday, popularity, profilePath, gender, profession) VALUES(2331976,'Eugene Lee','','',0.6,'/loh3vqezUbofBjj9e1xOcGeONE.jpg',2,'Directing');
INSERT INTO Personen(id, name, birthday, deathday, popularity, profilePath, gender, profession) VALUES(195675,'Ricky Whittle','1981-11-23','',2.803,'/cjeDbVfBp6Qvb3C74Dfy7BKDTQN.jpg',2,'Acting');
INSERT INTO Personen(id, name, birthday, deathday, popularity, profilePath, gender, profession) VALUES(70456,'Emily Browning','1988-12-07','',9.123,'/fa1Kyj02wxwcdS6EHb2i27TNXvU.jpg',1,'Acting');
INSERT INTO Personen(id, name, birthday, deathday, popularity, profilePath, gender, profession) VALUES(1644151,'Bruce Langley','','',1.965,'/f4EOWUmznLqboq8Ce7jnlkHVK3Y.jpg',2,'Acting');
INSERT INTO Personen(id, name, birthday, deathday, popularity, profilePath, gender, profession) VALUES(1576364,'Yetide Badaki','','',2.581,'/qfzkREHuI1JvMxBteIAjKX8qMEr.jpg',0,'Acting');
INSERT INTO Genres(id, genre) VALUES(10765,'Sci-Fi & Fantasy');
INSERT INTO Genres(id, genre) VALUES(10759,'Action & Adventure');
INSERT INTO Genres(id, genre) VALUES(10768,'War & Politics');
INSERT INTO Genres(id, genre) VALUES(99,'Documentary');
INSERT INTO Genres(id, genre) VALUES(10762,'Kids');
INSERT INTO Genres(id, genre) VALUES(10766,'Soap');
INSERT INTO Genres(id, genre) VALUES(37,'Western');
INSERT INTO Genres(id, genre) VALUES(10763,'News');
INSERT INTO Genres(id, genre) VALUES(10764,'Reality');
INSERT INTO Countries(id, cname) VALUES('IE','Ireland');
INSERT INTO Countries(id, cname) VALUES('CO','Colombia');
INSERT INTO Countries(id, cname) VALUES('TR','Turkey');
INSERT INTO Countries(id, cname) VALUES('IT','Italy');
INSERT INTO Providers(id, pname) VALUES(142,'Flimmit');
INSERT INTO Networks(id, nname, logo, originCountry) VALUES('2739','Disney+', '/gJ8VX6JSu3ciXHuC2dDGAo2lvwM.png', 'US');
INSERT INTO Networks(id, nname, logo, originCountry) VALUES('2','ABC', '/ndAvF4JLsliGreX87jAc9GdjmJY.png', 'US');
INSERT INTO Networks(id, nname, logo, originCountry) VALUES('71','The CW', '/ge9hzeaU7nMtQ4PjkFlc68dGAJ9.png', 'US');
INSERT INTO Countries(id, cname) VALUES('','');
INSERT INTO Networks(id, nname, logo, originCountry) VALUES('1024','Amazon', '/ifhbNuuVnlwYy5oXA5VIb2YR8AZ.png', '');
INSERT INTO Networks(id, nname, logo, originCountry) VALUES('19','FOX', '/1DSpHrWyOORkL9N2QHX7Adt31mQ.png', 'US');
INSERT INTO Networks(id, nname, logo, originCountry) VALUES('213','Netflix', '/wwemzKWzjKYJFfCeiB57q3r4Bcm.png', '');
INSERT INTO Networks(id, nname, logo, originCountry) VALUES('193','Telemundo', '/mieMBXx82qgY8nmnyaH0rY2D943.png', 'US');
INSERT INTO Networks(id, nname, logo, originCountry) VALUES('174','AMC', '/pmvRmATOCaDykE6JrVoeYxlFHw3.png', 'US');
INSERT INTO Networks(id, nname, logo, originCountry) VALUES('49','HBO', '/tuomPhY2UtuPTqqFnKMVHvSb724.png', 'US');
INSERT INTO Networks(id, nname, logo, originCountry) VALUES('1436','YouTube Premium', '/3p05CgodUb9gPayuliuhawNj1Wo.png', 'US');
INSERT INTO Networks(id, nname, logo, originCountry) VALUES('26','Channel 4', '/hbifXPpM55B1fL5wPo7t72vzN78.png', 'GB');
INSERT INTO Networks(id, nname, logo, originCountry) VALUES('2360','History', '/aeariwRHHb23lyOr3AczHz5aIhb.png', 'CA');
INSERT INTO Networks(id, nname, logo, originCountry) VALUES('88','FX', '/aexGjtcs42DgRtZh7zOxayiry4J.png', 'US');
INSERT INTO Networks(id, nname, logo, originCountry) VALUES('290','TF1', '/fqsd09CrijoGu6qfoNIdgUQmVGO.png', 'FR');
INSERT INTO Networks(id, nname, logo, originCountry) VALUES('98','TV Tokyo', '/kGRavMqgyx4p2X4C96bjRCj50oI.png', 'JP');
INSERT INTO Networks(id, nname, logo, originCountry) VALUES('77','Syfy', '/iYfrkobwDhTOFJ4AXYPSLIEeaAT.png', 'US');
INSERT INTO Networks(id, nname, logo, originCountry) VALUES('94','MBS', '/7RNXnyiMbjgqtPAjja13wchcrGI.png', 'JP');
INSERT INTO Networks(id, nname, logo, originCountry) VALUES('160','TBS', '/frMsfc7igYUd90lQXpxuasiN5x4.png', 'JP');
INSERT INTO Networks(id, nname, logo, originCountry) VALUES('201','CBC', '/qNooLje0YQh1y3y9LUM2Y5QCtiF.png', 'JP');
INSERT INTO Networks(id, nname, logo, originCountry) VALUES('3658','HBC', '/n77lM12X5dhGHb0I57RmbtqxFsd.png', 'JP');
INSERT INTO Networks(id, nname, logo, originCountry) VALUES('21','The WB', '/9GlDHjQj9c2dkfARCR3zlH87R66.png', 'US');
INSERT INTO Networks(id, nname, logo, originCountry) VALUES('16','CBS', '/nm8d7P7MJNiBLdgIzUK0gkuEA4r.png', 'US');
INSERT INTO Networks(id, nname, logo, originCountry) VALUES('4','BBC One', '/mVn7xESaTNmjBUyUtGNvDQd3CT1.png', 'GB');
INSERT INTO Networks(id, nname, logo, originCountry) VALUES('332','BBC Two', '/bfAVKGrJGcKTAndYktB7cf8UlBO.png', 'GB');
INSERT INTO Networks(id, nname, logo, originCountry) VALUES('33','MTV', '/e9GMyvaguUc36ktS7iSFYP0WLKa.png', 'US');
INSERT INTO Networks(id, nname, logo, originCountry) VALUES('303','FOX', '/64uickn4Fz4H3Rgo20z5VJ6PKtR.png', 'TR');
INSERT INTO Networks(id, nname, logo, originCountry) VALUES('835','Disney Channel Latin America', '/rxhJszKVAvAZYTmF0vfRHfyo4Fb.png', '');
INSERT INTO Networks(id, nname, logo, originCountry) VALUES('30','USA Network', '/g1e0H0Ka97IG5SyInMXdJkHGKiH.png', 'US');
INSERT INTO Networks(id, nname, logo, originCountry) VALUES('13','Nickelodeon', '/ikZXxg6GnwpzqiZbRPhJGaZapqB.png', 'US');
INSERT INTO Networks(id, nname, logo, originCountry) VALUES('308','ARD', '/n8OnhOKcr9buScZzEvfJKO6d6gz.png', 'DE');
INSERT INTO Networks(id, nname, logo, originCountry) VALUES('6','NBC', '/o3OedEP0f9mfZr33jz2BfXOUK5.png', 'US');
INSERT INTO Networks(id, nname, logo, originCountry) VALUES('1','Fuji TV', '/yS5UJjsSdZXML0YikWTYYHLPKhQ.png', 'JP');
INSERT INTO Networks(id, nname, logo, originCountry) VALUES('247','YouTube', '/9Ga8A5QegQmiSVHp4hyusfMfpVk.png', '');
INSERT INTO Networks(id, nname, logo, originCountry) VALUES('2326','Disney XD', '/nKM9EnV7jTpt3MKRbhBusJ03lAY.png', '');
INSERT INTO Networks(id, nname, logo, originCountry) VALUES('56','Cartoon Network', '/c5OC6oVCg6QP4eqzW6XIq17CQjI.png', 'US');
INSERT INTO Networks(id, nname, logo, originCountry) VALUES('3236','Azul Televisión', '/f9LUy0pcsI3DfEWc28wgHs7NBEv.png', 'AR');
INSERT INTO Networks(id, nname, logo, originCountry) VALUES('487','Las Estrellas', '/6ROTTOqsZo3XefxZAYowukFdJ6w.png', 'MX');
INSERT INTO Networks(id, nname, logo, originCountry) VALUES('500','Caracol TV', '/6lbu3Xq8ZsTMrS0AnPfMtPhjxQk.png', 'CO');
INSERT INTO Networks(id, nname, logo, originCountry) VALUES('400','Antena 3', '/l7MngINTyv0O6mNlwNsUlhQ9iwZ.png', 'ES');
INSERT INTO Networks(id, nname, logo, originCountry) VALUES('80','Adult Swim', '/9AKyspxVzywuaMuZ1Bvilu8sXly.png', 'US');
INSERT INTO Networks(id, nname, logo, originCountry) VALUES('2116','MTV Latin America', '/e9GMyvaguUc36ktS7iSFYP0WLKa.png', '');
INSERT INTO Networks(id, nname, logo, originCountry) VALUES('778','Star TV', '/qWvC2SCqIGhm7hPGtqaPjL4tPvx.png', 'TR');
INSERT INTO Networks(id, nname, logo, originCountry) VALUES('1233','Divinity', '/ylVTWpC2Tsyyy5aPFXwcC8NlOZe.png', 'ES');
INSERT INTO Networks(id, nname, logo, originCountry) VALUES('183','RCN', '/46LNdPSG2gBxy3s3G9csA8vLH8l.png', 'CO');
INSERT INTO Networks(id, nname, logo, originCountry) VALUES('2552','Apple TV+', '/4KAy34EHvRM25Ih8wb82AuGU7zJ.png', 'US');
INSERT INTO Networks(id, nname, logo, originCountry) VALUES('318','Starz', '/8GJjw3HHsAJYwIWKIPBPfqMxlEa.png', 'US');
INSERT INTO Series(id, title, overview, popularity, seasons, episodes, posterPath, voteCount, voteAvg, firstAir, lastAir, tagline) VALUES(88396,'The Falcon and the Winter Soldier','Following the events of “Avengers: Endgame”, the Falcon, Sam Wilson and the Winter Soldier, Bucky Barnes team up in a global adventure that tests their abilities, and their patience.',3675.832,1,6,'/6kbAMLteGO8yyewYau6bJ683sw7.jpg',4466, 7.9,'2021-03-19', '2021-04-16', 'Honor the shield.');
INSERT INTO SeriesGenre(seriesId, genreId) VALUES(88396,'10765');
INSERT INTO SeriesGenre(seriesId, genreId) VALUES(88396,'10759');
INSERT INTO SeriesGenre(seriesId, genreId) VALUES(88396,'18');
INSERT INTO SeriesGenre(seriesId, genreId) VALUES(88396,'10768');
INSERT INTO SeriesCountry(seriesId, countryId) VALUES(88396,'US');
INSERT INTO SeriesNetwork(seriesId, networkId) VALUES(88396,'2739');
INSERT INTO SeriesCredits(seriesId, personId, job) VALUES(88396,53650,'Actor');
INSERT INTO SeriesCredits(seriesId, personId, job) VALUES(88396,60898,'Actor');
INSERT INTO SeriesCredits(seriesId, personId, job) VALUES(88396,84247,'Actor');
INSERT INTO SeriesCredits(seriesId, personId, job) VALUES(88396,986808,'Actor');
INSERT INTO SeriesCredits(seriesId, personId, job) VALUES(88396,3872,'Actor');
INSERT INTO SeriesCredits(seriesId, personId, job) VALUES(88396,1672504,'Actor');
INSERT INTO SeriesCredits(seriesId, personId, job) VALUES(88396,1773397,'Actor');
INSERT INTO SeriesCredits(seriesId, personId, job) VALUES(88396,467633,'Actor');
INSERT INTO SeriesCredits(seriesId, personId, job) VALUES(88396,10850,'Executive Producer');
INSERT INTO SeriesCredits(seriesId, personId, job) VALUES(88396,1543191,'Casting');
INSERT INTO SeriesCredits(seriesId, personId, job) VALUES(88396,7624,'Characters');
INSERT INTO SeriesCredits(seriesId, personId, job) VALUES(88396,139744,'Characters');
INSERT INTO SeriesCredits(seriesId, personId, job) VALUES(88396,7232,'Casting');
INSERT INTO SeriesCredits(seriesId, personId, job) VALUES(88396,22140,'Executive Producer');
INSERT INTO SeriesCredits(seriesId, personId, job) VALUES(88396,1076800,'Staff Writer');
INSERT INTO SeriesCredits(seriesId, personId, job) VALUES(88396,1067682,'Executive Producer');
INSERT INTO Series(id, title, overview, popularity, seasons, episodes, posterPath, voteCount, voteAvg, firstAir, lastAir, tagline) VALUES(71712,'The Good Doctor','A young surgeon with Savant syndrome is recruited into the surgical unit of a prestigious hospital. The question will arise: can a person who doesn\'t have the ability to relate to people actually save their lives',1745.906,4,71,'/6tfT03sGp9k4c0J3dypjrI8TSAI.jpg',8021, 8.6,'2017-09-25', '2021-04-19', 'His mind is a mystery, his methods are a miracle.');
INSERT INTO SeriesGenre(seriesId, genreId) VALUES(71712,'18');
INSERT INTO SeriesCountry(seriesId, countryId) VALUES(71712,'US');
INSERT INTO SeriesNetwork(seriesId, networkId) VALUES(71712,'2');
INSERT INTO SeriesCredits(seriesId, personId, job) VALUES(71712,1281,'Actor');
INSERT INTO SeriesCredits(seriesId, personId, job) VALUES(71712,221981,'Actor');
INSERT INTO SeriesCredits(seriesId, personId, job) VALUES(71712,57686,'Actor');
INSERT INTO SeriesCredits(seriesId, personId, job) VALUES(71712,31028,'Actor');
INSERT INTO SeriesCredits(seriesId, personId, job) VALUES(71712,1215689,'Actor');
INSERT INTO SeriesCredits(seriesId, personId, job) VALUES(71712,1454610,'Actor');
INSERT INTO SeriesCredits(seriesId, personId, job) VALUES(71712,1233749,'Actor');
INSERT INTO SeriesCredits(seriesId, personId, job) VALUES(71712,10884,'Actor');
INSERT INTO SeriesCredits(seriesId, personId, job) VALUES(71712,1255712,'Original Story');
INSERT INTO Series(id, title, overview, popularity, seasons, episodes, posterPath, voteCount, voteAvg, firstAir, lastAir, tagline) VALUES(60735,'The Flash','After a particle accelerator causes a freak storm, CSI Investigator Barry Allen is struck by lightning and falls into a coma. Months later he awakens with the power of super speed, granting him the ability to move through Central City like an unseen guardian angel. Though initially excited by his newfound powers, Barry is shocked to discover he is not the only "meta-human" who was created in the wake of the accelerator explosion -- and not everyone is using their new powers for good. Barry partners with S.T.A.R. Labs and dedicates his life to protect the innocent. For now, only a few close friends and associates know that Barry is literally the fastest man alive, but it won\'t be long before the world learns what Barry Allen has become...The Flash.',1382.037,7,142,'/lJA2RCMfsWoskqlQhXPSLFQGXEJ.jpg',7411, 7.7,'2014-10-07', '2021-04-13', 'The fastest man alive.');
INSERT INTO SeriesGenre(seriesId, genreId) VALUES(60735,'18');
INSERT INTO SeriesGenre(seriesId, genreId) VALUES(60735,'10765');
INSERT INTO SeriesCountry(seriesId, countryId) VALUES(60735,'US');
INSERT INTO SeriesNetwork(seriesId, networkId) VALUES(60735,'71');
INSERT INTO SeriesCredits(seriesId, personId, job) VALUES(60735,122616,'Actor');
INSERT INTO SeriesCredits(seriesId, personId, job) VALUES(60735,212700,'Actor');
INSERT INTO SeriesCredits(seriesId, personId, job) VALUES(60735,31838,'Actor');
INSERT INTO SeriesCredits(seriesId, personId, job) VALUES(60735,1428398,'Actor');
INSERT INTO SeriesCredits(seriesId, personId, job) VALUES(60735,101060,'Actor');
INSERT INTO SeriesCredits(seriesId, personId, job) VALUES(60735,1163405,'Actor');
INSERT INTO SeriesCredits(seriesId, personId, job) VALUES(60735,1887800,'Actor');
INSERT INTO SeriesCredits(seriesId, personId, job) VALUES(60735,59216,'Actor');
INSERT INTO SeriesCredits(seriesId, personId, job) VALUES(60735,1747677,'Producer');
INSERT INTO SeriesCredits(seriesId, personId, job) VALUES(60735,1512011,'Producer');
INSERT INTO SeriesCredits(seriesId, personId, job) VALUES(60735,1512010,'Producer');
INSERT INTO SeriesCredits(seriesId, personId, job) VALUES(60735,1379199,'Producer');
INSERT INTO SeriesCredits(seriesId, personId, job) VALUES(60735,1331238,'Producer');
INSERT INTO SeriesCredits(seriesId, personId, job) VALUES(60735,1920098,'Producer');
INSERT INTO SeriesCredits(seriesId, personId, job) VALUES(60735,1716146,'Supervising Producer');
INSERT INTO SeriesCredits(seriesId, personId, job) VALUES(60735,72069,'Co-Executive Producer');
INSERT INTO Series(id, title, overview, popularity, seasons, episodes, posterPath, voteCount, voteAvg, firstAir, lastAir, tagline) VALUES(95557,'Invincible','Mark Grayson is a normal teenager except for the fact that his father is the most powerful superhero on the planet. Shortly after his seventeenth birthday, Mark begins to develop powers of his own and enters into his father’s tutelage.',954.915,1,8,'/yDWJYRAwMNKbIYT8ZB33qy84uzO.jpg',736, 8.9,'2021-03-26', '2021-04-16', '');
INSERT INTO SeriesGenre(seriesId, genreId) VALUES(95557,'16');
INSERT INTO SeriesGenre(seriesId, genreId) VALUES(95557,'10759');
INSERT INTO SeriesGenre(seriesId, genreId) VALUES(95557,'18');
INSERT INTO SeriesCountry(seriesId, countryId) VALUES(95557,'CA');
INSERT INTO SeriesCountry(seriesId, countryId) VALUES(95557,'US');
INSERT INTO SeriesNetwork(seriesId, networkId) VALUES(95557,'1024');
INSERT INTO SeriesCredits(seriesId, personId, job) VALUES(95557,215055,'Actor');
INSERT INTO SeriesCredits(seriesId, personId, job) VALUES(95557,25540,'Actor');
INSERT INTO SeriesCredits(seriesId, personId, job) VALUES(95557,18999,'Actor');
INSERT INTO SeriesCredits(seriesId, personId, job) VALUES(95557,1223867,'Executive Producer');
INSERT INTO SeriesCredits(seriesId, personId, job) VALUES(95557,1227315,'Executive Producer');
INSERT INTO SeriesCredits(seriesId, personId, job) VALUES(95557,1318707,'Executive Producer');
INSERT INTO SeriesCredits(seriesId, personId, job) VALUES(95557,71539,'Executive Producer');
INSERT INTO SeriesCredits(seriesId, personId, job) VALUES(95557,1223867,'Comic Book');
INSERT INTO SeriesCredits(seriesId, personId, job) VALUES(95557,1447959,'Comic Book');
INSERT INTO SeriesCredits(seriesId, personId, job) VALUES(95557,1789737,'Comic Book');
INSERT INTO SeriesCredits(seriesId, personId, job) VALUES(95557,19274,'Executive Producer');
INSERT INTO Series(id, title, overview, popularity, seasons, episodes, posterPath, voteCount, voteAvg, firstAir, lastAir, tagline) VALUES(69050,'Riverdale','Set in the present, the series offers a bold, subversive take on Archie, Betty, Veronica and their friends, exploring the surreality of small-town life, the darkness and weirdness bubbling beneath Riverdale’s wholesome facade.',898.701,5,87,'/wRbjVBdDo5qHAEOVYoMWpM58FSA.jpg',11058, 8.6,'2017-01-26', '2021-03-31', 'Small town. Big secrets.');
INSERT INTO SeriesGenre(seriesId, genreId) VALUES(69050,'9648');
INSERT INTO SeriesGenre(seriesId, genreId) VALUES(69050,'18');
INSERT INTO SeriesGenre(seriesId, genreId) VALUES(69050,'80');
INSERT INTO SeriesCountry(seriesId, countryId) VALUES(69050,'US');
INSERT INTO SeriesNetwork(seriesId, networkId) VALUES(69050,'71');
INSERT INTO SeriesCredits(seriesId, personId, job) VALUES(69050,1680339,'Actor');
INSERT INTO SeriesCredits(seriesId, personId, job) VALUES(69050,1136940,'Actor');
INSERT INTO SeriesCredits(seriesId, personId, job) VALUES(69050,56730,'Actor');
INSERT INTO SeriesCredits(seriesId, personId, job) VALUES(69050,1721740,'Actor');
INSERT INTO SeriesCredits(seriesId, personId, job) VALUES(69050,1592855,'Actor');
INSERT INTO SeriesCredits(seriesId, personId, job) VALUES(69050,1724690,'Actor');
INSERT INTO SeriesCredits(seriesId, personId, job) VALUES(69050,1907002,'Actor');
INSERT INTO SeriesCredits(seriesId, personId, job) VALUES(69050,142113,'Actor');
INSERT INTO SeriesCredits(seriesId, personId, job) VALUES(69050,2952139,'Producer');
INSERT INTO SeriesCredits(seriesId, personId, job) VALUES(69050,2017520,'Producer');
INSERT INTO SeriesCredits(seriesId, personId, job) VALUES(69050,1790284,'Producer');
INSERT INTO SeriesCredits(seriesId, personId, job) VALUES(69050,1778902,'Producer');
INSERT INTO SeriesCredits(seriesId, personId, job) VALUES(69050,2248019,'Supervising Producer');
INSERT INTO SeriesCredits(seriesId, personId, job) VALUES(69050,1554004,'Supervising Producer');
INSERT INTO SeriesCredits(seriesId, personId, job) VALUES(69050,2017521,'Supervising Producer');
INSERT INTO SeriesCredits(seriesId, personId, job) VALUES(69050,1228379,'Executive Producer');
INSERT INTO Series(id, title, overview, popularity, seasons, episodes, posterPath, voteCount, voteAvg, firstAir, lastAir, tagline) VALUES(1416,'Grey\'s Anatomy','Follows the personal and professional lives of a group of doctors at Seattle’s Grey Sloan Memorial Hospital.',887.647,17,376,'/clnyhPqj1SNgpAdeSS6a6fwE6Bo.jpg',5898, 8.2,'2005-03-27', '2021-04-22', 'The life you save may be your own.');
INSERT INTO SeriesGenre(seriesId, genreId) VALUES(1416,'18');
INSERT INTO SeriesCountry(seriesId, countryId) VALUES(1416,'US');
INSERT INTO SeriesNetwork(seriesId, networkId) VALUES(1416,'2');
INSERT INTO SeriesCredits(seriesId, personId, job) VALUES(1416,9280,'Actor');
INSERT INTO SeriesCredits(seriesId, personId, job) VALUES(1416,25544,'Actor');
INSERT INTO SeriesCredits(seriesId, personId, job) VALUES(1416,171075,'Actor');
INSERT INTO SeriesCredits(seriesId, personId, job) VALUES(1416,81684,'Actor');
INSERT INTO SeriesCredits(seriesId, personId, job) VALUES(1416,210695,'Actor');
INSERT INTO SeriesCredits(seriesId, personId, job) VALUES(1416,1362995,'Actor');
INSERT INTO SeriesCredits(seriesId, personId, job) VALUES(1416,9013,'Actor');
INSERT INTO SeriesCredits(seriesId, personId, job) VALUES(1416,236021,'Actor');
INSERT INTO Series(id, title, overview, popularity, seasons, episodes, posterPath, voteCount, voteAvg, firstAir, lastAir, tagline) VALUES(63174,'Lucifer','Bored and unhappy as the Lord of Hell, Lucifer Morningstar abandoned his throne and retired to Los Angeles, where he has teamed up with LAPD detective Chloe Decker to take down criminals. But the longer he\'s away from the underworld, the greater the threat that the worst of humanity could escape.',765.386,5,83,'/4EYPN5mVIhKLfxGruy7Dy41dTVn.jpg',8309, 8.5,'2016-01-25', '2020-08-21', 'It\'s good to be bad.');
INSERT INTO SeriesGenre(seriesId, genreId) VALUES(63174,'80');
INSERT INTO SeriesGenre(seriesId, genreId) VALUES(63174,'10765');
INSERT INTO SeriesCountry(seriesId, countryId) VALUES(63174,'US');
INSERT INTO SeriesNetwork(seriesId, networkId) VALUES(63174,'19');
INSERT INTO SeriesNetwork(seriesId, networkId) VALUES(63174,'213');
INSERT INTO SeriesCredits(seriesId, personId, job) VALUES(63174,192944,'Actor');
INSERT INTO SeriesCredits(seriesId, personId, job) VALUES(63174,37014,'Actor');
INSERT INTO SeriesCredits(seriesId, personId, job) VALUES(63174,116474,'Actor');
INSERT INTO SeriesCredits(seriesId, personId, job) VALUES(63174,21356,'Actor');
INSERT INTO SeriesCredits(seriesId, personId, job) VALUES(63174,515875,'Actor');
INSERT INTO SeriesCredits(seriesId, personId, job) VALUES(63174,56457,'Actor');
INSERT INTO SeriesCredits(seriesId, personId, job) VALUES(63174,46074,'Actor');
INSERT INTO Series(id, title, overview, popularity, seasons, episodes, posterPath, voteCount, voteAvg, firstAir, lastAir, tagline) VALUES(79008,'Luis Miguel: The Series','The series dramatizes the life story of Mexican superstar singer Luis Miguel, who has captivated audiences in Latin America and beyond for decades.',754.121,2,21,'/34FaY8qpjBAVysSfrJ1l7nrAQaD.jpg',271, 8,'2018-04-22', '2021-04-18', '');
INSERT INTO SeriesGenre(seriesId, genreId) VALUES(79008,'18');
INSERT INTO SeriesCountry(seriesId, countryId) VALUES(79008,'MX');
INSERT INTO SeriesNetwork(seriesId, networkId) VALUES(79008,'193');
INSERT INTO SeriesNetwork(seriesId, networkId) VALUES(79008,'213');
INSERT INTO SeriesCredits(seriesId, personId, job) VALUES(79008,935201,'Actor');
INSERT INTO Series(id, title, overview, popularity, seasons, episodes, posterPath, voteCount, voteAvg, firstAir, lastAir, tagline) VALUES(1402,'The Walking Dead','Sheriff\'s deputy Rick Grimes awakens from a coma to find a post-apocalyptic world dominated by flesh-eating zombies. He sets out to find his family and encounters many other survivors along the way.',681.472,11,154,'/rqeYMLryjcawh2JeRpCVUDXYM5b.jpg',10604, 8.1,'2010-10-31', '2021-04-04', 'Fight the dead. Fear the living.');
INSERT INTO SeriesGenre(seriesId, genreId) VALUES(1402,'10759');
INSERT INTO SeriesGenre(seriesId, genreId) VALUES(1402,'18');
INSERT INTO SeriesGenre(seriesId, genreId) VALUES(1402,'10765');
INSERT INTO SeriesCountry(seriesId, countryId) VALUES(1402,'US');
INSERT INTO SeriesNetwork(seriesId, networkId) VALUES(1402,'174');
INSERT INTO SeriesCredits(seriesId, personId, job) VALUES(1402,4886,'Actor');
INSERT INTO SeriesCredits(seriesId, personId, job) VALUES(1402,82104,'Actor');
INSERT INTO SeriesCredits(seriesId, personId, job) VALUES(1402,31535,'Actor');
INSERT INTO SeriesCredits(seriesId, personId, job) VALUES(1402,62220,'Actor');
INSERT INTO SeriesCredits(seriesId, personId, job) VALUES(1402,84224,'Actor');
INSERT INTO SeriesCredits(seriesId, personId, job) VALUES(1402,1252310,'Actor');
INSERT INTO SeriesCredits(seriesId, personId, job) VALUES(1402,41688,'Actor');
INSERT INTO SeriesCredits(seriesId, personId, job) VALUES(1402,555249,'Actor');
INSERT INTO SeriesCredits(seriesId, personId, job) VALUES(1402,59811,'Music Producer');
INSERT INTO SeriesCredits(seriesId, personId, job) VALUES(1402,1223875,'Executive Producer');
INSERT INTO SeriesCredits(seriesId, personId, job) VALUES(1402,46348,'Executive Producer');
INSERT INTO SeriesCredits(seriesId, personId, job) VALUES(1402,59287,'Special Effects Makeup Artist');
INSERT INTO SeriesCredits(seriesId, personId, job) VALUES(1402,1756128,'Executive Producer');
INSERT INTO SeriesCredits(seriesId, personId, job) VALUES(1402,1318707,'Executive Producer');
INSERT INTO SeriesCredits(seriesId, personId, job) VALUES(1402,205379,'Executive Producer');
INSERT INTO SeriesCredits(seriesId, personId, job) VALUES(1402,1223867,'Executive Producer');
INSERT INTO SeriesProvider(seriesId, provider, service) VALUES(1402,3,'buy');
INSERT INTO SeriesProvider(seriesId, provider, service) VALUES(1402,130,'buy');
INSERT INTO SeriesProvider(seriesId, provider, service) VALUES(1402,10,'buy');
INSERT INTO SeriesProvider(seriesId, provider, service) VALUES(1402,40,'buy');
INSERT INTO SeriesProvider(seriesId, provider, service) VALUES(1402,192,'buy');
INSERT INTO SeriesProvider(seriesId, provider, service) VALUES(1402,20,'buy');
INSERT INTO SeriesProvider(seriesId, provider, service) VALUES(1402,35,'buy');
INSERT INTO SeriesProvider(seriesId, provider, service) VALUES(1402,178,'buy');
INSERT INTO SeriesProvider(seriesId, provider, service) VALUES(1402,68,'buy');
INSERT INTO SeriesProvider(seriesId, provider, service) VALUES(1402,10,'rent');
INSERT INTO SeriesProvider(seriesId, provider, service) VALUES(1402,40,'rent');
INSERT INTO SeriesProvider(seriesId, provider, service) VALUES(1402,20,'rent');
INSERT INTO SeriesProvider(seriesId, provider, service) VALUES(1402,35,'rent');
INSERT INTO SeriesProvider(seriesId, provider, service) VALUES(1402,178,'rent');
INSERT INTO SeriesProvider(seriesId, provider, service) VALUES(1402,68,'rent');
INSERT INTO SeriesProvider(seriesId, provider, service) VALUES(1402,8,'flat');
INSERT INTO SeriesProvider(seriesId, provider, service) VALUES(1402,175,'flat');
INSERT INTO Series(id, title, overview, popularity, seasons, episodes, posterPath, voteCount, voteAvg, firstAir, lastAir, tagline) VALUES(85271,'WandaVision','Wanda Maximoff and Vision—two super-powered beings living idealized suburban lives—begin to suspect that everything is not as it seems.',675.183,1,9,'/glKDfE6btIRcVB5zrjspRIs4r52.jpg',8216, 8.4,'2021-01-15', '2021-03-05', 'Experience a new vision of reality.');
INSERT INTO SeriesGenre(seriesId, genreId) VALUES(85271,'10765');
INSERT INTO SeriesGenre(seriesId, genreId) VALUES(85271,'9648');
INSERT INTO SeriesGenre(seriesId, genreId) VALUES(85271,'18');
INSERT INTO SeriesCountry(seriesId, countryId) VALUES(85271,'US');
INSERT INTO SeriesNetwork(seriesId, networkId) VALUES(85271,'2739');
INSERT INTO SeriesCredits(seriesId, personId, job) VALUES(85271,550843,'Actor');
INSERT INTO SeriesCredits(seriesId, personId, job) VALUES(85271,6162,'Actor');
INSERT INTO SeriesCredits(seriesId, personId, job) VALUES(85271,17696,'Actor');
INSERT INTO SeriesCredits(seriesId, personId, job) VALUES(85271,970219,'Actor');
INSERT INTO SeriesCredits(seriesId, personId, job) VALUES(85271,79082,'Actor');
INSERT INTO SeriesCredits(seriesId, personId, job) VALUES(85271,52852,'Actor');
INSERT INTO SeriesCredits(seriesId, personId, job) VALUES(85271,7624,'Characters');
INSERT INTO SeriesCredits(seriesId, personId, job) VALUES(85271,123132,'Executive Producer');
INSERT INTO SeriesCredits(seriesId, personId, job) VALUES(85271,2007598,'Art Direction');
INSERT INTO SeriesCredits(seriesId, personId, job) VALUES(85271,23486,'Original Music Composer');
INSERT INTO SeriesCredits(seriesId, personId, job) VALUES(85271,1025712,'Art Direction');
INSERT INTO SeriesCredits(seriesId, personId, job) VALUES(85271,2079872,'Supervising Producer');
INSERT INTO SeriesCredits(seriesId, personId, job) VALUES(85271,2229026,'Set Decoration');
INSERT INTO SeriesCredits(seriesId, personId, job) VALUES(85271,1521330,'Supervising Art Director');
INSERT INTO Series(id, title, overview, popularity, seasons, episodes, posterPath, voteCount, voteAvg, firstAir, lastAir, tagline) VALUES(120168,'Who Killed Sara?','Hell-bent on exacting revenge and proving he was framed for his sister\'s murder, Álex sets out to unearth much more than the crime\'s real culprit.',650.411,2,11,'/o7uk5ChRt3quPIv8PcvPfzyXdMw.jpg',381, 7.8,'2021-03-24', '2021-03-24', '');
INSERT INTO SeriesGenre(seriesId, genreId) VALUES(120168,'18');
INSERT INTO SeriesGenre(seriesId, genreId) VALUES(120168,'80');
INSERT INTO SeriesGenre(seriesId, genreId) VALUES(120168,'9648');
INSERT INTO SeriesCountry(seriesId, countryId) VALUES(120168,'MX');
INSERT INTO SeriesNetwork(seriesId, networkId) VALUES(120168,'213');
INSERT INTO SeriesCredits(seriesId, personId, job) VALUES(120168,3000971,'Actor');
INSERT INTO SeriesCredits(seriesId, personId, job) VALUES(120168,66914,'Actor');
INSERT INTO SeriesCredits(seriesId, personId, job) VALUES(120168,24923,'Actor');
INSERT INTO SeriesCredits(seriesId, personId, job) VALUES(120168,143174,'Actor');
INSERT INTO SeriesCredits(seriesId, personId, job) VALUES(120168,1245795,'Actor');
INSERT INTO SeriesCredits(seriesId, personId, job) VALUES(120168,973853,'Actor');
INSERT INTO Series(id, title, overview, popularity, seasons, episodes, posterPath, voteCount, voteAvg, firstAir, lastAir, tagline) VALUES(95057,'Superman & Lois','After years of facing megalomaniacal supervillains, monsters wreaking havoc on Metropolis, and alien invaders intent on wiping out the human race, The Man of Steel aka Clark Kent and Lois Lane come face to face with one of their greatest challenges ever: dealing with all the stress, pressures and complexities that come with being working parents in today\'s society.',602.783,1,7,'/6SJppowm7cdQgLkvoTlnTUSbjr9.jpg',745, 8.3,'2021-02-23', '2021-03-23', 'Saving the world starts at home.');
INSERT INTO SeriesGenre(seriesId, genreId) VALUES(95057,'10759');
INSERT INTO SeriesGenre(seriesId, genreId) VALUES(95057,'10765');
INSERT INTO SeriesCountry(seriesId, countryId) VALUES(95057,'US');
INSERT INTO SeriesNetwork(seriesId, networkId) VALUES(95057,'71');
INSERT INTO SeriesCredits(seriesId, personId, job) VALUES(95057,78198,'Actor');
INSERT INTO SeriesCredits(seriesId, personId, job) VALUES(95057,74577,'Actor');
INSERT INTO SeriesCredits(seriesId, personId, job) VALUES(95057,1719127,'Actor');
INSERT INTO SeriesCredits(seriesId, personId, job) VALUES(95057,1393181,'Actor');
INSERT INTO SeriesCredits(seriesId, personId, job) VALUES(95057,1367619,'Actor');
INSERT INTO SeriesCredits(seriesId, personId, job) VALUES(95057,2638587,'Actor');
INSERT INTO SeriesCredits(seriesId, personId, job) VALUES(95057,1132104,'Actor');
INSERT INTO SeriesCredits(seriesId, personId, job) VALUES(95057,144292,'Actor');
INSERT INTO SeriesCredits(seriesId, personId, job) VALUES(95057,1395152,'Executive Producer');
INSERT INTO SeriesCredits(seriesId, personId, job) VALUES(95057,211962,'Executive Producer');
INSERT INTO SeriesCredits(seriesId, personId, job) VALUES(95057,60584,'Co-Producer');
INSERT INTO SeriesCredits(seriesId, personId, job) VALUES(95057,1699159,'Co-Producer');
INSERT INTO SeriesCredits(seriesId, personId, job) VALUES(95057,2989065,'Producer');
INSERT INTO SeriesCredits(seriesId, personId, job) VALUES(95057,1512010,'Producer');
INSERT INTO SeriesCredits(seriesId, personId, job) VALUES(95057,1512011,'Producer');
INSERT INTO SeriesCredits(seriesId, personId, job) VALUES(95057,2021379,'Producer');
INSERT INTO Series(id, title, overview, popularity, seasons, episodes, posterPath, voteCount, voteAvg, firstAir, lastAir, tagline) VALUES(1399,'Game of Thrones','Seven noble families fight for control of the mythical land of Westeros. Friction between the houses leads to full-scale war. All while a very ancient evil awakens in the farthest north. Amidst the war, a neglected military order of misfits, the Night\'s Watch, is all that stands between the realms of men and icy horrors beyond.',530.205,8,73,'/u3bZgnGQ9T01sWNhyveQz0wH0Hl.jpg',14032, 8.4,'2011-04-17', '2019-05-19', 'Winter Is Coming');
INSERT INTO SeriesGenre(seriesId, genreId) VALUES(1399,'10765');
INSERT INTO SeriesGenre(seriesId, genreId) VALUES(1399,'18');
INSERT INTO SeriesGenre(seriesId, genreId) VALUES(1399,'10759');
INSERT INTO SeriesCountry(seriesId, countryId) VALUES(1399,'GB');
INSERT INTO SeriesCountry(seriesId, countryId) VALUES(1399,'US');
INSERT INTO SeriesNetwork(seriesId, networkId) VALUES(1399,'49');
INSERT INTO SeriesCredits(seriesId, personId, job) VALUES(1399,1223786,'Actor');
INSERT INTO SeriesCredits(seriesId, personId, job) VALUES(1399,17286,'Actor');
INSERT INTO SeriesCredits(seriesId, personId, job) VALUES(1399,1001657,'Actor');
INSERT INTO SeriesCredits(seriesId, personId, job) VALUES(1399,239019,'Actor');
INSERT INTO SeriesCredits(seriesId, personId, job) VALUES(1399,22970,'Actor');
INSERT INTO SeriesCredits(seriesId, personId, job) VALUES(1399,12795,'Actor');
INSERT INTO SeriesCredits(seriesId, personId, job) VALUES(1399,1181313,'Actor');
INSERT INTO SeriesCredits(seriesId, personId, job) VALUES(1399,15498,'Actor');
INSERT INTO SeriesCredits(seriesId, personId, job) VALUES(1399,33316,'Executive Producer');
INSERT INTO SeriesCredits(seriesId, personId, job) VALUES(1399,1406855,'Producer');
INSERT INTO SeriesCredits(seriesId, personId, job) VALUES(1399,114404,'Executive Producer');
INSERT INTO SeriesCredits(seriesId, personId, job) VALUES(1399,2553002,'Animation');
INSERT INTO SeriesCredits(seriesId, personId, job) VALUES(1399,2818817,'Visual Effects');
INSERT INTO SeriesCredits(seriesId, personId, job) VALUES(1399,1223784,'Co-Executive Producer');
INSERT INTO SeriesCredits(seriesId, personId, job) VALUES(1399,2818813,'Visual Effects');
INSERT INTO SeriesCredits(seriesId, personId, job) VALUES(1399,1460616,'Visual Effects');
INSERT INTO Series(id, title, overview, popularity, seasons, episodes, posterPath, voteCount, voteAvg, firstAir, lastAir, tagline) VALUES(62286,'Fear the Walking Dead','What did the world look like as it was transforming into the horrifying apocalypse depicted in "The Walking Dead"? This spin-off set in Los Angeles, following new characters as they face the beginning of the end of the world, will answer that question.',522.569,6,85,'/4UjiPdFKJGJYdxwRs2Rzg7EmWqr.jpg',3406, 7.6,'2015-08-23', '2021-04-18', 'Every decision is life or death.');
INSERT INTO SeriesGenre(seriesId, genreId) VALUES(62286,'10759');
INSERT INTO SeriesGenre(seriesId, genreId) VALUES(62286,'18');
INSERT INTO SeriesCountry(seriesId, countryId) VALUES(62286,'US');
INSERT INTO SeriesNetwork(seriesId, networkId) VALUES(62286,'174');
INSERT INTO SeriesCredits(seriesId, personId, job) VALUES(62286,1120,'Actor');
INSERT INTO SeriesCredits(seriesId, personId, job) VALUES(62286,1129464,'Actor');
INSERT INTO SeriesCredits(seriesId, personId, job) VALUES(62286,91671,'Actor');
INSERT INTO SeriesCredits(seriesId, personId, job) VALUES(62286,1225996,'Actor');
INSERT INTO SeriesCredits(seriesId, personId, job) VALUES(62286,39520,'Actor');
INSERT INTO SeriesCredits(seriesId, personId, job) VALUES(62286,11825,'Actor');
INSERT INTO SeriesCredits(seriesId, personId, job) VALUES(62286,1552436,'Actor');
INSERT INTO SeriesCredits(seriesId, personId, job) VALUES(62286,168380,'Actor');
INSERT INTO Series(id, title, overview, popularity, seasons, episodes, posterPath, voteCount, voteAvg, firstAir, lastAir, tagline) VALUES(79460,'Legacies','In a place where young witches, vampires, and werewolves are nurtured to be their best selves in spite of their worst impulses, Klaus Mikaelson’s daughter, 17-year-old Hope Mikaelson, Alaric Saltzman’s twins, Lizzie and Josie Saltzman, among others, come of age into heroes and villains at The Salvatore School for the Young and Gifted.',448.75,3,45,'/qTZIgXrBKURBK1KrsT7fe3qwtl9.jpg',1799, 8.6,'2018-10-25', '2021-04-15', 'Heroes. Villains. Whatever.');
INSERT INTO SeriesGenre(seriesId, genreId) VALUES(79460,'10765');
INSERT INTO SeriesGenre(seriesId, genreId) VALUES(79460,'18');
INSERT INTO SeriesNetwork(seriesId, networkId) VALUES(79460,'71');
INSERT INTO SeriesCredits(seriesId, personId, job) VALUES(79460,1457461,'Actor');
INSERT INTO SeriesCredits(seriesId, personId, job) VALUES(79460,1659541,'Actor');
INSERT INTO SeriesCredits(seriesId, personId, job) VALUES(79460,56045,'Actor');
INSERT INTO SeriesCredits(seriesId, personId, job) VALUES(79460,1493434,'Actor');
INSERT INTO SeriesCredits(seriesId, personId, job) VALUES(79460,1413434,'Actor');
INSERT INTO SeriesCredits(seriesId, personId, job) VALUES(79460,1788166,'Actor');
INSERT INTO SeriesCredits(seriesId, personId, job) VALUES(79460,2949808,'Second Assistant Director');
INSERT INTO SeriesCredits(seriesId, personId, job) VALUES(79460,1564154,'Production Manager');
INSERT INTO SeriesCredits(seriesId, personId, job) VALUES(79460,217394,'Property Master');
INSERT INTO SeriesCredits(seriesId, personId, job) VALUES(79460,2949809,'Visual Effects Editor');
INSERT INTO SeriesCredits(seriesId, personId, job) VALUES(79460,2305369,'Stunt Coordinator');
INSERT INTO SeriesCredits(seriesId, personId, job) VALUES(79460,1752259,'Gaffer');
INSERT INTO SeriesCredits(seriesId, personId, job) VALUES(79460,2872224,'Casting Associate');
INSERT INTO SeriesCredits(seriesId, personId, job) VALUES(79460,559313,'Music Editor');
INSERT INTO Series(id, title, overview, popularity, seasons, episodes, posterPath, voteCount, voteAvg, firstAir, lastAir, tagline) VALUES(77169,'Cobra Kai','This Karate Kid sequel series picks up 30 years after the events of the 1984 All Valley Karate Tournament and finds Johnny Lawrence on the hunt for redemption by reopening the infamous Cobra Kai karate dojo. This reignites his old rivalry with the successful Daniel LaRusso, who has been working to maintain the balance in his life without mentor Mr. Miyagi.',401.931,3,30,'/obLBdhLxheKg8Li1qO11r2SwmYO.jpg',2982, 8.1,'2018-05-02', '2021-01-01', 'Cobra Kai never dies.');
INSERT INTO SeriesGenre(seriesId, genreId) VALUES(77169,'10759');
INSERT INTO SeriesGenre(seriesId, genreId) VALUES(77169,'18');
INSERT INTO SeriesCountry(seriesId, countryId) VALUES(77169,'US');
INSERT INTO SeriesNetwork(seriesId, networkId) VALUES(77169,'213');
INSERT INTO SeriesNetwork(seriesId, networkId) VALUES(77169,'1436');
INSERT INTO SeriesCredits(seriesId, personId, job) VALUES(77169,2877,'Actor');
INSERT INTO SeriesCredits(seriesId, personId, job) VALUES(77169,56124,'Actor');
INSERT INTO SeriesCredits(seriesId, personId, job) VALUES(77169,43483,'Actor');
INSERT INTO SeriesCredits(seriesId, personId, job) VALUES(77169,1185997,'Actor');
INSERT INTO SeriesCredits(seriesId, personId, job) VALUES(77169,1130555,'Actor');
INSERT INTO SeriesCredits(seriesId, personId, job) VALUES(77169,1223084,'Actor');
INSERT INTO SeriesCredits(seriesId, personId, job) VALUES(77169,114446,'Actor');
INSERT INTO SeriesCredits(seriesId, personId, job) VALUES(77169,1776137,'Actor');
INSERT INTO SeriesCredits(seriesId, personId, job) VALUES(77169,2171145,'Co-Producer');
INSERT INTO SeriesCredits(seriesId, personId, job) VALUES(77169,1475805,'Producer');
INSERT INTO SeriesCredits(seriesId, personId, job) VALUES(77169,1452578,'Producer');
INSERT INTO SeriesCredits(seriesId, personId, job) VALUES(77169,1308072,'Supervising Producer');
INSERT INTO SeriesCredits(seriesId, personId, job) VALUES(77169,2710744,'Supervising Producer');
INSERT INTO SeriesCredits(seriesId, personId, job) VALUES(77169,2710745,'Supervising Producer');
INSERT INTO SeriesCredits(seriesId, personId, job) VALUES(77169,1002643,'Production Design');
INSERT INTO SeriesCredits(seriesId, personId, job) VALUES(77169,1345611,'Casting');
INSERT INTO Series(id, title, overview, popularity, seasons, episodes, posterPath, voteCount, voteAvg, firstAir, lastAir, tagline) VALUES(18165,'The Vampire Diaries','The story of two vampire brothers obsessed with the same girl, who bears a striking resemblance to the beautiful but ruthless vampire they knew and loved in 1864.',394.663,8,171,'/kLEha9zVVv8acGFKTX4gjvSR2Q0.jpg',5710, 8.3,'2009-09-10', '2017-03-10', 'You remember your first kiss forever... and ever.');
INSERT INTO SeriesGenre(seriesId, genreId) VALUES(18165,'18');
INSERT INTO SeriesGenre(seriesId, genreId) VALUES(18165,'10765');
INSERT INTO SeriesCountry(seriesId, countryId) VALUES(18165,'US');
INSERT INTO SeriesNetwork(seriesId, networkId) VALUES(18165,'71');
INSERT INTO SeriesCredits(seriesId, personId, job) VALUES(18165,83141,'Actor');
INSERT INTO SeriesCredits(seriesId, personId, job) VALUES(18165,19211,'Actor');
INSERT INTO SeriesCredits(seriesId, personId, job) VALUES(18165,159962,'Actor');
INSERT INTO SeriesCredits(seriesId, personId, job) VALUES(18165,85144,'Actor');
INSERT INTO SeriesCredits(seriesId, personId, job) VALUES(18165,221841,'Actor');
INSERT INTO SeriesCredits(seriesId, personId, job) VALUES(18165,1465190,'Actor');
INSERT INTO SeriesCredits(seriesId, personId, job) VALUES(18165,56045,'Actor');
INSERT INTO SeriesCredits(seriesId, personId, job) VALUES(18165,1214616,'Executive Producer');
INSERT INTO SeriesCredits(seriesId, personId, job) VALUES(18165,26458,'Executive Producer');
INSERT INTO SeriesCredits(seriesId, personId, job) VALUES(18165,74039,'Executive Producer');
INSERT INTO SeriesCredits(seriesId, personId, job) VALUES(18165,1553880,'Novel');
INSERT INTO SeriesCredits(seriesId, personId, job) VALUES(18165,20225,'Music');
INSERT INTO SeriesProvider(seriesId, provider, service) VALUES(18165,142,'buy');
INSERT INTO SeriesProvider(seriesId, provider, service) VALUES(18165,142,'rent');
INSERT INTO Series(id, title, overview, popularity, seasons, episodes, posterPath, voteCount, voteAvg, firstAir, lastAir, tagline) VALUES(91605,'I Am...','Each hour-long film follows a different women as they experience “moments that are emotionally raw, thought-provoking and utterly personal”.',393.815,1,3,'/oogunE22HDTcTxFakKQbwqfw1qo.jpg',18, 5.4,'2019-07-23', '2019-08-06', '');
INSERT INTO SeriesGenre(seriesId, genreId) VALUES(91605,'18');
INSERT INTO SeriesNetwork(seriesId, networkId) VALUES(91605,'26');
INSERT INTO SeriesCredits(seriesId, personId, job) VALUES(91605,1017624,'Executive Producer');
INSERT INTO SeriesCredits(seriesId, personId, job) VALUES(91605,2575564,'Executive Producer');
INSERT INTO SeriesCredits(seriesId, personId, job) VALUES(91605,2635,'Casting Director');
INSERT INTO Series(id, title, overview, popularity, seasons, episodes, posterPath, voteCount, voteAvg, firstAir, lastAir, tagline) VALUES(44217,'Vikings','The adventures of Ragnar Lothbrok, the greatest hero of his age. The series tells the sagas of Ragnar\'s band of Viking brothers and his family, as he rises to become King of the Viking tribes. As well as being a fearless warrior, Ragnar embodies the Norse traditions of devotion to the gods. Legend has it that he was a direct descendant of Odin, the god of war and warriors.',360.581,6,89,'/bQLrHIRNEkE3PdIWQrZHynQZazu.jpg',4369, 8,'2013-03-03', '2020-12-30', '');
INSERT INTO SeriesGenre(seriesId, genreId) VALUES(44217,'10759');
INSERT INTO SeriesGenre(seriesId, genreId) VALUES(44217,'18');
INSERT INTO SeriesCountry(seriesId, countryId) VALUES(44217,'CA');
INSERT INTO SeriesCountry(seriesId, countryId) VALUES(44217,'IE');
INSERT INTO SeriesNetwork(seriesId, networkId) VALUES(44217,'1024');
INSERT INTO SeriesNetwork(seriesId, networkId) VALUES(44217,'2360');
INSERT INTO SeriesCredits(seriesId, personId, job) VALUES(44217,1609347,'Actor');
INSERT INTO SeriesCredits(seriesId, personId, job) VALUES(44217,1394429,'Actor');
INSERT INTO SeriesCredits(seriesId, personId, job) VALUES(44217,1372317,'Actor');
INSERT INTO SeriesCredits(seriesId, personId, job) VALUES(44217,11263,'Actor');
INSERT INTO SeriesCredits(seriesId, personId, job) VALUES(44217,2074237,'Actor');
INSERT INTO SeriesCredits(seriesId, personId, job) VALUES(44217,562730,'Actor');
INSERT INTO SeriesCredits(seriesId, personId, job) VALUES(44217,37631,'Executive Producer');
INSERT INTO Series(id, title, overview, popularity, seasons, episodes, posterPath, voteCount, voteAvg, firstAir, lastAir, tagline) VALUES(71694,'Snowfall','Los Angeles. 1983. A storm is coming and it\'s name is crack. Set against the infancy of the crack cocaine epidemic and its ultimate radical impact on the culture as we know it, the story follows numerous characters on a violent collision course.',354.614,4,40,'/orvFrLzqSeW5qTFpfJEbPfHRPWg.jpg',140, 8.1,'2017-07-05', '2021-04-21', '');
INSERT INTO SeriesGenre(seriesId, genreId) VALUES(71694,'80');
INSERT INTO SeriesGenre(seriesId, genreId) VALUES(71694,'18');
INSERT INTO SeriesNetwork(seriesId, networkId) VALUES(71694,'88');
INSERT INTO SeriesCredits(seriesId, personId, job) VALUES(71694,1837297,'Actor');
INSERT INTO SeriesCredits(seriesId, personId, job) VALUES(71694,1846046,'Actor');
INSERT INTO SeriesCredits(seriesId, personId, job) VALUES(71694,78994,'Actor');
INSERT INTO SeriesCredits(seriesId, personId, job) VALUES(71694,1855369,'Actor');
INSERT INTO SeriesCredits(seriesId, personId, job) VALUES(71694,61084,'Actor');
INSERT INTO SeriesCredits(seriesId, personId, job) VALUES(71694,131772,'Actor');
INSERT INTO SeriesCredits(seriesId, personId, job) VALUES(71694,1945056,'Actor');
INSERT INTO Series(id, title, overview, popularity, seasons, episodes, posterPath, voteCount, voteAvg, firstAir, lastAir, tagline) VALUES(114695,'Marvel Studios: Legends','Revisit the epic heroes, villains and moments from across the MCU in preparation for the stories still to come. Each dynamic segment feeds directly into the upcoming series — setting the stage for future events. This series weaves together the many threads that constitute the unparalleled Marvel Cinematic Universe.',341.226,1,7,'/EpDuYIK81YtCUT3gH2JDpyj8Qk.jpg',382, 7.7,'2021-01-08', '2021-03-12', 'As the universe expands, explore the stories of those destined to become legends.');
INSERT INTO SeriesGenre(seriesId, genreId) VALUES(114695,'99');
INSERT INTO SeriesCountry(seriesId, countryId) VALUES(114695,'US');
INSERT INTO SeriesNetwork(seriesId, networkId) VALUES(114695,'2739');
INSERT INTO Series(id, title, overview, popularity, seasons, episodes, posterPath, voteCount, voteAvg, firstAir, lastAir, tagline) VALUES(100617,'Transformers: War for Cybertron: Siege','On their dying planet, the Autobots and Decepticons battle fiercely for control of the AllSpark in the Transformers universe\'s origin story.',341.034,1,6,'/14B6I4FxCMiDoPOwzj27EcqqY6i.jpg',184, 7.7,'2020-07-30', '2020-07-30', '');
INSERT INTO SeriesGenre(seriesId, genreId) VALUES(100617,'10759');
INSERT INTO SeriesGenre(seriesId, genreId) VALUES(100617,'16');
INSERT INTO SeriesGenre(seriesId, genreId) VALUES(100617,'10762');
INSERT INTO SeriesGenre(seriesId, genreId) VALUES(100617,'10765');
INSERT INTO SeriesCountry(seriesId, countryId) VALUES(100617,'JP');
INSERT INTO SeriesCountry(seriesId, countryId) VALUES(100617,'US');
INSERT INTO SeriesNetwork(seriesId, networkId) VALUES(100617,'213');
INSERT INTO SeriesCredits(seriesId, personId, job) VALUES(100617,1676168,'Actor');
INSERT INTO SeriesCredits(seriesId, personId, job) VALUES(100617,1951888,'Actor');
INSERT INTO SeriesCredits(seriesId, personId, job) VALUES(100617,2004665,'Actor');
INSERT INTO SeriesCredits(seriesId, personId, job) VALUES(100617,2263505,'Actor');
INSERT INTO SeriesCredits(seriesId, personId, job) VALUES(100617,1714878,'Actor');
INSERT INTO SeriesCredits(seriesId, personId, job) VALUES(100617,1798827,'Actor');
INSERT INTO SeriesCredits(seriesId, personId, job) VALUES(100617,2760821,'Actor');
INSERT INTO SeriesCredits(seriesId, personId, job) VALUES(100617,1343544,'Actor');
INSERT INTO SeriesCredits(seriesId, personId, job) VALUES(100617,1676173,'Co-Executive Producer');
INSERT INTO SeriesCredits(seriesId, personId, job) VALUES(100617,1762097,'Co-Executive Producer');
INSERT INTO SeriesCredits(seriesId, personId, job) VALUES(100617,2105421,'Producer');
INSERT INTO SeriesCredits(seriesId, personId, job) VALUES(100617,2218270,'Executive Producer');
INSERT INTO SeriesCredits(seriesId, personId, job) VALUES(100617,133359,'Executive Producer');
INSERT INTO SeriesCredits(seriesId, personId, job) VALUES(100617,1695620,'Executive Producer');
INSERT INTO SeriesCredits(seriesId, personId, job) VALUES(100617,1070265,'Original Music Composer');
INSERT INTO SeriesCredits(seriesId, personId, job) VALUES(100617,220273,'Executive Producer');
INSERT INTO Series(id, title, overview, popularity, seasons, episodes, posterPath, voteCount, voteAvg, firstAir, lastAir, tagline) VALUES(48866,'The 100','100 years in the future, when the Earth has been abandoned due to radioactivity, the last surviving humans live on an ark orbiting the planet — but the ark won\'t last forever. So the repressive regime picks 100 expendable juvenile delinquents to send down to Earth to see if the planet is still habitable.',333.685,7,100,'/wcaDIAG1QdXQLRaj4vC1EFdBT2.jpg',6019, 7.9,'2014-03-19', '2020-09-30', 'Survival isn\'t who you are. It\'s who you become.');
INSERT INTO SeriesGenre(seriesId, genreId) VALUES(48866,'10765');
INSERT INTO SeriesGenre(seriesId, genreId) VALUES(48866,'18');
INSERT INTO SeriesGenre(seriesId, genreId) VALUES(48866,'10759');
INSERT INTO SeriesCountry(seriesId, countryId) VALUES(48866,'US');
INSERT INTO SeriesNetwork(seriesId, networkId) VALUES(48866,'71');
INSERT INTO SeriesCredits(seriesId, personId, job) VALUES(48866,1213278,'Actor');
INSERT INTO SeriesCredits(seriesId, personId, job) VALUES(48866,1390882,'Actor');
INSERT INTO SeriesCredits(seriesId, personId, job) VALUES(48866,140114,'Actor');
INSERT INTO SeriesCredits(seriesId, personId, job) VALUES(48866,118546,'Actor');
INSERT INTO SeriesCredits(seriesId, personId, job) VALUES(48866,127733,'Actor');
INSERT INTO SeriesCredits(seriesId, personId, job) VALUES(48866,1610710,'Actor');
INSERT INTO SeriesCredits(seriesId, personId, job) VALUES(48866,62911,'Actor');
INSERT INTO SeriesCredits(seriesId, personId, job) VALUES(48866,2643410,'Actor');
INSERT INTO SeriesCredits(seriesId, personId, job) VALUES(48866,1252432,'Producer');
INSERT INTO SeriesCredits(seriesId, personId, job) VALUES(48866,1768898,'Producer');
INSERT INTO SeriesCredits(seriesId, personId, job) VALUES(48866,1368832,'Supervising Producer');
INSERT INTO SeriesCredits(seriesId, personId, job) VALUES(48866,98159,'Supervising Producer');
INSERT INTO SeriesCredits(seriesId, personId, job) VALUES(48866,1237457,'Co-Executive Producer');
INSERT INTO SeriesCredits(seriesId, personId, job) VALUES(48866,1360905,'Co-Executive Producer');
INSERT INTO SeriesCredits(seriesId, personId, job) VALUES(48866,1387274,'Co-Executive Producer');
INSERT INTO SeriesCredits(seriesId, personId, job) VALUES(48866,1803550,'Executive Producer');
INSERT INTO Series(id, title, overview, popularity, seasons, episodes, posterPath, voteCount, voteAvg, firstAir, lastAir, tagline) VALUES(65334,'Miraculous: Tales of Ladybug & Cat Noir','Normal high school kids by day, protectors of Paris by night! Miraculous follows the heroic adventures of Marinette and Adrien as they transform into Ladybug and Cat Noir and set out to capture akumas, creatures responsible for turning the people of Paris into villains. But neither hero knows the other’s true identity – or that they’re classmates!',333.648,4,81,'/qxbW47zmgFyBVmZSIqD9NA1DEjT.jpg',2453, 7.9,'2015-10-19', '2021-03-23', 'Time to de-evilize!');
INSERT INTO SeriesGenre(seriesId, genreId) VALUES(65334,'10759');
INSERT INTO SeriesGenre(seriesId, genreId) VALUES(65334,'16');
INSERT INTO SeriesGenre(seriesId, genreId) VALUES(65334,'10762');
INSERT INTO SeriesCountry(seriesId, countryId) VALUES(65334,'FR');
INSERT INTO SeriesCountry(seriesId, countryId) VALUES(65334,'JP');
INSERT INTO SeriesCountry(seriesId, countryId) VALUES(65334,'KR');
INSERT INTO SeriesNetwork(seriesId, networkId) VALUES(65334,'290');
INSERT INTO SeriesCredits(seriesId, personId, job) VALUES(65334,2115309,'Actor');
INSERT INTO SeriesCredits(seriesId, personId, job) VALUES(65334,1558832,'Actor');
INSERT INTO SeriesCredits(seriesId, personId, job) VALUES(65334,1373143,'Actor');
INSERT INTO SeriesCredits(seriesId, personId, job) VALUES(65334,1758915,'Actor');
INSERT INTO SeriesCredits(seriesId, personId, job) VALUES(65334,1762590,'Actor');
INSERT INTO SeriesCredits(seriesId, personId, job) VALUES(65334,1762591,'Actor');
INSERT INTO SeriesCredits(seriesId, personId, job) VALUES(65334,1762589,'Actor');
INSERT INTO SeriesCredits(seriesId, personId, job) VALUES(65334,1558830,'Actor');
INSERT INTO Series(id, title, overview, popularity, seasons, episodes, posterPath, voteCount, voteAvg, firstAir, lastAir, tagline) VALUES(67335,'Sin senos sí hay paraíso','A young woman born in a mafia-controlled town seeks revenge on those who wrongfully harmed and imprisoned her family.',327.846,4,340,'/7lBJ6lOS0uQqsH13U9iMTikawQS.jpg',2022, 7.5,'2016-07-19', '2019-12-09', '');
INSERT INTO SeriesGenre(seriesId, genreId) VALUES(67335,'10759');
INSERT INTO SeriesGenre(seriesId, genreId) VALUES(67335,'80');
INSERT INTO SeriesGenre(seriesId, genreId) VALUES(67335,'18');
INSERT INTO SeriesGenre(seriesId, genreId) VALUES(67335,'9648');
INSERT INTO SeriesCountry(seriesId, countryId) VALUES(67335,'CO');
INSERT INTO SeriesNetwork(seriesId, networkId) VALUES(67335,'193');
INSERT INTO SeriesCredits(seriesId, personId, job) VALUES(67335,1418219,'Actor');
INSERT INTO SeriesCredits(seriesId, personId, job) VALUES(67335,1489764,'Actor');
INSERT INTO SeriesCredits(seriesId, personId, job) VALUES(67335,2982047,'Actor');
INSERT INTO SeriesCredits(seriesId, personId, job) VALUES(67335,1252026,'Actor');
INSERT INTO SeriesCredits(seriesId, personId, job) VALUES(67335,1222609,'Actor');
INSERT INTO SeriesCredits(seriesId, personId, job) VALUES(67335,1524508,'Actor');
INSERT INTO SeriesCredits(seriesId, personId, job) VALUES(67335,1869543,'Actor');
INSERT INTO SeriesCredits(seriesId, personId, job) VALUES(67335,1919397,'Actor');
INSERT INTO SeriesCredits(seriesId, personId, job) VALUES(67335,1258629,'Creator');
INSERT INTO SeriesCredits(seriesId, personId, job) VALUES(67335,1524489,'Author');
INSERT INTO Series(id, title, overview, popularity, seasons, episodes, posterPath, voteCount, voteAvg, firstAir, lastAir, tagline) VALUES(46260,'Naruto','In another world, ninja are the ultimate power, and in the Village Hidden in the Leaves live the stealthiest ninja in the land. Twelve years earlier, the fearsome Nine-Tailed Fox terrorized the village and claimed many lives before it was subdued and its spirit sealed within the body of a baby boy. That boy, Naruto Uzumaki, has grown up to become a ninja-in-training who\'s more interested in pranks than in studying ninjutsu.. but Naruto is determined to become the greatest ninja ever!',323.073,4,220,'/vauCEnR7CiyBDzRCeElKkCaXIYu.jpg',3466, 8.4,'2002-10-03', '2007-02-08', '');
INSERT INTO SeriesGenre(seriesId, genreId) VALUES(46260,'16');
INSERT INTO SeriesGenre(seriesId, genreId) VALUES(46260,'10759');
INSERT INTO SeriesGenre(seriesId, genreId) VALUES(46260,'10765');
INSERT INTO SeriesCountry(seriesId, countryId) VALUES(46260,'JP');
INSERT INTO SeriesNetwork(seriesId, networkId) VALUES(46260,'98');
INSERT INTO SeriesCredits(seriesId, personId, job) VALUES(46260,82055,'Actor');
INSERT INTO SeriesCredits(seriesId, personId, job) VALUES(46260,82056,'Actor');
INSERT INTO SeriesCredits(seriesId, personId, job) VALUES(46260,82057,'Actor');
INSERT INTO SeriesCredits(seriesId, personId, job) VALUES(46260,89968,'Actor');
INSERT INTO SeriesCredits(seriesId, personId, job) VALUES(46260,1213848,'Actor');
INSERT INTO SeriesCredits(seriesId, personId, job) VALUES(46260,550662,'Actor');
INSERT INTO SeriesCredits(seriesId, personId, job) VALUES(46260,111531,'Actor');
INSERT INTO SeriesCredits(seriesId, personId, job) VALUES(46260,89971,'Actor');
INSERT INTO SeriesCredits(seriesId, personId, job) VALUES(46260,1067794,'Director');
INSERT INTO Series(id, title, overview, popularity, seasons, episodes, posterPath, voteCount, voteAvg, firstAir, lastAir, tagline) VALUES(96580,'Resident Alien','Crash-landed alien Harry takes on the identity of a small-town Colorado doctor. Arriving with a secret mission, he starts off living a simple life…but things get a bit rocky when he’s roped into solving a local murder and realizes he needs to assimilate into his new world. As he does, he begins to wrestle with the moral dilemma of his mission and asking the big life questions like: “Are human beings worth saving?” and “Why do they fold their pizza before eating it?”',318.56,1,10,'/bG5aqfT5lTHuSbcQofNHtH0RyyP.jpg',174, 8.3,'2021-01-27', '2021-03-31', 'The sci-fi murder mystery doctor dramedy Earth needs now.');
INSERT INTO SeriesGenre(seriesId, genreId) VALUES(96580,'10765');
INSERT INTO SeriesCountry(seriesId, countryId) VALUES(96580,'US');
INSERT INTO SeriesNetwork(seriesId, networkId) VALUES(96580,'77');
INSERT INTO SeriesCredits(seriesId, personId, job) VALUES(96580,21088,'Actor');
INSERT INTO SeriesCredits(seriesId, personId, job) VALUES(96580,95984,'Actor');
INSERT INTO SeriesCredits(seriesId, personId, job) VALUES(96580,8694,'Actor');
INSERT INTO SeriesCredits(seriesId, personId, job) VALUES(96580,1661365,'Actor');
INSERT INTO SeriesCredits(seriesId, personId, job) VALUES(96580,133780,'Actor');
INSERT INTO SeriesCredits(seriesId, personId, job) VALUES(96580,2955230,'Actor');
INSERT INTO SeriesCredits(seriesId, personId, job) VALUES(96580,2484544,'Comic Book');
INSERT INTO SeriesCredits(seriesId, personId, job) VALUES(96580,170819,'Executive Producer');
INSERT INTO SeriesCredits(seriesId, personId, job) VALUES(96580,2484545,'Comic Book');
INSERT INTO SeriesCredits(seriesId, personId, job) VALUES(96580,1491096,'Music');
INSERT INTO SeriesCredits(seriesId, personId, job) VALUES(96580,1225545,'Executive Producer');
INSERT INTO SeriesCredits(seriesId, personId, job) VALUES(96580,1231425,'Executive Producer');
INSERT INTO SeriesCredits(seriesId, personId, job) VALUES(96580,2984290,'Co-Producer');
INSERT INTO SeriesCredits(seriesId, personId, job) VALUES(96580,1646058,'Music Editor');
INSERT INTO Series(id, title, overview, popularity, seasons, episodes, posterPath, voteCount, voteAvg, firstAir, lastAir, tagline) VALUES(76669,'Elite','When three working class kids enroll in the most exclusive school in Spain, the clash between the wealthy and the poor students leads to tragedy.',315.051,5,32,'/3NTAbAiao4JLzFQw6YxP1YZppM8.jpg',6303, 8.2,'2018-10-05', '2020-03-13', '');
INSERT INTO SeriesGenre(seriesId, genreId) VALUES(76669,'80');
INSERT INTO SeriesGenre(seriesId, genreId) VALUES(76669,'9648');
INSERT INTO SeriesGenre(seriesId, genreId) VALUES(76669,'18');
INSERT INTO SeriesCountry(seriesId, countryId) VALUES(76669,'ES');
INSERT INTO SeriesNetwork(seriesId, networkId) VALUES(76669,'213');
INSERT INTO SeriesCredits(seriesId, personId, job) VALUES(76669,1706738,'Actor');
INSERT INTO SeriesCredits(seriesId, personId, job) VALUES(76669,1846370,'Actor');
INSERT INTO SeriesCredits(seriesId, personId, job) VALUES(76669,1162998,'Actor');
INSERT INTO Series(id, title, overview, popularity, seasons, episodes, posterPath, voteCount, voteAvg, firstAir, lastAir, tagline) VALUES(44953,'The Lord of the Skies','Set in the 1990s, these are the life and times of Amado Carrillo Fuentes, a man who became the head of the Juárez cartel. Nicknamed “El Señor de los Cielos” (Lord of the Skies) because of the large fleet of airplanes he used to transport drugs, he was also known for washing more than $200 million through Colombia to finance his huge fleet. He is described as the most powerful drug trafficker of his time.',301.96,7,611,'/Ag7VUdnrRz5Qpq3Yn3E5OCvFnu0.jpg',1181, 7.7,'2013-04-15', '2019-12-31', '');
INSERT INTO SeriesGenre(seriesId, genreId) VALUES(44953,'80');
INSERT INTO SeriesGenre(seriesId, genreId) VALUES(44953,'18');
INSERT INTO SeriesGenre(seriesId, genreId) VALUES(44953,'10766');
INSERT INTO SeriesCountry(seriesId, countryId) VALUES(44953,'MX');
INSERT INTO SeriesCountry(seriesId, countryId) VALUES(44953,'US');
INSERT INTO SeriesCountry(seriesId, countryId) VALUES(44953,'CO');
INSERT INTO SeriesNetwork(seriesId, networkId) VALUES(44953,'193');
INSERT INTO SeriesCredits(seriesId, personId, job) VALUES(44953,237569,'Actor');
INSERT INTO SeriesCredits(seriesId, personId, job) VALUES(44953,1044077,'Actor');
INSERT INTO SeriesCredits(seriesId, personId, job) VALUES(44953,1044087,'Actor');
INSERT INTO SeriesCredits(seriesId, personId, job) VALUES(44953,1254327,'Actor');
INSERT INTO SeriesCredits(seriesId, personId, job) VALUES(44953,2066671,'Actor');
INSERT INTO SeriesCredits(seriesId, personId, job) VALUES(44953,946529,'Actor');
INSERT INTO SeriesCredits(seriesId, personId, job) VALUES(44953,950564,'Actor');
INSERT INTO Series(id, title, overview, popularity, seasons, episodes, posterPath, voteCount, voteAvg, firstAir, lastAir, tagline) VALUES(79744,'The Rookie','Starting over isn’t easy, especially for small-town guy John Nolan who, after a life-altering incident, is pursuing his dream of being an LAPD officer. As the force’s oldest rookie, he’s met with skepticism from some higher-ups who see him as just a walking midlife crisis.',294.568,3,53,'/6hChiX0vIjWY4y2kz1WndHVMsDu.jpg',449, 8,'2018-10-16', '2021-04-18', 'He’s got this.');
INSERT INTO SeriesGenre(seriesId, genreId) VALUES(79744,'80');
INSERT INTO SeriesGenre(seriesId, genreId) VALUES(79744,'18');
INSERT INTO SeriesCountry(seriesId, countryId) VALUES(79744,'US');
INSERT INTO SeriesNetwork(seriesId, networkId) VALUES(79744,'2');
INSERT INTO SeriesCredits(seriesId, personId, job) VALUES(79744,51797,'Actor');
INSERT INTO SeriesCredits(seriesId, personId, job) VALUES(79744,1234713,'Actor');
INSERT INTO SeriesCredits(seriesId, personId, job) VALUES(79744,202952,'Actor');
INSERT INTO SeriesCredits(seriesId, personId, job) VALUES(79744,564632,'Actor');
INSERT INTO SeriesCredits(seriesId, personId, job) VALUES(79744,74409,'Actor');
INSERT INTO SeriesCredits(seriesId, personId, job) VALUES(79744,134180,'Actor');
INSERT INTO SeriesCredits(seriesId, personId, job) VALUES(79744,55755,'Actor');
INSERT INTO Series(id, title, overview, popularity, seasons, episodes, posterPath, voteCount, voteAvg, firstAir, lastAir, tagline) VALUES(95479,'Jujutsu Kaisen','With his days numbered, high schooler Yuji decides to hunt down and consume the remaining 19 fingers of a deadly curse so it can die with him.',294.387,1,24,'/g1rK2nRXSidcMwNliWDIroWWGTn.jpg',883, 8.5,'2020-10-03', '2021-03-27', 'A boy fights... for "the right death."');
INSERT INTO SeriesGenre(seriesId, genreId) VALUES(95479,'16');
INSERT INTO SeriesGenre(seriesId, genreId) VALUES(95479,'10759');
INSERT INTO SeriesGenre(seriesId, genreId) VALUES(95479,'10765');
INSERT INTO SeriesCountry(seriesId, countryId) VALUES(95479,'JP');
INSERT INTO SeriesNetwork(seriesId, networkId) VALUES(95479,'94');
INSERT INTO SeriesNetwork(seriesId, networkId) VALUES(95479,'160');
INSERT INTO SeriesNetwork(seriesId, networkId) VALUES(95479,'201');
INSERT INTO SeriesNetwork(seriesId, networkId) VALUES(95479,'3658');
INSERT INTO SeriesCredits(seriesId, personId, job) VALUES(95479,1606164,'Actor');
INSERT INTO SeriesCredits(seriesId, personId, job) VALUES(95479,1492992,'Actor');
INSERT INTO SeriesCredits(seriesId, personId, job) VALUES(95479,1254672,'Actor');
INSERT INTO SeriesCredits(seriesId, personId, job) VALUES(95479,1221114,'Actor');
INSERT INTO SeriesCredits(seriesId, personId, job) VALUES(95479,1466003,'Character Designer');
INSERT INTO SeriesCredits(seriesId, personId, job) VALUES(95479,2720273,'Comic Book');
INSERT INTO SeriesCredits(seriesId, personId, job) VALUES(95479,1491863,'Series Composition');
INSERT INTO SeriesCredits(seriesId, personId, job) VALUES(95479,2765990,'3D Director');
INSERT INTO SeriesCredits(seriesId, personId, job) VALUES(95479,2536500,'Editor');
INSERT INTO SeriesCredits(seriesId, personId, job) VALUES(95479,2045661,'Color Designer');
INSERT INTO SeriesCredits(seriesId, personId, job) VALUES(95479,2765983,'Director of Photography');
INSERT INTO SeriesCredits(seriesId, personId, job) VALUES(95479,2413516,'Assistant Director');
INSERT INTO Series(id, title, overview, popularity, seasons, episodes, posterPath, voteCount, voteAvg, firstAir, lastAir, tagline) VALUES(456,'The Simpsons','Set in Springfield, the average American town, the show focuses on the antics and everyday adventures of the Simpson family; Homer, Marge, Bart, Lisa and Maggie, as well as a virtual cast of thousands. Since the beginning, the series has been a pop culture icon, attracting hundreds of celebrities to guest star. The show has also made name for itself in its fearless satirical take on politics, media and American life in general.',282.558,34,706,'/2IWouZK4gkgHhJa3oyYuSWfSqbG.jpg',6413, 7.8,'1989-12-17', '2021-04-18', 'On your marks, get set, d\'oh!');
INSERT INTO SeriesGenre(seriesId, genreId) VALUES(456,'10751');
INSERT INTO SeriesGenre(seriesId, genreId) VALUES(456,'16');
INSERT INTO SeriesGenre(seriesId, genreId) VALUES(456,'35');
INSERT INTO SeriesCountry(seriesId, countryId) VALUES(456,'US');
INSERT INTO SeriesNetwork(seriesId, networkId) VALUES(456,'19');
INSERT INTO SeriesCredits(seriesId, personId, job) VALUES(456,198,'Actor');
INSERT INTO SeriesCredits(seriesId, personId, job) VALUES(456,199,'Actor');
INSERT INTO SeriesCredits(seriesId, personId, job) VALUES(456,200,'Actor');
INSERT INTO SeriesCredits(seriesId, personId, job) VALUES(456,5586,'Actor');
INSERT INTO SeriesCredits(seriesId, personId, job) VALUES(456,5587,'Actor');
INSERT INTO SeriesCredits(seriesId, personId, job) VALUES(456,6008,'Actor');
INSERT INTO Series(id, title, overview, popularity, seasons, episodes, posterPath, voteCount, voteAvg, firstAir, lastAir, tagline) VALUES(1622,'Supernatural','When they were boys, Sam and Dean Winchester lost their mother to a mysterious and demonic supernatural force. Subsequently, their father raised them to be soldiers. He taught them about the paranormal evil that lives in the dark corners and on the back roads of America ... and he taught them how to kill it. Now, the Winchester brothers crisscross the country in their \'67 Chevy Impala, battling every kind of supernatural threat they encounter along the way. ',281.276,15,327,'/KoYWXbnYuS3b0GyQPkbuexlVK9.jpg',5034, 8.2,'2005-09-13', '2020-11-19', 'Between darkness and deliverance');
INSERT INTO SeriesGenre(seriesId, genreId) VALUES(1622,'18');
INSERT INTO SeriesGenre(seriesId, genreId) VALUES(1622,'9648');
INSERT INTO SeriesGenre(seriesId, genreId) VALUES(1622,'10765');
INSERT INTO SeriesCountry(seriesId, countryId) VALUES(1622,'US');
INSERT INTO SeriesNetwork(seriesId, networkId) VALUES(1622,'21');
INSERT INTO SeriesNetwork(seriesId, networkId) VALUES(1622,'71');
INSERT INTO SeriesCredits(seriesId, personId, job) VALUES(1622,49623,'Actor');
INSERT INTO SeriesCredits(seriesId, personId, job) VALUES(1622,49624,'Actor');
INSERT INTO SeriesCredits(seriesId, personId, job) VALUES(1622,1197120,'Casting Coordinator');
INSERT INTO SeriesCredits(seriesId, personId, job) VALUES(1622,2589982,'Writers\' Production');
INSERT INTO SeriesCredits(seriesId, personId, job) VALUES(1622,2589986,'Executive Assistant');
INSERT INTO SeriesCredits(seriesId, personId, job) VALUES(1622,1319152,'Costume Designer');
INSERT INTO SeriesCredits(seriesId, personId, job) VALUES(1622,6992,'Director of Photography');
INSERT INTO Series(id, title, overview, popularity, seasons, episodes, posterPath, voteCount, voteAvg, firstAir, lastAir, tagline) VALUES(82856,'The Mandalorian','After the fall of the Galactic Empire, lawlessness has spread throughout the galaxy. A lone gunfighter makes his way through the outer reaches, earning his keep as a bounty hunter.',279.321,2,16,'/sWgBv7LV2PRoQgkxwlibdGXKz1S.jpg',6250, 8.5,'2019-11-12', '2020-12-18', 'Bounty hunting is a complicated profession.');
INSERT INTO SeriesGenre(seriesId, genreId) VALUES(82856,'10765');
INSERT INTO SeriesGenre(seriesId, genreId) VALUES(82856,'10759');
INSERT INTO SeriesGenre(seriesId, genreId) VALUES(82856,'37');
INSERT INTO SeriesGenre(seriesId, genreId) VALUES(82856,'18');
INSERT INTO SeriesCountry(seriesId, countryId) VALUES(82856,'US');
INSERT INTO SeriesNetwork(seriesId, networkId) VALUES(82856,'2739');
INSERT INTO SeriesCredits(seriesId, personId, job) VALUES(82856,1253360,'Actor');
INSERT INTO SeriesCredits(seriesId, personId, job) VALUES(82856,23782,'Production Design');
INSERT INTO SeriesCredits(seriesId, personId, job) VALUES(82856,1371864,'Co-Executive Producer');
INSERT INTO SeriesCredits(seriesId, personId, job) VALUES(82856,2648309,'Co-Producer');
INSERT INTO SeriesCredits(seriesId, personId, job) VALUES(82856,1423746,'Hair Designer');
INSERT INTO SeriesCredits(seriesId, personId, job) VALUES(82856,1091813,'Costume Designer');
INSERT INTO SeriesCredits(seriesId, personId, job) VALUES(82856,1324261,'Art Direction');
INSERT INTO SeriesCredits(seriesId, personId, job) VALUES(82856,1293581,'Art Direction');
INSERT INTO SeriesCredits(seriesId, personId, job) VALUES(82856,1760516,'Producer');
INSERT INTO Series(id, title, overview, popularity, seasons, episodes, posterPath, voteCount, voteAvg, firstAir, lastAir, tagline) VALUES(1911,'Bones','Dr. Temperance Brennan and her colleagues at the Jeffersonian\'s Medico-Legal Lab assist Special Agent Seeley Booth with murder investigations when the remains are so badly decomposed, burned or destroyed that the standard identification methods are useless.',273.037,12,246,'/eyTu5c8LniVciRZIOSHTvvkkgJa.jpg',1949, 8.3,'2005-09-13', '2017-03-28', 'Every body has secrets.');
INSERT INTO SeriesGenre(seriesId, genreId) VALUES(1911,'80');
INSERT INTO SeriesGenre(seriesId, genreId) VALUES(1911,'18');
INSERT INTO SeriesCountry(seriesId, countryId) VALUES(1911,'US');
INSERT INTO SeriesNetwork(seriesId, networkId) VALUES(1911,'19');
INSERT INTO SeriesCredits(seriesId, personId, job) VALUES(1911,25933,'Actor');
INSERT INTO SeriesCredits(seriesId, personId, job) VALUES(1911,25934,'Actor');
INSERT INTO SeriesCredits(seriesId, personId, job) VALUES(1911,58621,'Actor');
INSERT INTO SeriesCredits(seriesId, personId, job) VALUES(1911,122237,'Actor');
INSERT INTO SeriesCredits(seriesId, personId, job) VALUES(1911,39464,'Actor');
INSERT INTO SeriesCredits(seriesId, personId, job) VALUES(1911,151263,'Actor');
INSERT INTO SeriesProvider(seriesId, provider, service) VALUES(1911,337,'flat');
INSERT INTO SeriesProvider(seriesId, provider, service) VALUES(1911,9,'flat');
INSERT INTO Series(id, title, overview, popularity, seasons, episodes, posterPath, voteCount, voteAvg, firstAir, lastAir, tagline) VALUES(4604,'Smallville','The origins of the world’s greatest hero–from Krypton refugee Kal-el’s arrival on Earth through his tumultuous teen years to Clark Kent’s final steps toward embracing his destiny as the Man of Steel.',272.618,10,216,'/pUhJGETy2sec4vEkiqJ9eGeIywc.jpg',2363, 8.2,'2001-10-16', '2011-05-13', 'Every story has a beginning.');
INSERT INTO SeriesGenre(seriesId, genreId) VALUES(4604,'10765');
INSERT INTO SeriesGenre(seriesId, genreId) VALUES(4604,'10759');
INSERT INTO SeriesGenre(seriesId, genreId) VALUES(4604,'18');
INSERT INTO SeriesCountry(seriesId, countryId) VALUES(4604,'US');
INSERT INTO SeriesNetwork(seriesId, networkId) VALUES(4604,'21');
INSERT INTO SeriesNetwork(seriesId, networkId) VALUES(4604,'71');
INSERT INTO SeriesCredits(seriesId, personId, job) VALUES(4604,11824,'Actor');
INSERT INTO SeriesCredits(seriesId, personId, job) VALUES(4604,138770,'Actor');
INSERT INTO SeriesCredits(seriesId, personId, job) VALUES(4604,46897,'Actor');
INSERT INTO SeriesCredits(seriesId, personId, job) VALUES(4604,1222596,'Actor');
INSERT INTO SeriesCredits(seriesId, personId, job) VALUES(4604,72446,'Co-Executive Producer');
INSERT INTO SeriesCredits(seriesId, personId, job) VALUES(4604,11824,'Executive Producer');
INSERT INTO SeriesCredits(seriesId, personId, job) VALUES(4604,1237458,'Producer');
INSERT INTO SeriesCredits(seriesId, personId, job) VALUES(4604,1223889,'Supervising Producer');
INSERT INTO SeriesCredits(seriesId, personId, job) VALUES(4604,72445,'Co-Executive Producer');
INSERT INTO SeriesCredits(seriesId, personId, job) VALUES(4604,1237460,'Co-Executive Producer');
INSERT INTO SeriesCredits(seriesId, personId, job) VALUES(4604,1237463,'Associate Producer');
INSERT INTO SeriesCredits(seriesId, personId, job) VALUES(4604,1237457,'Co-Executive Producer');
INSERT INTO Series(id, title, overview, popularity, seasons, episodes, posterPath, voteCount, voteAvg, firstAir, lastAir, tagline) VALUES(97513,'The Boarding School: Las Cumbres','In an inaccessible place between the mountains and isolated from the world, a school is located next to an old monastery. The students are rebellious and problematic young people who live under the strict and severe discipline imposed by the center to reintegrate them into society. The surrounding forest is home to ancient legends, threats that are still valid and that will immerse them in terrifying adventures.',264.96,1,8,'/kl07N07l4XNjXF48oujzWXs40Dw.jpg',589, 7.5,'2021-02-19', '2021-02-19', '');
INSERT INTO SeriesGenre(seriesId, genreId) VALUES(97513,'18');
INSERT INTO SeriesGenre(seriesId, genreId) VALUES(97513,'9648');
INSERT INTO SeriesCountry(seriesId, countryId) VALUES(97513,'ES');
INSERT INTO SeriesNetwork(seriesId, networkId) VALUES(97513,'1024');
INSERT INTO SeriesCredits(seriesId, personId, job) VALUES(97513,2203918,'Actor');
INSERT INTO SeriesCredits(seriesId, personId, job) VALUES(97513,2543167,'Actor');
INSERT INTO SeriesCredits(seriesId, personId, job) VALUES(97513,1300672,'Actor');
INSERT INTO SeriesCredits(seriesId, personId, job) VALUES(97513,33412,'Actor');
INSERT INTO SeriesCredits(seriesId, personId, job) VALUES(97513,2025253,'Actor');
INSERT INTO SeriesCredits(seriesId, personId, job) VALUES(97513,2438142,'Actor');
INSERT INTO SeriesCredits(seriesId, personId, job) VALUES(97513,2107386,'Actor');
INSERT INTO SeriesCredits(seriesId, personId, job) VALUES(97513,2543169,'Actor');
INSERT INTO SeriesCredits(seriesId, personId, job) VALUES(97513,1261481,'Executive Producer');
INSERT INTO SeriesCredits(seriesId, personId, job) VALUES(97513,2013085,'Executive Producer');
INSERT INTO SeriesCredits(seriesId, personId, job) VALUES(97513,1261480,'Original Series Creator');
INSERT INTO SeriesCredits(seriesId, personId, job) VALUES(97513,1261481,'Original Series Creator');
INSERT INTO SeriesCredits(seriesId, personId, job) VALUES(97513,1697440,'Original Series Creator');
INSERT INTO SeriesCredits(seriesId, personId, job) VALUES(97513,1697439,'Original Series Creator');
INSERT INTO SeriesCredits(seriesId, personId, job) VALUES(97513,3040958,'Director');
INSERT INTO Series(id, title, overview, popularity, seasons, episodes, posterPath, voteCount, voteAvg, firstAir, lastAir, tagline) VALUES(62688,'Supergirl','Twenty-four-year-old Kara Zor-El, who was taken in by the Danvers family when she was 13 after being sent away from Krypton, must learn to embrace her powers after previously hiding them. The Danvers teach her to be careful with her powers, until she has to reveal them during an unexpected disaster, setting her on her journey of heroism.',260.335,6,113,'/zsaiq8ZclPuneuN7loLEbsh1ANJ.jpg',2980, 7.2,'2015-10-26', '2021-04-20', 'A force against fear');
INSERT INTO SeriesGenre(seriesId, genreId) VALUES(62688,'18');
INSERT INTO SeriesGenre(seriesId, genreId) VALUES(62688,'10765');
INSERT INTO SeriesGenre(seriesId, genreId) VALUES(62688,'10759');
INSERT INTO SeriesCountry(seriesId, countryId) VALUES(62688,'US');
INSERT INTO SeriesNetwork(seriesId, networkId) VALUES(62688,'16');
INSERT INTO SeriesNetwork(seriesId, networkId) VALUES(62688,'71');
INSERT INTO SeriesCredits(seriesId, personId, job) VALUES(62688,129104,'Actor');
INSERT INTO SeriesCredits(seriesId, personId, job) VALUES(62688,69210,'Actor');
INSERT INTO SeriesCredits(seriesId, personId, job) VALUES(62688,16752,'Actor');
INSERT INTO SeriesCredits(seriesId, personId, job) VALUES(62688,150587,'Actor');
INSERT INTO SeriesCredits(seriesId, personId, job) VALUES(62688,96593,'Actor');
INSERT INTO SeriesCredits(seriesId, personId, job) VALUES(62688,1718957,'Actor');
INSERT INTO SeriesCredits(seriesId, personId, job) VALUES(62688,134238,'Actor');
INSERT INTO SeriesCredits(seriesId, personId, job) VALUES(62688,68769,'Actor');
INSERT INTO SeriesCredits(seriesId, personId, job) VALUES(62688,1218135,'Executive Producer');
INSERT INTO SeriesCredits(seriesId, personId, job) VALUES(62688,3031809,'Co-Executive Producer');
INSERT INTO SeriesCredits(seriesId, personId, job) VALUES(62688,1890015,'Co-Producer');
INSERT INTO SeriesCredits(seriesId, personId, job) VALUES(62688,1498016,'Producer');
INSERT INTO SeriesCredits(seriesId, personId, job) VALUES(62688,2339934,'Supervising Producer');
INSERT INTO SeriesCredits(seriesId, personId, job) VALUES(62688,1378801,'Supervising Producer');
INSERT INTO SeriesCredits(seriesId, personId, job) VALUES(62688,1237300,'Co-Executive Producer');
INSERT INTO SeriesCredits(seriesId, personId, job) VALUES(62688,1488029,'Co-Executive Producer');
INSERT INTO Series(id, title, overview, popularity, seasons, episodes, posterPath, voteCount, voteAvg, firstAir, lastAir, tagline) VALUES(76479,'The Boys','A group of vigilantes known informally as “The Boys” set out to take down corrupt superheroes with no more than blue-collar grit and a willingness to fight dirty.',256.841,2,16,'/mY7SeH4HFFxW1hiI6cWuwCRKptN.jpg',4413, 8.4,'2019-07-25', '2020-10-09', 'Never meet your heroes.');
INSERT INTO SeriesGenre(seriesId, genreId) VALUES(76479,'10765');
INSERT INTO SeriesGenre(seriesId, genreId) VALUES(76479,'10759');
INSERT INTO SeriesCountry(seriesId, countryId) VALUES(76479,'US');
INSERT INTO SeriesNetwork(seriesId, networkId) VALUES(76479,'1024');
INSERT INTO SeriesCredits(seriesId, personId, job) VALUES(76479,1372,'Actor');
INSERT INTO SeriesCredits(seriesId, personId, job) VALUES(76479,1030513,'Actor');
INSERT INTO SeriesCredits(seriesId, personId, job) VALUES(76479,60373,'Actor');
INSERT INTO SeriesCredits(seriesId, personId, job) VALUES(76479,990393,'Actor');
INSERT INTO SeriesCredits(seriesId, personId, job) VALUES(76479,115146,'Actor');
INSERT INTO SeriesCredits(seriesId, personId, job) VALUES(76479,198847,'Actor');
INSERT INTO SeriesCredits(seriesId, personId, job) VALUES(76479,10964,'Actor');
INSERT INTO SeriesCredits(seriesId, personId, job) VALUES(76479,60899,'Actor');
INSERT INTO SeriesCredits(seriesId, personId, job) VALUES(76479,2746280,'Supervising Producer');
INSERT INTO SeriesCredits(seriesId, personId, job) VALUES(76479,58922,'Executive Producer');
INSERT INTO SeriesCredits(seriesId, personId, job) VALUES(76479,71225,'Co-Executive Producer');
INSERT INTO SeriesCredits(seriesId, personId, job) VALUES(76479,2121901,'Casting');
INSERT INTO SeriesCredits(seriesId, personId, job) VALUES(76479,1225933,'Executive Producer');
INSERT INTO SeriesCredits(seriesId, personId, job) VALUES(76479,2765494,'Producer');
INSERT INTO SeriesCredits(seriesId, personId, job) VALUES(76479,82665,'Executive Producer');
INSERT INTO SeriesCredits(seriesId, personId, job) VALUES(76479,1708333,'Associate Producer');
INSERT INTO Series(id, title, overview, popularity, seasons, episodes, posterPath, voteCount, voteAvg, firstAir, lastAir, tagline) VALUES(65820,'Van Helsing','Vanessa Helsing, the daughter of famous vampire hunter and Dracula nemesis Abraham Van Helsing is resurrected five years in the future to find out that vampires have taken over the world and that she possesses unique power over them. She is humanity’s last hope to lead an offensive to take back what has been lost.',256.556,5,56,'/qMC4nnMZfnFMVnxRtN4Rey3NDXb.jpg',511, 6.9,'2016-09-23', '2021-04-16', '');
INSERT INTO SeriesGenre(seriesId, genreId) VALUES(65820,'9648');
INSERT INTO SeriesGenre(seriesId, genreId) VALUES(65820,'10765');
INSERT INTO SeriesGenre(seriesId, genreId) VALUES(65820,'10759');
INSERT INTO SeriesCountry(seriesId, countryId) VALUES(65820,'US');
INSERT INTO SeriesNetwork(seriesId, networkId) VALUES(65820,'77');
INSERT INTO SeriesCredits(seriesId, personId, job) VALUES(65820,61829,'Actor');
INSERT INTO SeriesCredits(seriesId, personId, job) VALUES(65820,32887,'Actor');
INSERT INTO SeriesCredits(seriesId, personId, job) VALUES(65820,83948,'Actor');
INSERT INTO SeriesCredits(seriesId, personId, job) VALUES(65820,107810,'Actor');
INSERT INTO Series(id, title, overview, popularity, seasons, episodes, posterPath, voteCount, voteAvg, firstAir, lastAir, tagline) VALUES(60574,'Peaky Blinders','A gangster family epic set in 1919 Birmingham, England and centered on a gang who sew razor blades in the peaks of their caps, and their fierce boss Tommy Shelby, who means to move up in the world.',255.797,5,30,'/6PX0r5TRRU5y0jZ70y1OtbLYmoD.jpg',2421, 8.6,'2013-09-12', '2019-09-22', 'London\'s for the taking');
INSERT INTO SeriesGenre(seriesId, genreId) VALUES(60574,'80');
INSERT INTO SeriesGenre(seriesId, genreId) VALUES(60574,'18');
INSERT INTO SeriesCountry(seriesId, countryId) VALUES(60574,'GB');
INSERT INTO SeriesNetwork(seriesId, networkId) VALUES(60574,'4');
INSERT INTO SeriesNetwork(seriesId, networkId) VALUES(60574,'332');
INSERT INTO SeriesCredits(seriesId, personId, job) VALUES(60574,2037,'Actor');
INSERT INTO SeriesCredits(seriesId, personId, job) VALUES(60574,220448,'Actor');
INSERT INTO SeriesCredits(seriesId, personId, job) VALUES(60574,237455,'Actor');
INSERT INTO SeriesCredits(seriesId, personId, job) VALUES(60574,1508313,'Actor');
INSERT INTO SeriesCredits(seriesId, personId, job) VALUES(60574,1397778,'Actor');
INSERT INTO SeriesCredits(seriesId, personId, job) VALUES(60574,15737,'Actor');
INSERT INTO SeriesCredits(seriesId, personId, job) VALUES(60574,1088620,'Actor');
INSERT INTO SeriesCredits(seriesId, personId, job) VALUES(60574,1392625,'Actor');
INSERT INTO SeriesCredits(seriesId, personId, job) VALUES(60574,1164437,'Director of Photography');
INSERT INTO SeriesCredits(seriesId, personId, job) VALUES(60574,2435179,'Sound Recordist');
INSERT INTO SeriesCredits(seriesId, personId, job) VALUES(60574,25515,'Editor');
INSERT INTO SeriesCredits(seriesId, personId, job) VALUES(60574,1922328,'Production Design');
INSERT INTO SeriesCredits(seriesId, personId, job) VALUES(60574,1238126,'Executive Producer');
INSERT INTO SeriesCredits(seriesId, personId, job) VALUES(60574,1849956,'First Assistant Director');
INSERT INTO SeriesCredits(seriesId, personId, job) VALUES(60574,2435182,'Associate Producer');
INSERT INTO SeriesCredits(seriesId, personId, job) VALUES(60574,2037,'Executive Producer');
INSERT INTO Series(id, title, overview, popularity, seasons, episodes, posterPath, voteCount, voteAvg, firstAir, lastAir, tagline) VALUES(34524,'Teen Wolf','Scott McCall, a high school student living in the town of Beacon Hills has his life drastically changed when he\'s bitten by a werewolf, becoming one himself. He must henceforth learn to balance his problematic new identity with his day-to-day teenage life. The following characters are instrumental to his struggle: Stiles, his best friend; Allison, his love interest who comes from a family of werewolf hunters; and Derek, a mysterious werewolf with a dark past. Throughout the series, he strives to keep his loved ones safe while maintaining normal relationships with them.',252.929,6,100,'/vY2vfAskJTiWsQSv6bdbNCQhPLm.jpg',2334, 8.6,'2011-06-05', '2017-09-24', 'Watch your pack.');
INSERT INTO SeriesGenre(seriesId, genreId) VALUES(34524,'10765');
INSERT INTO SeriesGenre(seriesId, genreId) VALUES(34524,'18');
INSERT INTO SeriesNetwork(seriesId, networkId) VALUES(34524,'33');
INSERT INTO SeriesCredits(seriesId, personId, job) VALUES(34524,53280,'Actor');
INSERT INTO SeriesCredits(seriesId, personId, job) VALUES(34524,527393,'Actor');
INSERT INTO SeriesCredits(seriesId, personId, job) VALUES(34524,208782,'Actor');
INSERT INTO SeriesCredits(seriesId, personId, job) VALUES(34524,444211,'Actor');
INSERT INTO SeriesCredits(seriesId, personId, job) VALUES(34524,236302,'Actor');
INSERT INTO SeriesCredits(seriesId, personId, job) VALUES(34524,57251,'Actor');
INSERT INTO SeriesCredits(seriesId, personId, job) VALUES(34524,168658,'Actor');
INSERT INTO SeriesCredits(seriesId, personId, job) VALUES(34524,62911,'Actor');
INSERT INTO SeriesCredits(seriesId, personId, job) VALUES(34524,1383186,'Co-Executive Producer');
INSERT INTO SeriesCredits(seriesId, personId, job) VALUES(34524,1219632,'Producer');
INSERT INTO SeriesCredits(seriesId, personId, job) VALUES(34524,65192,'Producer');
INSERT INTO SeriesCredits(seriesId, personId, job) VALUES(34524,1212216,'Producer');
INSERT INTO SeriesCredits(seriesId, personId, job) VALUES(34524,1215767,'Executive Producer');
INSERT INTO Series(id, title, overview, popularity, seasons, episodes, posterPath, voteCount, voteAvg, firstAir, lastAir, tagline) VALUES(104877,'You Knock on My Door','Connecting all her hopes in her life to her education, Eda comes face to face with Serkan Bolat, who unknowingly cuts her scholarship abroad and caused her to remain a high school graduate. Serkan Bolat offers to give Eda her scholarship back if she pretends to be engaged to him for two months. Eda first rejects the offer due to her hatred for him, but when circumstances change, she has no choice but to accept the offer. While pretending to be engaged, Serkan and Eda begin to have a passionate, challenging relationship that will make you forget all they know right, because love is hard. And that\'s why it\'s amazing!!',252.588,1,83,'/nzBenFJ2D2MCWTwTt2uc4BGWLtA.jpg',223, 8.2,'2020-07-08', '2021-04-17', '');
INSERT INTO SeriesGenre(seriesId, genreId) VALUES(104877,'18');
INSERT INTO SeriesGenre(seriesId, genreId) VALUES(104877,'35');
INSERT INTO SeriesCountry(seriesId, countryId) VALUES(104877,'TR');
INSERT INTO SeriesNetwork(seriesId, networkId) VALUES(104877,'303');
INSERT INTO SeriesCredits(seriesId, personId, job) VALUES(104877,1522703,'Actor');
INSERT INTO SeriesCredits(seriesId, personId, job) VALUES(104877,134497,'Actor');
INSERT INTO SeriesCredits(seriesId, personId, job) VALUES(104877,1893219,'Actor');
INSERT INTO SeriesCredits(seriesId, personId, job) VALUES(104877,2036975,'Actor');
INSERT INTO SeriesCredits(seriesId, personId, job) VALUES(104877,1146738,'Actor');
INSERT INTO SeriesCredits(seriesId, personId, job) VALUES(104877,1948895,'Actor');
INSERT INTO SeriesCredits(seriesId, personId, job) VALUES(104877,2342438,'Actor');
INSERT INTO SeriesCredits(seriesId, personId, job) VALUES(104877,1967321,'Actor');
INSERT INTO SeriesCredits(seriesId, personId, job) VALUES(104877,2691038,'Director');
INSERT INTO SeriesCredits(seriesId, personId, job) VALUES(104877,2691039,'Writer');
INSERT INTO SeriesCredits(seriesId, personId, job) VALUES(104877,2691041,'Music');
INSERT INTO Series(id, title, overview, popularity, seasons, episodes, posterPath, voteCount, voteAvg, firstAir, lastAir, tagline) VALUES(76231,'Mayans M.C.','Set in the aftermath of Jax Teller’s death, Ezekiel "EZ" Reyes is fresh out of prison and a prospect in the Mayans M.C. charter on the Cali/Mexi border. Now, EZ must carve out his new identity in a town where he was once the golden boy with the American Dream in his grasp.',250.24,3,28,'/gaKhfksFK24N19bjlFpJxamYZ02.jpg',171, 7.8,'2018-09-04', '2021-04-20', '');
INSERT INTO SeriesGenre(seriesId, genreId) VALUES(76231,'80');
INSERT INTO SeriesGenre(seriesId, genreId) VALUES(76231,'18');
INSERT INTO SeriesCountry(seriesId, countryId) VALUES(76231,'US');
INSERT INTO SeriesNetwork(seriesId, networkId) VALUES(76231,'88');
INSERT INTO SeriesCredits(seriesId, personId, job) VALUES(76231,81391,'Actor');
INSERT INTO SeriesCredits(seriesId, personId, job) VALUES(76231,1781793,'Actor');
INSERT INTO SeriesCredits(seriesId, personId, job) VALUES(76231,587,'Actor');
INSERT INTO SeriesCredits(seriesId, personId, job) VALUES(76231,33397,'Actor');
INSERT INTO SeriesCredits(seriesId, personId, job) VALUES(76231,124304,'Actor');
INSERT INTO SeriesCredits(seriesId, personId, job) VALUES(76231,180306,'Actor');
INSERT INTO SeriesCredits(seriesId, personId, job) VALUES(76231,17688,'Actor');
INSERT INTO SeriesCredits(seriesId, personId, job) VALUES(76231,1105711,'Actor');
INSERT INTO Series(id, title, overview, popularity, seasons, episodes, posterPath, voteCount, voteAvg, firstAir, lastAir, tagline) VALUES(75006,'The Umbrella Academy','A dysfunctional family of superheroes comes together to solve the mystery of their father\'s death, the threat of the apocalypse and more.',246.537,2,20,'/scZlQQYnDVlnpxFTxaIv2g0BWnL.jpg',6674, 8.7,'2019-02-15', '2020-07-31', 'Super. Dysfunctional. Family.');
INSERT INTO SeriesGenre(seriesId, genreId) VALUES(75006,'10759');
INSERT INTO SeriesGenre(seriesId, genreId) VALUES(75006,'10765');
INSERT INTO SeriesGenre(seriesId, genreId) VALUES(75006,'18');
INSERT INTO SeriesCountry(seriesId, countryId) VALUES(75006,'CA');
INSERT INTO SeriesCountry(seriesId, countryId) VALUES(75006,'US');
INSERT INTO SeriesNetwork(seriesId, networkId) VALUES(75006,'213');
INSERT INTO SeriesCredits(seriesId, personId, job) VALUES(75006,1017294,'Actor');
INSERT INTO SeriesCredits(seriesId, personId, job) VALUES(75006,1450392,'Actor');
INSERT INTO SeriesCredits(seriesId, personId, job) VALUES(75006,2026050,'Actor');
INSERT INTO SeriesCredits(seriesId, personId, job) VALUES(75006,118616,'Actor');
INSERT INTO SeriesCredits(seriesId, personId, job) VALUES(75006,1520843,'Actor');
INSERT INTO SeriesCredits(seriesId, personId, job) VALUES(75006,1442976,'Actor');
INSERT INTO SeriesCredits(seriesId, personId, job) VALUES(75006,27578,'Actor');
INSERT INTO SeriesCredits(seriesId, personId, job) VALUES(75006,164094,'Actor');
INSERT INTO SeriesCredits(seriesId, personId, job) VALUES(75006,2835127,'Digital Compositor');
INSERT INTO SeriesCredits(seriesId, personId, job) VALUES(75006,2451297,'Producer');
INSERT INTO SeriesCredits(seriesId, personId, job) VALUES(75006,2990650,'Producer');
INSERT INTO SeriesCredits(seriesId, personId, job) VALUES(75006,587872,'Comic Book');
INSERT INTO SeriesCredits(seriesId, personId, job) VALUES(75006,1270336,'Comic Book');
INSERT INTO SeriesCredits(seriesId, personId, job) VALUES(75006,1227939,'Executive Producer');
INSERT INTO SeriesCredits(seriesId, personId, job) VALUES(75006,104831,'Executive Producer');
INSERT INTO SeriesCredits(seriesId, personId, job) VALUES(75006,1293687,'Producer');
INSERT INTO Series(id, title, overview, popularity, seasons, episodes, posterPath, voteCount, voteAvg, firstAir, lastAir, tagline) VALUES(66203,'I am Luna','Although it is difficult for Luna to live in another country, she is determined to try everything to make new friends and achieve a new style of skating.',246.265,3,220,'/9mENBXLVIvGimTnU5rHL39q9ETR.jpg',570, 7.9,'2016-03-14', '2018-08-17', '');
INSERT INTO SeriesGenre(seriesId, genreId) VALUES(66203,'10766');
INSERT INTO SeriesGenre(seriesId, genreId) VALUES(66203,'10762');
INSERT INTO SeriesCountry(seriesId, countryId) VALUES(66203,'AR');
INSERT INTO SeriesNetwork(seriesId, networkId) VALUES(66203,'835');
INSERT INTO SeriesCredits(seriesId, personId, job) VALUES(66203,1250874,'Actor');
INSERT INTO SeriesCredits(seriesId, personId, job) VALUES(66203,1433621,'Actor');
INSERT INTO SeriesCredits(seriesId, personId, job) VALUES(66203,1731979,'Actor');
INSERT INTO SeriesCredits(seriesId, personId, job) VALUES(66203,936249,'Actor');
INSERT INTO SeriesCredits(seriesId, personId, job) VALUES(66203,1731984,'Actor');
INSERT INTO SeriesCredits(seriesId, personId, job) VALUES(66203,1731981,'Actor');
INSERT INTO SeriesCredits(seriesId, personId, job) VALUES(66203,1376657,'Actor');
INSERT INTO SeriesCredits(seriesId, personId, job) VALUES(66203,1731980,'Actor');
INSERT INTO SeriesCredits(seriesId, personId, job) VALUES(66203,2033141,'Editor');
INSERT INTO SeriesCredits(seriesId, personId, job) VALUES(66203,2033137,'Producer');
INSERT INTO SeriesCredits(seriesId, personId, job) VALUES(66203,2033144,'Costume Design');
INSERT INTO SeriesCredits(seriesId, personId, job) VALUES(66203,2033134,'Director');
INSERT INTO SeriesCredits(seriesId, personId, job) VALUES(66203,2033164,'Production Manager');
INSERT INTO SeriesCredits(seriesId, personId, job) VALUES(66203,1376038,'Co-Writer');
INSERT INTO SeriesCredits(seriesId, personId, job) VALUES(66203,2033153,'Production Coordinator');
INSERT INTO SeriesCredits(seriesId, personId, job) VALUES(66203,2033151,'Key Makeup Artist');
INSERT INTO Series(id, title, overview, popularity, seasons, episodes, posterPath, voteCount, voteAvg, firstAir, lastAir, tagline) VALUES(117023,'Sky Rojo','On the run from their pimp and his henchmen, three women embark on a wild and crazy journey in search of freedom.',244.768,2,16,'/uTFX9V2dct1nKjG6zhNiThPm8Tp.jpg',177, 7.8,'2021-03-19', '2021-03-19', '');
INSERT INTO SeriesGenre(seriesId, genreId) VALUES(117023,'10759');
INSERT INTO SeriesGenre(seriesId, genreId) VALUES(117023,'80');
INSERT INTO SeriesGenre(seriesId, genreId) VALUES(117023,'18');
INSERT INTO SeriesCountry(seriesId, countryId) VALUES(117023,'ES');
INSERT INTO SeriesNetwork(seriesId, networkId) VALUES(117023,'213');
INSERT INTO SeriesCredits(seriesId, personId, job) VALUES(117023,2943316,'Actor');
INSERT INTO SeriesCredits(seriesId, personId, job) VALUES(117023,90773,'Actor');
INSERT INTO SeriesCredits(seriesId, personId, job) VALUES(117023,1246184,'Actor');
INSERT INTO SeriesCredits(seriesId, personId, job) VALUES(117023,102228,'Actor');
INSERT INTO SeriesCredits(seriesId, personId, job) VALUES(117023,121689,'Actor');
INSERT INTO SeriesCredits(seriesId, personId, job) VALUES(117023,1436707,'Actor');
INSERT INTO SeriesCredits(seriesId, personId, job) VALUES(117023,82725,'Executive Producer');
INSERT INTO SeriesCredits(seriesId, personId, job) VALUES(117023,1637084,'Executive Producer');
INSERT INTO SeriesCredits(seriesId, personId, job) VALUES(117023,1608537,'Executive Producer');
INSERT INTO Series(id, title, overview, popularity, seasons, episodes, posterPath, voteCount, voteAvg, firstAir, lastAir, tagline) VALUES(31910,'Naruto Shippūden','Naruto Shippuuden is the continuation of the original animated TV series Naruto.The story revolves around an older and slightly more matured Uzumaki Naruto and his quest to save his friend Uchiha Sasuke from the grips of the snake-like Shinobi, Orochimaru. After 2 and a half years Naruto finally returns to his village of Konoha, and sets about putting his ambitions to work, though it will not be easy, as He has amassed a few (more dangerous) enemies, in the likes of the shinobi organization; Akatsuki.',244.402,20,500,'/zAYRe2bJxpWTVrwwmBc00VFkAf4.jpg',5204, 8.6,'2007-02-15', '2017-03-23', '');
INSERT INTO SeriesGenre(seriesId, genreId) VALUES(31910,'16');
INSERT INTO SeriesGenre(seriesId, genreId) VALUES(31910,'10759');
INSERT INTO SeriesGenre(seriesId, genreId) VALUES(31910,'10765');
INSERT INTO SeriesCountry(seriesId, countryId) VALUES(31910,'JP');
INSERT INTO SeriesNetwork(seriesId, networkId) VALUES(31910,'98');
INSERT INTO SeriesCredits(seriesId, personId, job) VALUES(31910,82055,'Actor');
INSERT INTO SeriesCredits(seriesId, personId, job) VALUES(31910,82057,'Actor');
INSERT INTO SeriesCredits(seriesId, personId, job) VALUES(31910,82056,'Actor');
INSERT INTO SeriesCredits(seriesId, personId, job) VALUES(31910,89968,'Actor');
INSERT INTO SeriesCredits(seriesId, personId, job) VALUES(31910,224413,'Actor');
INSERT INTO SeriesCredits(seriesId, personId, job) VALUES(31910,81244,'Actor');
INSERT INTO SeriesCredits(seriesId, personId, job) VALUES(31910,9720,'Actor');
INSERT INTO SeriesCredits(seriesId, personId, job) VALUES(31910,23987,'Actor');
INSERT INTO Series(id, title, overview, popularity, seasons, episodes, posterPath, voteCount, voteAvg, firstAir, lastAir, tagline) VALUES(1396,'Breaking Bad','When Walter White, a New Mexico chemistry teacher, is diagnosed with Stage III cancer and given a prognosis of only two years left to live. He becomes filled with a sense of fearlessness and an unrelenting desire to secure his family\'s financial future at any cost as he enters the dangerous world of drugs and crime.',238.177,5,62,'/ggFHVNu6YYI5L9pCfOacjizRGt.jpg',6892, 8.7,'2008-01-20', '2013-09-29', 'Remember my name');
INSERT INTO SeriesGenre(seriesId, genreId) VALUES(1396,'18');
INSERT INTO SeriesCountry(seriesId, countryId) VALUES(1396,'US');
INSERT INTO SeriesNetwork(seriesId, networkId) VALUES(1396,'174');
INSERT INTO SeriesCredits(seriesId, personId, job) VALUES(1396,17419,'Actor');
INSERT INTO SeriesCredits(seriesId, personId, job) VALUES(1396,84497,'Actor');
INSERT INTO SeriesCredits(seriesId, personId, job) VALUES(1396,134531,'Actor');
INSERT INTO SeriesCredits(seriesId, personId, job) VALUES(1396,14329,'Actor');
INSERT INTO SeriesCredits(seriesId, personId, job) VALUES(1396,783,'Actor');
INSERT INTO SeriesCredits(seriesId, personId, job) VALUES(1396,59410,'Actor');
INSERT INTO SeriesCredits(seriesId, personId, job) VALUES(1396,1217934,'Actor');
INSERT INTO SeriesCredits(seriesId, personId, job) VALUES(1396,209674,'Actor');
INSERT INTO SeriesCredits(seriesId, personId, job) VALUES(1396,5162,'Executive Producer');
INSERT INTO SeriesCredits(seriesId, personId, job) VALUES(1396,29779,'Executive Producer');
INSERT INTO SeriesCredits(seriesId, personId, job) VALUES(1396,66633,'Executive Producer');
INSERT INTO SeriesCredits(seriesId, personId, job) VALUES(1396,35583,'Costume Design');
INSERT INTO SeriesCredits(seriesId, personId, job) VALUES(1396,1280070,'Original Music Composer');
INSERT INTO SeriesCredits(seriesId, personId, job) VALUES(1396,21640,'Production Design');
INSERT INTO SeriesCredits(seriesId, personId, job) VALUES(1396,103009,'Producer');
INSERT INTO SeriesCredits(seriesId, personId, job) VALUES(1396,1223200,'Producer');
INSERT INTO Series(id, title, overview, popularity, seasons, episodes, posterPath, voteCount, voteAvg, firstAir, lastAir, tagline) VALUES(5920,'The Mentalist','Patrick Jane, a former celebrity psychic medium, uses his razor sharp skills of observation and expertise at "reading" people to solve serious crimes with the California Bureau of Investigation.',236.938,7,151,'/acYXu4KaDj1NIkMgObnhe4C4a0T.jpg',2078, 8.4,'2008-09-23', '2015-02-18', 'Let the mind games begin.');
INSERT INTO SeriesGenre(seriesId, genreId) VALUES(5920,'80');
INSERT INTO SeriesGenre(seriesId, genreId) VALUES(5920,'18');
INSERT INTO SeriesGenre(seriesId, genreId) VALUES(5920,'9648');
INSERT INTO SeriesCountry(seriesId, countryId) VALUES(5920,'US');
INSERT INTO SeriesNetwork(seriesId, networkId) VALUES(5920,'16');
INSERT INTO SeriesCredits(seriesId, personId, job) VALUES(5920,1284159,'Actor');
INSERT INTO SeriesCredits(seriesId, personId, job) VALUES(5920,17346,'Actor');
INSERT INTO SeriesCredits(seriesId, personId, job) VALUES(5920,52947,'Actor');
INSERT INTO SeriesCredits(seriesId, personId, job) VALUES(5920,17345,'Actor');
INSERT INTO SeriesCredits(seriesId, personId, job) VALUES(5920,970561,'Actor');
INSERT INTO SeriesCredits(seriesId, personId, job) VALUES(5920,74289,'Actor');
INSERT INTO SeriesCredits(seriesId, personId, job) VALUES(5920,146516,'Actor');
INSERT INTO SeriesCredits(seriesId, personId, job) VALUES(5920,1320139,'Supervising Producer');
INSERT INTO SeriesCredits(seriesId, personId, job) VALUES(5920,1486893,'Producer');
INSERT INTO SeriesCredits(seriesId, personId, job) VALUES(5920,1597203,'Co-Executive Producer');
INSERT INTO SeriesCredits(seriesId, personId, job) VALUES(5920,1557074,'Co-Producer');
INSERT INTO SeriesCredits(seriesId, personId, job) VALUES(5920,1122804,'Co-Producer');
INSERT INTO SeriesCredits(seriesId, personId, job) VALUES(5920,1284159,'Producer');
INSERT INTO SeriesCredits(seriesId, personId, job) VALUES(5920,2383,'Co-Producer');
INSERT INTO SeriesCredits(seriesId, personId, job) VALUES(5920,1215660,'Executive Producer');
INSERT INTO SeriesProvider(seriesId, provider, service) VALUES(5920,2,'buy');
INSERT INTO SeriesProvider(seriesId, provider, service) VALUES(5920,10,'buy');
INSERT INTO SeriesProvider(seriesId, provider, service) VALUES(5920,2,'rent');
INSERT INTO SeriesProvider(seriesId, provider, service) VALUES(5920,10,'rent');
INSERT INTO Series(id, title, overview, popularity, seasons, episodes, posterPath, voteCount, voteAvg, firstAir, lastAir, tagline) VALUES(60797,'Scorpion','Based on a true story, Scorpion is a high-octane drama about eccentric genius Walter O’Brien and his team of brilliant misfits who comprise the last line of defense against complex, high-tech threats of the modern age. As Homeland Security’s new think tank, O’Brien’s “Scorpion” team includes Toby Curtis, an expert behaviorist who can read anyone; Happy Quinn, a mechanical prodigy; and Sylvester Dodd, a statistics guru.',236.37,4,93,'/hzeirSF6bRjssDh5JFrm5WRwFLd.jpg',2288, 8.2,'2014-09-22', '2018-04-16', 'This team is pure genius.');
INSERT INTO SeriesGenre(seriesId, genreId) VALUES(60797,'10759');
INSERT INTO SeriesGenre(seriesId, genreId) VALUES(60797,'18');
INSERT INTO SeriesGenre(seriesId, genreId) VALUES(60797,'80');
INSERT INTO SeriesCountry(seriesId, countryId) VALUES(60797,'US');
INSERT INTO SeriesNetwork(seriesId, networkId) VALUES(60797,'16');
INSERT INTO SeriesCredits(seriesId, personId, job) VALUES(60797,78050,'Actor');
INSERT INTO SeriesCredits(seriesId, personId, job) VALUES(60797,86765,'Actor');
INSERT INTO SeriesCredits(seriesId, personId, job) VALUES(60797,77088,'Actor');
INSERT INTO SeriesCredits(seriesId, personId, job) VALUES(60797,52480,'Actor');
INSERT INTO SeriesCredits(seriesId, personId, job) VALUES(60797,1324186,'Actor');
INSERT INTO SeriesCredits(seriesId, personId, job) VALUES(60797,1368490,'Actor');
INSERT INTO SeriesCredits(seriesId, personId, job) VALUES(60797,418,'Actor');
INSERT INTO SeriesCredits(seriesId, personId, job) VALUES(60797,1130319,'Music');
INSERT INTO SeriesCredits(seriesId, personId, job) VALUES(60797,6041,'Music');
INSERT INTO SeriesCredits(seriesId, personId, job) VALUES(60797,15346,'Executive Producer');
INSERT INTO SeriesCredits(seriesId, personId, job) VALUES(60797,1039317,'Casting Director');
INSERT INTO SeriesCredits(seriesId, personId, job) VALUES(60797,1224019,'Co-Executive Producer');
INSERT INTO SeriesCredits(seriesId, personId, job) VALUES(60797,15345,'Executive Producer');
INSERT INTO SeriesCredits(seriesId, personId, job) VALUES(60797,1535916,'Co-Executive Producer');
INSERT INTO SeriesCredits(seriesId, personId, job) VALUES(60797,1878325,'Co-Executive Producer');
INSERT INTO Series(id, title, overview, popularity, seasons, episodes, posterPath, voteCount, voteAvg, firstAir, lastAir, tagline) VALUES(67133,'MacGyver','20-something Angus MacGyver creates a clandestine organization where he uses his knack for solving problems in unconventional ways to help prevent disasters from happening.',233.486,5,94,'/2zAogx9dmSAu2HYxbWzHe4ZaNY5.jpg',608, 7.2,'2016-09-23', '2021-04-16', 'No man has done more with less.');
INSERT INTO SeriesGenre(seriesId, genreId) VALUES(67133,'18');
INSERT INTO SeriesGenre(seriesId, genreId) VALUES(67133,'10759');
INSERT INTO SeriesCountry(seriesId, countryId) VALUES(67133,'US');
INSERT INTO SeriesNetwork(seriesId, networkId) VALUES(67133,'16');
INSERT INTO SeriesCredits(seriesId, personId, job) VALUES(67133,429,'Actor');
INSERT INTO SeriesCredits(seriesId, personId, job) VALUES(67133,945846,'Actor');
INSERT INTO SeriesCredits(seriesId, personId, job) VALUES(67133,31166,'Actor');
INSERT INTO SeriesCredits(seriesId, personId, job) VALUES(67133,172388,'Actor');
INSERT INTO SeriesCredits(seriesId, personId, job) VALUES(67133,1566455,'Actor');
INSERT INTO SeriesCredits(seriesId, personId, job) VALUES(67133,1578220,'Actor');
INSERT INTO Series(id, title, overview, popularity, seasons, episodes, posterPath, voteCount, voteAvg, firstAir, lastAir, tagline) VALUES(11250,'Pasión de gavilanes','Pasión de Gavilanes is a Colombian telenovela that ran for 188 episodes, from 2003 to 2004. Written by Julio Jiménez, it was produced by RTI Colombia in conjunction with the Telemundo network and with the participation of Caracol TV company. In Colombia, it was broadcast by Caracol TV. It is based on the 1994 telenovela Las aguas mansas, also written by Jiménez and produced by RTI, broadcast on Canal Uno.',231.924,1,188,'/xwvFbtHfBTJiInXs8mYYEi2dd78.jpg',1359, 7.7,'2003-10-21', '2004-12-02', '');
INSERT INTO SeriesGenre(seriesId, genreId) VALUES(11250,'18');
INSERT INTO SeriesNetwork(seriesId, networkId) VALUES(11250,'193');
INSERT INTO SeriesCredits(seriesId, personId, job) VALUES(11250,1233726,'Actor');
INSERT INTO SeriesCredits(seriesId, personId, job) VALUES(11250,1233727,'Actor');
INSERT INTO SeriesCredits(seriesId, personId, job) VALUES(11250,86039,'Actor');
INSERT INTO SeriesCredits(seriesId, personId, job) VALUES(11250,1238062,'Actor');
INSERT INTO SeriesCredits(seriesId, personId, job) VALUES(11250,1038680,'Actor');
INSERT INTO SeriesCredits(seriesId, personId, job) VALUES(11250,1238547,'Actor');
INSERT INTO SeriesCredits(seriesId, personId, job) VALUES(11250,950564,'Actor');
INSERT INTO SeriesCredits(seriesId, personId, job) VALUES(11250,1241666,'Actor');
INSERT INTO Series(id, title, overview, popularity, seasons, episodes, posterPath, voteCount, voteAvg, firstAir, lastAir, tagline) VALUES(37680,'Suits','While running from a drug deal gone bad, Mike Ross, a brilliant young college-dropout, slips into a job interview with one of New York City\'s best legal closers, Harvey Specter. Tired of cookie-cutter law school grads, Harvey takes a gamble by hiring Mike on the spot after he recognizes his raw talent and photographic memory.',229.17,9,134,'/vQiryp6LioFxQThywxbC6TuoDjy.jpg',2059, 8,'2011-06-23', '2019-09-25', 'Nothing is ever black and white');
INSERT INTO SeriesGenre(seriesId, genreId) VALUES(37680,'18');
INSERT INTO SeriesCountry(seriesId, countryId) VALUES(37680,'US');
INSERT INTO SeriesNetwork(seriesId, networkId) VALUES(37680,'30');
INSERT INTO SeriesCredits(seriesId, personId, job) VALUES(37680,16856,'Actor');
INSERT INTO SeriesCredits(seriesId, personId, job) VALUES(37680,1216133,'Actor');
INSERT INTO SeriesCredits(seriesId, personId, job) VALUES(37680,154856,'Actor');
INSERT INTO SeriesCredits(seriesId, personId, job) VALUES(37680,65871,'Actor');
INSERT INTO SeriesCredits(seriesId, personId, job) VALUES(37680,122756,'Actor');
INSERT INTO SeriesCredits(seriesId, personId, job) VALUES(37680,25541,'Actor');
INSERT INTO Series(id, title, overview, popularity, seasons, episodes, posterPath, voteCount, voteAvg, firstAir, lastAir, tagline) VALUES(93693,'Are You Afraid of the Dark?','Each season of this horror anthology series follows a different group of kids, members of the Midnight Society, as they discover terrifying curses and creatures.',228.292,2,9,'/seCdnVx50nhHmDqaC6QEYM3jSG3.jpg',139, 7.5,'2019-10-11', '2021-03-19', '');
INSERT INTO SeriesGenre(seriesId, genreId) VALUES(93693,'9648');
INSERT INTO SeriesNetwork(seriesId, networkId) VALUES(93693,'13');
INSERT INTO Series(id, title, overview, popularity, seasons, episodes, posterPath, voteCount, voteAvg, firstAir, lastAir, tagline) VALUES(94722,'Tagesschau','German daily news program, the oldest still existing program on German television.',225.364,70,19895,'/7dFZJ2ZJJdcmkp05B9NWlqTJ5tq.jpg',4, 5.3,'1952-12-26', '2021-04-22', '');
INSERT INTO SeriesGenre(seriesId, genreId) VALUES(94722,'10763');
INSERT INTO SeriesCountry(seriesId, countryId) VALUES(94722,'DE');
INSERT INTO SeriesNetwork(seriesId, networkId) VALUES(94722,'308');
INSERT INTO Series(id, title, overview, popularity, seasons, episodes, posterPath, voteCount, voteAvg, firstAir, lastAir, tagline) VALUES(44006,'Chicago Fire','An edge-of-your-seat view into the lives of everyday heroes committed to one of America\'s noblest professions. For the firefighters, rescue squad and paramedics of Chicago Firehouse 51, no occupation is more stressful or dangerous, yet so rewarding and exhilarating. These courageous men and women are among the elite who forge headfirst into danger when everyone else is running the other way and whose actions make the difference between life and death.',223.236,9,192,'/6AccYL0eb7uzHn98IKaNjvJbyuA.jpg',1325, 8.4,'2012-10-10', '2021-04-21', 'Feel the heat.');
INSERT INTO SeriesGenre(seriesId, genreId) VALUES(44006,'18');
INSERT INTO SeriesCountry(seriesId, countryId) VALUES(44006,'US');
INSERT INTO SeriesNetwork(seriesId, networkId) VALUES(44006,'6');
INSERT INTO SeriesCredits(seriesId, personId, job) VALUES(44006,41422,'Actor');
INSERT INTO SeriesCredits(seriesId, personId, job) VALUES(44006,210271,'Actor');
INSERT INTO SeriesCredits(seriesId, personId, job) VALUES(44006,1371298,'Actor');
INSERT INTO SeriesCredits(seriesId, personId, job) VALUES(44006,27552,'Actor');
INSERT INTO SeriesCredits(seriesId, personId, job) VALUES(44006,1368157,'Actor');
INSERT INTO SeriesCredits(seriesId, personId, job) VALUES(44006,36091,'Actor');
INSERT INTO SeriesCredits(seriesId, personId, job) VALUES(44006,1525940,'Actor');
INSERT INTO SeriesCredits(seriesId, personId, job) VALUES(44006,1486207,'Actor');
INSERT INTO SeriesCredits(seriesId, personId, job) VALUES(44006,1396324,'Consulting Producer');
INSERT INTO SeriesCredits(seriesId, personId, job) VALUES(44006,1457688,'Co-Producer');
INSERT INTO SeriesCredits(seriesId, personId, job) VALUES(44006,1554574,'Supervising Producer');
INSERT INTO SeriesCredits(seriesId, personId, job) VALUES(44006,2579153,'Co-Executive Producer');
INSERT INTO SeriesCredits(seriesId, personId, job) VALUES(44006,212800,'Co-Executive Producer');
INSERT INTO SeriesCredits(seriesId, personId, job) VALUES(44006,1405245,'Executive Producer');
INSERT INTO SeriesCredits(seriesId, personId, job) VALUES(44006,840978,'Executive Producer');
INSERT INTO SeriesCredits(seriesId, personId, job) VALUES(44006,1215763,'Executive Producer');
INSERT INTO Series(id, title, overview, popularity, seasons, episodes, posterPath, voteCount, voteAvg, firstAir, lastAir, tagline) VALUES(12971,'Dragon Ball Z','Five years have passed since the fight with Piccolo Jr., and Goku now has a son, Gohan. The peace is interrupted when an alien named Raditz arrives on Earth in a spacecraft and tracks down Goku, revealing to him that that they are members of a near-extinct warrior race called the Saiyans.',221.633,9,291,'/f2zhRLqwRLrKhEMeIM7Z5buJFo3.jpg',2230, 8.2,'1989-04-26', '1996-01-31', '');
INSERT INTO SeriesGenre(seriesId, genreId) VALUES(12971,'16');
INSERT INTO SeriesGenre(seriesId, genreId) VALUES(12971,'10765');
INSERT INTO SeriesGenre(seriesId, genreId) VALUES(12971,'10759');
INSERT INTO SeriesCountry(seriesId, countryId) VALUES(12971,'JP');
INSERT INTO SeriesNetwork(seriesId, networkId) VALUES(12971,'1');
INSERT INTO SeriesCredits(seriesId, personId, job) VALUES(12971,90496,'Actor');
INSERT INTO SeriesCredits(seriesId, personId, job) VALUES(12971,122501,'Actor');
INSERT INTO SeriesCredits(seriesId, personId, job) VALUES(12971,85286,'Actor');
INSERT INTO SeriesCredits(seriesId, personId, job) VALUES(12971,65510,'Actor');
INSERT INTO SeriesCredits(seriesId, personId, job) VALUES(12971,122193,'Actor');
INSERT INTO SeriesCredits(seriesId, personId, job) VALUES(12971,122373,'Actor');
INSERT INTO SeriesCredits(seriesId, personId, job) VALUES(12971,115305,'Actor');
INSERT INTO SeriesCredits(seriesId, personId, job) VALUES(12971,619,'Actor');
INSERT INTO SeriesCredits(seriesId, personId, job) VALUES(12971,78322,'Writer');
INSERT INTO SeriesCredits(seriesId, personId, job) VALUES(12971,1916539,'Sound');
INSERT INTO Series(id, title, overview, popularity, seasons, episodes, posterPath, voteCount, voteAvg, firstAir, lastAir, tagline) VALUES(76773,'Station 19','A group of heroic firefighters at Seattle Fire Station 19—from captain to newest recruit—risk their lives and hearts both in the line of duty and off the clock. These brave men and women are like family, literally and figuratively, and together they put their own lives in jeopardy as first responders to save the lives of others.',220.351,4,56,'/lcuCED5Ky2uM5VE6wILOwt5FEb0.jpg',781, 8.2,'2018-03-22', '2021-04-22', 'Courage under fire.');
INSERT INTO SeriesGenre(seriesId, genreId) VALUES(76773,'18');
INSERT INTO SeriesGenre(seriesId, genreId) VALUES(76773,'10759');
INSERT INTO SeriesCountry(seriesId, countryId) VALUES(76773,'US');
INSERT INTO SeriesNetwork(seriesId, networkId) VALUES(76773,'2');
INSERT INTO SeriesCredits(seriesId, personId, job) VALUES(76773,1338902,'Actor');
INSERT INTO SeriesCredits(seriesId, personId, job) VALUES(76773,95475,'Actor');
INSERT INTO SeriesCredits(seriesId, personId, job) VALUES(76773,80758,'Actor');
INSERT INTO SeriesCredits(seriesId, personId, job) VALUES(76773,130769,'Actor');
INSERT INTO SeriesCredits(seriesId, personId, job) VALUES(76773,1702827,'Actor');
INSERT INTO SeriesCredits(seriesId, personId, job) VALUES(76773,1105796,'Actor');
INSERT INTO SeriesCredits(seriesId, personId, job) VALUES(76773,1419065,'Actor');
INSERT INTO SeriesCredits(seriesId, personId, job) VALUES(76773,154955,'Actor');
INSERT INTO Series(id, title, overview, popularity, seasons, episodes, posterPath, voteCount, voteAvg, firstAir, lastAir, tagline) VALUES(66732,'Stranger Things','When a young boy vanishes, a small town uncovers a mystery involving secret experiments, terrifying supernatural forces, and one strange little girl.',219.891,4,26,'/x2LSRK2Cm7MZhjluni1msVJ3wDF.jpg',8068, 8.6,'2016-07-15', '2019-07-04', 'It only gets stranger…');
INSERT INTO SeriesGenre(seriesId, genreId) VALUES(66732,'10765');
INSERT INTO SeriesGenre(seriesId, genreId) VALUES(66732,'9648');
INSERT INTO SeriesGenre(seriesId, genreId) VALUES(66732,'18');
INSERT INTO SeriesCountry(seriesId, countryId) VALUES(66732,'US');
INSERT INTO SeriesNetwork(seriesId, networkId) VALUES(66732,'213');
INSERT INTO SeriesCredits(seriesId, personId, job) VALUES(66732,1920,'Actor');
INSERT INTO SeriesCredits(seriesId, personId, job) VALUES(66732,35029,'Actor');
INSERT INTO SeriesCredits(seriesId, personId, job) VALUES(66732,1442069,'Actor');
INSERT INTO SeriesCredits(seriesId, personId, job) VALUES(66732,1356210,'Actor');
INSERT INTO SeriesCredits(seriesId, personId, job) VALUES(66732,1653291,'Actor');
INSERT INTO SeriesCredits(seriesId, personId, job) VALUES(66732,1474123,'Actor');
INSERT INTO SeriesCredits(seriesId, personId, job) VALUES(66732,1039011,'Actor');
INSERT INTO SeriesCredits(seriesId, personId, job) VALUES(66732,1448222,'Actor');
INSERT INTO SeriesCredits(seriesId, personId, job) VALUES(66732,1685626,'Music');
INSERT INTO SeriesCredits(seriesId, personId, job) VALUES(66732,1729244,'Assistant Production Coordinator');
INSERT INTO SeriesCredits(seriesId, personId, job) VALUES(66732,1187120,'Executive Producer');
INSERT INTO SeriesCredits(seriesId, personId, job) VALUES(66732,1179422,'Executive Producer');
INSERT INTO SeriesCredits(seriesId, personId, job) VALUES(66732,1179419,'Executive Producer');
INSERT INTO SeriesCredits(seriesId, personId, job) VALUES(66732,1803695,'Producer');
INSERT INTO SeriesCredits(seriesId, personId, job) VALUES(66732,17825,'Executive Producer');
INSERT INTO Series(id, title, overview, popularity, seasons, episodes, posterPath, voteCount, voteAvg, firstAir, lastAir, tagline) VALUES(93808,'Tribes of Europa','2074. In the wake of a mysterious global disaster, war rages between the Tribes that have emerged from the wreckage of Europe. Three siblings from the peaceful Origine tribe are separated and forced to forge their own paths in an action-packed fight for the future of this new Europa.',217.241,1,6,'/6zZxAFOtNwHCtTgSc2hU7pVIvDl.jpg',162, 7.2,'2021-02-19', '2021-02-19', 'The future is not what you expected.');
INSERT INTO SeriesGenre(seriesId, genreId) VALUES(93808,'10765');
INSERT INTO SeriesGenre(seriesId, genreId) VALUES(93808,'18');
INSERT INTO SeriesCountry(seriesId, countryId) VALUES(93808,'DE');
INSERT INTO SeriesNetwork(seriesId, networkId) VALUES(93808,'213');
INSERT INTO SeriesCredits(seriesId, personId, job) VALUES(93808,1209579,'Actor');
INSERT INTO SeriesCredits(seriesId, personId, job) VALUES(93808,50293,'Actor');
INSERT INTO SeriesCredits(seriesId, personId, job) VALUES(93808,2669274,'Actor');
INSERT INTO SeriesCredits(seriesId, personId, job) VALUES(93808,213581,'Actor');
INSERT INTO SeriesCredits(seriesId, personId, job) VALUES(93808,57064,'Actor');
INSERT INTO SeriesCredits(seriesId, personId, job) VALUES(93808,9140,'Actor');
INSERT INTO Series(id, title, overview, popularity, seasons, episodes, posterPath, voteCount, voteAvg, firstAir, lastAir, tagline) VALUES(117581,'Ginny & Georgia','Angsty and awkward fifteen year old Ginny Miller often feels more mature than her thirty year old mother, the irresistible and dynamic Georgia Miller. After years on the run, Georgia desperately wants to put down roots in picturesque New England and give her family something they\'ve never had... a normal life. But it\'s not all carpool and Kombucha as Georgia\'s past threatens her and her family\'s new way of life... and Georgia will do anything to protect her family.',217.194,1,10,'/e4aqizYQ8eeTGNZMq6WiFfqoZbz.jpg',453, 8.1,'2021-02-24', '2021-02-24', '');
INSERT INTO SeriesGenre(seriesId, genreId) VALUES(117581,'35');
INSERT INTO SeriesGenre(seriesId, genreId) VALUES(117581,'18');
INSERT INTO SeriesCountry(seriesId, countryId) VALUES(117581,'US');
INSERT INTO SeriesNetwork(seriesId, networkId) VALUES(117581,'213');
INSERT INTO SeriesCredits(seriesId, personId, job) VALUES(117581,2388486,'Actor');
INSERT INTO SeriesCredits(seriesId, personId, job) VALUES(117581,132312,'Actor');
INSERT INTO SeriesCredits(seriesId, personId, job) VALUES(117581,2989300,'Actor');
INSERT INTO SeriesCredits(seriesId, personId, job) VALUES(117581,2398772,'Actor');
INSERT INTO SeriesCredits(seriesId, personId, job) VALUES(117581,87571,'Actor');
INSERT INTO SeriesCredits(seriesId, personId, job) VALUES(117581,2044036,'Actor');
INSERT INTO SeriesCredits(seriesId, personId, job) VALUES(117581,1305494,'Actor');
INSERT INTO SeriesCredits(seriesId, personId, job) VALUES(117581,53368,'Actor');
INSERT INTO Series(id, title, overview, popularity, seasons, episodes, posterPath, voteCount, voteAvg, firstAir, lastAir, tagline) VALUES(80020,'Super Dragon Ball Heroes','Trunks returns from the future to train with Goku and Vegeta. However, it disappears without warning. Then the mysterious Fu bursts in, telling them that Trunks has been imprisoned in the Prison Planet, a mysterious complex in an unknown place in the universes. The group seeks the dragon balls to free Trunks, but an endless battle awaits them! Will Goku and the others rescue Trunks and escape the Prison Planet?',214.703,4,33,'/jYeTfpxS3IzgqKkYCjmdCKwq8PW.jpg',1848, 7.5,'2018-07-01', '2021-04-15', '');
INSERT INTO SeriesGenre(seriesId, genreId) VALUES(80020,'16');
INSERT INTO SeriesGenre(seriesId, genreId) VALUES(80020,'10759');
INSERT INTO SeriesGenre(seriesId, genreId) VALUES(80020,'10765');
INSERT INTO SeriesCountry(seriesId, countryId) VALUES(80020,'JP');
INSERT INTO SeriesNetwork(seriesId, networkId) VALUES(80020,'247');
INSERT INTO SeriesCredits(seriesId, personId, job) VALUES(80020,1686,'Actor');
INSERT INTO SeriesCredits(seriesId, personId, job) VALUES(80020,90496,'Actor');
INSERT INTO SeriesCredits(seriesId, personId, job) VALUES(80020,122501,'Actor');
INSERT INTO SeriesCredits(seriesId, personId, job) VALUES(80020,68472,'Actor');
INSERT INTO SeriesCredits(seriesId, personId, job) VALUES(80020,2995849,'Writer');
INSERT INTO SeriesCredits(seriesId, personId, job) VALUES(80020,2512710,'Producer');
INSERT INTO SeriesCredits(seriesId, personId, job) VALUES(80020,2494491,'Music');
INSERT INTO SeriesCredits(seriesId, personId, job) VALUES(80020,1083452,'Character Designer');
INSERT INTO Series(id, title, overview, popularity, seasons, episodes, posterPath, voteCount, voteAvg, firstAir, lastAir, tagline) VALUES(79611,'Charmed','Set in the fictional college town of Hilltowne, Charmed follows the lives of three sisters, Macy, Mel and Maggie Vera who, after the tragic death of their mother, discover they are three of the most powerful witches of all time.',214.406,3,52,'/jyArBuSbEnSoQinAZBU6pZmmL6M.jpg',252, 7.3,'2018-10-14', '2021-04-18', 'Stronger together.');
INSERT INTO SeriesGenre(seriesId, genreId) VALUES(79611,'18');
INSERT INTO SeriesGenre(seriesId, genreId) VALUES(79611,'10765');
INSERT INTO SeriesCountry(seriesId, countryId) VALUES(79611,'CA');
INSERT INTO SeriesNetwork(seriesId, networkId) VALUES(79611,'71');
INSERT INTO SeriesCredits(seriesId, personId, job) VALUES(79611,1258664,'Actor');
INSERT INTO SeriesCredits(seriesId, personId, job) VALUES(79611,53936,'Actor');
INSERT INTO SeriesCredits(seriesId, personId, job) VALUES(79611,1331456,'Actor');
INSERT INTO SeriesCredits(seriesId, personId, job) VALUES(79611,17283,'Actor');
INSERT INTO SeriesCredits(seriesId, personId, job) VALUES(79611,2432948,'Actor');
INSERT INTO SeriesCredits(seriesId, personId, job) VALUES(79611,1541266,'Actor');
INSERT INTO Series(id, title, overview, popularity, seasons, episodes, posterPath, voteCount, voteAvg, firstAir, lastAir, tagline) VALUES(72637,'Once','The series revolves around Gabo, a soccer-loving teenager who, upon receiving a scholarship from the prestigious Sports Academic Institute (IAD) of Buenos Aires, will see his dream of playing at Los Halcones Dorados, the renowned amateur team of the school, and also his longing to become a professional footballer.',212.383,3,220,'/d4vPg3QsTJJh6C5MHARTb5CyqOu.jpg',372, 8.8,'2017-06-19', '2020-08-01', '');
INSERT INTO SeriesGenre(seriesId, genreId) VALUES(72637,'35');
INSERT INTO SeriesGenre(seriesId, genreId) VALUES(72637,'10751');
INSERT INTO SeriesCountry(seriesId, countryId) VALUES(72637,'AR');
INSERT INTO SeriesNetwork(seriesId, networkId) VALUES(72637,'835');
INSERT INTO SeriesNetwork(seriesId, networkId) VALUES(72637,'2326');
INSERT INTO SeriesCredits(seriesId, personId, job) VALUES(72637,1944059,'Actor');
INSERT INTO SeriesCredits(seriesId, personId, job) VALUES(72637,1943997,'Actor');
INSERT INTO SeriesCredits(seriesId, personId, job) VALUES(72637,1591216,'Actor');
INSERT INTO SeriesCredits(seriesId, personId, job) VALUES(72637,1943999,'Actor');
INSERT INTO SeriesCredits(seriesId, personId, job) VALUES(72637,1944000,'Actor');
INSERT INTO SeriesCredits(seriesId, personId, job) VALUES(72637,1944001,'Actor');
INSERT INTO SeriesCredits(seriesId, personId, job) VALUES(72637,1944002,'Actor');
INSERT INTO SeriesCredits(seriesId, personId, job) VALUES(72637,1944003,'Actor');
INSERT INTO Series(id, title, overview, popularity, seasons, episodes, posterPath, voteCount, voteAvg, firstAir, lastAir, tagline) VALUES(2734,'Law & Order: Special Victims Unit','In the criminal justice system, sexually-based offenses are considered especially heinous. In New York City, the dedicated detectives who investigate these vicious felonies are members of an elite squad known as the Special Victims Unit. These are their stories.',210.866,22,490,'/jDCgWVlejIo8sQYxw3Yf1cVQUIL.jpg',2378, 7.8,'1999-09-20', '2021-04-22', '');
INSERT INTO SeriesGenre(seriesId, genreId) VALUES(2734,'80');
INSERT INTO SeriesGenre(seriesId, genreId) VALUES(2734,'18');
INSERT INTO SeriesNetwork(seriesId, networkId) VALUES(2734,'6');
INSERT INTO SeriesCredits(seriesId, personId, job) VALUES(2734,6240,'Actor');
INSERT INTO SeriesCredits(seriesId, personId, job) VALUES(2734,21411,'Actor');
INSERT INTO SeriesCredits(seriesId, personId, job) VALUES(2734,206637,'Actor');
INSERT INTO SeriesCredits(seriesId, personId, job) VALUES(2734,1217599,'Actor');
INSERT INTO SeriesCredits(seriesId, personId, job) VALUES(2734,180921,'Actor');
INSERT INTO SeriesCredits(seriesId, personId, job) VALUES(2734,1367620,'Actor');
INSERT INTO Series(id, title, overview, popularity, seasons, episodes, posterPath, voteCount, voteAvg, firstAir, lastAir, tagline) VALUES(1434,'Family Guy','Sick, twisted, politically incorrect and Freakin\' Sweet animated series featuring the adventures of the dysfunctional Griffin family. Bumbling Peter and long-suffering Lois have three kids. Stewie (a brilliant but sadistic baby bent on killing his mother and taking over the world), Meg (the oldest, and is the most unpopular girl in town) and Chris (the middle kid, he\'s not very bright but has a passion for movies). The final member of the family is Brian - a talking dog and much more than a pet, he keeps Stewie in check whilst sipping Martinis and sorting through his own life issues.',209.078,21,368,'/eWWCRjBfLyePh2tfZdvNcIvKSJe.jpg',2722, 7,'1999-01-31', '2021-04-18', 'Parental Discretion Advised, that\'s how you know it\'s good');
INSERT INTO SeriesGenre(seriesId, genreId) VALUES(1434,'16');
INSERT INTO SeriesGenre(seriesId, genreId) VALUES(1434,'35');
INSERT INTO SeriesCountry(seriesId, countryId) VALUES(1434,'US');
INSERT INTO SeriesNetwork(seriesId, networkId) VALUES(1434,'19');
INSERT INTO SeriesCredits(seriesId, personId, job) VALUES(1434,52139,'Actor');
INSERT INTO SeriesCredits(seriesId, personId, job) VALUES(1434,24357,'Actor');
INSERT INTO SeriesCredits(seriesId, personId, job) VALUES(1434,18973,'Actor');
INSERT INTO SeriesCredits(seriesId, personId, job) VALUES(1434,13922,'Actor');
INSERT INTO SeriesCredits(seriesId, personId, job) VALUES(1434,130836,'Actor');
INSERT INTO SeriesCredits(seriesId, personId, job) VALUES(1434,1219665,'Actor');
INSERT INTO SeriesCredits(seriesId, personId, job) VALUES(1434,9657,'Actor');
INSERT INTO SeriesCredits(seriesId, personId, job) VALUES(1434,26847,'Actor');
INSERT INTO Series(id, title, overview, popularity, seasons, episodes, posterPath, voteCount, voteAvg, firstAir, lastAir, tagline) VALUES(31132,'Regular Show','Two bored groundskeepers, Mordecai (a six-foot-tall blue jay) and Rigby (a hyperactive raccoon) are best friends who spend their days trying to entertain themselves by any means necessary, much to the displeasure of their boss. Their everyday pursuits often lead to things spiraling out of control and into the surreal.',209.01,8,261,'/mS5SLxMYcKfUxA0utBSR5MOAWWr.jpg',1054, 8.7,'2010-09-06', '2017-01-16', 'It\'s anything but');
INSERT INTO SeriesGenre(seriesId, genreId) VALUES(31132,'16');
INSERT INTO SeriesGenre(seriesId, genreId) VALUES(31132,'35');
INSERT INTO SeriesNetwork(seriesId, networkId) VALUES(31132,'56');
INSERT INTO SeriesCredits(seriesId, personId, job) VALUES(31132,222169,'Actor');
INSERT INTO SeriesCredits(seriesId, personId, job) VALUES(31132,1215264,'Actor');
INSERT INTO SeriesCredits(seriesId, personId, job) VALUES(31132,2,'Actor');
INSERT INTO SeriesCredits(seriesId, personId, job) VALUES(31132,1251102,'Actor');
INSERT INTO SeriesCredits(seriesId, personId, job) VALUES(31132,75038,'Actor');
INSERT INTO SeriesCredits(seriesId, personId, job) VALUES(31132,34982,'Actor');
INSERT INTO SeriesCredits(seriesId, personId, job) VALUES(31132,1251103,'Actor');
INSERT INTO Series(id, title, overview, popularity, seasons, episodes, posterPath, voteCount, voteAvg, firstAir, lastAir, tagline) VALUES(1408,'House','Dr. Gregory House, a drug-addicted, unconventional, misanthropic medical genius, leads a team of diagnosticians at the fictional Princeton–Plainsboro Teaching Hospital in New Jersey.',208.61,8,177,'/lkvhReTBZ2Ksl0Dl5Oplsf6UYkF.jpg',3440, 8.6,'2004-11-16', '2012-05-21', 'Genius has side effects.');
INSERT INTO SeriesGenre(seriesId, genreId) VALUES(1408,'18');
INSERT INTO SeriesGenre(seriesId, genreId) VALUES(1408,'35');
INSERT INTO SeriesGenre(seriesId, genreId) VALUES(1408,'9648');
INSERT INTO SeriesCountry(seriesId, countryId) VALUES(1408,'US');
INSERT INTO SeriesNetwork(seriesId, networkId) VALUES(1408,'19');
INSERT INTO SeriesCredits(seriesId, personId, job) VALUES(1408,41419,'Actor');
INSERT INTO SeriesCredits(seriesId, personId, job) VALUES(1408,4987,'Actor');
INSERT INTO SeriesCredits(seriesId, personId, job) VALUES(1408,2692,'Actor');
INSERT INTO SeriesCredits(seriesId, personId, job) VALUES(1408,41422,'Actor');
INSERT INTO SeriesCredits(seriesId, personId, job) VALUES(1408,31514,'Actor');
INSERT INTO SeriesCredits(seriesId, personId, job) VALUES(1408,51992,'Actor');
INSERT INTO SeriesCredits(seriesId, personId, job) VALUES(1408,93285,'Actor');
INSERT INTO SeriesCredits(seriesId, personId, job) VALUES(1408,1223964,'Executive Producer');
INSERT INTO SeriesCredits(seriesId, personId, job) VALUES(1408,12256,'Co-Executive Producer');
INSERT INTO SeriesCredits(seriesId, personId, job) VALUES(1408,1223966,'Executive Producer');
INSERT INTO SeriesCredits(seriesId, personId, job) VALUES(1408,1224008,'Producer');
INSERT INTO SeriesCredits(seriesId, personId, job) VALUES(1408,1213567,'Executive Producer');
INSERT INTO SeriesCredits(seriesId, personId, job) VALUES(1408,114407,'Executive Producer');
INSERT INTO SeriesCredits(seriesId, personId, job) VALUES(1408,169061,'Executive Producer');
INSERT INTO SeriesCredits(seriesId, personId, job) VALUES(1408,45543,'Executive Producer');
INSERT INTO SeriesProvider(seriesId, provider, service) VALUES(1408,2,'buy');
INSERT INTO SeriesProvider(seriesId, provider, service) VALUES(1408,10,'buy');
INSERT INTO SeriesProvider(seriesId, provider, service) VALUES(1408,2,'rent');
INSERT INTO SeriesProvider(seriesId, provider, service) VALUES(1408,10,'rent');
INSERT INTO SeriesProvider(seriesId, provider, service) VALUES(1408,9,'flat');
INSERT INTO Series(id, title, overview, popularity, seasons, episodes, posterPath, voteCount, voteAvg, firstAir, lastAir, tagline) VALUES(46952,'The Blacklist','Raymond "Red" Reddington, one of the FBI\'s most wanted fugitives, surrenders in person at FBI Headquarters in Washington, D.C. He claims that he and the FBI have the same interests: bringing down dangerous criminals and terrorists. In the last two decades, he\'s made a list of criminals and terrorists that matter the most but the FBI cannot find because it does not know they exist. Reddington calls this "The Blacklist". Reddington will co-operate, but insists that he will speak only to Elizabeth Keen, a rookie FBI profiler.',208.116,8,168,'/htJzeRcYI2ewMm4PTrg98UMXShe.jpg',1931, 7.4,'2013-09-23', '2021-04-16', 'Family. Business.');
INSERT INTO SeriesGenre(seriesId, genreId) VALUES(46952,'18');
INSERT INTO SeriesGenre(seriesId, genreId) VALUES(46952,'80');
INSERT INTO SeriesGenre(seriesId, genreId) VALUES(46952,'9648');
INSERT INTO SeriesNetwork(seriesId, networkId) VALUES(46952,'6');
INSERT INTO SeriesCredits(seriesId, personId, job) VALUES(46952,13548,'Actor');
INSERT INTO SeriesCredits(seriesId, personId, job) VALUES(46952,222141,'Actor');
INSERT INTO SeriesCredits(seriesId, personId, job) VALUES(46952,9464,'Actor');
INSERT INTO SeriesCredits(seriesId, personId, job) VALUES(46952,142193,'Actor');
INSERT INTO SeriesCredits(seriesId, personId, job) VALUES(46952,144583,'Actor');
INSERT INTO SeriesCredits(seriesId, personId, job) VALUES(46952,164431,'Actor');
INSERT INTO SeriesCredits(seriesId, personId, job) VALUES(46952,2200292,'Actor');
INSERT INTO SeriesProvider(seriesId, provider, service) VALUES(46952,133,'buy');
INSERT INTO SeriesProvider(seriesId, provider, service) VALUES(46952,133,'rent');
INSERT INTO Series(id, title, overview, popularity, seasons, episodes, posterPath, voteCount, voteAvg, firstAir, lastAir, tagline) VALUES(79242,'Chilling Adventures of Sabrina','As her 16th birthday nears, Sabrina must choose between the witch world of her family and the human world of her friends. Based on the Archie comic.',207.001,2,36,'/yxMpoHO0CXP5o9gB7IfsciilQS4.jpg',2495, 8.4,'2018-10-26', '2020-12-31', 'High School is such a witch.');
INSERT INTO SeriesGenre(seriesId, genreId) VALUES(79242,'9648');
INSERT INTO SeriesGenre(seriesId, genreId) VALUES(79242,'10765');
INSERT INTO SeriesGenre(seriesId, genreId) VALUES(79242,'18');
INSERT INTO SeriesCountry(seriesId, countryId) VALUES(79242,'CA');
INSERT INTO SeriesCountry(seriesId, countryId) VALUES(79242,'US');
INSERT INTO SeriesNetwork(seriesId, networkId) VALUES(79242,'213');
INSERT INTO SeriesCredits(seriesId, personId, job) VALUES(79242,934289,'Actor');
INSERT INTO SeriesCredits(seriesId, personId, job) VALUES(79242,973385,'Actor');
INSERT INTO SeriesCredits(seriesId, personId, job) VALUES(79242,11111,'Actor');
INSERT INTO SeriesCredits(seriesId, personId, job) VALUES(79242,502,'Actor');
INSERT INTO SeriesCredits(seriesId, personId, job) VALUES(79242,2035329,'Actor');
INSERT INTO SeriesCredits(seriesId, personId, job) VALUES(79242,144250,'Actor');
INSERT INTO SeriesCredits(seriesId, personId, job) VALUES(79242,1449596,'Actor');
INSERT INTO SeriesCredits(seriesId, personId, job) VALUES(79242,52890,'Actor');
INSERT INTO SeriesCredits(seriesId, personId, job) VALUES(79242,1721739,'Executive Producer');
INSERT INTO Series(id, title, overview, popularity, seasons, episodes, posterPath, voteCount, voteAvg, firstAir, lastAir, tagline) VALUES(80350,'New Amsterdam','Dr. Max Goodwin, the hospital\'s newest medical director, sets out to tear up the bureaucracy and provide exceptional care.',206.479,3,50,'/wKTAz8fkoXJoHqPpi4ArAUGDtco.jpg',327, 8.4,'2018-09-25', '2021-04-20', 'Break the rules. Heal the system.');
INSERT INTO SeriesGenre(seriesId, genreId) VALUES(80350,'18');
INSERT INTO SeriesCountry(seriesId, countryId) VALUES(80350,'US');
INSERT INTO SeriesNetwork(seriesId, networkId) VALUES(80350,'6');
INSERT INTO SeriesCredits(seriesId, personId, job) VALUES(80350,1181353,'Actor');
INSERT INTO SeriesCredits(seriesId, personId, job) VALUES(80350,90755,'Actor');
INSERT INTO SeriesCredits(seriesId, personId, job) VALUES(80350,1182929,'Actor');
INSERT INTO SeriesCredits(seriesId, personId, job) VALUES(80350,51383,'Actor');
INSERT INTO SeriesCredits(seriesId, personId, job) VALUES(80350,6217,'Actor');
INSERT INTO SeriesCredits(seriesId, personId, job) VALUES(80350,2552984,'Actor');
INSERT INTO SeriesCredits(seriesId, personId, job) VALUES(80350,160161,'Consulting Producer');
INSERT INTO Series(id, title, overview, popularity, seasons, episodes, posterPath, voteCount, voteAvg, firstAir, lastAir, tagline) VALUES(89247,'Batwoman','Kate Kane, armed with a passion for social justice and a flair for speaking her mind, soars onto the streets of Gotham as Batwoman, an out lesbian and highly trained street fighter primed to snuff out the failing city\'s criminal resurgence. But don\'t call her a hero yet. In a city desperate for a savior, Kate must overcome her own demons before embracing the call to be Gotham\'s symbol of hope',205.738,2,34,'/xjyEpcuDbB1jy0ehNQMBiO8KOdr.jpg',1036, 7.3,'2019-10-06', '2021-04-18', 'Her time is now.');
INSERT INTO SeriesGenre(seriesId, genreId) VALUES(89247,'10765');
INSERT INTO SeriesGenre(seriesId, genreId) VALUES(89247,'10759');
INSERT INTO SeriesGenre(seriesId, genreId) VALUES(89247,'9648');
INSERT INTO SeriesGenre(seriesId, genreId) VALUES(89247,'80');
INSERT INTO SeriesCountry(seriesId, countryId) VALUES(89247,'US');
INSERT INTO SeriesNetwork(seriesId, networkId) VALUES(89247,'71');
INSERT INTO SeriesCredits(seriesId, personId, job) VALUES(89247,1697199,'Actor');
INSERT INTO SeriesCredits(seriesId, personId, job) VALUES(89247,80018,'Actor');
INSERT INTO SeriesCredits(seriesId, personId, job) VALUES(89247,2081650,'Actor');
INSERT INTO SeriesCredits(seriesId, personId, job) VALUES(89247,1785142,'Actor');
INSERT INTO SeriesCredits(seriesId, personId, job) VALUES(89247,15336,'Actor');
INSERT INTO SeriesCredits(seriesId, personId, job) VALUES(89247,142205,'Actor');
INSERT INTO SeriesCredits(seriesId, personId, job) VALUES(89247,1368489,'Co-Producer');
INSERT INTO SeriesCredits(seriesId, personId, job) VALUES(89247,1254582,'Co-Executive Producer');
INSERT INTO SeriesCredits(seriesId, personId, job) VALUES(89247,1521468,'Co-Executive Producer');
INSERT INTO SeriesCredits(seriesId, personId, job) VALUES(89247,163198,'Co-Executive Producer');
INSERT INTO SeriesCredits(seriesId, personId, job) VALUES(89247,1214625,'Executive Producer');
INSERT INTO SeriesCredits(seriesId, personId, job) VALUES(89247,1214624,'Executive Producer');
INSERT INTO SeriesCredits(seriesId, personId, job) VALUES(89247,63784,'Casting');
INSERT INTO SeriesCredits(seriesId, personId, job) VALUES(89247,1807529,'Casting');
INSERT INTO Series(id, title, overview, popularity, seasons, episodes, posterPath, voteCount, voteAvg, firstAir, lastAir, tagline) VALUES(4057,'Criminal Minds','An elite team of FBI profilers analyze the country\'s most twisted criminal minds, anticipating their next moves before they strike again. The Behavioral Analysis Unit\'s most experienced agent is David Rossi, a founding member of the BAU who returns to help the team solve new cases.',202.87,15,324,'/7TCwgX7oQKxcWYEhSPRmaHe6ULN.jpg',2279, 8.2,'2005-09-22', '2020-02-19', 'To catch a criminal, you have to think like one.');
INSERT INTO SeriesGenre(seriesId, genreId) VALUES(4057,'80');
INSERT INTO SeriesGenre(seriesId, genreId) VALUES(4057,'18');
INSERT INTO SeriesGenre(seriesId, genreId) VALUES(4057,'9648');
INSERT INTO SeriesCountry(seriesId, countryId) VALUES(4057,'US');
INSERT INTO SeriesNetwork(seriesId, networkId) VALUES(4057,'16');
INSERT INTO SeriesCredits(seriesId, personId, job) VALUES(4057,17236,'Actor');
INSERT INTO SeriesCredits(seriesId, personId, job) VALUES(4057,3266,'Actor');
INSERT INTO SeriesCredits(seriesId, personId, job) VALUES(4057,49706,'Actor');
INSERT INTO SeriesCredits(seriesId, personId, job) VALUES(4057,82093,'Actor');
INSERT INTO SeriesCredits(seriesId, personId, job) VALUES(4057,38674,'Actor');
INSERT INTO SeriesCredits(seriesId, personId, job) VALUES(4057,5661,'Actor');
INSERT INTO SeriesCredits(seriesId, personId, job) VALUES(4057,123727,'Actor');
INSERT INTO SeriesCredits(seriesId, personId, job) VALUES(4057,15423,'Actor');
INSERT INTO Series(id, title, overview, popularity, seasons, episodes, posterPath, voteCount, voteAvg, firstAir, lastAir, tagline) VALUES(9027,'Rebelde Way','Rebelde Way is a Martín Fierro Award—nominated Argentine soap opera created and produced by Cris Morena. It originally aired from 26 May 2002 to 18 December 2003. The series was broadcast in many countries worldwide, including Peru, Germany, Israel, Spain and Uruguay, achieving widespread success. In addition, numerous remakes of Rebelde Way have been made, most notably Rebelde by Mexican Televisa. In 2009, Jennifer Lopez bought the rights for an U.S. adaptation.</ref>

Rebelde Way is set in the Elite Way School, a prestigious private boarding high school near Buenos Aires. The students of the school are the members of Argentine wealthiest families, as well as gifted students with scholarships. The series follows the lives of Elite Way students, their parents and their professors, and it also features the regular use of English language and phrases by the upper class. Its central characters are Marizza Pía Spirito, Mía Colucci, Pablo Bustamante and Manuel Aguirre, portrayed by, r',200.367,2,318,'/wu4Vi93RxaE1kkFM5ClmcVzkIby.jpg',23, 8.3,'2002-05-27', '2003-11-13', '');
INSERT INTO SeriesGenre(seriesId, genreId) VALUES(9027,'10766');
INSERT INTO SeriesGenre(seriesId, genreId) VALUES(9027,'18');
INSERT INTO SeriesCountry(seriesId, countryId) VALUES(9027,'AR');
INSERT INTO SeriesNetwork(seriesId, networkId) VALUES(9027,'3236');
INSERT INTO SeriesCredits(seriesId, personId, job) VALUES(9027,681098,'Actor');
INSERT INTO SeriesCredits(seriesId, personId, job) VALUES(9027,1073034,'Actor');
INSERT INTO SeriesCredits(seriesId, personId, job) VALUES(9027,585956,'Actor');
INSERT INTO SeriesCredits(seriesId, personId, job) VALUES(9027,567743,'Actor');
INSERT INTO SeriesCredits(seriesId, personId, job) VALUES(9027,1241654,'Actor');
INSERT INTO SeriesCredits(seriesId, personId, job) VALUES(9027,1241648,'Actor');
INSERT INTO SeriesCredits(seriesId, personId, job) VALUES(9027,117818,'Actor');
INSERT INTO SeriesCredits(seriesId, personId, job) VALUES(9027,2368046,'Actor');
INSERT INTO SeriesCredits(seriesId, personId, job) VALUES(9027,1073034,'Theme Song Performance');
INSERT INTO SeriesCredits(seriesId, personId, job) VALUES(9027,2369546,'Scenic Artist');
INSERT INTO SeriesCredits(seriesId, personId, job) VALUES(9027,2235870,'Sound Post Production Coordinator');
INSERT INTO SeriesCredits(seriesId, personId, job) VALUES(9027,567743,'Theme Song Performance');
INSERT INTO SeriesCredits(seriesId, personId, job) VALUES(9027,1392558,'Art Direction');
INSERT INTO SeriesCredits(seriesId, personId, job) VALUES(9027,2369544,'Assistant Director');
INSERT INTO SeriesCredits(seriesId, personId, job) VALUES(9027,2369548,'Assistant Set Decoration');
INSERT INTO SeriesCredits(seriesId, personId, job) VALUES(9027,2369549,'Graphic Designer');
INSERT INTO SeriesProvider(seriesId, provider, service) VALUES(9027,2,'buy');
INSERT INTO SeriesProvider(seriesId, provider, service) VALUES(9027,3,'buy');
INSERT INTO SeriesProvider(seriesId, provider, service) VALUES(9027,10,'buy');
INSERT INTO SeriesProvider(seriesId, provider, service) VALUES(9027,192,'buy');
INSERT INTO SeriesProvider(seriesId, provider, service) VALUES(9027,20,'buy');
INSERT INTO SeriesProvider(seriesId, provider, service) VALUES(9027,2,'rent');
INSERT INTO SeriesProvider(seriesId, provider, service) VALUES(9027,3,'rent');
INSERT INTO SeriesProvider(seriesId, provider, service) VALUES(9027,10,'rent');
INSERT INTO SeriesProvider(seriesId, provider, service) VALUES(9027,192,'rent');
INSERT INTO SeriesProvider(seriesId, provider, service) VALUES(9027,20,'rent');
INSERT INTO SeriesProvider(seriesId, provider, service) VALUES(9027,9,'flat');
INSERT INTO Series(id, title, overview, popularity, seasons, episodes, posterPath, voteCount, voteAvg, firstAir, lastAir, tagline) VALUES(1413,'American Horror Story','An anthology horror drama series centering on different characters and locations, including a house with a murderous past, an asylum, a witch coven, a freak show, a hotel, a farmhouse in Roanoke and a cult.',197.051,10,103,'/laAAPqhZ2dQuTZokuratKQ5EomT.jpg',3464, 8.1,'2011-10-05', '2019-11-13', '');
INSERT INTO SeriesGenre(seriesId, genreId) VALUES(1413,'18');
INSERT INTO SeriesGenre(seriesId, genreId) VALUES(1413,'9648');
INSERT INTO SeriesGenre(seriesId, genreId) VALUES(1413,'10765');
INSERT INTO SeriesCountry(seriesId, countryId) VALUES(1413,'US');
INSERT INTO SeriesNetwork(seriesId, networkId) VALUES(1413,'88');
INSERT INTO SeriesCredits(seriesId, personId, job) VALUES(1413,34847,'Actor');
INSERT INTO SeriesCredits(seriesId, personId, job) VALUES(1413,1399531,'Actor');
INSERT INTO SeriesCredits(seriesId, personId, job) VALUES(1413,1212123,'Actor');
INSERT INTO SeriesCredits(seriesId, personId, job) VALUES(1413,1197895,'Actor');
INSERT INTO SeriesCredits(seriesId, personId, job) VALUES(1413,155209,'Actor');
INSERT INTO SeriesCredits(seriesId, personId, job) VALUES(1413,582155,'Actor');
INSERT INTO SeriesCredits(seriesId, personId, job) VALUES(1413,3911,'Actor');
INSERT INTO SeriesCredits(seriesId, personId, job) VALUES(1413,1583356,'Actor');
INSERT INTO SeriesProvider(seriesId, provider, service) VALUES(1413,10,'buy');
INSERT INTO SeriesProvider(seriesId, provider, service) VALUES(1413,40,'buy');
INSERT INTO SeriesProvider(seriesId, provider, service) VALUES(1413,20,'buy');
INSERT INTO SeriesProvider(seriesId, provider, service) VALUES(1413,10,'rent');
INSERT INTO SeriesProvider(seriesId, provider, service) VALUES(1413,40,'rent');
INSERT INTO SeriesProvider(seriesId, provider, service) VALUES(1413,20,'rent');
INSERT INTO Series(id, title, overview, popularity, seasons, episodes, posterPath, voteCount, voteAvg, firstAir, lastAir, tagline) VALUES(12637,'Rebelde','The series is set at the Elite Way School, a prestigious private boarding high school in Mexico City with a major plot line revolving around a group of students forming a pop band. Additional subplots involve the school\'s faculty and the students\' parents. One trademark of the show is the random use of English words and phrases, often used by fresa characters.',196.072,3,440,'/iehrrb9CmYCiV1hXp5pdGQQmGNe.jpg',3843, 8.5,'2004-10-04', '2006-06-09', '');
INSERT INTO SeriesGenre(seriesId, genreId) VALUES(12637,'35');
INSERT INTO SeriesGenre(seriesId, genreId) VALUES(12637,'10766');
INSERT INTO SeriesGenre(seriesId, genreId) VALUES(12637,'18');
INSERT INTO SeriesCountry(seriesId, countryId) VALUES(12637,'MX');
INSERT INTO SeriesNetwork(seriesId, networkId) VALUES(12637,'487');
INSERT INTO SeriesCredits(seriesId, personId, job) VALUES(12637,970753,'Actor');
INSERT INTO SeriesCredits(seriesId, personId, job) VALUES(12637,1234164,'Actor');
INSERT INTO SeriesCredits(seriesId, personId, job) VALUES(12637,1234166,'Actor');
INSERT INTO SeriesCredits(seriesId, personId, job) VALUES(12637,1234169,'Actor');
INSERT INTO SeriesCredits(seriesId, personId, job) VALUES(12637,220496,'Actor');
INSERT INTO SeriesCredits(seriesId, personId, job) VALUES(12637,1234163,'Actor');
INSERT INTO SeriesCredits(seriesId, personId, job) VALUES(12637,935201,'Actor');
INSERT INTO SeriesCredits(seriesId, personId, job) VALUES(12637,946529,'Actor');
INSERT INTO SeriesCredits(seriesId, personId, job) VALUES(12637,1446750,'Makeup Department Head');
INSERT INTO SeriesCredits(seriesId, personId, job) VALUES(12637,1855666,'Assistant Director');
INSERT INTO SeriesCredits(seriesId, personId, job) VALUES(12637,1855680,'Assistant Camera');
INSERT INTO SeriesCredits(seriesId, personId, job) VALUES(12637,1877073,'Editor');
INSERT INTO SeriesCredits(seriesId, personId, job) VALUES(12637,2330550,'Costume Design');
INSERT INTO SeriesCredits(seriesId, personId, job) VALUES(12637,1856778,'Compositor');
INSERT INTO SeriesCredits(seriesId, personId, job) VALUES(12637,2364109,'Music Producer');
INSERT INTO SeriesCredits(seriesId, personId, job) VALUES(12637,2364116,'Music Producer');
INSERT INTO Series(id, title, overview, popularity, seasons, episodes, posterPath, voteCount, voteAvg, firstAir, lastAir, tagline) VALUES(82809,'False Identity','Isabel and Diego, two complete strangers, must assume the identity of a married couple in order to flee the state of Sonora.',195.973,2,169,'/A8NqOX6Tol9srq9pS740q2ktgzH.jpg',249, 7.4,'2018-10-03', '2021-01-14', '');
INSERT INTO SeriesGenre(seriesId, genreId) VALUES(82809,'80');
INSERT INTO SeriesGenre(seriesId, genreId) VALUES(82809,'10759');
INSERT INTO SeriesCountry(seriesId, countryId) VALUES(82809,'US');
INSERT INTO SeriesNetwork(seriesId, networkId) VALUES(82809,'193');
INSERT INTO SeriesCredits(seriesId, personId, job) VALUES(82809,130368,'Actor');
INSERT INTO SeriesCredits(seriesId, personId, job) VALUES(82809,229614,'Actor');
INSERT INTO SeriesCredits(seriesId, personId, job) VALUES(82809,1234166,'Actor');
INSERT INTO SeriesCredits(seriesId, personId, job) VALUES(82809,2328502,'Actor');
INSERT INTO SeriesCredits(seriesId, personId, job) VALUES(82809,9211,'Actor');
INSERT INTO SeriesCredits(seriesId, personId, job) VALUES(82809,224809,'Actor');
INSERT INTO SeriesCredits(seriesId, personId, job) VALUES(82809,2748758,'Actor');
INSERT INTO SeriesCredits(seriesId, personId, job) VALUES(82809,1783616,'Actor');
INSERT INTO Series(id, title, overview, popularity, seasons, episodes, posterPath, voteCount, voteAvg, firstAir, lastAir, tagline) VALUES(43348,'Pablo Escobar The Drug Lord','Pablo Escobar: El Patrón del Mal is a 2012 Colombian television series produced and broadcast on Caracol TV, about the life of Pablo Escobar. It is only available in Spanish. There is a version available with English subtitles.  It is also available on Netflix in multiple languages.

The Netflix version has combined some episodes and that is why that version only has 74 episodes whilst the original has 113 episodes.',192.324,1,113,'/jZqm7HFuxfH9P0LFjQZ8nzrCUHP.jpg',2204, 7.5,'2012-05-28', '2012-11-19', '');
INSERT INTO SeriesGenre(seriesId, genreId) VALUES(43348,'80');
INSERT INTO SeriesGenre(seriesId, genreId) VALUES(43348,'18');
INSERT INTO SeriesNetwork(seriesId, networkId) VALUES(43348,'500');
INSERT INTO SeriesCredits(seriesId, personId, job) VALUES(43348,71200,'Actor');
INSERT INTO SeriesCredits(seriesId, personId, job) VALUES(43348,120557,'Actor');
INSERT INTO SeriesCredits(seriesId, personId, job) VALUES(43348,61743,'Actor');
INSERT INTO SeriesCredits(seriesId, personId, job) VALUES(43348,1255920,'Actor');
INSERT INTO SeriesCredits(seriesId, personId, job) VALUES(43348,1255921,'Actor');
INSERT INTO SeriesCredits(seriesId, personId, job) VALUES(43348,1255922,'Actor');
INSERT INTO SeriesCredits(seriesId, personId, job) VALUES(43348,1255923,'Actor');
INSERT INTO SeriesCredits(seriesId, personId, job) VALUES(43348,1255924,'Actor');
INSERT INTO SeriesProvider(seriesId, provider, service) VALUES(43348,2,'buy');
INSERT INTO SeriesProvider(seriesId, provider, service) VALUES(43348,10,'buy');
INSERT INTO SeriesProvider(seriesId, provider, service) VALUES(43348,2,'rent');
INSERT INTO SeriesProvider(seriesId, provider, service) VALUES(43348,10,'rent');
INSERT INTO SeriesProvider(seriesId, provider, service) VALUES(43348,30,'flat');
INSERT INTO SeriesProvider(seriesId, provider, service) VALUES(43348,29,'flat');
INSERT INTO Series(id, title, overview, popularity, seasons, episodes, posterPath, voteCount, voteAvg, firstAir, lastAir, tagline) VALUES(80240,'The Queen of Flow','After spending seventeen years in prison unfairly, a talented songwriter seeks revenge on the men who sank her and killed her family.',191.663,1,82,'/3T5mSuziI0TMa7z9R5w3vNl2qok.jpg',601, 7.9,'2018-06-12', '2018-10-09', '');
INSERT INTO SeriesGenre(seriesId, genreId) VALUES(80240,'18');
INSERT INTO SeriesCountry(seriesId, countryId) VALUES(80240,'CO');
INSERT INTO SeriesNetwork(seriesId, networkId) VALUES(80240,'500');
INSERT INTO SeriesCredits(seriesId, personId, job) VALUES(80240,2071690,'Actor');
INSERT INTO SeriesCredits(seriesId, personId, job) VALUES(80240,2071691,'Actor');
INSERT INTO SeriesCredits(seriesId, personId, job) VALUES(80240,2071693,'Actor');
INSERT INTO SeriesCredits(seriesId, personId, job) VALUES(80240,2071695,'Actor');
INSERT INTO SeriesCredits(seriesId, personId, job) VALUES(80240,1627070,'Actor');
INSERT INTO SeriesCredits(seriesId, personId, job) VALUES(80240,1880554,'Director');
INSERT INTO SeriesCredits(seriesId, personId, job) VALUES(80240,2072925,'Writer');
INSERT INTO SeriesCredits(seriesId, personId, job) VALUES(80240,2072924,'Writer');
INSERT INTO SeriesCredits(seriesId, personId, job) VALUES(80240,2072923,'Writer');
INSERT INTO SeriesCredits(seriesId, personId, job) VALUES(80240,1160015,'Director');
INSERT INTO Series(id, title, overview, popularity, seasons, episodes, posterPath, voteCount, voteAvg, firstAir, lastAir, tagline) VALUES(75219,'9-1-1','Explore the high-pressure experiences of police officers, paramedics and firefighters who are thrust into the most frightening, shocking and heart-stopping situations. These emergency responders must try to balance saving those who are at their most vulnerable with solving the problems in their own lives.',191.601,4,58,'/wP9Ho6PCmmrFHLK1VjSAwZKVKtX.jpg',1278, 8.1,'2018-01-03', '2021-04-19', 'What’s your emergency?');
INSERT INTO SeriesGenre(seriesId, genreId) VALUES(75219,'18');
INSERT INTO SeriesGenre(seriesId, genreId) VALUES(75219,'10759');
INSERT INTO SeriesGenre(seriesId, genreId) VALUES(75219,'80');
INSERT INTO SeriesCountry(seriesId, countryId) VALUES(75219,'US');
INSERT INTO SeriesNetwork(seriesId, networkId) VALUES(75219,'19');
INSERT INTO SeriesCredits(seriesId, personId, job) VALUES(75219,23119,'Actor');
INSERT INTO SeriesCredits(seriesId, personId, job) VALUES(75219,9780,'Actor');
INSERT INTO SeriesCredits(seriesId, personId, job) VALUES(75219,1283871,'Actor');
INSERT INTO SeriesCredits(seriesId, personId, job) VALUES(75219,41561,'Actor');
INSERT INTO SeriesCredits(seriesId, personId, job) VALUES(75219,1192492,'Actor');
INSERT INTO SeriesCredits(seriesId, personId, job) VALUES(75219,33259,'Actor');
INSERT INTO SeriesCredits(seriesId, personId, job) VALUES(75219,17345,'Actor');
INSERT INTO SeriesCredits(seriesId, personId, job) VALUES(75219,932091,'Actor');
INSERT INTO Series(id, title, overview, popularity, seasons, episodes, posterPath, voteCount, voteAvg, firstAir, lastAir, tagline) VALUES(71446,'Money Heist','To carry out the biggest heist in history, a mysterious man called The Professor recruits a band of eight robbers who have a single characteristic: none of them has anything to lose. Five months of seclusion - memorizing every step, every detail, every probability - culminate in eleven days locked up in the National Coinage and Stamp Factory of Spain, surrounded by police forces and with dozens of hostages in their power, to find out whether their suicide wager will lead to everything or nothing.',190.836,2,31,'/MoEKaPFHABtA1xKoOteirGaHl1.jpg',12778, 8.3,'2017-05-02', '2020-04-03', 'The perfect robbery.');
INSERT INTO SeriesGenre(seriesId, genreId) VALUES(71446,'80');
INSERT INTO SeriesGenre(seriesId, genreId) VALUES(71446,'18');
INSERT INTO SeriesCountry(seriesId, countryId) VALUES(71446,'ES');
INSERT INTO SeriesNetwork(seriesId, networkId) VALUES(71446,'213');
INSERT INTO SeriesNetwork(seriesId, networkId) VALUES(71446,'400');
INSERT INTO SeriesCredits(seriesId, personId, job) VALUES(71446,1042728,'Actor');
INSERT INTO SeriesCredits(seriesId, personId, job) VALUES(71446,1340020,'Actor');
INSERT INTO SeriesCredits(seriesId, personId, job) VALUES(71446,947514,'Actor');
INSERT INTO SeriesCredits(seriesId, personId, job) VALUES(71446,1109836,'Actor');
INSERT INTO SeriesCredits(seriesId, personId, job) VALUES(71446,1283843,'Actor');
INSERT INTO SeriesCredits(seriesId, personId, job) VALUES(71446,1428896,'Actor');
INSERT INTO SeriesCredits(seriesId, personId, job) VALUES(71446,1972706,'Actor');
INSERT INTO SeriesCredits(seriesId, personId, job) VALUES(71446,1972707,'Actor');
INSERT INTO SeriesCredits(seriesId, personId, job) VALUES(71446,2013084,'Producer');
INSERT INTO SeriesCredits(seriesId, personId, job) VALUES(71446,1801920,'Sound Mixer');
INSERT INTO SeriesCredits(seriesId, personId, job) VALUES(71446,1714782,'Sound Supervisor');
INSERT INTO SeriesCredits(seriesId, personId, job) VALUES(71446,2013069,'Sound Supervisor');
INSERT INTO SeriesCredits(seriesId, personId, job) VALUES(71446,2013075,'Color Grading');
INSERT INTO SeriesCredits(seriesId, personId, job) VALUES(71446,2013076,'Color Grading');
INSERT INTO SeriesCredits(seriesId, personId, job) VALUES(71446,2365657,'Color Grading');
INSERT INTO SeriesCredits(seriesId, personId, job) VALUES(71446,2365658,'Post Production Supervisor');
INSERT INTO Series(id, title, overview, popularity, seasons, episodes, posterPath, voteCount, voteAvg, firstAir, lastAir, tagline) VALUES(1418,'The Big Bang Theory','The sitcom is centered on five characters living in Pasadena, California: roommates Leonard Hofstadter and Sheldon Cooper; Penny, a waitress and aspiring actress who lives across the hall; and Leonard and Sheldon\'s equally geeky and socially awkward friends and co-workers, mechanical engineer Howard Wolowitz and astrophysicist Raj Koothrappali. The geekiness and intellect of the four guys is contrasted for comic effect with Penny\'s social skills and common sense.',187.414,12,279,'/ooBGRQBdbGzBxAVfExiO8r7kloA.jpg',7092, 7.7,'2007-09-24', '2019-05-16', '');
INSERT INTO SeriesGenre(seriesId, genreId) VALUES(1418,'35');
INSERT INTO SeriesCountry(seriesId, countryId) VALUES(1418,'US');
INSERT INTO SeriesNetwork(seriesId, networkId) VALUES(1418,'16');
INSERT INTO SeriesCredits(seriesId, personId, job) VALUES(1418,5374,'Actor');
INSERT INTO SeriesCredits(seriesId, personId, job) VALUES(1418,16478,'Actor');
INSERT INTO SeriesCredits(seriesId, personId, job) VALUES(1418,53862,'Actor');
INSERT INTO SeriesCredits(seriesId, personId, job) VALUES(1418,53863,'Actor');
INSERT INTO SeriesCredits(seriesId, personId, job) VALUES(1418,208099,'Actor');
INSERT INTO SeriesCredits(seriesId, personId, job) VALUES(1418,1221716,'Actor');
INSERT INTO SeriesCredits(seriesId, personId, job) VALUES(1418,167640,'Actor');
INSERT INTO SeriesCredits(seriesId, personId, job) VALUES(1418,60633,'Actor');
INSERT INTO SeriesCredits(seriesId, personId, job) VALUES(1418,1379356,'Co-Executive Producer');
INSERT INTO SeriesCredits(seriesId, personId, job) VALUES(1418,581616,'Co-Executive Producer');
INSERT INTO SeriesCredits(seriesId, personId, job) VALUES(1418,1480277,'Co-Executive Producer');
INSERT INTO SeriesCredits(seriesId, personId, job) VALUES(1418,2153496,'Production Coordinator');
INSERT INTO SeriesCredits(seriesId, personId, job) VALUES(1418,2153483,'Camera Operator');
INSERT INTO SeriesCredits(seriesId, personId, job) VALUES(1418,2153471,'Construction Coordinator');
INSERT INTO SeriesCredits(seriesId, personId, job) VALUES(1418,1481429,'Executive Story Editor');
INSERT INTO SeriesCredits(seriesId, personId, job) VALUES(1418,2153480,'Camera Operator');
INSERT INTO Series(id, title, overview, popularity, seasons, episodes, posterPath, voteCount, voteAvg, firstAir, lastAir, tagline) VALUES(58841,'Chicago P.D.','A riveting police drama about the men and women of the Chicago Police Department\'s District 21 who put it all on the line to serve and protect their community. District 21 is made up of two distinctly different groups: the uniformed cops who patrol the beat and go head-to-head with the city\'s street crimes and the Intelligence Unit that combats the city\'s major offenses - organized crime, drug trafficking, high profile murders and beyond.',186.812,8,161,'/OlPR1kctwXzSUJQkZINDDhNlHV.jpg',1413, 8.4,'2014-01-08', '2021-04-21', 'Break the rules. Not the law.');
INSERT INTO SeriesGenre(seriesId, genreId) VALUES(58841,'80');
INSERT INTO SeriesGenre(seriesId, genreId) VALUES(58841,'18');
INSERT INTO SeriesCountry(seriesId, countryId) VALUES(58841,'US');
INSERT INTO SeriesNetwork(seriesId, networkId) VALUES(58841,'6');
INSERT INTO SeriesCredits(seriesId, personId, job) VALUES(58841,37203,'Actor');
INSERT INTO SeriesCredits(seriesId, personId, job) VALUES(58841,1011102,'Actor');
INSERT INTO SeriesCredits(seriesId, personId, job) VALUES(58841,208678,'Actor');
INSERT INTO SeriesCredits(seriesId, personId, job) VALUES(58841,1100549,'Actor');
INSERT INTO SeriesCredits(seriesId, personId, job) VALUES(58841,115730,'Actor');
INSERT INTO SeriesCredits(seriesId, personId, job) VALUES(58841,1261395,'Actor');
INSERT INTO SeriesCredits(seriesId, personId, job) VALUES(58841,26930,'Actor');
INSERT INTO SeriesCredits(seriesId, personId, job) VALUES(58841,2574774,'Production Design');
INSERT INTO SeriesCredits(seriesId, personId, job) VALUES(58841,57164,'Producer');
INSERT INTO SeriesCredits(seriesId, personId, job) VALUES(58841,1735045,'Supervising Producer');
INSERT INTO SeriesCredits(seriesId, personId, job) VALUES(58841,2579153,'Co-Executive Producer');
INSERT INTO SeriesCredits(seriesId, personId, job) VALUES(58841,1214632,'Co-Executive Producer');
INSERT INTO SeriesCredits(seriesId, personId, job) VALUES(58841,1868485,'Co-Executive Producer');
INSERT INTO SeriesCredits(seriesId, personId, job) VALUES(58841,1349058,'Co-Executive Producer');
INSERT INTO SeriesCredits(seriesId, personId, job) VALUES(58841,1224397,'Co-Executive Producer');
INSERT INTO Series(id, title, overview, popularity, seasons, episodes, posterPath, voteCount, voteAvg, firstAir, lastAir, tagline) VALUES(1412,'Arrow','Spoiled billionaire playboy Oliver Queen is missing and presumed dead when his yacht is lost at sea. He returns five years later a changed man, determined to clean up the city as a hooded vigilante armed with a bow.',185.671,8,170,'/gKG5QGz5Ngf8fgWpBsWtlg5L2SF.jpg',4496, 6.6,'2012-10-10', '2020-01-28', 'Heroes fall. Legends rise.');
INSERT INTO SeriesGenre(seriesId, genreId) VALUES(1412,'80');
INSERT INTO SeriesGenre(seriesId, genreId) VALUES(1412,'18');
INSERT INTO SeriesGenre(seriesId, genreId) VALUES(1412,'9648');
INSERT INTO SeriesGenre(seriesId, genreId) VALUES(1412,'10759');
INSERT INTO SeriesCountry(seriesId, countryId) VALUES(1412,'US');
INSERT INTO SeriesNetwork(seriesId, networkId) VALUES(1412,'71');
INSERT INTO SeriesCredits(seriesId, personId, job) VALUES(1412,76110,'Actor');
INSERT INTO SeriesCredits(seriesId, personId, job) VALUES(1412,116774,'Actor');
INSERT INTO SeriesCredits(seriesId, personId, job) VALUES(1412,55775,'Actor');
INSERT INTO SeriesCredits(seriesId, personId, job) VALUES(1412,53184,'Actor');
INSERT INTO SeriesCredits(seriesId, personId, job) VALUES(1412,576474,'Actor');
INSERT INTO SeriesCredits(seriesId, personId, job) VALUES(1412,968006,'Actor');
INSERT INTO SeriesCredits(seriesId, personId, job) VALUES(1412,1581190,'Actor');
INSERT INTO SeriesCredits(seriesId, personId, job) VALUES(1412,33702,'Actor');
INSERT INTO SeriesProvider(seriesId, provider, service) VALUES(1412,2,'buy');
INSERT INTO SeriesProvider(seriesId, provider, service) VALUES(1412,3,'buy');
INSERT INTO SeriesProvider(seriesId, provider, service) VALUES(1412,10,'buy');
INSERT INTO SeriesProvider(seriesId, provider, service) VALUES(1412,40,'buy');
INSERT INTO SeriesProvider(seriesId, provider, service) VALUES(1412,192,'buy');
INSERT INTO SeriesProvider(seriesId, provider, service) VALUES(1412,35,'buy');
INSERT INTO SeriesProvider(seriesId, provider, service) VALUES(1412,2,'rent');
INSERT INTO SeriesProvider(seriesId, provider, service) VALUES(1412,10,'rent');
INSERT INTO SeriesProvider(seriesId, provider, service) VALUES(1412,40,'rent');
INSERT INTO SeriesProvider(seriesId, provider, service) VALUES(1412,35,'rent');
INSERT INTO Series(id, title, overview, popularity, seasons, episodes, posterPath, voteCount, voteAvg, firstAir, lastAir, tagline) VALUES(71663,'Black Lightning','Jefferson Pierce is a man wrestling with a secret. As the father of two daughters and principal of a charter high school that also serves as a safe haven for young people in a New Orleans neighborhood overrun by gang violence, he is a hero to his community.',184.113,4,58,'/h1xbvvO6oqchfLe6xh0yLNnQxeM.jpg',563, 7.2,'2018-01-16', '2021-04-19', 'High voltage action');
INSERT INTO SeriesGenre(seriesId, genreId) VALUES(71663,'10759');
INSERT INTO SeriesGenre(seriesId, genreId) VALUES(71663,'10765');
INSERT INTO SeriesGenre(seriesId, genreId) VALUES(71663,'18');
INSERT INTO SeriesCountry(seriesId, countryId) VALUES(71663,'US');
INSERT INTO SeriesNetwork(seriesId, networkId) VALUES(71663,'71');
INSERT INTO SeriesCredits(seriesId, personId, job) VALUES(71663,157847,'Actor');
INSERT INTO SeriesCredits(seriesId, personId, job) VALUES(71663,1532331,'Actor');
INSERT INTO SeriesCredits(seriesId, personId, job) VALUES(71663,87194,'Actor');
INSERT INTO SeriesCredits(seriesId, personId, job) VALUES(71663,1962692,'Actor');
INSERT INTO SeriesCredits(seriesId, personId, job) VALUES(71663,1451923,'Actor');
INSERT INTO SeriesCredits(seriesId, personId, job) VALUES(71663,1736,'Actor');
INSERT INTO SeriesCredits(seriesId, personId, job) VALUES(71663,2971861,'Co-Producer');
INSERT INTO SeriesCredits(seriesId, personId, job) VALUES(71663,2000111,'Co-Producer');
INSERT INTO SeriesCredits(seriesId, personId, job) VALUES(71663,1533684,'Co-Producer');
INSERT INTO SeriesCredits(seriesId, personId, job) VALUES(71663,1372651,'Producer');
INSERT INTO SeriesCredits(seriesId, personId, job) VALUES(71663,1372652,'Producer');
INSERT INTO SeriesCredits(seriesId, personId, job) VALUES(71663,1512010,'Producer');
INSERT INTO SeriesCredits(seriesId, personId, job) VALUES(71663,1445393,'Co-Executive Producer');
INSERT INTO SeriesCredits(seriesId, personId, job) VALUES(71663,62116,'Co-Executive Producer');
INSERT INTO Series(id, title, overview, popularity, seasons, episodes, posterPath, voteCount, voteAvg, firstAir, lastAir, tagline) VALUES(71789,'SEAL Team','The lives of the elite Navy Seals as they train, plan and execute the most dangerous, high-stakes missions our country can ask.',183.931,4,79,'/uTSLeQTeHevt4fplegmQ6bOnE0Z.jpg',890, 7.8,'2017-09-27', '2021-04-21', '');
INSERT INTO SeriesGenre(seriesId, genreId) VALUES(71789,'10759');
INSERT INTO SeriesGenre(seriesId, genreId) VALUES(71789,'18');
INSERT INTO SeriesGenre(seriesId, genreId) VALUES(71789,'10768');
INSERT INTO SeriesCountry(seriesId, countryId) VALUES(71789,'US');
INSERT INTO SeriesNetwork(seriesId, networkId) VALUES(71789,'16');
INSERT INTO SeriesCredits(seriesId, personId, job) VALUES(71789,25934,'Actor');
INSERT INTO SeriesCredits(seriesId, personId, job) VALUES(71789,41883,'Actor');
INSERT INTO SeriesCredits(seriesId, personId, job) VALUES(71789,55091,'Actor');
INSERT INTO SeriesCredits(seriesId, personId, job) VALUES(71789,60460,'Actor');
INSERT INTO SeriesCredits(seriesId, personId, job) VALUES(71789,105831,'Actor');
INSERT INTO SeriesCredits(seriesId, personId, job) VALUES(71789,990136,'Actor');
INSERT INTO Series(id, title, overview, popularity, seasons, episodes, posterPath, voteCount, voteAvg, firstAir, lastAir, tagline) VALUES(60625,'Rick and Morty','Rick is a mentally-unbalanced but scientifically-gifted old man who has recently reconnected with his family. He spends most of his time involving his young grandson Morty in dangerous, outlandish adventures throughout space and alternate universes. Compounded with Morty\'s already unstable family life, these events cause Morty much distress at home and school.',183.831,5,42,'/8kOWDBK6XlPUzckuHDo3wwVRFwt.jpg',4228, 8.7,'2013-12-02', '2020-05-31', 'Science makes sense, family doesn\'t.');
INSERT INTO SeriesGenre(seriesId, genreId) VALUES(60625,'16');
INSERT INTO SeriesGenre(seriesId, genreId) VALUES(60625,'35');
INSERT INTO SeriesGenre(seriesId, genreId) VALUES(60625,'10765');
INSERT INTO SeriesGenre(seriesId, genreId) VALUES(60625,'10759');
INSERT INTO SeriesCountry(seriesId, countryId) VALUES(60625,'US');
INSERT INTO SeriesNetwork(seriesId, networkId) VALUES(60625,'80');
INSERT INTO SeriesCredits(seriesId, personId, job) VALUES(60625,1245733,'Actor');
INSERT INTO SeriesCredits(seriesId, personId, job) VALUES(60625,51382,'Actor');
INSERT INTO SeriesCredits(seriesId, personId, job) VALUES(60625,176823,'Actor');
INSERT INTO SeriesCredits(seriesId, personId, job) VALUES(60625,49001,'Actor');
INSERT INTO SeriesCredits(seriesId, personId, job) VALUES(60625,1245733,'Executive Producer');
INSERT INTO SeriesCredits(seriesId, personId, job) VALUES(60625,57194,'Executive Producer');
INSERT INTO SeriesCredits(seriesId, personId, job) VALUES(60625,1216675,'Producer');
INSERT INTO SeriesCredits(seriesId, personId, job) VALUES(60625,1651036,'Original Music Composer');
INSERT INTO SeriesCredits(seriesId, personId, job) VALUES(60625,1215656,'Executive Producer');
INSERT INTO SeriesCredits(seriesId, personId, job) VALUES(60625,1215655,'Executive Producer');
INSERT INTO Series(id, title, overview, popularity, seasons, episodes, posterPath, voteCount, voteAvg, firstAir, lastAir, tagline) VALUES(92396,'Lady, la vendedora de rosas','The life story of Colombian film star Lady Tabares, who was plucked off the mean streets to star in a film and quickly rose to fame.',183.282,1,1,'/hkiNJTUqgltJvqEpFP1QpzuujO2.jpg',155, 7.4,'', '2015-06-15', '');
INSERT INTO Series(id, title, overview, popularity, seasons, episodes, posterPath, voteCount, voteAvg, firstAir, lastAir, tagline) VALUES(4614,'NCIS','From murder and espionage to terrorism and stolen submarines, a team of special agents investigates any crime that has a shred of evidence connected to Navy and Marine Corps personnel, regardless of rank or position.',180.836,18,412,'/fi8EvaWtL5CvoielOjjVvTr7ux3.jpg',1462, 7.4,'2003-09-23', '2021-04-20', '');
INSERT INTO SeriesGenre(seriesId, genreId) VALUES(4614,'80');
INSERT INTO SeriesGenre(seriesId, genreId) VALUES(4614,'10759');
INSERT INTO SeriesGenre(seriesId, genreId) VALUES(4614,'18');
INSERT INTO SeriesNetwork(seriesId, networkId) VALUES(4614,'16');
INSERT INTO SeriesCredits(seriesId, personId, job) VALUES(4614,19728,'Actor');
INSERT INTO SeriesCredits(seriesId, personId, job) VALUES(4614,1230381,'Actor');
INSERT INTO SeriesCredits(seriesId, personId, job) VALUES(4614,18975,'Actor');
INSERT INTO SeriesCredits(seriesId, personId, job) VALUES(4614,204679,'Actor');
INSERT INTO SeriesCredits(seriesId, personId, job) VALUES(4614,49,'Actor');
INSERT INTO SeriesCredits(seriesId, personId, job) VALUES(4614,1470346,'Actor');
INSERT INTO SeriesCredits(seriesId, personId, job) VALUES(4614,27448,'Actor');
INSERT INTO SeriesCredits(seriesId, personId, job) VALUES(4614,24813,'Actor');
INSERT INTO SeriesCredits(seriesId, personId, job) VALUES(4614,2857027,'Original Music Composer');
INSERT INTO SeriesProvider(seriesId, provider, service) VALUES(4614,2,'buy');
INSERT INTO SeriesProvider(seriesId, provider, service) VALUES(4614,3,'buy');
INSERT INTO SeriesProvider(seriesId, provider, service) VALUES(4614,130,'buy');
INSERT INTO SeriesProvider(seriesId, provider, service) VALUES(4614,10,'buy');
INSERT INTO SeriesProvider(seriesId, provider, service) VALUES(4614,40,'buy');
INSERT INTO SeriesProvider(seriesId, provider, service) VALUES(4614,192,'buy');
INSERT INTO SeriesProvider(seriesId, provider, service) VALUES(4614,20,'buy');
INSERT INTO SeriesProvider(seriesId, provider, service) VALUES(4614,178,'buy');
INSERT INTO SeriesProvider(seriesId, provider, service) VALUES(4614,68,'buy');
INSERT INTO SeriesProvider(seriesId, provider, service) VALUES(4614,2,'rent');
INSERT INTO SeriesProvider(seriesId, provider, service) VALUES(4614,3,'rent');
INSERT INTO SeriesProvider(seriesId, provider, service) VALUES(4614,130,'rent');
INSERT INTO SeriesProvider(seriesId, provider, service) VALUES(4614,10,'rent');
INSERT INTO SeriesProvider(seriesId, provider, service) VALUES(4614,40,'rent');
INSERT INTO SeriesProvider(seriesId, provider, service) VALUES(4614,192,'rent');
INSERT INTO SeriesProvider(seriesId, provider, service) VALUES(4614,20,'rent');
INSERT INTO SeriesProvider(seriesId, provider, service) VALUES(4614,178,'rent');
INSERT INTO SeriesProvider(seriesId, provider, service) VALUES(4614,68,'rent');
INSERT INTO SeriesProvider(seriesId, provider, service) VALUES(4614,9,'flat');
INSERT INTO Series(id, title, overview, popularity, seasons, episodes, posterPath, voteCount, voteAvg, firstAir, lastAir, tagline) VALUES(66084,'Acapulco Shore','A reality-based look at the vapid lives of several Mexican 20-somethings and their respective friends and/or hook-ups during their stay in Acapulco for a Summer vacation.',180.099,7,97,'/fSRyd3ZNZY41awncagc8oqV739M.jpg',486, 8,'2014-09-27', '2020-09-22', '');
INSERT INTO SeriesGenre(seriesId, genreId) VALUES(66084,'10764');
INSERT INTO SeriesCountry(seriesId, countryId) VALUES(66084,'MX');
INSERT INTO SeriesNetwork(seriesId, networkId) VALUES(66084,'2116');
INSERT INTO Series(id, title, overview, popularity, seasons, episodes, posterPath, voteCount, voteAvg, firstAir, lastAir, tagline) VALUES(65555,'Endless Love','Two separate worlds lie on two sides of the road in a seaside town. Both too close and way too far from each other. What happens when two young people from these worlds fall in love?  Kemal is one of the three children of a moderate family that lives in one of the inner neighborhoods of the town. His hand to mouth world has pinned all hopes on him. The motive of this world is not high aims, it’s to make a living and survive. It’s Kemal’s last year in mine engineering. His dreams are restricted with the truth and he doesn’t believe in miracles. Especially in miracles like love.  Kemal is soon tested with his disbelief and Nihan hops into his monotonous life. After that day Kemal’s world turns upside down and he loses control.',179.258,2,74,'/n0ia3oDpfgS3VTx9ZJrwBHihS4a.jpg',368, 7.7,'2015-10-14', '2017-05-31', '');
INSERT INTO SeriesGenre(seriesId, genreId) VALUES(65555,'18');
INSERT INTO SeriesCountry(seriesId, countryId) VALUES(65555,'TR');
INSERT INTO SeriesNetwork(seriesId, networkId) VALUES(65555,'778');
INSERT INTO SeriesNetwork(seriesId, networkId) VALUES(65555,'1233');
INSERT INTO SeriesCredits(seriesId, personId, job) VALUES(65555,1424928,'Actor');
INSERT INTO SeriesCredits(seriesId, personId, job) VALUES(65555,1254465,'Actor');
INSERT INTO SeriesCredits(seriesId, personId, job) VALUES(65555,145408,'Actor');
INSERT INTO SeriesCredits(seriesId, personId, job) VALUES(65555,1246608,'Actor');
INSERT INTO SeriesCredits(seriesId, personId, job) VALUES(65555,1575024,'Actor');
INSERT INTO SeriesCredits(seriesId, personId, job) VALUES(65555,1575028,'Actor');
INSERT INTO SeriesCredits(seriesId, personId, job) VALUES(65555,1575026,'Actor');
INSERT INTO SeriesCredits(seriesId, personId, job) VALUES(65555,66982,'Actor');
INSERT INTO SeriesCredits(seriesId, personId, job) VALUES(65555,1575019,'Director');
INSERT INTO SeriesCredits(seriesId, personId, job) VALUES(65555,1575020,'Writer');
INSERT INTO SeriesCredits(seriesId, personId, job) VALUES(65555,1575021,'Writer');
INSERT INTO SeriesCredits(seriesId, personId, job) VALUES(65555,1575022,'Writer');
INSERT INTO SeriesCredits(seriesId, personId, job) VALUES(65555,1439911,'Producer');
INSERT INTO Series(id, title, overview, popularity, seasons, episodes, posterPath, voteCount, voteAvg, firstAir, lastAir, tagline) VALUES(97175,'Fate: The Winx Saga','The coming-of-age journey of five fairies attending Alfea, a magical boarding school in the Otherworld where they must learn to master their powers while navigating love, rivalries, and the monsters that threaten their very existence.',178.678,2,6,'/oHj6guMrLfQcBzo3uxwBJc8Y736.jpg',666, 8.5,'2021-01-22', '2021-01-22', 'Channel your element. Change your fate.');
INSERT INTO SeriesGenre(seriesId, genreId) VALUES(97175,'10765');
INSERT INTO SeriesGenre(seriesId, genreId) VALUES(97175,'18');
INSERT INTO SeriesCountry(seriesId, countryId) VALUES(97175,'IT');
INSERT INTO SeriesCountry(seriesId, countryId) VALUES(97175,'GB');
INSERT INTO SeriesCountry(seriesId, countryId) VALUES(97175,'US');
INSERT INTO SeriesNetwork(seriesId, networkId) VALUES(97175,'213');
INSERT INTO SeriesCredits(seriesId, personId, job) VALUES(97175,1371456,'Actor');
INSERT INTO SeriesCredits(seriesId, personId, job) VALUES(97175,1540185,'Actor');
INSERT INTO SeriesCredits(seriesId, personId, job) VALUES(97175,2356696,'Actor');
INSERT INTO SeriesCredits(seriesId, personId, job) VALUES(97175,1577369,'Actor');
INSERT INTO SeriesCredits(seriesId, personId, job) VALUES(97175,2477613,'Actor');
INSERT INTO SeriesCredits(seriesId, personId, job) VALUES(97175,2244576,'Actor');
INSERT INTO SeriesCredits(seriesId, personId, job) VALUES(97175,2270402,'Actor');
INSERT INTO SeriesCredits(seriesId, personId, job) VALUES(97175,224193,'Actor');
INSERT INTO SeriesCredits(seriesId, personId, job) VALUES(97175,587933,'Characters');
INSERT INTO SeriesCredits(seriesId, personId, job) VALUES(97175,1214634,'Executive Producer');
INSERT INTO SeriesCredits(seriesId, personId, job) VALUES(97175,1513078,'Co-Executive Producer');
INSERT INTO SeriesCredits(seriesId, personId, job) VALUES(97175,2042546,'Supervising Producer');
INSERT INTO SeriesCredits(seriesId, personId, job) VALUES(97175,1818678,'Consulting Producer');
INSERT INTO SeriesCredits(seriesId, personId, job) VALUES(97175,1743679,'Executive Producer');
INSERT INTO SeriesCredits(seriesId, personId, job) VALUES(97175,963336,'Executive Producer');
INSERT INTO SeriesCredits(seriesId, personId, job) VALUES(97175,587933,'Executive Producer');
INSERT INTO Series(id, title, overview, popularity, seasons, episodes, posterPath, voteCount, voteAvg, firstAir, lastAir, tagline) VALUES(16286,'Yo soy Betty, la fea','Yo soy Betty, la fea is a telenovela filmed in Colombia, written by Fernando Gaitán and produced from October 25, 1999 to May 8, 2001 by the Colombian network RCN. More than a dozen versions of the telenovela have been made in other countries. In the United States, both the comedy-drama hit Ugly Betty and Televisa program La Fea Más Bella are based on the Colombian soap opera.

Betty, la Fea re-aired on Spanish-language U.S. network TeleFutura in January 2009. Eight years after the telenovela\'s original run, the highly anticipated return of the original version of Yo Soy Betty, La Fea delivered impressive ratings for the network, attracting over one million viewers, more than half a million of which were adults aged 18–49. In addition, the premiere episode doubled and in some cases nearly tripled its prior audience among all key demographics.

Due to the success of re-runs aired in the United States, in June 2009, Yo soy Betty, la fea re-aired in México on Canal de las Estrellas.',178.353,1,335,'/iEBOiXiDGaxVR6w8aKgG5MEusuO.jpg',1998, 8.2,'1999-10-25', '1999-12-23', '');
INSERT INTO SeriesGenre(seriesId, genreId) VALUES(16286,'10766');
INSERT INTO SeriesGenre(seriesId, genreId) VALUES(16286,'35');
INSERT INTO SeriesGenre(seriesId, genreId) VALUES(16286,'18');
INSERT INTO SeriesNetwork(seriesId, networkId) VALUES(16286,'183');
INSERT INTO SeriesCredits(seriesId, personId, job) VALUES(16286,1065253,'Actor');
INSERT INTO SeriesCredits(seriesId, personId, job) VALUES(16286,2158639,'Actor');
INSERT INTO SeriesCredits(seriesId, personId, job) VALUES(16286,2158641,'Actor');
INSERT INTO SeriesCredits(seriesId, personId, job) VALUES(16286,2022400,'Actor');
INSERT INTO SeriesCredits(seriesId, personId, job) VALUES(16286,2158642,'Actor');
INSERT INTO SeriesCredits(seriesId, personId, job) VALUES(16286,1245883,'Actor');
INSERT INTO Series(id, title, overview, popularity, seasons, episodes, posterPath, voteCount, voteAvg, firstAir, lastAir, tagline) VALUES(89901,'Dickinson','Emily Dickinson. Poet. Daughter. Total rebel. In this coming-of-age story, Emily’s determined to become the world’s greatest poet.',176.833,2,20,'/3tvm4WdGKw3Db0sMh9Pt4dckePn.jpg',323, 8.7,'2019-11-01', '2021-02-26', 'If the rules aren’t fair, break them.');
INSERT INTO SeriesGenre(seriesId, genreId) VALUES(89901,'35');
INSERT INTO SeriesGenre(seriesId, genreId) VALUES(89901,'18');
INSERT INTO SeriesCountry(seriesId, countryId) VALUES(89901,'US');
INSERT INTO SeriesNetwork(seriesId, networkId) VALUES(89901,'2552');
INSERT INTO SeriesCredits(seriesId, personId, job) VALUES(89901,130640,'Actor');
INSERT INTO SeriesCredits(seriesId, personId, job) VALUES(89901,18271,'Actor');
INSERT INTO SeriesCredits(seriesId, personId, job) VALUES(89901,1756169,'Actor');
INSERT INTO SeriesCredits(seriesId, personId, job) VALUES(89901,1724137,'Actor');
INSERT INTO SeriesCredits(seriesId, personId, job) VALUES(89901,989411,'Actor');
INSERT INTO SeriesCredits(seriesId, personId, job) VALUES(89901,13636,'Actor');
INSERT INTO SeriesCredits(seriesId, personId, job) VALUES(89901,1580140,'Art Direction');
INSERT INTO SeriesCredits(seriesId, personId, job) VALUES(89901,1165338,'Production Design');
INSERT INTO SeriesCredits(seriesId, personId, job) VALUES(89901,1800154,'Co-Executive Producer');
INSERT INTO SeriesCredits(seriesId, personId, job) VALUES(89901,2808272,'Producer');
INSERT INTO SeriesCredits(seriesId, personId, job) VALUES(89901,2927815,'Co-Producer');
INSERT INTO SeriesCredits(seriesId, personId, job) VALUES(89901,21005,'Consulting Producer');
INSERT INTO SeriesCredits(seriesId, personId, job) VALUES(89901,2927816,'Associate Producer');
INSERT INTO SeriesCredits(seriesId, personId, job) VALUES(89901,1531361,'Music Supervisor');
INSERT INTO Series(id, title, overview, popularity, seasons, episodes, posterPath, voteCount, voteAvg, firstAir, lastAir, tagline) VALUES(12926,'Teresa','Teresa Chavez is a young woman with an obsession for money and ambition. Despite her beauty and the fact that she was raised in the bosom of a loving family, she is resentful; her one desire is to leave her humble but poor neighbourhood.',176.475,1,151,'/17QQBTahkRE23bxJ4PmQ7tjMjyX.jpg',1239, 7.5,'2010-08-02', '2011-02-27', '');
INSERT INTO SeriesGenre(seriesId, genreId) VALUES(12926,'10766');
INSERT INTO SeriesGenre(seriesId, genreId) VALUES(12926,'18');
INSERT INTO SeriesCountry(seriesId, countryId) VALUES(12926,'MX');
INSERT INTO SeriesNetwork(seriesId, networkId) VALUES(12926,'487');
INSERT INTO SeriesCredits(seriesId, personId, job) VALUES(12926,1244197,'Actor');
INSERT INTO SeriesCredits(seriesId, personId, job) VALUES(12926,237368,'Actor');
INSERT INTO SeriesCredits(seriesId, personId, job) VALUES(12926,1243950,'Actor');
INSERT INTO SeriesCredits(seriesId, personId, job) VALUES(12926,1240110,'Actor');
INSERT INTO SeriesCredits(seriesId, personId, job) VALUES(12926,234184,'Actor');
INSERT INTO SeriesCredits(seriesId, personId, job) VALUES(12926,1249597,'Theme Song Performance');
INSERT INTO SeriesCredits(seriesId, personId, job) VALUES(12926,1786549,'Writer');
INSERT INTO SeriesCredits(seriesId, personId, job) VALUES(12926,1657253,'Producer');
INSERT INTO SeriesCredits(seriesId, personId, job) VALUES(12926,1244221,'Executive Producer');
INSERT INTO SeriesCredits(seriesId, personId, job) VALUES(12926,1304423,'Screenplay');
INSERT INTO SeriesCredits(seriesId, personId, job) VALUES(12926,1301793,'Story');
INSERT INTO SeriesCredits(seriesId, personId, job) VALUES(12926,1786551,'Producer');
INSERT INTO Series(id, title, overview, popularity, seasons, episodes, posterPath, voteCount, voteAvg, firstAir, lastAir, tagline) VALUES(71728,'Young Sheldon','The early life of child genius Sheldon Cooper, later seen in The Big Bang Theory.',175.769,4,83,'/aESxB2HblKlDzma39xVefa20pbW.jpg',1216, 8,'2017-09-25', '2021-04-22', '');
INSERT INTO SeriesGenre(seriesId, genreId) VALUES(71728,'35');
INSERT INTO SeriesCountry(seriesId, countryId) VALUES(71728,'US');
INSERT INTO SeriesNetwork(seriesId, networkId) VALUES(71728,'16');
INSERT INTO SeriesCredits(seriesId, personId, job) VALUES(71728,1684536,'Actor');
INSERT INTO SeriesCredits(seriesId, personId, job) VALUES(71728,133450,'Actor');
INSERT INTO SeriesCredits(seriesId, personId, job) VALUES(71728,1212111,'Actor');
INSERT INTO SeriesCredits(seriesId, personId, job) VALUES(71728,1817307,'Actor');
INSERT INTO SeriesCredits(seriesId, personId, job) VALUES(71728,1575317,'Actor');
INSERT INTO SeriesCredits(seriesId, personId, job) VALUES(71728,8873,'Actor');
INSERT INTO SeriesCredits(seriesId, personId, job) VALUES(71728,1536526,'Actor');
INSERT INTO SeriesCredits(seriesId, personId, job) VALUES(71728,5374,'Actor');
INSERT INTO Series(id, title, overview, popularity, seasons, episodes, posterPath, voteCount, voteAvg, firstAir, lastAir, tagline) VALUES(81356,'Sex Education','Inexperienced Otis channels his sex therapist mom when he teams up with rebellious Maeve to set up an underground sex therapy clinic at school.',174.415,3,16,'/4Bph0hhnDH6dpc0SZIV522bLm4P.jpg',3658, 8.3,'2019-01-11', '2020-01-17', 'Messy is normal');
INSERT INTO SeriesGenre(seriesId, genreId) VALUES(81356,'35');
INSERT INTO SeriesGenre(seriesId, genreId) VALUES(81356,'18');
INSERT INTO SeriesCountry(seriesId, countryId) VALUES(81356,'GB');
INSERT INTO SeriesNetwork(seriesId, networkId) VALUES(81356,'213');
INSERT INTO SeriesCredits(seriesId, personId, job) VALUES(81356,77996,'Actor');
INSERT INTO SeriesCredits(seriesId, personId, job) VALUES(81356,12214,'Actor');
INSERT INTO SeriesCredits(seriesId, personId, job) VALUES(81356,1475239,'Actor');
INSERT INTO SeriesCredits(seriesId, personId, job) VALUES(81356,2201315,'Actor');
INSERT INTO SeriesCredits(seriesId, personId, job) VALUES(81356,126169,'Actor');
INSERT INTO SeriesCredits(seriesId, personId, job) VALUES(81356,2201317,'Actor');
INSERT INTO SeriesCredits(seriesId, personId, job) VALUES(81356,2112439,'Actor');
INSERT INTO SeriesCredits(seriesId, personId, job) VALUES(81356,2223754,'Actor');
INSERT INTO SeriesCredits(seriesId, personId, job) VALUES(81356,2955529,'Music');
INSERT INTO Series(id, title, overview, popularity, seasons, episodes, posterPath, voteCount, voteAvg, firstAir, lastAir, tagline) VALUES(118956,'DOTA: Dragon\'s Blood','After encounters with a dragon and a princess on her own mission, a Dragon Knight becomes embroiled in events larger than he could have ever imagined.',173.599,1,8,'/s1wP1YeQS9fgSHiXZ3yJb2ufB2D.jpg',108, 8.1,'2021-03-25', '2021-03-25', 'Against all odds, heroes will rise.');
INSERT INTO SeriesGenre(seriesId, genreId) VALUES(118956,'10759');
INSERT INTO SeriesGenre(seriesId, genreId) VALUES(118956,'16');
INSERT INTO SeriesGenre(seriesId, genreId) VALUES(118956,'10765');
INSERT INTO SeriesCountry(seriesId, countryId) VALUES(118956,'KR');
INSERT INTO SeriesCountry(seriesId, countryId) VALUES(118956,'US');
INSERT INTO SeriesNetwork(seriesId, networkId) VALUES(118956,'213');
INSERT INTO SeriesCredits(seriesId, personId, job) VALUES(118956,213083,'Actor');
INSERT INTO SeriesCredits(seriesId, personId, job) VALUES(118956,19384,'Actor');
INSERT INTO SeriesCredits(seriesId, personId, job) VALUES(118956,127387,'Actor');
INSERT INTO SeriesCredits(seriesId, personId, job) VALUES(118956,963818,'Actor');
INSERT INTO SeriesCredits(seriesId, personId, job) VALUES(118956,67484,'Executive Producer');
INSERT INTO SeriesCredits(seriesId, personId, job) VALUES(118956,1252487,'Co-Executive Producer');
INSERT INTO SeriesCredits(seriesId, personId, job) VALUES(118956,71540,'Supervising Producer');
INSERT INTO SeriesCredits(seriesId, personId, job) VALUES(118956,3024124,'Supervising Producer');
INSERT INTO SeriesCredits(seriesId, personId, job) VALUES(118956,1116126,'Casting');
INSERT INTO SeriesCredits(seriesId, personId, job) VALUES(118956,3024202,'Original Music Composer');
INSERT INTO SeriesCredits(seriesId, personId, job) VALUES(118956,1559169,'Scoring Mixer');
INSERT INTO SeriesCredits(seriesId, personId, job) VALUES(118956,2331976,'Supervising Producer');
INSERT INTO Series(id, title, overview, popularity, seasons, episodes, posterPath, voteCount, voteAvg, firstAir, lastAir, tagline) VALUES(46639,'American Gods','An ex-con becomes the traveling partner of a conman who turns out to be one of the older gods trying to recruit troops to battle the upstart deities. Based on Neil Gaiman\'s fantasy novel.',173.276,3,26,'/3KCAZaKHmoMIN9dHutqaMtubQqD.jpg',1043, 7.1,'2017-04-30', '2021-03-21', 'Believe.');
INSERT INTO SeriesGenre(seriesId, genreId) VALUES(46639,'18');
INSERT INTO SeriesGenre(seriesId, genreId) VALUES(46639,'9648');
INSERT INTO SeriesGenre(seriesId, genreId) VALUES(46639,'10765');
INSERT INTO SeriesCountry(seriesId, countryId) VALUES(46639,'US');
INSERT INTO SeriesNetwork(seriesId, networkId) VALUES(46639,'318');
INSERT INTO SeriesCredits(seriesId, personId, job) VALUES(46639,195675,'Actor');
INSERT INTO SeriesCredits(seriesId, personId, job) VALUES(46639,6972,'Actor');
INSERT INTO SeriesCredits(seriesId, personId, job) VALUES(46639,70456,'Actor');
INSERT INTO SeriesCredits(seriesId, personId, job) VALUES(46639,1644151,'Actor');
INSERT INTO SeriesCredits(seriesId, personId, job) VALUES(46639,1576364,'Actor');
INSERT INTO SeriesWeekPopularity(seriesId, weekNr, popularity, voteAVG, voteCount) VALUES ('88396', 16, 3675.832, 7.9, 4466);
INSERT INTO SeriesWeekPopularity(seriesId, weekNr, popularity, voteAVG, voteCount) VALUES ('71712', 16, 1745.906, 8.6, 8021);
INSERT INTO SeriesWeekPopularity(seriesId, weekNr, popularity, voteAVG, voteCount) VALUES ('60735', 16, 1382.037, 7.7, 7411);
INSERT INTO SeriesWeekPopularity(seriesId, weekNr, popularity, voteAVG, voteCount) VALUES ('95557', 16, 954.915, 8.9, 736);
INSERT INTO SeriesWeekPopularity(seriesId, weekNr, popularity, voteAVG, voteCount) VALUES ('69050', 16, 898.701, 8.6, 11058);
INSERT INTO SeriesWeekPopularity(seriesId, weekNr, popularity, voteAVG, voteCount) VALUES ('1416', 16, 887.647, 8.2, 5898);
INSERT INTO SeriesWeekPopularity(seriesId, weekNr, popularity, voteAVG, voteCount) VALUES ('63174', 16, 765.386, 8.5, 8309);
INSERT INTO SeriesWeekPopularity(seriesId, weekNr, popularity, voteAVG, voteCount) VALUES ('79008', 16, 754.121, 8, 271);
INSERT INTO SeriesWeekPopularity(seriesId, weekNr, popularity, voteAVG, voteCount) VALUES ('1402', 16, 681.472, 8.1, 10604);
INSERT INTO SeriesWeekPopularity(seriesId, weekNr, popularity, voteAVG, voteCount) VALUES ('85271', 16, 675.183, 8.4, 8216);
INSERT INTO SeriesWeekPopularity(seriesId, weekNr, popularity, voteAVG, voteCount) VALUES ('120168', 16, 650.411, 7.8, 381);
INSERT INTO SeriesWeekPopularity(seriesId, weekNr, popularity, voteAVG, voteCount) VALUES ('95057', 16, 602.783, 8.3, 745);
INSERT INTO SeriesWeekPopularity(seriesId, weekNr, popularity, voteAVG, voteCount) VALUES ('1399', 16, 530.205, 8.4, 14032);
INSERT INTO SeriesWeekPopularity(seriesId, weekNr, popularity, voteAVG, voteCount) VALUES ('62286', 16, 522.569, 7.6, 3406);
INSERT INTO SeriesWeekPopularity(seriesId, weekNr, popularity, voteAVG, voteCount) VALUES ('79460', 16, 448.75, 8.6, 1799);
INSERT INTO SeriesWeekPopularity(seriesId, weekNr, popularity, voteAVG, voteCount) VALUES ('77169', 16, 401.931, 8.1, 2982);
INSERT INTO SeriesWeekPopularity(seriesId, weekNr, popularity, voteAVG, voteCount) VALUES ('18165', 16, 394.663, 8.3, 5710);
INSERT INTO SeriesWeekPopularity(seriesId, weekNr, popularity, voteAVG, voteCount) VALUES ('91605', 16, 393.815, 5.4, 18);
INSERT INTO SeriesWeekPopularity(seriesId, weekNr, popularity, voteAVG, voteCount) VALUES ('44217', 16, 360.581, 8, 4369);
INSERT INTO SeriesWeekPopularity(seriesId, weekNr, popularity, voteAVG, voteCount) VALUES ('71694', 16, 354.614, 8.1, 140);
INSERT INTO SeriesWeekPopularity(seriesId, weekNr, popularity, voteAVG, voteCount) VALUES ('114695', 16, 341.226, 7.7, 382);
INSERT INTO SeriesWeekPopularity(seriesId, weekNr, popularity, voteAVG, voteCount) VALUES ('100617', 16, 341.034, 7.7, 184);
INSERT INTO SeriesWeekPopularity(seriesId, weekNr, popularity, voteAVG, voteCount) VALUES ('48866', 16, 333.685, 7.9, 6019);
INSERT INTO SeriesWeekPopularity(seriesId, weekNr, popularity, voteAVG, voteCount) VALUES ('65334', 16, 333.648, 7.9, 2453);
INSERT INTO SeriesWeekPopularity(seriesId, weekNr, popularity, voteAVG, voteCount) VALUES ('67335', 16, 327.846, 7.5, 2022);
INSERT INTO SeriesWeekPopularity(seriesId, weekNr, popularity, voteAVG, voteCount) VALUES ('46260', 16, 323.073, 8.4, 3466);
INSERT INTO SeriesWeekPopularity(seriesId, weekNr, popularity, voteAVG, voteCount) VALUES ('96580', 16, 318.56, 8.3, 174);
INSERT INTO SeriesWeekPopularity(seriesId, weekNr, popularity, voteAVG, voteCount) VALUES ('76669', 16, 315.051, 8.2, 6303);
INSERT INTO SeriesWeekPopularity(seriesId, weekNr, popularity, voteAVG, voteCount) VALUES ('44953', 16, 301.96, 7.7, 1181);
INSERT INTO SeriesWeekPopularity(seriesId, weekNr, popularity, voteAVG, voteCount) VALUES ('79744', 16, 294.568, 8, 449);
INSERT INTO SeriesWeekPopularity(seriesId, weekNr, popularity, voteAVG, voteCount) VALUES ('95479', 16, 294.387, 8.5, 883);
INSERT INTO SeriesWeekPopularity(seriesId, weekNr, popularity, voteAVG, voteCount) VALUES ('456', 16, 282.558, 7.8, 6413);
INSERT INTO SeriesWeekPopularity(seriesId, weekNr, popularity, voteAVG, voteCount) VALUES ('1622', 16, 281.276, 8.2, 5034);
INSERT INTO SeriesWeekPopularity(seriesId, weekNr, popularity, voteAVG, voteCount) VALUES ('82856', 16, 279.321, 8.5, 6250);
INSERT INTO SeriesWeekPopularity(seriesId, weekNr, popularity, voteAVG, voteCount) VALUES ('1911', 16, 273.037, 8.3, 1949);
INSERT INTO SeriesWeekPopularity(seriesId, weekNr, popularity, voteAVG, voteCount) VALUES ('4604', 16, 272.618, 8.2, 2363);
INSERT INTO SeriesWeekPopularity(seriesId, weekNr, popularity, voteAVG, voteCount) VALUES ('97513', 16, 264.96, 7.5, 589);
INSERT INTO SeriesWeekPopularity(seriesId, weekNr, popularity, voteAVG, voteCount) VALUES ('62688', 16, 260.335, 7.2, 2980);
INSERT INTO SeriesWeekPopularity(seriesId, weekNr, popularity, voteAVG, voteCount) VALUES ('76479', 16, 256.841, 8.4, 4413);
INSERT INTO SeriesWeekPopularity(seriesId, weekNr, popularity, voteAVG, voteCount) VALUES ('65820', 16, 256.556, 6.9, 511);
INSERT INTO SeriesWeekPopularity(seriesId, weekNr, popularity, voteAVG, voteCount) VALUES ('60574', 16, 255.797, 8.6, 2421);
INSERT INTO SeriesWeekPopularity(seriesId, weekNr, popularity, voteAVG, voteCount) VALUES ('34524', 16, 252.929, 8.6, 2334);
INSERT INTO SeriesWeekPopularity(seriesId, weekNr, popularity, voteAVG, voteCount) VALUES ('104877', 16, 252.588, 8.2, 223);
INSERT INTO SeriesWeekPopularity(seriesId, weekNr, popularity, voteAVG, voteCount) VALUES ('76231', 16, 250.24, 7.8, 171);
INSERT INTO SeriesWeekPopularity(seriesId, weekNr, popularity, voteAVG, voteCount) VALUES ('75006', 16, 246.537, 8.7, 6674);
INSERT INTO SeriesWeekPopularity(seriesId, weekNr, popularity, voteAVG, voteCount) VALUES ('66203', 16, 246.265, 7.9, 570);
INSERT INTO SeriesWeekPopularity(seriesId, weekNr, popularity, voteAVG, voteCount) VALUES ('117023', 16, 244.768, 7.8, 177);
INSERT INTO SeriesWeekPopularity(seriesId, weekNr, popularity, voteAVG, voteCount) VALUES ('31910', 16, 244.402, 8.6, 5204);
INSERT INTO SeriesWeekPopularity(seriesId, weekNr, popularity, voteAVG, voteCount) VALUES ('1396', 16, 238.177, 8.7, 6892);
INSERT INTO SeriesWeekPopularity(seriesId, weekNr, popularity, voteAVG, voteCount) VALUES ('5920', 16, 236.938, 8.4, 2078);
INSERT INTO SeriesWeekPopularity(seriesId, weekNr, popularity, voteAVG, voteCount) VALUES ('60797', 16, 236.37, 8.2, 2288);
INSERT INTO SeriesWeekPopularity(seriesId, weekNr, popularity, voteAVG, voteCount) VALUES ('67133', 16, 233.486, 7.2, 608);
INSERT INTO SeriesWeekPopularity(seriesId, weekNr, popularity, voteAVG, voteCount) VALUES ('11250', 16, 231.924, 7.7, 1359);
INSERT INTO SeriesWeekPopularity(seriesId, weekNr, popularity, voteAVG, voteCount) VALUES ('37680', 16, 229.17, 8, 2059);
INSERT INTO SeriesWeekPopularity(seriesId, weekNr, popularity, voteAVG, voteCount) VALUES ('93693', 16, 228.292, 7.5, 139);
INSERT INTO SeriesWeekPopularity(seriesId, weekNr, popularity, voteAVG, voteCount) VALUES ('94722', 16, 225.364, 5.3, 4);
INSERT INTO SeriesWeekPopularity(seriesId, weekNr, popularity, voteAVG, voteCount) VALUES ('44006', 16, 223.236, 8.4, 1325);
INSERT INTO SeriesWeekPopularity(seriesId, weekNr, popularity, voteAVG, voteCount) VALUES ('12971', 16, 221.633, 8.2, 2230);
INSERT INTO SeriesWeekPopularity(seriesId, weekNr, popularity, voteAVG, voteCount) VALUES ('76773', 16, 220.351, 8.2, 781);
INSERT INTO SeriesWeekPopularity(seriesId, weekNr, popularity, voteAVG, voteCount) VALUES ('66732', 16, 219.891, 8.6, 8068);
INSERT INTO SeriesWeekPopularity(seriesId, weekNr, popularity, voteAVG, voteCount) VALUES ('93808', 16, 217.241, 7.2, 162);
INSERT INTO SeriesWeekPopularity(seriesId, weekNr, popularity, voteAVG, voteCount) VALUES ('117581', 16, 217.194, 8.1, 453);
INSERT INTO SeriesWeekPopularity(seriesId, weekNr, popularity, voteAVG, voteCount) VALUES ('80020', 16, 214.703, 7.5, 1848);
INSERT INTO SeriesWeekPopularity(seriesId, weekNr, popularity, voteAVG, voteCount) VALUES ('79611', 16, 214.406, 7.3, 252);
INSERT INTO SeriesWeekPopularity(seriesId, weekNr, popularity, voteAVG, voteCount) VALUES ('72637', 16, 212.383, 8.8, 372);
INSERT INTO SeriesWeekPopularity(seriesId, weekNr, popularity, voteAVG, voteCount) VALUES ('2734', 16, 210.866, 7.8, 2378);
INSERT INTO SeriesWeekPopularity(seriesId, weekNr, popularity, voteAVG, voteCount) VALUES ('1434', 16, 209.078, 7, 2722);
INSERT INTO SeriesWeekPopularity(seriesId, weekNr, popularity, voteAVG, voteCount) VALUES ('31132', 16, 209.01, 8.7, 1054);
INSERT INTO SeriesWeekPopularity(seriesId, weekNr, popularity, voteAVG, voteCount) VALUES ('1408', 16, 208.61, 8.6, 3440);
INSERT INTO SeriesWeekPopularity(seriesId, weekNr, popularity, voteAVG, voteCount) VALUES ('46952', 16, 208.116, 7.4, 1931);
INSERT INTO SeriesWeekPopularity(seriesId, weekNr, popularity, voteAVG, voteCount) VALUES ('79242', 16, 207.001, 8.4, 2495);
INSERT INTO SeriesWeekPopularity(seriesId, weekNr, popularity, voteAVG, voteCount) VALUES ('80350', 16, 206.479, 8.4, 327);
INSERT INTO SeriesWeekPopularity(seriesId, weekNr, popularity, voteAVG, voteCount) VALUES ('89247', 16, 205.738, 7.3, 1036);
INSERT INTO SeriesWeekPopularity(seriesId, weekNr, popularity, voteAVG, voteCount) VALUES ('4057', 16, 202.87, 8.2, 2279);
INSERT INTO SeriesWeekPopularity(seriesId, weekNr, popularity, voteAVG, voteCount) VALUES ('9027', 16, 200.367, 8.3, 23);
INSERT INTO SeriesWeekPopularity(seriesId, weekNr, popularity, voteAVG, voteCount) VALUES ('1413', 16, 197.051, 8.1, 3464);
INSERT INTO SeriesWeekPopularity(seriesId, weekNr, popularity, voteAVG, voteCount) VALUES ('12637', 16, 196.072, 8.5, 3843);
INSERT INTO SeriesWeekPopularity(seriesId, weekNr, popularity, voteAVG, voteCount) VALUES ('82809', 16, 195.973, 7.4, 249);
INSERT INTO SeriesWeekPopularity(seriesId, weekNr, popularity, voteAVG, voteCount) VALUES ('43348', 16, 192.324, 7.5, 2204);
INSERT INTO SeriesWeekPopularity(seriesId, weekNr, popularity, voteAVG, voteCount) VALUES ('80240', 16, 191.663, 7.9, 601);
INSERT INTO SeriesWeekPopularity(seriesId, weekNr, popularity, voteAVG, voteCount) VALUES ('75219', 16, 191.601, 8.1, 1278);
INSERT INTO SeriesWeekPopularity(seriesId, weekNr, popularity, voteAVG, voteCount) VALUES ('71446', 16, 190.836, 8.3, 12778);
INSERT INTO SeriesWeekPopularity(seriesId, weekNr, popularity, voteAVG, voteCount) VALUES ('1418', 16, 187.414, 7.7, 7092);
INSERT INTO SeriesWeekPopularity(seriesId, weekNr, popularity, voteAVG, voteCount) VALUES ('58841', 16, 186.812, 8.4, 1413);
INSERT INTO SeriesWeekPopularity(seriesId, weekNr, popularity, voteAVG, voteCount) VALUES ('1412', 16, 185.671, 6.6, 4496);
INSERT INTO SeriesWeekPopularity(seriesId, weekNr, popularity, voteAVG, voteCount) VALUES ('71663', 16, 184.113, 7.2, 563);
INSERT INTO SeriesWeekPopularity(seriesId, weekNr, popularity, voteAVG, voteCount) VALUES ('71789', 16, 183.931, 7.8, 890);
INSERT INTO SeriesWeekPopularity(seriesId, weekNr, popularity, voteAVG, voteCount) VALUES ('60625', 16, 183.831, 8.7, 4228);
INSERT INTO SeriesWeekPopularity(seriesId, weekNr, popularity, voteAVG, voteCount) VALUES ('92396', 16, 183.282, 7.4, 155);
INSERT INTO SeriesWeekPopularity(seriesId, weekNr, popularity, voteAVG, voteCount) VALUES ('4614', 16, 180.836, 7.4, 1462);
INSERT INTO SeriesWeekPopularity(seriesId, weekNr, popularity, voteAVG, voteCount) VALUES ('66084', 16, 180.099, 8, 486);
INSERT INTO SeriesWeekPopularity(seriesId, weekNr, popularity, voteAVG, voteCount) VALUES ('65555', 16, 179.258, 7.7, 368);
INSERT INTO SeriesWeekPopularity(seriesId, weekNr, popularity, voteAVG, voteCount) VALUES ('97175', 16, 178.678, 8.5, 666);
INSERT INTO SeriesWeekPopularity(seriesId, weekNr, popularity, voteAVG, voteCount) VALUES ('16286', 16, 178.353, 8.2, 1998);
INSERT INTO SeriesWeekPopularity(seriesId, weekNr, popularity, voteAVG, voteCount) VALUES ('89901', 16, 176.833, 8.7, 323);
INSERT INTO SeriesWeekPopularity(seriesId, weekNr, popularity, voteAVG, voteCount) VALUES ('12926', 16, 176.475, 7.5, 1239);
INSERT INTO SeriesWeekPopularity(seriesId, weekNr, popularity, voteAVG, voteCount) VALUES ('71728', 16, 175.769, 8, 1216);
INSERT INTO SeriesWeekPopularity(seriesId, weekNr, popularity, voteAVG, voteCount) VALUES ('81356', 16, 174.415, 8.3, 3658);
INSERT INTO SeriesWeekPopularity(seriesId, weekNr, popularity, voteAVG, voteCount) VALUES ('118956', 16, 173.599, 8.1, 108);
INSERT INTO SeriesWeekPopularity(seriesId, weekNr, popularity, voteAVG, voteCount) VALUES ('46639', 16, 173.276, 7.1, 1043);
INSERT INTO Personen(id, name, birthday, deathday, popularity, profilePath, gender, profession) VALUES(9827,'Rose Byrne','1979-07-24','',32.348,'/4oQWCLK7gd6RNKF0WJipJo7TyFP.jpg',1,'Acting');
INSERT INTO Personen(id, name, birthday, deathday, popularity, profilePath, gender, profession) VALUES(1894505,'Walaipech Link Khunthira','','',28.834,'/al32bKQdLGyCljkkIVfpAEQJiWC.jpg',0,'Acting');
INSERT INTO Personen(id, name, birthday, deathday, popularity, profilePath, gender, profession) VALUES(2524,'Tom Hardy','1977-09-15','',28.226,'/yVGF9FvDxTDPhGimTbZNfghpllA.jpg',2,'Acting');
INSERT INTO Personen(id, name, birthday, deathday, popularity, profilePath, gender, profession) VALUES(2472427,'Tae Joo','','',26.746,'',1,'Acting');
INSERT INTO Personen(id, name, birthday, deathday, popularity, profilePath, gender, profession) VALUES(85,'Johnny Depp','1963-06-09','',23.321,'/ilPBHd3r3ahlipNQtjr4E3G04jJ.jpg',2,'Acting');
INSERT INTO Personen(id, name, birthday, deathday, popularity, profilePath, gender, profession) VALUES(500,'Tom Cruise','1962-07-03','',22.102,'/gThaIXgpCm3PCiXwFNDBJCme85y.jpg',2,'Acting');
INSERT INTO Personen(id, name, birthday, deathday, popularity, profilePath, gender, profession) VALUES(287,'Brad Pitt','1963-12-18','',21.847,'/oTB9vGIBacH5aQNS0pUM74QSWuf.jpg',2,'Acting');
INSERT INTO Personen(id, name, birthday, deathday, popularity, profilePath, gender, profession) VALUES(6193,'Leonardo DiCaprio','1974-11-11','',20.697,'/wo2hJpn04vbtmh0B9utCFdsQhxM.jpg',2,'Acting');
INSERT INTO Personen(id, name, birthday, deathday, popularity, profilePath, gender, profession) VALUES(568657,'Sofia Boutella','1982-04-03','',20.38,'/btLeUFNIGTxG7FecTMRztSALj6L.jpg',1,'Acting');
INSERT INTO Personen(id, name, birthday, deathday, popularity, profilePath, gender, profession) VALUES(224513,'Ana de Armas','1988-04-30','',20.04,'/14uxt0jH28J9zn4vNQNTae3Bmr7.jpg',1,'Acting');
INSERT INTO Personen(id, name, birthday, deathday, popularity, profilePath, gender, profession) VALUES(109513,'Alexandra Daddario','1986-03-16','',19.859,'/lh5zibQXYH1MNqkuX8TmxyNYHhK.jpg',1,'Acting');
INSERT INTO Personen(id, name, birthday, deathday, popularity, profilePath, gender, profession) VALUES(72855,'Felicity Jones','1983-10-17','',19.734,'/35KdWSfTldNEdsn4MUGFIRoxJEu.jpg',1,'Acting');
INSERT INTO Personen(id, name, birthday, deathday, popularity, profilePath, gender, profession) VALUES(31,'Tom Hanks','1956-07-09','',19.308,'/xndWFsBlClOJFRdhSt4NBwiPq2o.jpg',2,'Acting');
INSERT INTO Personen(id, name, birthday, deathday, popularity, profilePath, gender, profession) VALUES(6885,'Charlize Theron','1975-08-07','',18.951,'/1HloWLLhL3iTrmDtMigiitLB9Qx.jpg',1,'Acting');
INSERT INTO Personen(id, name, birthday, deathday, popularity, profilePath, gender, profession) VALUES(2472212,'Sae Bom','','',18.601,'/w9AHNGm7NGxeXMYj3NskLV0QrY4.jpg',1,'Acting');
INSERT INTO Personen(id, name, birthday, deathday, popularity, profilePath, gender, profession) VALUES(84223,'Anna Kendrick','1985-08-09','',18.525,'/cyGjHMJO7C6kQTq36n9hkLThY4G.jpg',1,'Acting');
INSERT INTO Personen(id, name, birthday, deathday, popularity, profilePath, gender, profession) VALUES(10882,'Rosamund Pike','1979-01-27','',18.455,'/8ObNklHDi2hjdz0ayzJFB9jtqzm.jpg',1,'Acting');
INSERT INTO Personen(id, name, birthday, deathday, popularity, profilePath, gender, profession) VALUES(1468490,'Baek Da-eun','1988-03-28','',18.189,'/39GYBqGd7yHliYO1zfsdwtkPWZI.jpg',1,'Acting');
INSERT INTO Personen(id, name, birthday, deathday, popularity, profilePath, gender, profession) VALUES(71070,'Amanda Seyfried','1985-12-03','',17.633,'/gtBUIpZ3dvLpOMIVORxE6sHSyZj.jpg',1,'Acting');
INSERT INTO Personen(id, name, birthday, deathday, popularity, profilePath, gender, profession) VALUES(1793925,'William Brand','','',17.419,'/7NXZlFmsVZ861bpbFeM0Nnm0Mto.jpg',0,'Acting');
INSERT INTO Personen(id, name, birthday, deathday, popularity, profilePath, gender, profession) VALUES(3,'Harrison Ford','1942-07-13','',17.342,'/klPehAfaQDatLLQ8dN4lMcb4ESo.jpg',2,'Acting');
INSERT INTO Personen(id, name, birthday, deathday, popularity, profilePath, gender, profession) VALUES(1946699,'William Franklyn-Miller','2004-03-25','',17.319,'/kR7cSIIXQNugXHYjcPwp30uXHg7.jpg',2,'Acting');
INSERT INTO Personen(id, name, birthday, deathday, popularity, profilePath, gender, profession) VALUES(3894,'Christian Bale','1974-01-30','',17.238,'/AcfW3p5D6ov573fABLyGqwYdolD.jpg',2,'Acting');
INSERT INTO Personen(id, name, birthday, deathday, popularity, profilePath, gender, profession) VALUES(227454,'Alicia Vikander','1988-10-03','',17.093,'/9pmHTbXeRxUF51jJKthmHI49u9z.jpg',1,'Acting');
INSERT INTO Personen(id, name, birthday, deathday, popularity, profilePath, gender, profession) VALUES(2025252,'Ester Expósito','2000-01-26','',16.79,'/hCbXPMVo0x0ZKGNyelvOvqKYCsL.jpg',1,'Acting');
INSERT INTO Personen(id, name, birthday, deathday, popularity, profilePath, gender, profession) VALUES(57395,'Natasha Henstridge','1974-08-15','',16.678,'/A2e6Fq2yyqQrouYn27MdYuv0pXv.jpg',1,'Acting');
INSERT INTO Personen(id, name, birthday, deathday, popularity, profilePath, gender, profession) VALUES(109432,'Li Bingbing','1973-02-27','',16.319,'/7LWUwPHK7nkB4ohESqFLSjsCPU1.jpg',1,'Acting');
INSERT INTO Personen(id, name, birthday, deathday, popularity, profilePath, gender, profession) VALUES(4173,'Anthony Hopkins','1937-12-31','',16.184,'/9ukJS2QWTJ22HcwR1ktMmoJ6RSL.jpg',2,'Acting');
INSERT INTO Personen(id, name, birthday, deathday, popularity, profilePath, gender, profession) VALUES(933238,'Rebecca Ferguson','1983-10-19','',16.078,'/6NRlV9oUipeak7r00V6k73Jb7we.jpg',1,'Acting');
INSERT INTO Personen(id, name, birthday, deathday, popularity, profilePath, gender, profession) VALUES(10912,'Eva Green','1980-07-06','',16.055,'/b6r4HOLWsQdBgecGlNB4ydZSi9r.jpg',1,'Acting');
INSERT INTO Personen(id, name, birthday, deathday, popularity, profilePath, gender, profession) VALUES(1428070,'Isabela Merced','2001-07-10','',15.852,'/nLto2uMWxb2I8AdsGWJafqQOWzL.jpg',1,'Acting');
INSERT INTO Personen(id, name, birthday, deathday, popularity, profilePath, gender, profession) VALUES(38673,'Channing Tatum','1980-04-26','',15.681,'/e5p1xrGtPfpJBQR9Pt3B6W4buZP.jpg',2,'Acting');
INSERT INTO Personen(id, name, birthday, deathday, popularity, profilePath, gender, profession) VALUES(2093355,'Yoo Sul-young','1995-03-17','',15.594,'',1,'Acting');
INSERT INTO Personen(id, name, birthday, deathday, popularity, profilePath, gender, profession) VALUES(116,'Keira Knightley','1985-03-26','',15.583,'/bRC1B2VwV0wK3ElciFAK6QZf2wD.jpg',1,'Acting');
INSERT INTO Personen(id, name, birthday, deathday, popularity, profilePath, gender, profession) VALUES(8984,'Bill Pullman','1953-12-17','',15.426,'/6VRnvxHeXPdN0hurWbQPNIHqR1n.jpg',2,'Acting');
INSERT INTO Personen(id, name, birthday, deathday, popularity, profilePath, gender, profession) VALUES(192,'Morgan Freeman','1937-06-01','',15.285,'/oIciQWr8VwKoR8TmAw1owaiZFyb.jpg',2,'Acting');
INSERT INTO Personen(id, name, birthday, deathday, popularity, profilePath, gender, profession) VALUES(16483,'Sylvester Stallone','1946-07-06','',15.029,'/qDRGPAcQoW8Wuig9bvoLpHwf1gU.jpg',2,'Acting');
INSERT INTO Personen(id, name, birthday, deathday, popularity, profilePath, gender, profession) VALUES(81051,'Tahar Rahim','1981-07-04','',14.861,'/r1SJ9nkG9q4JbPHbtcvcVxmRcHw.jpg',2,'Acting');
INSERT INTO Personen(id, name, birthday, deathday, popularity, profilePath, gender, profession) VALUES(10990,'Emma Watson','1990-04-15','',14.771,'/dMbd2Rx9ZD5Gl9VXAkGcIKGrAxJ.jpg',1,'Acting');
INSERT INTO Personen(id, name, birthday, deathday, popularity, profilePath, gender, profession) VALUES(1475744,'Lola Flanery','2005-05-26','',14.756,'/9eDN5LcSxBAxZOKEcacfuSfnJn7.jpg',1,'Acting');
INSERT INTO Personen(id, name, birthday, deathday, popularity, profilePath, gender, profession) VALUES(10696,'Famke Janssen','1964-11-05','',14.746,'/npeMlVf2hkYj6MDIEcVv7UONDPi.jpg',1,'Acting');
INSERT INTO Personen(id, name, birthday, deathday, popularity, profilePath, gender, profession) VALUES(3967,'Kate Beckinsale','1973-07-26','',14.701,'/1mdRhTJGqFwo9Xuul7XO6oXpzhb.jpg',1,'Acting');
INSERT INTO PersonWeek(personId, weekNr, popularity) VALUES (976, 16, 77.419);
INSERT INTO PersonWeek(personId, weekNr, popularity) VALUES (6384, 16, 42.97);
INSERT INTO PersonWeek(personId, weekNr, popularity) VALUES (1245, 16, 41.871);
INSERT INTO PersonWeek(personId, weekNr, popularity) VALUES (26723, 16, 35.054);
INSERT INTO PersonWeek(personId, weekNr, popularity) VALUES (18918, 16, 34.382);
INSERT INTO PersonWeek(personId, weekNr, popularity) VALUES (9827, 16, 32.348);
INSERT INTO PersonWeek(personId, weekNr, popularity) VALUES (56734, 16, 32.094);
INSERT INTO PersonWeek(personId, weekNr, popularity) VALUES (1356210, 16, 31.984);
INSERT INTO PersonWeek(personId, weekNr, popularity) VALUES (90633, 16, 31.685);
INSERT INTO PersonWeek(personId, weekNr, popularity) VALUES (2963, 16, 30.562);
INSERT INTO PersonWeek(personId, weekNr, popularity) VALUES (1894505, 16, 28.834);
INSERT INTO PersonWeek(personId, weekNr, popularity) VALUES (2524, 16, 28.226);
INSERT INTO PersonWeek(personId, weekNr, popularity) VALUES (2472427, 16, 26.746);
INSERT INTO PersonWeek(personId, weekNr, popularity) VALUES (73968, 16, 26.063);
INSERT INTO PersonWeek(personId, weekNr, popularity) VALUES (1813, 16, 25.532);
INSERT INTO PersonWeek(personId, weekNr, popularity) VALUES (60898, 16, 24.923);
INSERT INTO PersonWeek(personId, weekNr, popularity) VALUES (1397778, 16, 24.868);
INSERT INTO PersonWeek(personId, weekNr, popularity) VALUES (85, 16, 23.321);
INSERT INTO PersonWeek(personId, weekNr, popularity) VALUES (2231, 16, 22.821);
INSERT INTO PersonWeek(personId, weekNr, popularity) VALUES (54693, 16, 22.708);
INSERT INTO PersonWeek(personId, weekNr, popularity) VALUES (935, 16, 22.386);
INSERT INTO PersonWeek(personId, weekNr, popularity) VALUES (500, 16, 22.102);
INSERT INTO PersonWeek(personId, weekNr, popularity) VALUES (16828, 16, 21.892);
INSERT INTO PersonWeek(personId, weekNr, popularity) VALUES (287, 16, 21.847);
INSERT INTO PersonWeek(personId, weekNr, popularity) VALUES (1136406, 16, 21.631);
INSERT INTO PersonWeek(personId, weekNr, popularity) VALUES (3223, 16, 21.519);
INSERT INTO PersonWeek(personId, weekNr, popularity) VALUES (1019, 16, 21.404);
INSERT INTO PersonWeek(personId, weekNr, popularity) VALUES (1281, 16, 20.888);
INSERT INTO PersonWeek(personId, weekNr, popularity) VALUES (6193, 16, 20.697);
INSERT INTO PersonWeek(personId, weekNr, popularity) VALUES (71580, 16, 20.579);
INSERT INTO PersonWeek(personId, weekNr, popularity) VALUES (568657, 16, 20.38);
INSERT INTO PersonWeek(personId, weekNr, popularity) VALUES (224513, 16, 20.04);
INSERT INTO PersonWeek(personId, weekNr, popularity) VALUES (109513, 16, 19.859);
INSERT INTO PersonWeek(personId, weekNr, popularity) VALUES (72855, 16, 19.734);
INSERT INTO PersonWeek(personId, weekNr, popularity) VALUES (880, 16, 19.708);
INSERT INTO PersonWeek(personId, weekNr, popularity) VALUES (3896, 16, 19.662);
INSERT INTO PersonWeek(personId, weekNr, popularity) VALUES (12835, 16, 19.658);
INSERT INTO PersonWeek(personId, weekNr, popularity) VALUES (10859, 16, 19.406);
INSERT INTO PersonWeek(personId, weekNr, popularity) VALUES (74568, 16, 19.344);
INSERT INTO PersonWeek(personId, weekNr, popularity) VALUES (18897, 16, 19.313);
INSERT INTO PersonWeek(personId, weekNr, popularity) VALUES (31, 16, 19.308);
INSERT INTO PersonWeek(personId, weekNr, popularity) VALUES (550843, 16, 19.231);
INSERT INTO PersonWeek(personId, weekNr, popularity) VALUES (6885, 16, 18.951);
INSERT INTO PersonWeek(personId, weekNr, popularity) VALUES (234352, 16, 18.909);
INSERT INTO PersonWeek(personId, weekNr, popularity) VALUES (2472212, 16, 18.601);
INSERT INTO PersonWeek(personId, weekNr, popularity) VALUES (84223, 16, 18.525);
INSERT INTO PersonWeek(personId, weekNr, popularity) VALUES (10882, 16, 18.455);
INSERT INTO PersonWeek(personId, weekNr, popularity) VALUES (53650, 16, 18.44);
INSERT INTO PersonWeek(personId, weekNr, popularity) VALUES (1520843, 16, 18.228);
INSERT INTO PersonWeek(personId, weekNr, popularity) VALUES (1468490, 16, 18.189);
INSERT INTO PersonWeek(personId, weekNr, popularity) VALUES (71070, 16, 17.633);
INSERT INTO PersonWeek(personId, weekNr, popularity) VALUES (1793925, 16, 17.419);
INSERT INTO PersonWeek(personId, weekNr, popularity) VALUES (3, 16, 17.342);
INSERT INTO PersonWeek(personId, weekNr, popularity) VALUES (1372, 16, 17.322);
INSERT INTO PersonWeek(personId, weekNr, popularity) VALUES (1946699, 16, 17.319);
INSERT INTO PersonWeek(personId, weekNr, popularity) VALUES (3894, 16, 17.238);
INSERT INTO PersonWeek(personId, weekNr, popularity) VALUES (227454, 16, 17.093);
INSERT INTO PersonWeek(personId, weekNr, popularity) VALUES (1283843, 16, 17.09);
INSERT INTO PersonWeek(personId, weekNr, popularity) VALUES (2888, 16, 16.906);
INSERT INTO PersonWeek(personId, weekNr, popularity) VALUES (2025252, 16, 16.79);
INSERT INTO PersonWeek(personId, weekNr, popularity) VALUES (57395, 16, 16.678);
INSERT INTO PersonWeek(personId, weekNr, popularity) VALUES (17628, 16, 16.636);
INSERT INTO PersonWeek(personId, weekNr, popularity) VALUES (1563442, 16, 16.458);
INSERT INTO PersonWeek(personId, weekNr, popularity) VALUES (117642, 16, 16.352);
INSERT INTO PersonWeek(personId, weekNr, popularity) VALUES (109432, 16, 16.319);
INSERT INTO PersonWeek(personId, weekNr, popularity) VALUES (527393, 16, 16.249);
INSERT INTO PersonWeek(personId, weekNr, popularity) VALUES (83002, 16, 16.184);
INSERT INTO PersonWeek(personId, weekNr, popularity) VALUES (4173, 16, 16.184);
INSERT INTO PersonWeek(personId, weekNr, popularity) VALUES (15556, 16, 16.135);
INSERT INTO PersonWeek(personId, weekNr, popularity) VALUES (31838, 16, 16.109);
INSERT INTO PersonWeek(personId, weekNr, popularity) VALUES (933238, 16, 16.078);
INSERT INTO PersonWeek(personId, weekNr, popularity) VALUES (10912, 16, 16.055);
INSERT INTO PersonWeek(personId, weekNr, popularity) VALUES (1042728, 16, 16.047);
INSERT INTO PersonWeek(personId, weekNr, popularity) VALUES (62, 16, 16.041);
INSERT INTO PersonWeek(personId, weekNr, popularity) VALUES (1428070, 16, 15.852);
INSERT INTO PersonWeek(personId, weekNr, popularity) VALUES (1202689, 16, 15.826);
INSERT INTO PersonWeek(personId, weekNr, popularity) VALUES (529, 16, 15.819);
INSERT INTO PersonWeek(personId, weekNr, popularity) VALUES (1003, 16, 15.71);
INSERT INTO PersonWeek(personId, weekNr, popularity) VALUES (38673, 16, 15.681);
INSERT INTO PersonWeek(personId, weekNr, popularity) VALUES (63, 16, 15.661);
INSERT INTO PersonWeek(personId, weekNr, popularity) VALUES (1336, 16, 15.656);
INSERT INTO PersonWeek(personId, weekNr, popularity) VALUES (37014, 16, 15.605);
INSERT INTO PersonWeek(personId, weekNr, popularity) VALUES (2093355, 16, 15.594);
INSERT INTO PersonWeek(personId, weekNr, popularity) VALUES (116, 16, 15.583);
INSERT INTO PersonWeek(personId, weekNr, popularity) VALUES (1223786, 16, 15.507);
INSERT INTO PersonWeek(personId, weekNr, popularity) VALUES (8602, 16, 15.487);
INSERT INTO PersonWeek(personId, weekNr, popularity) VALUES (8984, 16, 15.426);
INSERT INTO PersonWeek(personId, weekNr, popularity) VALUES (59410, 16, 15.362);
INSERT INTO PersonWeek(personId, weekNr, popularity) VALUES (556356, 16, 15.298);
INSERT INTO PersonWeek(personId, weekNr, popularity) VALUES (192, 16, 15.285);
INSERT INTO PersonWeek(personId, weekNr, popularity) VALUES (5292, 16, 15.221);
INSERT INTO PersonWeek(personId, weekNr, popularity) VALUES (505710, 16, 15.163);
INSERT INTO PersonWeek(personId, weekNr, popularity) VALUES (16483, 16, 15.029);
INSERT INTO PersonWeek(personId, weekNr, popularity) VALUES (81051, 16, 14.861);
INSERT INTO PersonWeek(personId, weekNr, popularity) VALUES (136347, 16, 14.794);
INSERT INTO PersonWeek(personId, weekNr, popularity) VALUES (10990, 16, 14.771);
INSERT INTO PersonWeek(personId, weekNr, popularity) VALUES (1475744, 16, 14.756);
INSERT INTO PersonWeek(personId, weekNr, popularity) VALUES (1062, 16, 14.751);
INSERT INTO PersonWeek(personId, weekNr, popularity) VALUES (10696, 16, 14.746);
INSERT INTO PersonWeek(personId, weekNr, popularity) VALUES (3967, 16, 14.701);
