INSERT INTO Movies(id, title, overview, popularity, releaseDate, posterPath, voteCount, voteAvg, revenue, runtime, tagline) VALUES(399566,'Godzilla vs. Kong','In a time when monsters walk the Earth, humanity’s fight for its future sets Godzilla and Kong on a collision course that will see the two most powerful forces of nature on the planet collide in a spectacular battle for the ages.',7618.712,'2021-03-24','/pgqgaUx1cJb5oZQQ5v0tNARCeBp.jpg',4324, 8.4,'3.586e+08', 113, 'One Will Fall');
INSERT INTO Genres(id, genre) VALUES(28,'Action');
INSERT INTO MovieGenre(movieId, genreId) VALUES(399566,'28');
INSERT INTO Genres(id, genre) VALUES(878,'Science Fiction');
INSERT INTO MovieGenre(movieId, genreId) VALUES(399566,'878');
INSERT INTO Countries(id, cname) VALUES('US','United States of America');
INSERT INTO MovieCountry(movieId, countryId) VALUES(399566,'US');
INSERT INTO Personen(id, name, birthday, deathday, popularity, profilePath, gender, profession) VALUES(28846,'Alexander Skarsgård','','',17.521,'/hIuDik6KDmHLrqZWxBVdXzUw1kq.jpg',2,'Acting');
INSERT INTO MovieCredits(movieId, personId, job) VALUES(399566,28846,'Actor_Dr. Nathan Lind');
INSERT INTO Personen(id, name, birthday, deathday, popularity, profilePath, gender, profession) VALUES(1356210,'Millie Bobby Brown','','',45.163,'/yzfxLMcBMusKzZp9f1Z9Ags8WML.jpg',1,'Acting');
INSERT INTO MovieCredits(movieId, personId, job) VALUES(399566,1356210,'Actor_Madison Russell');
INSERT INTO Personen(id, name, birthday, deathday, popularity, profilePath, gender, profession) VALUES(15556,'Rebecca Hall','','',15.105,'/cVZaQrUY7F5khCBYdKDlEppHnQi.jpg',1,'Acting');
INSERT INTO MovieCredits(movieId, personId, job) VALUES(399566,15556,'Actor_Dr. Ilene Andrews');
INSERT INTO Personen(id, name, birthday, deathday, popularity, profilePath, gender, profession) VALUES(226366,'Brian Tyree Henry','','',6.359,'/1h4sYFAc1inxcV0Ljrl5v2mMskI.jpg',2,'Acting');
INSERT INTO MovieCredits(movieId, personId, job) VALUES(399566,226366,'Actor_Bernie Hayes');
INSERT INTO Personen(id, name, birthday, deathday, popularity, profilePath, gender, profession) VALUES(46364,'Shun Oguri','','',10.539,'/4tfrhvqp3IGHPATor0lYE9X9UD3.jpg',2,'Acting');
INSERT INTO MovieCredits(movieId, personId, job) VALUES(399566,46364,'Actor_Ren Serizawa');
INSERT INTO Personen(id, name, birthday, deathday, popularity, profilePath, gender, profession) VALUES(1222992,'Eiza González','','',26.794,'/w2pZ8gLqZNguj8cqrDGbMw2Ibj0.jpg',1,'Acting');
INSERT INTO MovieCredits(movieId, personId, job) VALUES(399566,1222992,'Actor_Maia Simmons');
INSERT INTO Personen(id, name, birthday, deathday, popularity, profilePath, gender, profession) VALUES(1706,'Terry Rossio','','',5.14,'',2,'Writing');
INSERT INTO MovieCredits(movieId, personId, job) VALUES(399566,1706,'Story');
INSERT INTO Personen(id, name, birthday, deathday, popularity, profilePath, gender, profession) VALUES(2445,'Eric McLeod','','',0.728,'',2,'Production');
INSERT INTO MovieCredits(movieId, personId, job) VALUES(399566,2445,'Producer');
INSERT INTO MovieCredits(movieId, personId, job) VALUES(399566,2445,'Unit Production Manager');
INSERT INTO Personen(id, name, birthday, deathday, popularity, profilePath, gender, profession) VALUES(2529,'Ronald R. Reiss','','',0.6,'',2,'Art');
INSERT INTO MovieCredits(movieId, personId, job) VALUES(399566,2529,'Set Decoration');
INSERT INTO Personen(id, name, birthday, deathday, popularity, profilePath, gender, profession) VALUES(7232,'Sarah Halley Finn','','',5.42,'',1,'Production');
INSERT INTO MovieCredits(movieId, personId, job) VALUES(399566,7232,'Casting');
INSERT INTO Personen(id, name, birthday, deathday, popularity, profilePath, gender, profession) VALUES(9343,'Owen Paterson','','',1.38,'',2,'Art');
INSERT INTO MovieCredits(movieId, personId, job) VALUES(399566,9343,'Production Design');
INSERT INTO Movies(id, title, overview, popularity, releaseDate, posterPath, voteCount, voteAvg, revenue, runtime, tagline) VALUES(791373,'Zack Snyder\'s Justice League','Determined to ensure Superman\'s ultimate sacrifice was not in vain, Bruce Wayne aligns forces with Diana Prince with plans to recruit a team of metahumans to protect the world from an approaching threat of catastrophic proportions.',3581.318,'2021-03-18','/tnAuB8q5vv7Ax9UAEje5Xi4BXik.jpg',4838, 8.6,'0', 242, '');
INSERT INTO MovieGenre(movieId, genreId) VALUES(791373,'28');
INSERT INTO Genres(id, genre) VALUES(12,'Adventure');
INSERT INTO MovieGenre(movieId, genreId) VALUES(791373,'12');
INSERT INTO Genres(id, genre) VALUES(14,'Fantasy');
INSERT INTO MovieGenre(movieId, genreId) VALUES(791373,'14');
INSERT INTO MovieGenre(movieId, genreId) VALUES(791373,'878');
INSERT INTO MovieCountry(movieId, countryId) VALUES(791373,'US');
INSERT INTO Personen(id, name, birthday, deathday, popularity, profilePath, gender, profession) VALUES(880,'Ben Affleck','','',19.129,'/u525jeDOzg9hVdvYfeehTGnw7Aa.jpg',2,'Acting');
INSERT INTO MovieCredits(movieId, personId, job) VALUES(791373,880,'Actor_Bruce Wayne / Batman');
INSERT INTO Personen(id, name, birthday, deathday, popularity, profilePath, gender, profession) VALUES(73968,'Henry Cavill','','',56.049,'/hErUwonrQgY5Y7RfxOfv8Fq11MB.jpg',2,'Acting');
INSERT INTO MovieCredits(movieId, personId, job) VALUES(791373,73968,'Actor_Clark Kent / Superman / Kal-El');
INSERT INTO Personen(id, name, birthday, deathday, popularity, profilePath, gender, profession) VALUES(90633,'Gal Gadot','','',62.994,'/1uFvXHf18NBnlwsJHVaikLXwp9Y.jpg',1,'Acting');
INSERT INTO MovieCredits(movieId, personId, job) VALUES(791373,90633,'Actor_Diana Prince / Wonder Woman');
INSERT INTO Personen(id, name, birthday, deathday, popularity, profilePath, gender, profession) VALUES(117642,'Jason Momoa','','',21.609,'/6dEFBpZH8C8OijsynkSajQT99Pb.jpg',2,'Acting');
INSERT INTO MovieCredits(movieId, personId, job) VALUES(791373,117642,'Actor_Arthur Curry / Aquaman');
INSERT INTO Personen(id, name, birthday, deathday, popularity, profilePath, gender, profession) VALUES(132157,'Ezra Miller','','',7.585,'/6wmTpbYpmhthaxzM5ss3377F9IV.jpg',3,'Acting');
INSERT INTO MovieCredits(movieId, personId, job) VALUES(791373,132157,'Actor_Barry Allen / The Flash');
INSERT INTO Personen(id, name, birthday, deathday, popularity, profilePath, gender, profession) VALUES(1313559,'Ray Fisher','','',4.096,'/p87MNscHga8S2SbmATimP143Af9.jpg',2,'Acting');
INSERT INTO MovieCredits(movieId, personId, job) VALUES(791373,1313559,'Actor_Victor Stone / Cyborg');
INSERT INTO Personen(id, name, birthday, deathday, popularity, profilePath, gender, profession) VALUES(282,'Charles Roven','','',1.985,'/4uJLoVstC1CBcArXFOe53N2fDr1.jpg',0,'Production');
INSERT INTO MovieCredits(movieId, personId, job) VALUES(791373,282,'Producer');
INSERT INTO Personen(id, name, birthday, deathday, popularity, profilePath, gender, profession) VALUES(525,'Christopher Nolan','','',9.766,'/xuAIuYSmsUzKlUMBFGVZaWsY3DZ.jpg',2,'Directing');
INSERT INTO MovieCredits(movieId, personId, job) VALUES(791373,525,'Executive Producer');
INSERT INTO Personen(id, name, birthday, deathday, popularity, profilePath, gender, profession) VALUES(556,'Emma Thomas','','',1.4,'/6GemtNCy856iLho6WRsFASxQTAp.jpg',1,'Production');
INSERT INTO MovieCredits(movieId, personId, job) VALUES(791373,556,'Executive Producer');
INSERT INTO Personen(id, name, birthday, deathday, popularity, profilePath, gender, profession) VALUES(563,'Dody Dorn','','',0.998,'/d3RESRZlLhsOIUQNIWxVqaO21q3.jpg',1,'Editing');
INSERT INTO MovieCredits(movieId, personId, job) VALUES(791373,563,'Additional Editor');
INSERT INTO MovieCredits(movieId, personId, job) VALUES(791373,880,'Executive Producer');
INSERT INTO Personen(id, name, birthday, deathday, popularity, profilePath, gender, profession) VALUES(2057,'Kim McGarrity','','',1.62,'',1,'Crew');
INSERT INTO MovieCredits(movieId, personId, job) VALUES(791373,2057,'Stunts');
INSERT INTO Movies(id, title, overview, popularity, releaseDate, posterPath, voteCount, voteAvg, revenue, runtime, tagline) VALUES(412656,'Chaos Walking','Two unlikely companions embark on a perilous adventure through the badlands of an unexplored planet as they try to escape a dangerous and disorienting reality, where all inner thoughts are seen and heard by everyone.',2871.579,'2021-02-24','/9kg73Mg8WJKlB9Y2SAJzeDKAnuB.jpg',327, 7.5,'0', 109, 'No one escapes the noise.');
INSERT INTO MovieGenre(movieId, genreId) VALUES(412656,'878');
INSERT INTO MovieGenre(movieId, genreId) VALUES(412656,'28');
INSERT INTO MovieGenre(movieId, genreId) VALUES(412656,'12');
INSERT INTO Genres(id, genre) VALUES(53,'Thriller');
INSERT INTO MovieGenre(movieId, genreId) VALUES(412656,'53');
INSERT INTO MovieCountry(movieId, countryId) VALUES(412656,'US');
INSERT INTO Personen(id, name, birthday, deathday, popularity, profilePath, gender, profession) VALUES(1315036,'Daisy Ridley','','',23.013,'/n8kBnNOi9VmELHJy3FdZjrSN9zT.jpg',1,'Acting');
INSERT INTO MovieCredits(movieId, personId, job) VALUES(412656,1315036,'Actor_Viola Eade');
INSERT INTO Personen(id, name, birthday, deathday, popularity, profilePath, gender, profession) VALUES(1136406,'Tom Holland','','',30.392,'/k4Oimp5juy6qHPtFWUFpgEX4Sln.jpg',2,'Acting');
INSERT INTO MovieCredits(movieId, personId, job) VALUES(412656,1136406,'Actor_Todd Hewitt');
INSERT INTO Personen(id, name, birthday, deathday, popularity, profilePath, gender, profession) VALUES(1019,'Mads Mikkelsen','','',21.344,'/oQBzMxGTMOIVrFGUqHnWK5lB61G.jpg',2,'Acting');
INSERT INTO MovieCredits(movieId, personId, job) VALUES(412656,1019,'Actor_Mayor David Prentiss');
INSERT INTO Personen(id, name, birthday, deathday, popularity, profilePath, gender, profession) VALUES(76961,'Demián Bichir','','',4.944,'/sw8TqPQLbMMgLbkNNUIW649THWJ.jpg',2,'Acting');
INSERT INTO MovieCredits(movieId, personId, job) VALUES(412656,76961,'Actor_Ben Moore');
INSERT INTO Personen(id, name, birthday, deathday, popularity, profilePath, gender, profession) VALUES(1765068,'Cynthia Erivo','','',5.178,'/vWLhplaio80fuv5mACLImjstg2v.jpg',1,'Acting');
INSERT INTO MovieCredits(movieId, personId, job) VALUES(412656,1765068,'Actor_Hildy');
INSERT INTO Personen(id, name, birthday, deathday, popularity, profilePath, gender, profession) VALUES(130565,'Nick Jonas','','',4.738,'/o0BVIpLe8VnCkTuLsk5ObcQmRJr.jpg',2,'Acting');
INSERT INTO MovieCredits(movieId, personId, job) VALUES(412656,130565,'Actor_Davy Prentiss Jr.');
INSERT INTO Personen(id, name, birthday, deathday, popularity, profilePath, gender, profession) VALUES(24,'Robert Zemeckis','','',5.91,'/lPYDQ5LYNJ12rJZENtyASmVZ1Ql.jpg',2,'Directing');
INSERT INTO MovieCredits(movieId, personId, job) VALUES(412656,24,'Producer');
INSERT INTO Personen(id, name, birthday, deathday, popularity, profilePath, gender, profession) VALUES(546,'Jeanne McCarthy','','',0.809,'',1,'Production');
INSERT INTO MovieCredits(movieId, personId, job) VALUES(412656,546,'Casting');
INSERT INTO Personen(id, name, birthday, deathday, popularity, profilePath, gender, profession) VALUES(7229,'Marco Beltrami','','',1.748,'/fb3TfFITlOC0BN3kNpUXj1FL0LN.jpg',2,'Sound');
INSERT INTO MovieCredits(movieId, personId, job) VALUES(412656,7229,'Original Music Composer');
INSERT INTO Personen(id, name, birthday, deathday, popularity, profilePath, gender, profession) VALUES(5327,'Andrew Mondshein','','',2.744,'',2,'Editing');
INSERT INTO MovieCredits(movieId, personId, job) VALUES(412656,5327,'Editor');
INSERT INTO Personen(id, name, birthday, deathday, popularity, profilePath, gender, profession) VALUES(10950,'Erwin Stoff','','',0.6,'',2,'Production');
INSERT INTO MovieCredits(movieId, personId, job) VALUES(412656,10950,'Producer');
INSERT INTO Personen(id, name, birthday, deathday, popularity, profilePath, gender, profession) VALUES(11694,'Doug Liman','','',2.448,'/6ebrRCsERA1IchMiF5SufD66stS.jpg',2,'Directing');
INSERT INTO MovieCredits(movieId, personId, job) VALUES(412656,11694,'Director');
INSERT INTO Movies(id, title, overview, popularity, releaseDate, posterPath, voteCount, voteAvg, revenue, runtime, tagline) VALUES(527774,'Raya and the Last Dragon','Long ago, in the fantasy world of Kumandra, humans and dragons lived together in harmony. But when an evil force threatened the land, the dragons sacrificed themselves to save humanity. Now, 500 years later, that same evil has returned and it’s up to a lone warrior, Raya, to track down the legendary last dragon to restore the fractured land and its divided people.',2112.937,'2021-03-03','/lPsD10PP4rgUGiGR4CCXA6iY0QQ.jpg',2246, 8.3,'5.6482606e+07', 107, 'A quest to save her world.');
INSERT INTO Genres(id, genre) VALUES(16,'Animation');
INSERT INTO MovieGenre(movieId, genreId) VALUES(527774,'16');
INSERT INTO MovieGenre(movieId, genreId) VALUES(527774,'12');
INSERT INTO MovieGenre(movieId, genreId) VALUES(527774,'14');
INSERT INTO Genres(id, genre) VALUES(10751,'Family');
INSERT INTO MovieGenre(movieId, genreId) VALUES(527774,'10751');
INSERT INTO MovieGenre(movieId, genreId) VALUES(527774,'28');
INSERT INTO MovieCountry(movieId, countryId) VALUES(527774,'US');
INSERT INTO Personen(id, name, birthday, deathday, popularity, profilePath, gender, profession) VALUES(1663195,'Kelly Marie Tran','','',4.736,'/v2daUrk7hZryH6vtCWK9ESf6gAG.jpg',1,'Acting');
INSERT INTO MovieCredits(movieId, personId, job) VALUES(527774,1663195,'Actor_Raya (voice)');
INSERT INTO Personen(id, name, birthday, deathday, popularity, profilePath, gender, profession) VALUES(1625558,'Awkwafina','','',9.446,'/l5AKkg3H1QhMuXmTTmq1EyjyiRb.jpg',1,'Acting');
INSERT INTO MovieCredits(movieId, personId, job) VALUES(527774,1625558,'Actor_Sisu (voice)');
INSERT INTO Personen(id, name, birthday, deathday, popularity, profilePath, gender, profession) VALUES(2362044,'Izaac Wang','','',3.003,'/bzvi6adMl3zmzC7gWhS4cmO61S4.jpg',2,'Acting');
INSERT INTO MovieCredits(movieId, personId, job) VALUES(527774,2362044,'Actor_Boun (voice)');
INSERT INTO Personen(id, name, birthday, deathday, popularity, profilePath, gender, profession) VALUES(97576,'Gemma Chan','','',7.474,'/srz0uSI4tDsuxTDXMzLwsEY44Wy.jpg',1,'Acting');
INSERT INTO MovieCredits(movieId, personId, job) VALUES(527774,97576,'Actor_Namaari (voice)');
INSERT INTO Personen(id, name, birthday, deathday, popularity, profilePath, gender, profession) VALUES(18307,'Daniel Dae Kim','','',5.017,'/aXbTKgL4u6oVumQ459B9VkGTn4A.jpg',2,'Acting');
INSERT INTO MovieCredits(movieId, personId, job) VALUES(527774,18307,'Actor_Benja (voice)');
INSERT INTO Personen(id, name, birthday, deathday, popularity, profilePath, gender, profession) VALUES(30082,'Benedict Wong','','',7.89,'/ukmfsl59Isvn9odgzMWBidA3cmt.jpg',2,'Acting');
INSERT INTO MovieCredits(movieId, personId, job) VALUES(527774,30082,'Actor_Tong (voice)');
INSERT INTO Personen(id, name, birthday, deathday, popularity, profilePath, gender, profession) VALUES(1213,'James Newton Howard','','',0.755,'/qB4JgzCXCjr7NwW7UNrgBrWZDlo.jpg',2,'Sound');
INSERT INTO MovieCredits(movieId, personId, job) VALUES(527774,1213,'Original Music Composer');
INSERT INTO Personen(id, name, birthday, deathday, popularity, profilePath, gender, profession) VALUES(44029,'Fabienne Rawley','','',0.694,'/94hWzJiJskQYepoxrHg1wZ2Yc2G.jpg',1,'Editing');
INSERT INTO MovieCredits(movieId, personId, job) VALUES(527774,44029,'Editor');
INSERT INTO Personen(id, name, birthday, deathday, popularity, profilePath, gender, profession) VALUES(61416,'Peter Del Vecho','','',0.828,'',2,'Production');
INSERT INTO MovieCredits(movieId, personId, job) VALUES(527774,61416,'Producer');
INSERT INTO Personen(id, name, birthday, deathday, popularity, profilePath, gender, profession) VALUES(70240,'Paul A. Felix','','',0.6,'',0,'Art');
INSERT INTO MovieCredits(movieId, personId, job) VALUES(527774,70240,'Production Design');
INSERT INTO Personen(id, name, birthday, deathday, popularity, profilePath, gender, profession) VALUES(137198,'Jamie Sparer Roberts','','',1.4,'/qAXxHH7GIXTnySqB0GUi7hLxW89.jpg',0,'Production');
INSERT INTO MovieCredits(movieId, personId, job) VALUES(527774,137198,'Casting');
INSERT INTO Personen(id, name, birthday, deathday, popularity, profilePath, gender, profession) VALUES(227439,'Don Hall','','',4.416,'/wT8rqrI65ROqwuJUGEv1A0rLoE0.jpg',2,'Directing');
INSERT INTO MovieCredits(movieId, personId, job) VALUES(527774,227439,'Director');
INSERT INTO Movies(id, title, overview, popularity, releaseDate, posterPath, voteCount, voteAvg, revenue, runtime, tagline) VALUES(587807,'Tom & Jerry','Tom the cat and Jerry the mouse get kicked out of their home and relocate to a fancy New York hotel, where a scrappy employee named Kayla will lose her job if she can’t evict Jerry before a high-class wedding at the hotel. Her solution? Hiring Tom to get rid of the pesky mouse.',1374.65,'2021-02-11','/6KErczPBROQty7QoIsaa6wJYXZi.jpg',1179, 7.3,'6.689e+07', 101, 'Best of enemies. Worst of friends.');
INSERT INTO Genres(id, genre) VALUES(35,'Comedy');
INSERT INTO MovieGenre(movieId, genreId) VALUES(587807,'35');
INSERT INTO MovieGenre(movieId, genreId) VALUES(587807,'10751');
INSERT INTO MovieGenre(movieId, genreId) VALUES(587807,'16');
INSERT INTO MovieCountry(movieId, countryId) VALUES(587807,'US');
INSERT INTO Personen(id, name, birthday, deathday, popularity, profilePath, gender, profession) VALUES(56734,'Chloë Grace Moretz','','',27.506,'/yq4rYmaTRC5degaOYmJQFpaiho1.jpg',1,'Acting');
INSERT INTO MovieCredits(movieId, personId, job) VALUES(587807,56734,'Actor_Kayla Forrester');
INSERT INTO Personen(id, name, birthday, deathday, popularity, profilePath, gender, profession) VALUES(454,'Michael Peña','','',12.748,'/tu5CtDtVP4oZBVQgi0s4vgZErIg.jpg',2,'Acting');
INSERT INTO MovieCredits(movieId, personId, job) VALUES(587807,454,'Actor_Terence Mendoza');
INSERT INTO Personen(id, name, birthday, deathday, popularity, profilePath, gender, profession) VALUES(1226277,'Colin Jost','','',2.25,'/cuNRnDX02digyoqYVyFGkwd78fn.jpg',2,'Acting');
INSERT INTO MovieCredits(movieId, personId, job) VALUES(587807,1226277,'Actor_Ben');
INSERT INTO Personen(id, name, birthday, deathday, popularity, profilePath, gender, profession) VALUES(1091324,'Rob Delaney','','',1.632,'/jTzMa3UCLpuyIlHvFfZo2gJsmg2.jpg',2,'Acting');
INSERT INTO MovieCredits(movieId, personId, job) VALUES(587807,1091324,'Actor_Henry Dubros');
INSERT INTO Personen(id, name, birthday, deathday, popularity, profilePath, gender, profession) VALUES(979599,'Pallavi Sharda','','',3.003,'/27z637IE09prOztCQfMFFM8tP4.jpg',1,'Acting');
INSERT INTO MovieCredits(movieId, personId, job) VALUES(587807,979599,'Actor_Preeta');
INSERT INTO Personen(id, name, birthday, deathday, popularity, profilePath, gender, profession) VALUES(1674734,'Jordan Bolger','','',3.902,'/zGSxXrllgm3MNVT0jjvnAQFacPS.jpg',2,'Acting');
INSERT INTO MovieCredits(movieId, personId, job) VALUES(587807,1674734,'Actor_Cameron');
INSERT INTO Personen(id, name, birthday, deathday, popularity, profilePath, gender, profession) VALUES(1113,'Lucinda Syson','','',1.555,'',1,'Production');
INSERT INTO MovieCredits(movieId, personId, job) VALUES(587807,1113,'Casting');
INSERT INTO Personen(id, name, birthday, deathday, popularity, profilePath, gender, profession) VALUES(13594,'Joseph Barbera','','',6.1,'/lpjg99DpaK0RDbbe6mqk1Z7YIke.jpg',2,'Production');
INSERT INTO MovieCredits(movieId, personId, job) VALUES(587807,13594,'Characters');
INSERT INTO Personen(id, name, birthday, deathday, popularity, profilePath, gender, profession) VALUES(13620,'William Hanna','','',8.341,'/zf5WRsouQN0ozuJ4vFosXylPjaZ.jpg',2,'Directing');
INSERT INTO MovieCredits(movieId, personId, job) VALUES(587807,13620,'Characters');
INSERT INTO Personen(id, name, birthday, deathday, popularity, profilePath, gender, profession) VALUES(20400,'Tim Story','','',2.664,'/d1VJwZmNnsZlDq9aAjJf95tehKh.jpg',2,'Directing');
INSERT INTO MovieCredits(movieId, personId, job) VALUES(587807,20400,'Director');
INSERT INTO MovieCredits(movieId, personId, job) VALUES(587807,20400,'Executive Producer');
INSERT INTO Personen(id, name, birthday, deathday, popularity, profilePath, gender, profession) VALUES(25457,'Adam Goodman','','',0.6,'',2,'Production');
INSERT INTO MovieCredits(movieId, personId, job) VALUES(587807,25457,'Executive Producer');
INSERT INTO Movies(id, title, overview, popularity, releaseDate, posterPath, voteCount, voteAvg, revenue, runtime, tagline) VALUES(458576,'Monster Hunter','A portal transports Cpt. Artemis and an elite unit of soldiers to a strange world where powerful monsters rule with deadly ferocity. Faced with relentless danger, the team encounters a mysterious hunter who may be their only hope to find a way home.',1329.927,'2020-12-03','/1UCOF11QCw8kcqvce8LKOO6pimh.jpg',1436, 7.1,'2.5814306e+07', 104, 'Behind our world, there is another.');
INSERT INTO MovieGenre(movieId, genreId) VALUES(458576,'14');
INSERT INTO MovieGenre(movieId, genreId) VALUES(458576,'28');
INSERT INTO MovieGenre(movieId, genreId) VALUES(458576,'12');
INSERT INTO Countries(id, cname) VALUES('DE','Germany');
INSERT INTO MovieCountry(movieId, countryId) VALUES(458576,'DE');
INSERT INTO Countries(id, cname) VALUES('CA','Canada');
INSERT INTO MovieCountry(movieId, countryId) VALUES(458576,'CA');
INSERT INTO Countries(id, cname) VALUES('CN','China');
INSERT INTO MovieCountry(movieId, countryId) VALUES(458576,'CN');
INSERT INTO MovieCountry(movieId, countryId) VALUES(458576,'US');
INSERT INTO Countries(id, cname) VALUES('JP','Japan');
INSERT INTO MovieCountry(movieId, countryId) VALUES(458576,'JP');
INSERT INTO Personen(id, name, birthday, deathday, popularity, profilePath, gender, profession) VALUES(63,'Milla Jovovich','','',19.855,'/usWnHCzbADijULREZYSJ0qfM00y.jpg',1,'Acting');
INSERT INTO MovieCredits(movieId, personId, job) VALUES(458576,63,'Actor_Artemis');
INSERT INTO Personen(id, name, birthday, deathday, popularity, profilePath, gender, profession) VALUES(57207,'Tony Jaa','','',11.923,'/anBSs0nh4n4cpiwRl5QmjT5zRrt.jpg',2,'Acting');
INSERT INTO MovieCredits(movieId, personId, job) VALUES(458576,57207,'Actor_The Hunter');
INSERT INTO Personen(id, name, birthday, deathday, popularity, profilePath, gender, profession) VALUES(76126,'T.I.','','',2.846,'/dHnR4QavU2ILjvbr3SXBh4cJSdJ.jpg',2,'Acting');
INSERT INTO MovieCredits(movieId, personId, job) VALUES(458576,76126,'Actor_Link');
INSERT INTO Personen(id, name, birthday, deathday, popularity, profilePath, gender, profession) VALUES(2372,'Ron Perlman','','',9.395,'/34matYg8O1gsB24AAEssjao73yb.jpg',2,'Acting');
INSERT INTO MovieCredits(movieId, personId, job) VALUES(458576,2372,'Actor_Admiral');
INSERT INTO Personen(id, name, birthday, deathday, popularity, profilePath, gender, profession) VALUES(935201,'Diego Boneta','','',5.496,'/uACJGIdsVhuxEoLjVjRapVB1g1T.jpg',2,'Acting');
INSERT INTO MovieCredits(movieId, personId, job) VALUES(458576,935201,'Actor_Marshall');
INSERT INTO Personen(id, name, birthday, deathday, popularity, profilePath, gender, profession) VALUES(22122,'Meagan Good','','',5.878,'/iwSNBQKKDhEbtNe8I4ROYoYmWqE.jpg',1,'Acting');
INSERT INTO MovieCredits(movieId, personId, job) VALUES(458576,22122,'Actor_Dash');
INSERT INTO Personen(id, name, birthday, deathday, popularity, profilePath, gender, profession) VALUES(4014,'Paul W. S. Anderson','','',8.912,'/AeYYSi30WCkowdk04Awa0kr1E4S.jpg',2,'Directing');
INSERT INTO MovieCredits(movieId, personId, job) VALUES(458576,4014,'Screenplay');
INSERT INTO MovieCredits(movieId, personId, job) VALUES(458576,4014,'Director');
INSERT INTO MovieCredits(movieId, personId, job) VALUES(458576,4014,'Producer');
INSERT INTO Personen(id, name, birthday, deathday, popularity, profilePath, gender, profession) VALUES(4016,'Jeremy Bolt','','',0.84,'/pqbpSnsM5Ord6t6Fx7AqCb0bGqo.jpg',2,'Production');
INSERT INTO MovieCredits(movieId, personId, job) VALUES(458576,4016,'Producer');
INSERT INTO Personen(id, name, birthday, deathday, popularity, profilePath, gender, profession) VALUES(4017,'Robert Kulzer','','',0.6,'',2,'Production');
INSERT INTO MovieCredits(movieId, personId, job) VALUES(458576,4017,'Producer');
INSERT INTO Personen(id, name, birthday, deathday, popularity, profilePath, gender, profession) VALUES(2214,'Paul Haslinger','','',0.6,'',2,'Sound');
INSERT INTO MovieCredits(movieId, personId, job) VALUES(458576,2214,'Original Music Composer');
INSERT INTO Movies(id, title, overview, popularity, releaseDate, posterPath, voteCount, voteAvg, revenue, runtime, tagline) VALUES(544401,'Cherry','Cherry drifts from college dropout to army medic in Iraq - anchored only by his true love, Emily. But after returning from the war with PTSD, his life spirals into drugs and crime as he struggles to find his place in the world.',1304.272,'2021-02-26','/pwDvkDyaHEU9V7cApQhbcSJMG1w.jpg',489, 7.6,'0', 140, 'Life leaves a mark.');
INSERT INTO Genres(id, genre) VALUES(80,'Crime');
INSERT INTO MovieGenre(movieId, genreId) VALUES(544401,'80');
INSERT INTO Genres(id, genre) VALUES(18,'Drama');
INSERT INTO MovieGenre(movieId, genreId) VALUES(544401,'18');
INSERT INTO MovieCountry(movieId, countryId) VALUES(544401,'US');
INSERT INTO MovieCredits(movieId, personId, job) VALUES(544401,1136406,'Actor_Cherry');
INSERT INTO Personen(id, name, birthday, deathday, popularity, profilePath, gender, profession) VALUES(144216,'Ciara Bravo','','',17.334,'/dnMZJgfFSk0hHtKX4yMw2TBOjYT.jpg',1,'Acting');
INSERT INTO MovieCredits(movieId, personId, job) VALUES(544401,144216,'Actor_Emily');
INSERT INTO Personen(id, name, birthday, deathday, popularity, profilePath, gender, profession) VALUES(1007683,'Jack Reynor','','',3.367,'/39u0sE8pTKXROLVb1PoRDGQSAWx.jpg',2,'Acting');
INSERT INTO MovieCredits(movieId, personId, job) VALUES(544401,1007683,'Actor_Pills & Coke');
INSERT INTO Personen(id, name, birthday, deathday, popularity, profilePath, gender, profession) VALUES(18313,'Michael Rispoli','','',4.507,'/4rtCKJTtPq9cSHFQqZSbyCLLWCO.jpg',2,'Acting');
INSERT INTO MovieCredits(movieId, personId, job) VALUES(544401,18313,'Actor_Tommy');
INSERT INTO Personen(id, name, birthday, deathday, popularity, profilePath, gender, profession) VALUES(1826682,'Jeffrey Wahlberg','','',5.918,'/wYFwtsR6uMwiMIUQvJhX51TnXY9.jpg',2,'Acting');
INSERT INTO MovieCredits(movieId, personId, job) VALUES(544401,1826682,'Actor_Jimenez');
INSERT INTO Personen(id, name, birthday, deathday, popularity, profilePath, gender, profession) VALUES(1560185,'Forrest Goodluck','','',3.388,'/rnaoSD6GmL6NGnzLnij5ScLpEJP.jpg',2,'Acting');
INSERT INTO MovieCredits(movieId, personId, job) VALUES(544401,1560185,'Actor_James Lightfoot');
INSERT INTO Personen(id, name, birthday, deathday, popularity, profilePath, gender, profession) VALUES(1317,'Philip Ivey','','',0.98,'',2,'Art');
INSERT INTO MovieCredits(movieId, personId, job) VALUES(544401,1317,'Production Design');
INSERT INTO Personen(id, name, birthday, deathday, popularity, profilePath, gender, profession) VALUES(3965,'Deborah Aquila','','',1.176,'',1,'Production');
INSERT INTO MovieCredits(movieId, personId, job) VALUES(544401,3965,'Casting');
INSERT INTO Personen(id, name, birthday, deathday, popularity, profilePath, gender, profession) VALUES(5673,'Marco Trentini','','',0.6,'',2,'Art');
INSERT INTO MovieCredits(movieId, personId, job) VALUES(544401,5673,'Art Direction');
INSERT INTO Personen(id, name, birthday, deathday, popularity, profilePath, gender, profession) VALUES(9040,'Newton Thomas Sigel','','',1.4,'/mTauZZzOY0fhpNkNjeOeDHDk8xm.jpg',2,'Camera');
INSERT INTO MovieCredits(movieId, personId, job) VALUES(544401,9040,'Director of Photography');
INSERT INTO Personen(id, name, birthday, deathday, popularity, profilePath, gender, profession) VALUES(19271,'Anthony Russo','','',6.122,'/fIa5wXK7MHAquhefTr3TcnZiYy8.jpg',2,'Directing');
INSERT INTO MovieCredits(movieId, personId, job) VALUES(544401,19271,'Director');
INSERT INTO MovieCredits(movieId, personId, job) VALUES(544401,19271,'Producer');
INSERT INTO Movies(id, title, overview, popularity, releaseDate, posterPath, voteCount, voteAvg, revenue, runtime, tagline) VALUES(587996,'Below Zero','When a prisoner transfer van is attacked, the cop in charge must fight those inside and outside while dealing with a silent foe: the icy temperatures.',1245.855,'2021-01-29','/dWSnsAGTfc8U27bWsy2RfwZs0Bs.jpg',509, 6.4,'0', 106, 'Escape is not the exit.');
INSERT INTO MovieGenre(movieId, genreId) VALUES(587996,'28');
INSERT INTO MovieGenre(movieId, genreId) VALUES(587996,'80');
INSERT INTO MovieGenre(movieId, genreId) VALUES(587996,'53');
INSERT INTO Countries(id, cname) VALUES('ES','Spain');
INSERT INTO MovieCountry(movieId, countryId) VALUES(587996,'ES');
INSERT INTO Personen(id, name, birthday, deathday, popularity, profilePath, gender, profession) VALUES(19024,'Javier Gutiérrez','','',2.665,'/xkVnaiiXtYJLjlJRsj8zD9r7k6t.jpg',2,'Acting');
INSERT INTO MovieCredits(movieId, personId, job) VALUES(587996,19024,'Actor_Martín');
INSERT INTO Personen(id, name, birthday, deathday, popularity, profilePath, gender, profession) VALUES(24977,'Karra Elejalde','','',2.103,'/kHODqgc2c7RaZz9Sp7cedgadvzG.jpg',2,'Acting');
INSERT INTO MovieCredits(movieId, personId, job) VALUES(587996,24977,'Actor_Miguel');
INSERT INTO Personen(id, name, birthday, deathday, popularity, profilePath, gender, profession) VALUES(15598,'Luis Callejo','','',1.867,'/s4SkMqVL7cGNLuCgYDSHzOfiu1p.jpg',2,'Acting');
INSERT INTO MovieCredits(movieId, personId, job) VALUES(587996,15598,'Actor_Ramis');
INSERT INTO Personen(id, name, birthday, deathday, popularity, profilePath, gender, profession) VALUES(578014,'Patrick Criado','','',2.258,'/hq0hxTaaiOSRBXsQm0UEKh5NLKG.jpg',2,'Acting');
INSERT INTO MovieCredits(movieId, personId, job) VALUES(587996,578014,'Actor_Nano');
INSERT INTO Personen(id, name, birthday, deathday, popularity, profilePath, gender, profession) VALUES(51905,'Andrés Gertrúdix','','',1.87,'/qR9EyorWi9Z8WnoFcY5AskYBW4B.jpg',0,'Acting');
INSERT INTO MovieCredits(movieId, personId, job) VALUES(587996,51905,'Actor_Golum');
INSERT INTO Personen(id, name, birthday, deathday, popularity, profilePath, gender, profession) VALUES(589477,'Isak Férriz','','',3.179,'/E0k8pmQ1dFb9if45EmDW6yXVUm.jpg',2,'Acting');
INSERT INTO MovieCredits(movieId, personId, job) VALUES(587996,589477,'Actor_Montesinos');
INSERT INTO Personen(id, name, birthday, deathday, popularity, profilePath, gender, profession) VALUES(56657,'Zacarías M. de la Riva','','',0.6,'/gnj5emm11IjkIV4Y7xYAeu0G72.jpg',2,'Sound');
INSERT INTO MovieCredits(movieId, personId, job) VALUES(587996,56657,'Original Music Composer');
INSERT INTO Personen(id, name, birthday, deathday, popularity, profilePath, gender, profession) VALUES(939474,'Antonio Frutos','','',0.6,'',2,'Editing');
INSERT INTO MovieCredits(movieId, personId, job) VALUES(587996,939474,'Editor');
INSERT INTO Personen(id, name, birthday, deathday, popularity, profilePath, gender, profession) VALUES(942871,'Rosa Estévez','','',0.6,'',1,'Production');
INSERT INTO MovieCredits(movieId, personId, job) VALUES(587996,942871,'Casting');
INSERT INTO Personen(id, name, birthday, deathday, popularity, profilePath, gender, profession) VALUES(1346215,'Lluís Quílez','','',1.532,'/gv5WxVXM6QLLgXpX6vkurtTzPpL.jpg',2,'Directing');
INSERT INTO MovieCredits(movieId, personId, job) VALUES(587996,1346215,'Director');
INSERT INTO MovieCredits(movieId, personId, job) VALUES(587996,1346215,'Writer');
INSERT INTO Personen(id, name, birthday, deathday, popularity, profilePath, gender, profession) VALUES(1381199,'Josep Amorós','','',0.6,'',0,'Production');
INSERT INTO MovieCredits(movieId, personId, job) VALUES(587996,1381199,'Producer');
INSERT INTO Movies(id, title, overview, popularity, releaseDate, posterPath, voteCount, voteAvg, revenue, runtime, tagline) VALUES(793723,'Sentinelle','Transferred home after a traumatizing combat mission, a highly trained French soldier uses her lethal skills to hunt down the man who hurt her sister.',1193.69,'2021-03-05','/fFRq98cW9lTo6di2o4lK1qUAWaN.jpg',329, 6,'0', 80, '');
INSERT INTO MovieGenre(movieId, genreId) VALUES(793723,'53');
INSERT INTO MovieGenre(movieId, genreId) VALUES(793723,'28');
INSERT INTO MovieGenre(movieId, genreId) VALUES(793723,'18');
INSERT INTO Countries(id, cname) VALUES('FR','France');
INSERT INTO MovieCountry(movieId, countryId) VALUES(793723,'FR');
INSERT INTO Personen(id, name, birthday, deathday, popularity, profilePath, gender, profession) VALUES(18182,'Olga Kurylenko','','',13.126,'/q0QXFRg5bSnaLjbvhamfclt0eId.jpg',1,'Acting');
INSERT INTO MovieCredits(movieId, personId, job) VALUES(793723,18182,'Actor_Klara');
INSERT INTO Personen(id, name, birthday, deathday, popularity, profilePath, gender, profession) VALUES(1431070,'Marilyn Lima','','',1.959,'/o3lYJpFWLJ6NAvVx6pzFr3dRrMM.jpg',1,'Acting');
INSERT INTO MovieCredits(movieId, personId, job) VALUES(793723,1431070,'Actor_Tania');
INSERT INTO Personen(id, name, birthday, deathday, popularity, profilePath, gender, profession) VALUES(1671403,'Michel Nabokoff','','',0.8,'/eOVfFjiWVgaV6cidbSUzH6kXxCZ.jpg',0,'Acting');
INSERT INTO MovieCredits(movieId, personId, job) VALUES(793723,1671403,'Actor_Leonid Kadnikov');
INSERT INTO Personen(id, name, birthday, deathday, popularity, profilePath, gender, profession) VALUES(102517,'Martin Swabey','','',1.361,'/gBV5ElUGdHEIt1LZBdiAHaaIhR9.jpg',0,'Acting');
INSERT INTO MovieCredits(movieId, personId, job) VALUES(793723,102517,'Actor_Lieutenant Eric Jaubert');
INSERT INTO Personen(id, name, birthday, deathday, popularity, profilePath, gender, profession) VALUES(1778568,'Carole Weyers','','',1.321,'/x0AMwBYXFv2XkLPnp8rNDYoIpLc.jpg',0,'Acting');
INSERT INTO MovieCredits(movieId, personId, job) VALUES(793723,1778568,'Actor_Capitaine Catherine Muller');
INSERT INTO Personen(id, name, birthday, deathday, popularity, profilePath, gender, profession) VALUES(2965552,'Andrey Gorlenko','','',0.84,'/sAg4uptBeXDahtksUlT9dJMb9JM.jpg',0,'Acting');
INSERT INTO MovieCredits(movieId, personId, job) VALUES(793723,2965552,'Actor_Yvan Kadnikov');
INSERT INTO Personen(id, name, birthday, deathday, popularity, profilePath, gender, profession) VALUES(66869,'Soline Guyonneau','','',0.6,'',1,'Editing');
INSERT INTO MovieCredits(movieId, personId, job) VALUES(793723,66869,'Editor');
INSERT INTO Personen(id, name, birthday, deathday, popularity, profilePath, gender, profession) VALUES(84439,'Julien Leclercq','','',1.361,'/xP2OPVSMg2S19A1KzECnaqswqh8.jpg',2,'Directing');
INSERT INTO MovieCredits(movieId, personId, job) VALUES(793723,84439,'Director');
INSERT INTO MovieCredits(movieId, personId, job) VALUES(793723,84439,'Producer');
INSERT INTO MovieCredits(movieId, personId, job) VALUES(793723,84439,'Writer');
INSERT INTO Personen(id, name, birthday, deathday, popularity, profilePath, gender, profession) VALUES(581267,'Matthieu Serveau','','',0.828,'',0,'Acting');
INSERT INTO MovieCredits(movieId, personId, job) VALUES(793723,581267,'Writer');
INSERT INTO Personen(id, name, birthday, deathday, popularity, profilePath, gender, profession) VALUES(1163450,'Emmanuelle Youchnovski','','',0.6,'/pjLbPFpJEDOmO6U3E3LgQiYGAuK.jpg',1,'Costume & Make-Up');
INSERT INTO MovieCredits(movieId, personId, job) VALUES(793723,1163450,'Costume Design');
INSERT INTO Movies(id, title, overview, popularity, releaseDate, posterPath, voteCount, voteAvg, revenue, runtime, tagline) VALUES(581389,'Space Sweepers','When the crew of a space junk collector ship called The Victory discovers a humanoid robot named Dorothy that\'s known to be a weapon of mass destruction, they get involved in a risky business deal which puts their lives at stake.',1099.501,'2021-02-05','/bmemsraCG1kIthY74NjDnnLRT2Q.jpg',490, 7.2,'0', 136, '2092, the space sweep begins!');
INSERT INTO MovieGenre(movieId, genreId) VALUES(581389,'18');
INSERT INTO MovieGenre(movieId, genreId) VALUES(581389,'14');
INSERT INTO MovieGenre(movieId, genreId) VALUES(581389,'878');
INSERT INTO Countries(id, cname) VALUES('KR','South Korea');
INSERT INTO MovieCountry(movieId, countryId) VALUES(581389,'KR');
INSERT INTO Personen(id, name, birthday, deathday, popularity, profilePath, gender, profession) VALUES(150698,'Song Joong-ki','','',4.919,'/yfnaY2vEZ8S97KOaGcfcPtQUL80.jpg',2,'Acting');
INSERT INTO MovieCredits(movieId, personId, job) VALUES(581389,150698,'Actor_Tae-ho');
INSERT INTO Personen(id, name, birthday, deathday, popularity, profilePath, gender, profession) VALUES(1537768,'Kim Tae-ri','','',7.21,'/a5omXErOT7BQDXZ0100bymcpeH8.jpg',1,'Acting');
INSERT INTO MovieCredits(movieId, personId, job) VALUES(581389,1537768,'Actor_Captain Jang');
INSERT INTO Personen(id, name, birthday, deathday, popularity, profilePath, gender, profession) VALUES(84996,'Yoo Hae-jin','','',6.842,'/sJzKaBnDaIEirEDJF6ZWVvZU8kG.jpg',2,'Acting');
INSERT INTO MovieCredits(movieId, personId, job) VALUES(581389,84996,'Actor_Bubs');
INSERT INTO Personen(id, name, birthday, deathday, popularity, profilePath, gender, profession) VALUES(1989290,'Jin Sun-kyu','','',2.969,'/m9kX4DzTOz5kFOVPzfYooPTArRY.jpg',2,'Acting');
INSERT INTO MovieCredits(movieId, personId, job) VALUES(581389,1989290,'Actor_Tiger Park');
INSERT INTO Personen(id, name, birthday, deathday, popularity, profilePath, gender, profession) VALUES(30315,'Richard Armitage','','',5.474,'/lRWWodfrOd5SaLnFrz7UryFhasI.jpg',2,'Acting');
INSERT INTO MovieCredits(movieId, personId, job) VALUES(581389,30315,'Actor_Sullivan');
INSERT INTO Personen(id, name, birthday, deathday, popularity, profilePath, gender, profession) VALUES(84788,'Kim Mu-yeol','','',3.703,'/1juUxXtg65bC5UnjsCBBYElT3ed.jpg',2,'Acting');
INSERT INTO MovieCredits(movieId, personId, job) VALUES(581389,84788,'Actor_Kang Hyun-woo');
INSERT INTO Personen(id, name, birthday, deathday, popularity, profilePath, gender, profession) VALUES(43570,'Cho Sang-kyung','','',0.996,'/aTd5Tq5P6a41Q4kYRn9yxuj8xy8.jpg',1,'Costume & Make-Up');
INSERT INTO MovieCredits(movieId, personId, job) VALUES(581389,43570,'Costume Design');
INSERT INTO Personen(id, name, birthday, deathday, popularity, profilePath, gender, profession) VALUES(79570,'Nam Na-young','','',0.6,'',1,'Editing');
INSERT INTO MovieCredits(movieId, personId, job) VALUES(581389,79570,'Editor');
INSERT INTO Personen(id, name, birthday, deathday, popularity, profilePath, gender, profession) VALUES(1086497,'Jo Sung-hee','','',1.785,'/7fHNJv6ycu2eEvdUiHbimdDRKqR.jpg',2,'Directing');
INSERT INTO MovieCredits(movieId, personId, job) VALUES(581389,1086497,'Screenplay');
INSERT INTO MovieCredits(movieId, personId, job) VALUES(581389,1086497,'Director');
INSERT INTO MovieCredits(movieId, personId, job) VALUES(581389,1086497,'Story');
INSERT INTO Personen(id, name, birthday, deathday, popularity, profilePath, gender, profession) VALUES(1120478,'Jang Geun-yeong','','',0.6,'',2,'Art');
INSERT INTO MovieCredits(movieId, personId, job) VALUES(581389,1120478,'Production Design');
INSERT INTO Movies(id, title, overview, popularity, releaseDate, posterPath, voteCount, voteAvg, revenue, runtime, tagline) VALUES(464052,'Wonder Woman 1984','A botched store robbery places Wonder Woman in a global battle against a powerful and mysterious ancient force that puts her powers in jeopardy.',1276.177,'2020-12-16','/8UlWHLMpgZm9bx6QYh0NFoq67TZ.jpg',4811, 6.8,'1.6516e+08', 151, 'A new era of wonder begins.');
INSERT INTO MovieGenre(movieId, genreId) VALUES(464052,'14');
INSERT INTO MovieGenre(movieId, genreId) VALUES(464052,'28');
INSERT INTO MovieGenre(movieId, genreId) VALUES(464052,'12');
INSERT INTO MovieCountry(movieId, countryId) VALUES(464052,'US');
INSERT INTO MovieCredits(movieId, personId, job) VALUES(464052,90633,'Actor_Diana Prince / Wonder Woman');
INSERT INTO Personen(id, name, birthday, deathday, popularity, profilePath, gender, profession) VALUES(62064,'Chris Pine','','',10.784,'/ipG3BMO8Ckv9xVeEY27lzq975Qm.jpg',2,'Acting');
INSERT INTO MovieCredits(movieId, personId, job) VALUES(464052,62064,'Actor_Steve Trevor');
INSERT INTO Personen(id, name, birthday, deathday, popularity, profilePath, gender, profession) VALUES(41091,'Kristen Wiig','','',12.906,'/nwj7ibxkzYOYgcyGHCKV2qNwgxX.jpg',1,'Acting');
INSERT INTO MovieCredits(movieId, personId, job) VALUES(464052,41091,'Actor_Barbara Minerva / Cheetah');
INSERT INTO Personen(id, name, birthday, deathday, popularity, profilePath, gender, profession) VALUES(1253360,'Pedro Pascal','','',12.552,'/kpaBw1oyfu2vGS2t9gGBz1Pz7vk.jpg',2,'Acting');
INSERT INTO MovieCredits(movieId, personId, job) VALUES(464052,1253360,'Actor_Maxwell Lord');
INSERT INTO Personen(id, name, birthday, deathday, popularity, profilePath, gender, profession) VALUES(32,'Robin Wright','','',14.182,'/xOz6PTZ9Sz9qt5qpdIllxQ6aNZw.jpg',1,'Acting');
INSERT INTO MovieCredits(movieId, personId, job) VALUES(464052,32,'Actor_Antiope');
INSERT INTO Personen(id, name, birthday, deathday, popularity, profilePath, gender, profession) VALUES(935,'Connie Nielsen','','',17.584,'/gSQ3O3PJ6ly6nT63joOtfZyscFP.jpg',1,'Acting');
INSERT INTO MovieCredits(movieId, personId, job) VALUES(464052,935,'Actor_Hippolyta');
INSERT INTO MovieCredits(movieId, personId, job) VALUES(464052,1113,'Casting');
INSERT INTO Personen(id, name, birthday, deathday, popularity, profilePath, gender, profession) VALUES(947,'Hans Zimmer','','',4.3,'/tpQnDeHY15szIXvpnhlprufz4d.jpg',2,'Sound');
INSERT INTO MovieCredits(movieId, personId, job) VALUES(464052,947,'Original Music Composer');
INSERT INTO MovieCredits(movieId, personId, job) VALUES(464052,282,'Producer');
INSERT INTO Personen(id, name, birthday, deathday, popularity, profilePath, gender, profession) VALUES(4699,'Steve Perry','','',4.56,'',2,'Production');
INSERT INTO MovieCredits(movieId, personId, job) VALUES(464052,4699,'Thanks');
INSERT INTO Personen(id, name, birthday, deathday, popularity, profilePath, gender, profession) VALUES(6235,'Mark Scruton','','',0.6,'',2,'Art');
INSERT INTO MovieCredits(movieId, personId, job) VALUES(464052,6235,'Art Direction');
INSERT INTO Personen(id, name, birthday, deathday, popularity, profilePath, gender, profession) VALUES(6884,'Patty Jenkins','','',4.806,'/rNeVepRRxqvJ8nuubK7MksG1l55.jpg',1,'Directing');
INSERT INTO MovieCredits(movieId, personId, job) VALUES(464052,6884,'Screenplay');
INSERT INTO Movies(id, title, overview, popularity, releaseDate, posterPath, voteCount, voteAvg, revenue, runtime, tagline) VALUES(775996,'Outside the Wire','In the near future, a drone pilot is sent into a deadly militarized zone and must work with an android officer to locate a doomsday device.',948.582,'2021-01-15','/6XYLiMxHAaCsoyrVo38LBWMw2p8.jpg',977, 6.5,'0', 116, 'Defiant by design.');
INSERT INTO MovieGenre(movieId, genreId) VALUES(775996,'53');
INSERT INTO MovieGenre(movieId, genreId) VALUES(775996,'28');
INSERT INTO MovieGenre(movieId, genreId) VALUES(775996,'878');
INSERT INTO MovieGenre(movieId, genreId) VALUES(775996,'14');
INSERT INTO MovieCountry(movieId, countryId) VALUES(775996,'US');
INSERT INTO Personen(id, name, birthday, deathday, popularity, profilePath, gender, profession) VALUES(53650,'Anthony Mackie','','',24.019,'/i0ccpGMzaN6pLI40aSZghTBe5SC.jpg',2,'Acting');
INSERT INTO MovieCredits(movieId, personId, job) VALUES(775996,53650,'Actor_Leo');
INSERT INTO Personen(id, name, birthday, deathday, popularity, profilePath, gender, profession) VALUES(1837297,'Damson Idris','','',8.771,'/tM2rsBXd7fnNwjMNgGz4vqctlYF.jpg',2,'Acting');
INSERT INTO MovieCredits(movieId, personId, job) VALUES(775996,1837297,'Actor_Lieutenant Thomas Harp');
INSERT INTO Personen(id, name, birthday, deathday, popularity, profilePath, gender, profession) VALUES(91494,'Enzo Cilenti','','',3.253,'/lGFHPUsOlAnncpZLfdFXCGq2nji.jpg',2,'Acting');
INSERT INTO MovieCredits(movieId, personId, job) VALUES(775996,91494,'Actor_Sergeant Miller');
INSERT INTO Personen(id, name, birthday, deathday, popularity, profilePath, gender, profession) VALUES(130414,'Emily Beecham','','',7.805,'/knR5avTlO4Xnxw7Nc3xxUj3rtjh.jpg',1,'Acting');
INSERT INTO MovieCredits(movieId, personId, job) VALUES(775996,130414,'Actor_Sofiya');
INSERT INTO Personen(id, name, birthday, deathday, popularity, profilePath, gender, profession) VALUES(125719,'Henry Garrett','','',2.838,'/uVmFDIaaBNvMYC0iBCr3dFoMdfK.jpg',2,'Acting');
INSERT INTO MovieCredits(movieId, personId, job) VALUES(775996,125719,'Actor_Brydon');
INSERT INTO Personen(id, name, birthday, deathday, popularity, profilePath, gender, profession) VALUES(2267919,'Kristina Tonteri-Young','','',1.012,'/wr9Q5IiRpKl10IuJhDmC7QXDuqz.jpg',1,'Acting');
INSERT INTO MovieCredits(movieId, personId, job) VALUES(775996,2267919,'Actor_Corporal Mandy Bale');
INSERT INTO Personen(id, name, birthday, deathday, popularity, profilePath, gender, profession) VALUES(8382,'Kevin Phipps','','',0.6,'',2,'Art');
INSERT INTO MovieCredits(movieId, personId, job) VALUES(775996,8382,'Production Design');
INSERT INTO Personen(id, name, birthday, deathday, popularity, profilePath, gender, profession) VALUES(4854,'David Minkowski','','',1.214,'',0,'Production');
INSERT INTO MovieCredits(movieId, personId, job) VALUES(775996,4854,'Co-Producer');
INSERT INTO Personen(id, name, birthday, deathday, popularity, profilePath, gender, profession) VALUES(16849,'Erica Steinberg','','',0.6,'',1,'Production');
INSERT INTO MovieCredits(movieId, personId, job) VALUES(775996,16849,'Producer');
INSERT INTO Personen(id, name, birthday, deathday, popularity, profilePath, gender, profession) VALUES(29605,'Mikael Håfström','','',1.448,'/7zOeNtAlm2aSz1ku5fcsuBFG46j.jpg',2,'Directing');
INSERT INTO MovieCredits(movieId, personId, job) VALUES(775996,29605,'Director');
INSERT INTO Personen(id, name, birthday, deathday, popularity, profilePath, gender, profession) VALUES(36224,'Michael Bonvillain','','',2.684,'/9kpTEh5iaPprkHViUrGl1Jed8JD.jpg',2,'Camera');
INSERT INTO MovieCredits(movieId, personId, job) VALUES(775996,36224,'Director of Photography');
INSERT INTO MovieCredits(movieId, personId, job) VALUES(775996,53650,'Producer');
INSERT INTO Movies(id, title, overview, popularity, releaseDate, posterPath, voteCount, voteAvg, revenue, runtime, tagline) VALUES(664767,'Mortal Kombat Legends: Scorpion\'s Revenge','After the vicious slaughter of his family by stone-cold mercenary Sub-Zero, Hanzo Hasashi is exiled to the torturous Netherrealm. There, in exchange for his servitude to the sinister Quan Chi, he’s given a chance to avenge his family – and is resurrected as Scorpion, a lost soul bent on revenge. Back on Earthrealm, Lord Raiden gathers a team of elite warriors – Shaolin monk Liu Kang, Special Forces officer Sonya Blade and action star Johnny Cage – an unlikely band of heroes with one chance to save humanity. To do this, they must defeat Shang Tsung’s horde of Outworld gladiators and reign over the Mortal Kombat tournament.',984.666,'2020-04-12','/4VlXER3FImHeFuUjBShFamhIp9M.jpg',833, 8.4,'0', 80, '');
INSERT INTO MovieGenre(movieId, genreId) VALUES(664767,'16');
INSERT INTO MovieGenre(movieId, genreId) VALUES(664767,'28');
INSERT INTO MovieGenre(movieId, genreId) VALUES(664767,'14');
INSERT INTO MovieCountry(movieId, countryId) VALUES(664767,'US');
INSERT INTO Personen(id, name, birthday, deathday, popularity, profilePath, gender, profession) VALUES(939345,'Patrick Seitz','','',3.583,'/e13Y5m1Ye4CXn7cMUOUvyHGBBRq.jpg',2,'Acting');
INSERT INTO MovieCredits(movieId, personId, job) VALUES(664767,939345,'Actor_Hanzo Hasashi / Scorpion (voice)');
INSERT INTO Personen(id, name, birthday, deathday, popularity, profilePath, gender, profession) VALUES(1231115,'Jordan Rodrigues','','',3.446,'/z7rP6bDDmGIXZMrNwv3RUj8g5CO.jpg',2,'Acting');
INSERT INTO MovieCredits(movieId, personId, job) VALUES(664767,1231115,'Actor_Liu Kang (voice)');
INSERT INTO Personen(id, name, birthday, deathday, popularity, profilePath, gender, profession) VALUES(53828,'Jennifer Carpenter','','',10.405,'/iCizTujmvyrMSIV1ougo2FhrekH.jpg',1,'Acting');
INSERT INTO MovieCredits(movieId, personId, job) VALUES(664767,53828,'Actor_Sonya Blade (voice)');
INSERT INTO Personen(id, name, birthday, deathday, popularity, profilePath, gender, profession) VALUES(74949,'Joel McHale','','',2.74,'/jFtqHLCrmGSIJtwdxloO3KM98iC.jpg',2,'Acting');
INSERT INTO MovieCredits(movieId, personId, job) VALUES(664767,74949,'Actor_Johnny Cage (voice)');
INSERT INTO Personen(id, name, birthday, deathday, popularity, profilePath, gender, profession) VALUES(1620226,'Ike Amadi','','',1.025,'',2,'Acting');
INSERT INTO MovieCredits(movieId, personId, job) VALUES(664767,1620226,'Actor_Jax Briggs (voice)');
INSERT INTO Personen(id, name, birthday, deathday, popularity, profilePath, gender, profession) VALUES(571562,'Steve Blum','','',2.796,'/cpO0muunoigq1WHegeOEI1AIQAo.jpg',2,'Acting');
INSERT INTO MovieCredits(movieId, personId, job) VALUES(664767,571562,'Actor_Sub-Zero (voice)');
INSERT INTO Personen(id, name, birthday, deathday, popularity, profilePath, gender, profession) VALUES(57257,'John Tobias','','',0.6,'',0,'Crew');
INSERT INTO MovieCredits(movieId, personId, job) VALUES(664767,57257,'Creator');
INSERT INTO Personen(id, name, birthday, deathday, popularity, profilePath, gender, profession) VALUES(90881,'Kelly Ann Foley','','',0.6,'',1,'Sound');
INSERT INTO MovieCredits(movieId, personId, job) VALUES(664767,90881,'Dialogue Editor');
INSERT INTO MovieCredits(movieId, personId, job) VALUES(664767,90881,'ADR Editor');
INSERT INTO Personen(id, name, birthday, deathday, popularity, profilePath, gender, profession) VALUES(105642,'Rick Morales','','',1.012,'/qmzubkG4gb89WeFelMpa1VKvjfs.jpg',0,'Directing');
INSERT INTO MovieCredits(movieId, personId, job) VALUES(664767,105642,'Producer');
INSERT INTO Personen(id, name, birthday, deathday, popularity, profilePath, gender, profession) VALUES(141043,'Sam Register','','',1.006,'/9K1RTX51GDbegrAhMeLQLSGyF3B.jpg',2,'Production');
INSERT INTO MovieCredits(movieId, personId, job) VALUES(664767,141043,'Executive Producer');
INSERT INTO Personen(id, name, birthday, deathday, popularity, profilePath, gender, profession) VALUES(150856,'James Krieg','','',2.834,'',2,'Writing');
INSERT INTO MovieCredits(movieId, personId, job) VALUES(664767,150856,'Co-Producer');
INSERT INTO Movies(id, title, overview, popularity, releaseDate, posterPath, voteCount, voteAvg, revenue, runtime, tagline) VALUES(797394,'Secret Magic Control Agency','The Secret Magic Control Agency sends its two best agents, Hansel and Gretel, to fight against the witch of the Gingerbread House.',914.072,'2021-03-18','/4ZSzEDVdxWVMVO4oZDvoodQOEfr.jpg',90, 7.2,'0', 104, '');
INSERT INTO MovieGenre(movieId, genreId) VALUES(797394,'16');
INSERT INTO MovieGenre(movieId, genreId) VALUES(797394,'35');
INSERT INTO MovieGenre(movieId, genreId) VALUES(797394,'14');
INSERT INTO Countries(id, cname) VALUES('RU','Russia');
INSERT INTO MovieCountry(movieId, countryId) VALUES(797394,'RU');
INSERT INTO MovieCountry(movieId, countryId) VALUES(797394,'US');
INSERT INTO Personen(id, name, birthday, deathday, popularity, profilePath, gender, profession) VALUES(2530967,'Valery Smekalov','','',2.492,'',2,'Acting');
INSERT INTO MovieCredits(movieId, personId, job) VALUES(797394,2530967,'Actor_Hanzel (voice)');
INSERT INTO Personen(id, name, birthday, deathday, popularity, profilePath, gender, profession) VALUES(2979308,'Irina Obrezkova','','',1.62,'',1,'Acting');
INSERT INTO MovieCredits(movieId, personId, job) VALUES(797394,2979308,'Actor_Gretel (voice)');
INSERT INTO Personen(id, name, birthday, deathday, popularity, profilePath, gender, profession) VALUES(2979310,'Alexey Makretsky','','',0.84,'',2,'Acting');
INSERT INTO MovieCredits(movieId, personId, job) VALUES(797394,2979310,'Actor_King (voice)');
INSERT INTO Personen(id, name, birthday, deathday, popularity, profilePath, gender, profession) VALUES(2779263,'Regina Shchukina','','',0.84,'',1,'Acting');
INSERT INTO MovieCredits(movieId, personId, job) VALUES(797394,2779263,'Actor_Stepmother (voice)');
INSERT INTO Personen(id, name, birthday, deathday, popularity, profilePath, gender, profession) VALUES(992787,'Kseniya Brzhezovskaya','','',1.214,'',0,'Acting');
INSERT INTO MovieCredits(movieId, personId, job) VALUES(797394,992787,'Actor_Ilvira (voice)');
INSERT INTO Personen(id, name, birthday, deathday, popularity, profilePath, gender, profession) VALUES(2735395,'Yuliya Zorkina','','',0.828,'',1,'Acting');
INSERT INTO MovieCredits(movieId, personId, job) VALUES(797394,2735395,'Actor_Baba Yaga (voice)');
INSERT INTO Personen(id, name, birthday, deathday, popularity, profilePath, gender, profession) VALUES(7592,'Sergey Selyanov','','',1.4,'/hj0x3LzDU01kbI5qmNTsDVNjn6b.jpg',2,'Production');
INSERT INTO MovieCredits(movieId, personId, job) VALUES(797394,7592,'Producer');
INSERT INTO Personen(id, name, birthday, deathday, popularity, profilePath, gender, profession) VALUES(1327833,'Sasha Shapiro','','',0.6,'',0,'Production');
INSERT INTO MovieCredits(movieId, personId, job) VALUES(797394,1327833,'Producer');
INSERT INTO Personen(id, name, birthday, deathday, popularity, profilePath, gender, profession) VALUES(1404563,'Alexey Tsitsilin','','',1.345,'/y1KrCC9H9QniYPAN26Zbg2iQWIK.jpg',0,'Directing');
INSERT INTO MovieCredits(movieId, personId, job) VALUES(797394,1404563,'Screenplay');
INSERT INTO MovieCredits(movieId, personId, job) VALUES(797394,1404563,'Director');
INSERT INTO MovieCredits(movieId, personId, job) VALUES(797394,1404563,'Editor');
INSERT INTO MovieCredits(movieId, personId, job) VALUES(797394,1404563,'Production Design');
INSERT INTO Movies(id, title, overview, popularity, releaseDate, posterPath, voteCount, voteAvg, revenue, runtime, tagline) VALUES(522444,'Black Water: Abyss','An adventure-loving couple convince their friends to explore a remote, uncharted cave system in the forests of Northern Australia. With a tropical storm approaching, they abseil into the mouth of the cave, but when the caves start to flood, tensions rise as oxygen levels fall and the friends find themselves trapped. Unknown to them, the storm has also brought in a pack of dangerous and hungry crocodiles.',834.096,'2020-07-09','/95S6PinQIvVe4uJAd82a2iGZ0rA.jpg',187, 4.9,'0', 98, 'Descend into fear');
INSERT INTO Genres(id, genre) VALUES(27,'Horror');
INSERT INTO MovieGenre(movieId, genreId) VALUES(522444,'27');
INSERT INTO MovieGenre(movieId, genreId) VALUES(522444,'53');
INSERT INTO MovieGenre(movieId, genreId) VALUES(522444,'12');
INSERT INTO Genres(id, genre) VALUES(9648,'Mystery');
INSERT INTO MovieGenre(movieId, genreId) VALUES(522444,'9648');
INSERT INTO MovieCountry(movieId, countryId) VALUES(522444,'US');
INSERT INTO Personen(id, name, birthday, deathday, popularity, profilePath, gender, profession) VALUES(136347,'Jessica McNamee','','',11.412,'/2PaT9ykqw2FIujI8vwlAcMbuv14.jpg',1,'Acting');
INSERT INTO MovieCredits(movieId, personId, job) VALUES(522444,136347,'Actor_Jennifer');
INSERT INTO Personen(id, name, birthday, deathday, popularity, profilePath, gender, profession) VALUES(2272447,'Anthony J. Sharpe','','',1.393,'/txNw1q9fn9S0Olib1yWTJu1SayR.jpg',2,'Acting');
INSERT INTO MovieCredits(movieId, personId, job) VALUES(522444,2272447,'Actor_Cash');
INSERT INTO Personen(id, name, birthday, deathday, popularity, profilePath, gender, profession) VALUES(1236816,'Amali Golden','','',3.122,'/zmxUSYlVYflaNl5Ft2b7ayoFvA0.jpg',1,'Acting');
INSERT INTO MovieCredits(movieId, personId, job) VALUES(522444,1236816,'Actor_Yolanda');
INSERT INTO Personen(id, name, birthday, deathday, popularity, profilePath, gender, profession) VALUES(1181361,'Luke Mitchell','','',6.251,'/7LFvkcJn2NqHu4pi2oLYfGqFJyz.jpg',2,'Acting');
INSERT INTO MovieCredits(movieId, personId, job) VALUES(522444,1181361,'Actor_Eric');
INSERT INTO Personen(id, name, birthday, deathday, popularity, profilePath, gender, profession) VALUES(1979469,'Benjamin Hoetjes','','',3.226,'/dNdu5dQHDwjn77DBDpWI5nTiHls.jpg',2,'Acting');
INSERT INTO MovieCredits(movieId, personId, job) VALUES(522444,1979469,'Actor_Viktor');
INSERT INTO Personen(id, name, birthday, deathday, popularity, profilePath, gender, profession) VALUES(1380560,'Louis Toshio Okada','','',0.84,'',0,'Acting');
INSERT INTO MovieCredits(movieId, personId, job) VALUES(522444,1380560,'Actor_Akito');
INSERT INTO Personen(id, name, birthday, deathday, popularity, profilePath, gender, profession) VALUES(9000,'Christopher Figg','','',1.22,'/chXJLG8ZUFegtdW5ckm22yLXZy7.jpg',2,'Production');
INSERT INTO MovieCredits(movieId, personId, job) VALUES(522444,9000,'Executive Producer');
INSERT INTO Personen(id, name, birthday, deathday, popularity, profilePath, gender, profession) VALUES(61902,'Adam Head','','',0.6,'',0,'Art');
INSERT INTO MovieCredits(movieId, personId, job) VALUES(522444,61902,'Production Design');
INSERT INTO Personen(id, name, birthday, deathday, popularity, profilePath, gender, profession) VALUES(70522,'Will Clarke','','',0.6,'',2,'Production');
INSERT INTO MovieCredits(movieId, personId, job) VALUES(522444,70522,'Executive Producer');
INSERT INTO Personen(id, name, birthday, deathday, popularity, profilePath, gender, profession) VALUES(81328,'Andrew Traucki','','',1.22,'',2,'Directing');
INSERT INTO MovieCredits(movieId, personId, job) VALUES(522444,81328,'Director');
INSERT INTO Personen(id, name, birthday, deathday, popularity, profilePath, gender, profession) VALUES(79116,'Monica O\'Brien','','',0.6,'',0,'Costume & Make-Up');
INSERT INTO MovieCredits(movieId, personId, job) VALUES(522444,79116,'Costume Design');
INSERT INTO Personen(id, name, birthday, deathday, popularity, profilePath, gender, profession) VALUES(80683,'Pam Collis','','',0.694,'',0,'Production');
INSERT INTO MovieCredits(movieId, personId, job) VALUES(522444,80683,'Producer');
INSERT INTO Movies(id, title, overview, popularity, releaseDate, posterPath, voteCount, voteAvg, revenue, runtime, tagline) VALUES(602269,'The Little Things','Deputy Sheriff Joe "Deke" Deacon joins forces with Sgt. Jim Baxter to search for a serial killer who\'s terrorizing Los Angeles. As they track the culprit, Baxter is unaware that the investigation is dredging up echoes of Deke\'s past, uncovering disturbing secrets that could threaten more than his case.',768.496,'2021-01-28','/c7VlGCCgM9GZivKSzBgzuOVxQn7.jpg',739, 6.4,'2.3205e+07', 128, 'Some things never let us go.');
INSERT INTO MovieGenre(movieId, genreId) VALUES(602269,'53');
INSERT INTO MovieGenre(movieId, genreId) VALUES(602269,'80');
INSERT INTO MovieCountry(movieId, countryId) VALUES(602269,'US');
INSERT INTO Personen(id, name, birthday, deathday, popularity, profilePath, gender, profession) VALUES(5292,'Denzel Washington','','',26.156,'/cEU2Vrdo83izpGmOvbVAOz5jCof.jpg',2,'Acting');
INSERT INTO MovieCredits(movieId, personId, job) VALUES(602269,5292,'Actor_Joe "Deke" Deacon');
INSERT INTO Personen(id, name, birthday, deathday, popularity, profilePath, gender, profession) VALUES(17838,'Rami Malek','','',14.252,'/2OuFzCbMibXGouG79tG1U4BLPbe.jpg',2,'Acting');
INSERT INTO MovieCredits(movieId, personId, job) VALUES(602269,17838,'Actor_Jim Baxter');
INSERT INTO Personen(id, name, birthday, deathday, popularity, profilePath, gender, profession) VALUES(7499,'Jared Leto','','',12.064,'/ca3x0OfIKbJppZh8S1Alx3GfUZO.jpg',2,'Acting');
INSERT INTO MovieCredits(movieId, personId, job) VALUES(602269,7499,'Actor_Albert Sparma');
INSERT INTO Personen(id, name, birthday, deathday, popularity, profilePath, gender, profession) VALUES(4445,'Chris Bauer','','',3.417,'/1AjdNxbVmy6azlOxIfnCX5OruEA.jpg',2,'Acting');
INSERT INTO MovieCredits(movieId, personId, job) VALUES(602269,4445,'Actor_Detective Sal Rizoli');
INSERT INTO Personen(id, name, birthday, deathday, popularity, profilePath, gender, profession) VALUES(61084,'Michael Hyatt','','',4.993,'/zXJ1mV2NlZuWYgTj8eTuUFhCgp5.jpg',1,'Acting');
INSERT INTO MovieCredits(movieId, personId, job) VALUES(602269,61084,'Actor_Flo Dunigan');
INSERT INTO Personen(id, name, birthday, deathday, popularity, profilePath, gender, profession) VALUES(11067,'Terry Kinney','','',5.819,'/5y2rzFRQxRktRobRSKdgsJ1ygsg.jpg',2,'Acting');
INSERT INTO MovieCredits(movieId, personId, job) VALUES(602269,11067,'Actor_LASD Captain Carl Farris');
INSERT INTO Personen(id, name, birthday, deathday, popularity, profilePath, gender, profession) VALUES(153,'Thomas Newman','','',1.178,'/j8rIiOSdBjtDL5vji8m5BtChZou.jpg',2,'Sound');
INSERT INTO MovieCredits(movieId, personId, job) VALUES(602269,153,'Original Music Composer');
INSERT INTO Personen(id, name, birthday, deathday, popularity, profilePath, gender, profession) VALUES(2215,'Denise Chamian','','',2.051,'',1,'Production');
INSERT INTO MovieCredits(movieId, personId, job) VALUES(602269,2215,'Casting');
INSERT INTO Personen(id, name, birthday, deathday, popularity, profilePath, gender, profession) VALUES(892,'John Schwartzman','','',1.22,'/tP37xmTuc1RXSGdTxnPxanpwIvd.jpg',2,'Camera');
INSERT INTO MovieCredits(movieId, personId, job) VALUES(602269,892,'Director of Photography');
INSERT INTO Personen(id, name, birthday, deathday, popularity, profilePath, gender, profession) VALUES(5162,'Mark Johnson','','',1.286,'',2,'Production');
INSERT INTO MovieCredits(movieId, personId, job) VALUES(602269,5162,'Producer');
INSERT INTO Personen(id, name, birthday, deathday, popularity, profilePath, gender, profession) VALUES(7855,'Michael Corenblith','','',0.84,'',2,'Art');
INSERT INTO MovieCredits(movieId, personId, job) VALUES(602269,7855,'Production Design');
INSERT INTO Personen(id, name, birthday, deathday, popularity, profilePath, gender, profession) VALUES(8411,'Daniel Orlandi','','',0.648,'',2,'Costume & Make-Up');
INSERT INTO MovieCredits(movieId, personId, job) VALUES(602269,8411,'Costume Design');
INSERT INTO Movies(id, title, overview, popularity, releaseDate, posterPath, voteCount, voteAvg, revenue, runtime, tagline) VALUES(529203,'The Croods: A New Age','Searching for a safer habitat, the prehistoric Crood family discovers an idyllic, walled-in paradise that meets all of its needs. Unfortunately, they must also learn to live with the Bettermans -- a family that\'s a couple of steps above the Croods on the evolutionary ladder. As tensions between the new neighbors start to rise, a new threat soon propels both clans on an epic adventure that forces them to embrace their differences, draw strength from one another, and survive together.',820.304,'2020-11-25','/tbVZ3Sq88dZaCANlUcewQuHQOaE.jpg',1944, 7.5,'1.3507609e+08', 95, 'The future ain\'t what it used to be.');
INSERT INTO MovieGenre(movieId, genreId) VALUES(529203,'10751');
INSERT INTO MovieGenre(movieId, genreId) VALUES(529203,'14');
INSERT INTO MovieGenre(movieId, genreId) VALUES(529203,'16');
INSERT INTO MovieGenre(movieId, genreId) VALUES(529203,'35');
INSERT INTO MovieCountry(movieId, countryId) VALUES(529203,'US');
INSERT INTO Personen(id, name, birthday, deathday, popularity, profilePath, gender, profession) VALUES(2963,'Nicolas Cage','','',20.038,'/y1RtezurZYveYkVNRht7CwEgSYY.jpg',2,'Acting');
INSERT INTO MovieCredits(movieId, personId, job) VALUES(529203,2963,'Actor_Grug Crood (voice)');
INSERT INTO Personen(id, name, birthday, deathday, popularity, profilePath, gender, profession) VALUES(54693,'Emma Stone','','',16.025,'/2hwXbPW2ffnXUe1Um0WXHG0cTwb.jpg',1,'Acting');
INSERT INTO MovieCredits(movieId, personId, job) VALUES(529203,54693,'Actor_Eep Crood (voice)');
INSERT INTO Personen(id, name, birthday, deathday, popularity, profilePath, gender, profession) VALUES(10859,'Ryan Reynolds','','',16.117,'/prHF0d7zlhHOhOQLwi2d9f2uKNC.jpg',2,'Acting');
INSERT INTO MovieCredits(movieId, personId, job) VALUES(529203,10859,'Actor_Guy (voice)');
INSERT INTO Personen(id, name, birthday, deathday, popularity, profilePath, gender, profession) VALUES(22970,'Peter Dinklage','','',10.763,'/lRsRgnksAhBRXwAB68MFjmTtLrk.jpg',2,'Acting');
INSERT INTO MovieCredits(movieId, personId, job) VALUES(529203,22970,'Actor_Phil Betterman (voice)');
INSERT INTO Personen(id, name, birthday, deathday, popularity, profilePath, gender, profession) VALUES(41087,'Leslie Mann','','',8.727,'/x3OS9RL3qsv50kzRtpR2OhbuTkr.jpg',1,'Acting');
INSERT INTO MovieCredits(movieId, personId, job) VALUES(529203,41087,'Actor_Hope Betterman (voice)');
INSERT INTO MovieCredits(movieId, personId, job) VALUES(529203,1663195,'Actor_Dawn Betterman (voice)');
INSERT INTO Personen(id, name, birthday, deathday, popularity, profilePath, gender, profession) VALUES(5666,'Mark Mothersbaugh','','',2.21,'',2,'Sound');
INSERT INTO MovieCredits(movieId, personId, job) VALUES(529203,5666,'Original Music Composer');
INSERT INTO Personen(id, name, birthday, deathday, popularity, profilePath, gender, profession) VALUES(8930,'John Cleese','','',5.007,'/kg63gNYQtGPi2fSNIvCnVAclCbi.jpg',2,'Acting');
INSERT INTO MovieCredits(movieId, personId, job) VALUES(529203,8930,'Characters');
INSERT INTO Personen(id, name, birthday, deathday, popularity, profilePath, gender, profession) VALUES(66193,'Chris Sanders','','',3.841,'/mrUm1agSL9Kj6dhV6ABVJvrwlie.jpg',2,'Acting');
INSERT INTO MovieCredits(movieId, personId, job) VALUES(529203,66193,'Characters');
INSERT INTO MovieCredits(movieId, personId, job) VALUES(529203,66193,'Story');
INSERT INTO Personen(id, name, birthday, deathday, popularity, profilePath, gender, profession) VALUES(71267,'Kirk DeMicco','','',1.035,'',2,'Writing');
INSERT INTO MovieCredits(movieId, personId, job) VALUES(529203,71267,'Characters');
INSERT INTO MovieCredits(movieId, personId, job) VALUES(529203,71267,'Story');
INSERT INTO Movies(id, title, overview, popularity, releaseDate, posterPath, voteCount, voteAvg, revenue, runtime, tagline) VALUES(581387,'Ashfall','A group of unlikely heroes from across the Korean peninsula try to save the day after a volcano erupts on the mythical and majestic Baekdu Mountain.',772.928,'2019-12-19','/zoeKREZ2IdAUnXISYCS0E6H5BVh.jpg',230, 6.5,'6.1321941e+07', 128, '');
INSERT INTO MovieGenre(movieId, genreId) VALUES(581387,'28');
INSERT INTO MovieGenre(movieId, genreId) VALUES(581387,'12');
INSERT INTO MovieGenre(movieId, genreId) VALUES(581387,'53');
INSERT INTO MovieCountry(movieId, countryId) VALUES(581387,'KR');
INSERT INTO Personen(id, name, birthday, deathday, popularity, profilePath, gender, profession) VALUES(25002,'Lee Byung-hun','','',8.625,'/k94k79Eqkh73GbYsX0Tcp6wuzff.jpg',2,'Acting');
INSERT INTO MovieCredits(movieId, personId, job) VALUES(581387,25002,'Actor_Lee Jun-pyeong');
INSERT INTO Personen(id, name, birthday, deathday, popularity, profilePath, gender, profession) VALUES(75913,'Ha Jung-woo','','',3.594,'/ju4wHzFZsfj46sMFJMA3mnHZMWc.jpg',2,'Acting');
INSERT INTO MovieCredits(movieId, personId, job) VALUES(581387,75913,'Actor_Jo In-chang');
INSERT INTO Personen(id, name, birthday, deathday, popularity, profilePath, gender, profession) VALUES(1024395,'Ma Dong-seok','','',10.209,'/zt1vx7FesNA4x6mTZtyzu2uco8E.jpg',2,'Acting');
INSERT INTO MovieCredits(movieId, personId, job) VALUES(581387,1024395,'Actor_Kang Bong-rae');
INSERT INTO Personen(id, name, birthday, deathday, popularity, profilePath, gender, profession) VALUES(150126,'Jeon Hye-jin','','',3.496,'/7PliJIOzUei41vyE9FaIWvFMNzC.jpg',1,'Acting');
INSERT INTO MovieCredits(movieId, personId, job) VALUES(581387,150126,'Actor_Jeon Yu-gyeong');
INSERT INTO Personen(id, name, birthday, deathday, popularity, profilePath, gender, profession) VALUES(1014784,'Bae Suzy','','',5.916,'/gPERVLaXrorr5w2fygkgdCZtAXf.jpg',1,'Acting');
INSERT INTO MovieCredits(movieId, personId, job) VALUES(581387,1014784,'Actor_Seo Ji-young');
INSERT INTO Personen(id, name, birthday, deathday, popularity, profilePath, gender, profession) VALUES(231476,'Lee Kyung-young','','',4.64,'/aDNcLCWs7KHToiXxfG7ACwvne3l.jpg',2,'Acting');
INSERT INTO MovieCredits(movieId, personId, job) VALUES(581387,231476,'Actor_General Choi');
INSERT INTO Personen(id, name, birthday, deathday, popularity, profilePath, gender, profession) VALUES(24993,'Bang Jun-seok','','',0.6,'/h0hRLwXNwpKXD0uvZyjpYwFmqO3.jpg',2,'Sound');
INSERT INTO MovieCredits(movieId, personId, job) VALUES(581387,24993,'Original Music Composer');
INSERT INTO MovieCredits(movieId, personId, job) VALUES(581387,43570,'Costume Design');
INSERT INTO Personen(id, name, birthday, deathday, popularity, profilePath, gender, profession) VALUES(69087,'Kim Ji-yong','','',0.6,'/o1NtzFcAqft2UORHZJcZ6BO7ShQ.jpg',2,'Camera');
INSERT INTO MovieCredits(movieId, personId, job) VALUES(581387,69087,'Director of Photography');
INSERT INTO Personen(id, name, birthday, deathday, popularity, profilePath, gender, profession) VALUES(84969,'Kim Yong-hwa','','',0.6,'/7Y7v7kInxRFLYYr6zNib8E3CcXR.jpg',2,'Directing');
INSERT INTO MovieCredits(movieId, personId, job) VALUES(581387,84969,'Executive Producer');
INSERT INTO Personen(id, name, birthday, deathday, popularity, profilePath, gender, profession) VALUES(108536,'Lee Hae-jun','','',2.449,'/kG5qnSxXG74JMbjcXUtrOycpfxf.jpg',2,'Writing');
INSERT INTO MovieCredits(movieId, personId, job) VALUES(581387,108536,'Director');
INSERT INTO MovieCredits(movieId, personId, job) VALUES(581387,108536,'Writer');
INSERT INTO Movies(id, title, overview, popularity, releaseDate, posterPath, voteCount, voteAvg, revenue, runtime, tagline) VALUES(755812,'Miraculous World: New York, United HeroeZ','During a school field trip, Ladybug and Cat Noir meet the American superheroes, whom they have to save from an akumatised super-villain. They discover that Miraculous exist in the United States too.',830.056,'2020-09-26','/kIHgjAkuzvKBnmdstpBOo4AfZah.jpg',617, 8.3,'0', 55, 'NEW CITY. SAME DUTY.');
INSERT INTO MovieGenre(movieId, genreId) VALUES(755812,'16');
INSERT INTO MovieGenre(movieId, genreId) VALUES(755812,'10751');
INSERT INTO Personen(id, name, birthday, deathday, popularity, profilePath, gender, profession) VALUES(1762588,'Anouck Hautbois','','',1.333,'',0,'Acting');
INSERT INTO MovieCredits(movieId, personId, job) VALUES(755812,1762588,'Actor_Marinette / Ladybug (voice)');
INSERT INTO Personen(id, name, birthday, deathday, popularity, profilePath, gender, profession) VALUES(2952757,'Benjamin Boullen','','',0.962,'',0,'Acting');
INSERT INTO MovieCredits(movieId, personId, job) VALUES(755812,2952757,'Actor_Adrien Agreste / Chat Noir (voice)');
INSERT INTO Personen(id, name, birthday, deathday, popularity, profilePath, gender, profession) VALUES(1163095,'Sébastien Thibaudeau','','',1.01,'',2,'Writing');
INSERT INTO MovieCredits(movieId, personId, job) VALUES(755812,1163095,'Writer');
INSERT INTO Personen(id, name, birthday, deathday, popularity, profilePath, gender, profession) VALUES(1565301,'Thomas Astruc','','',1.313,'',2,'Writing');
INSERT INTO MovieCredits(movieId, personId, job) VALUES(755812,1565301,'Director');
INSERT INTO MovieCredits(movieId, personId, job) VALUES(755812,1565301,'Writer');
INSERT INTO Personen(id, name, birthday, deathday, popularity, profilePath, gender, profession) VALUES(1762584,'Jeremy Zag','','',0.6,'',2,'Sound');
INSERT INTO MovieCredits(movieId, personId, job) VALUES(755812,1762584,'Producer');
INSERT INTO Personen(id, name, birthday, deathday, popularity, profilePath, gender, profession) VALUES(2848194,'Matthieu Choquet','','',0.828,'',0,'Writing');
INSERT INTO MovieCredits(movieId, personId, job) VALUES(755812,2848194,'Writer');
INSERT INTO Personen(id, name, birthday, deathday, popularity, profilePath, gender, profession) VALUES(2848195,'Fred Lenoir','','',0.828,'',0,'Writing');
INSERT INTO MovieCredits(movieId, personId, job) VALUES(755812,2848195,'Writer');
INSERT INTO Movies(id, title, overview, popularity, releaseDate, posterPath, voteCount, voteAvg, revenue, runtime, tagline) VALUES(630586,'Wrong Turn','Jen and a group of friends set out to hike the Appalachian Trail. Despite warnings to stick to the trail, the hikers stray off course—and cross into land inhabited by The Foundation, a hidden community of mountain dwellers who use deadly means to protect their way of life.',699.088,'2021-01-26','/4U1SBHmwHkNA0eHZ2n1CuiC1K1g.jpg',347, 6.2,'0', 110, 'This land is their land.');
INSERT INTO MovieGenre(movieId, genreId) VALUES(630586,'27');
INSERT INTO MovieGenre(movieId, genreId) VALUES(630586,'53');
INSERT INTO MovieCountry(movieId, countryId) VALUES(630586,'DE');
INSERT INTO Countries(id, cname) VALUES('GB','United Kingdom');
INSERT INTO MovieCountry(movieId, countryId) VALUES(630586,'GB');
INSERT INTO MovieCountry(movieId, countryId) VALUES(630586,'US');
INSERT INTO Personen(id, name, birthday, deathday, popularity, profilePath, gender, profession) VALUES(1262750,'Charlotte Vega','','',4.492,'/xDSEj0M34qoPUXbKh0pmhcIClXV.jpg',1,'Acting');
INSERT INTO MovieCredits(movieId, personId, job) VALUES(630586,1262750,'Actor_Jen Shaw');
INSERT INTO Personen(id, name, birthday, deathday, popularity, profilePath, gender, profession) VALUES(8654,'Matthew Modine','','',4.034,'/9HqtCIyNh7VxkmCN8B3YEzl4Zps.jpg',2,'Acting');
INSERT INTO MovieCredits(movieId, personId, job) VALUES(630586,8654,'Actor_Scott');
INSERT INTO Personen(id, name, birthday, deathday, popularity, profilePath, gender, profession) VALUES(968089,'Emma Dumont','','',5.094,'/ogbFDpuUl0VRefprU8qvPNNf0fI.jpg',1,'Acting');
INSERT INTO MovieCredits(movieId, personId, job) VALUES(630586,968089,'Actor_Milla D\'Angelo');
INSERT INTO Personen(id, name, birthday, deathday, popularity, profilePath, gender, profession) VALUES(32029,'Bill Sage','','',3.102,'/2uQv1NMnGrqqhBMKTm5RBCKh7UV.jpg',2,'Acting');
INSERT INTO MovieCredits(movieId, personId, job) VALUES(630586,32029,'Actor_John Venable');
INSERT INTO Personen(id, name, birthday, deathday, popularity, profilePath, gender, profession) VALUES(1070886,'Daisy Head','','',2.308,'/5DcAwmYWDC7mvxMoceZIzcnpT2L.jpg',1,'Acting');
INSERT INTO MovieCredits(movieId, personId, job) VALUES(630586,1070886,'Actor_Edith');
INSERT INTO Personen(id, name, birthday, deathday, popularity, profilePath, gender, profession) VALUES(2120814,'Adain Bradley','','',0.6,'/2cSVqdKm6AHhWmb9Er3p9q9034V.jpg',0,'Acting');
INSERT INTO MovieCredits(movieId, personId, job) VALUES(630586,2120814,'Actor_Darius Clemons');
INSERT INTO MovieCredits(movieId, personId, job) VALUES(630586,4017,'Producer');
INSERT INTO Personen(id, name, birthday, deathday, popularity, profilePath, gender, profession) VALUES(13585,'Nancy Nayor','','',1.015,'',1,'Production');
INSERT INTO MovieCredits(movieId, personId, job) VALUES(630586,13585,'Casting');
INSERT INTO Personen(id, name, birthday, deathday, popularity, profilePath, gender, profession) VALUES(17080,'Martin Moszkowicz','','',0.63,'',2,'Production');
INSERT INTO MovieCredits(movieId, personId, job) VALUES(630586,17080,'Executive Producer');
INSERT INTO Personen(id, name, birthday, deathday, popularity, profilePath, gender, profession) VALUES(46810,'Roshelle Berliner','','',0.6,'',1,'Art');
INSERT INTO MovieCredits(movieId, personId, job) VALUES(630586,46810,'Production Designer');
INSERT INTO Personen(id, name, birthday, deathday, popularity, profilePath, gender, profession) VALUES(51795,'Tom Elkins','','',0.884,'',2,'Editing');
INSERT INTO MovieCredits(movieId, personId, job) VALUES(630586,51795,'Editor');
INSERT INTO Personen(id, name, birthday, deathday, popularity, profilePath, gender, profession) VALUES(52373,'Dylan Tarason','','',0.984,'',0,'Production');
INSERT INTO MovieCredits(movieId, personId, job) VALUES(630586,52373,'Co-Producer');
INSERT INTO Movies(id, title, overview, popularity, releaseDate, posterPath, voteCount, voteAvg, revenue, runtime, tagline) VALUES(802504,'Just Say Yes','Incurable romantic Lotte finds her life upended when her plans for a picture-perfect wedding unravel -- just as her self-absorbed sister gets engaged.',963.687,'2021-04-02','/3btDwus5VN5jOWfA9strpDJWwfj.jpg',59, 5.9,'0', 97, '');
INSERT INTO MovieGenre(movieId, genreId) VALUES(802504,'35');
INSERT INTO Genres(id, genre) VALUES(10749,'Romance');
INSERT INTO MovieGenre(movieId, genreId) VALUES(802504,'10749');
INSERT INTO Countries(id, cname) VALUES('NL','Netherlands');
INSERT INTO MovieCountry(movieId, countryId) VALUES(802504,'NL');
INSERT INTO Personen(id, name, birthday, deathday, popularity, profilePath, gender, profession) VALUES(109880,'Yolanthe Cabau','','',9.804,'/A5Z7tPetGfNKngnLHZFc3I2T3l4.jpg',1,'Acting');
INSERT INTO MovieCredits(movieId, personId, job) VALUES(802504,109880,'Actor_Lotte');
INSERT INTO Personen(id, name, birthday, deathday, popularity, profilePath, gender, profession) VALUES(147535,'Huub Smit','','',3.089,'/qUqgHoHLLRzTAk3XWVKGiuDLQYp.jpg',2,'Acting');
INSERT INTO MovieCredits(movieId, personId, job) VALUES(802504,147535,'Actor_Fritz');
INSERT INTO Personen(id, name, birthday, deathday, popularity, profilePath, gender, profession) VALUES(111851,'Jim Bakkum','','',1.858,'/cbXi2IA8GzrnbnbEAtVqdwGeaER.jpg',2,'Acting');
INSERT INTO MovieCredits(movieId, personId, job) VALUES(802504,111851,'Actor_Chris');
INSERT INTO Personen(id, name, birthday, deathday, popularity, profilePath, gender, profession) VALUES(1287876,'Noortje Herlaar','','',2.199,'/9UupimmSLCQ7uoLCg2wDOcmTjAJ.jpg',1,'Acting');
INSERT INTO MovieCredits(movieId, personId, job) VALUES(802504,1287876,'Actor_Estelle');
INSERT INTO Personen(id, name, birthday, deathday, popularity, profilePath, gender, profession) VALUES(1714178,'Nick Golterman','','',0.6,'/pkKxhg2R7Vag0vZWGsQwJxaE1UT.jpg',0,'Acting');
INSERT INTO MovieCredits(movieId, personId, job) VALUES(802504,1714178,'Actor_Trainer');
INSERT INTO Personen(id, name, birthday, deathday, popularity, profilePath, gender, profession) VALUES(211236,'Edwin Jonker','','',0.6,'/6oTvPHOxmwMVoZp6sCb6xzo3wNk.jpg',2,'Acting');
INSERT INTO MovieCredits(movieId, personId, job) VALUES(802504,211236,'Actor_John');
INSERT INTO Personen(id, name, birthday, deathday, popularity, profilePath, gender, profession) VALUES(1336104,'Aram van de Rest','','',0.6,'',2,'Acting');
INSERT INTO MovieCredits(movieId, personId, job) VALUES(802504,1336104,'Director');
INSERT INTO Personen(id, name, birthday, deathday, popularity, profilePath, gender, profession) VALUES(1531851,'Mustapha Boudellah','','',0.6,'',2,'Writing');
INSERT INTO MovieCredits(movieId, personId, job) VALUES(802504,1531851,'Writer');
INSERT INTO Personen(id, name, birthday, deathday, popularity, profilePath, gender, profession) VALUES(1531852,'Appie Boudellah','','',0.732,'',2,'Production');
INSERT INTO MovieCredits(movieId, personId, job) VALUES(802504,1531852,'Director');
INSERT INTO MovieCredits(movieId, personId, job) VALUES(802504,1531852,'Writer');
INSERT INTO Personen(id, name, birthday, deathday, popularity, profilePath, gender, profession) VALUES(2523646,'Maarten van den Broek','','',0.6,'',0,'Writing');
INSERT INTO MovieCredits(movieId, personId, job) VALUES(802504,2523646,'Writer');
INSERT INTO Personen(id, name, birthday, deathday, popularity, profilePath, gender, profession) VALUES(2975238,'Marie Kiebert','','',0.6,'',0,'Writing');
INSERT INTO MovieCredits(movieId, personId, job) VALUES(802504,2975238,'Writer');
INSERT INTO Movies(id, title, overview, popularity, releaseDate, posterPath, voteCount, voteAvg, revenue, runtime, tagline) VALUES(590706,'Jiu Jitsu','Every six years, an ancient order of jiu-jitsu fighters joins forces to battle a vicious race of alien invaders. But when a celebrated war hero goes down in defeat, the fate of the planet and mankind hangs in the balance.',642.446,'2020-11-20','/eLT8Cu357VOwBVTitkmlDEg32Fs.jpg',361, 5.2,'99924', 102, 'From the darkness, the ultimate fighter rises.');
INSERT INTO MovieGenre(movieId, genreId) VALUES(590706,'14');
INSERT INTO MovieGenre(movieId, genreId) VALUES(590706,'28');
INSERT INTO MovieGenre(movieId, genreId) VALUES(590706,'878');
INSERT INTO Countries(id, cname) VALUES('CY','Cyprus');
INSERT INTO MovieCountry(movieId, countryId) VALUES(590706,'CY');
INSERT INTO MovieCountry(movieId, countryId) VALUES(590706,'US');
INSERT INTO MovieCredits(movieId, personId, job) VALUES(590706,2963,'Actor_Wylie');
INSERT INTO Personen(id, name, birthday, deathday, popularity, profilePath, gender, profession) VALUES(1427888,'Alain Moussi','','',3.776,'/cIpMdm0ggxVmZIBVj7vz8Q8nPLT.jpg',2,'Acting');
INSERT INTO MovieCredits(movieId, personId, job) VALUES(590706,1427888,'Actor_Jake');
INSERT INTO Personen(id, name, birthday, deathday, popularity, profilePath, gender, profession) VALUES(81685,'Frank Grillo','','',13.641,'/my0fkfF7CkWY7umQir6XCvjxwPY.jpg',2,'Acting');
INSERT INTO MovieCredits(movieId, personId, job) VALUES(590706,81685,'Actor_Harrigan');
INSERT INTO MovieCredits(movieId, personId, job) VALUES(590706,57207,'Actor_Kueng');
INSERT INTO Personen(id, name, birthday, deathday, popularity, profilePath, gender, profession) VALUES(1296430,'JuJu Chan','','',5.315,'/5JqRo0pJs1dWLS8vGfNPVJmF67u.jpg',1,'Acting');
INSERT INTO MovieCredits(movieId, personId, job) VALUES(590706,1296430,'Actor_Carmen');
INSERT INTO Personen(id, name, birthday, deathday, popularity, profilePath, gender, profession) VALUES(140114,'Marie Avgeropoulos','','',7.055,'/cCzCHmDZXrNfyzbkpxvaKDaGy77.jpg',1,'Acting');
INSERT INTO MovieCredits(movieId, personId, job) VALUES(590706,140114,'Actor_Myra');
INSERT INTO Personen(id, name, birthday, deathday, popularity, profilePath, gender, profession) VALUES(13175,'Zane D. Bruce','','',0.6,'',2,'Sound');
INSERT INTO MovieCredits(movieId, personId, job) VALUES(590706,13175,'Foley Artist');
INSERT INTO Personen(id, name, birthday, deathday, popularity, profilePath, gender, profession) VALUES(30874,'Donald Paul Pemrick','','',1.686,'/dTrBQgwAbxQvIydb6V5C8A6hf9X.jpg',2,'Production');
INSERT INTO MovieCredits(movieId, personId, job) VALUES(590706,30874,'Casting');
INSERT INTO Personen(id, name, birthday, deathday, popularity, profilePath, gender, profession) VALUES(30876,'Dean E. Fronk','','',1.96,'/b3jBbYGzoeaWL4b9QrK4o3UouEQ.jpg',2,'Production');
INSERT INTO MovieCredits(movieId, personId, job) VALUES(590706,30876,'Casting');
INSERT INTO Personen(id, name, birthday, deathday, popularity, profilePath, gender, profession) VALUES(41355,'Dimitri Logothetis','','',0.6,'/c1sLBTi3hvPouSj6tRnHsjstRmU.jpg',2,'Directing');
INSERT INTO MovieCredits(movieId, personId, job) VALUES(590706,41355,'Director');
INSERT INTO MovieCredits(movieId, personId, job) VALUES(590706,41355,'Producer');
INSERT INTO MovieCredits(movieId, personId, job) VALUES(590706,41355,'Writer');
INSERT INTO Movies(id, title, overview, popularity, releaseDate, posterPath, voteCount, voteAvg, revenue, runtime, tagline) VALUES(578908,'Bad Trip','Two pals embark on a road trip full of funny pranks that pull real people into mayhem.',643.752,'2021-03-26','/A1Gy5HX3DKGaNW1Ay30NTIVJqJ6.jpg',134, 5.8,'0', 87, 'Friendships run deep.');
INSERT INTO MovieGenre(movieId, genreId) VALUES(578908,'35');
INSERT INTO MovieCountry(movieId, countryId) VALUES(578908,'US');
INSERT INTO Personen(id, name, birthday, deathday, popularity, profilePath, gender, profession) VALUES(934159,'Eric André','','',4.672,'/fr3rp6QdQFEzwuLVNDbd5CEpenA.jpg',2,'Acting');
INSERT INTO MovieCredits(movieId, personId, job) VALUES(578908,934159,'Actor_Chris');
INSERT INTO Personen(id, name, birthday, deathday, popularity, profilePath, gender, profession) VALUES(1488961,'Lil Rel Howery','','',2.745,'/9MDi35Fy6ym7SYbO3B04vf1vBnm.jpg',2,'Acting');
INSERT INTO MovieCredits(movieId, personId, job) VALUES(578908,1488961,'Actor_Bud');
INSERT INTO Personen(id, name, birthday, deathday, popularity, profilePath, gender, profession) VALUES(1230868,'Tiffany Haddish','','',5.489,'/pvAYqQD4LXavzDkBqCrC4IgVBur.jpg',1,'Acting');
INSERT INTO MovieCredits(movieId, personId, job) VALUES(578908,1230868,'Actor_Trina Malone');
INSERT INTO Personen(id, name, birthday, deathday, popularity, profilePath, gender, profession) VALUES(122237,'Michaela Conlin','','',4.572,'/5Qv7KNTMDbdO7m5p1wIic5kVKr8.jpg',1,'Acting');
INSERT INTO MovieCredits(movieId, personId, job) VALUES(578908,122237,'Actor_Maria Li');
INSERT INTO Personen(id, name, birthday, deathday, popularity, profilePath, gender, profession) VALUES(2608255,'Anthony J. James','','',0.6,'',0,'Acting');
INSERT INTO MovieCredits(movieId, personId, job) VALUES(578908,2608255,'Actor_Anthony');
INSERT INTO Personen(id, name, birthday, deathday, popularity, profilePath, gender, profession) VALUES(2608259,'Adam Meir','','',0.696,'',0,'Acting');
INSERT INTO MovieCredits(movieId, personId, job) VALUES(578908,2608259,'Actor_Bobo');
INSERT INTO Personen(id, name, birthday, deathday, popularity, profilePath, gender, profession) VALUES(56578,'Jeff Tremaine','','',1.4,'/hyoxbPPPRQESo96cjktGujXbLhL.jpg',2,'Acting');
INSERT INTO MovieCredits(movieId, personId, job) VALUES(578908,56578,'Producer');
INSERT INTO Personen(id, name, birthday, deathday, popularity, profilePath, gender, profession) VALUES(91268,'Ruben Fleischer','','',1.051,'/3JLxOPFTLigSy8FjFjDyMwD9GIp.jpg',2,'Directing');
INSERT INTO MovieCredits(movieId, personId, job) VALUES(578908,91268,'Producer');
INSERT INTO Personen(id, name, birthday, deathday, popularity, profilePath, gender, profession) VALUES(922344,'Kitao Sakurai','','',1.349,'/9uaITTRb3OOdkV9ujcUTd9f9cp7.jpg',2,'Directing');
INSERT INTO MovieCredits(movieId, personId, job) VALUES(578908,922344,'Director');
INSERT INTO MovieCredits(movieId, personId, job) VALUES(578908,922344,'Story');
INSERT INTO Personen(id, name, birthday, deathday, popularity, profilePath, gender, profession) VALUES(928158,'Ludwig Göransson','','',1.024,'/zFXw0Ole0g1DtSHTqAUMFbRQX7i.jpg',2,'Sound');
INSERT INTO MovieCredits(movieId, personId, job) VALUES(578908,928158,'Music');
INSERT INTO MovieCredits(movieId, personId, job) VALUES(578908,934159,'Producer');
INSERT INTO Movies(id, title, overview, popularity, releaseDate, posterPath, voteCount, voteAvg, revenue, runtime, tagline) VALUES(604822,'Vanguard','Covert security company Vanguard is the last hope of survival for an accountant after he is targeted by the world\'s deadliest mercenary organization.',684.674,'2020-09-30','/mKvw1Ic9enfFlCPBNJGiejRPMUO.jpg',280, 6.2,'2.79e+07', 107, '');
INSERT INTO MovieGenre(movieId, genreId) VALUES(604822,'28');
INSERT INTO MovieGenre(movieId, genreId) VALUES(604822,'12');
INSERT INTO MovieGenre(movieId, genreId) VALUES(604822,'80');
INSERT INTO MovieCountry(movieId, countryId) VALUES(604822,'CN');
INSERT INTO Personen(id, name, birthday, deathday, popularity, profilePath, gender, profession) VALUES(18897,'Jackie Chan','','',26.41,'/nraZoTzwJQPHspAVsKfgl3RXKKa.jpg',2,'Acting');
INSERT INTO MovieCredits(movieId, personId, job) VALUES(604822,18897,'Actor_Tang Huanting');
INSERT INTO Personen(id, name, birthday, deathday, popularity, profilePath, gender, profession) VALUES(1635792,'Yang Yang','','',6.933,'/ygck6qi2U8eoazOZilOaomqflBL.jpg',2,'Acting');
INSERT INTO MovieCredits(movieId, personId, job) VALUES(604822,1635792,'Actor_Lei Zhenyu');
INSERT INTO Personen(id, name, birthday, deathday, popularity, profilePath, gender, profession) VALUES(1519031,'Allen Ai Lun','','',1.48,'/r2LykUtJ1fXCFKuzuS1vaGF9s3p.jpg',2,'Acting');
INSERT INTO MovieCredits(movieId, personId, job) VALUES(604822,1519031,'Actor_Zhang Kaixuan');
INSERT INTO Personen(id, name, birthday, deathday, popularity, profilePath, gender, profession) VALUES(120418,'Jackson Liu','','',2.188,'/fJ0YFg2H475vw1ODkqokZ42MKV7.jpg',2,'Acting');
INSERT INTO MovieCredits(movieId, personId, job) VALUES(604822,120418,'Actor_Qin Guoli');
INSERT INTO Personen(id, name, birthday, deathday, popularity, profilePath, gender, profession) VALUES(1764717,'Miya Muqi','','',0.848,'/bRnt4FwvIFLXcIBdnZJmUnjbnxj.jpg',1,'Acting');
INSERT INTO MovieCredits(movieId, personId, job) VALUES(604822,1764717,'Actor_Miya');
INSERT INTO Personen(id, name, birthday, deathday, popularity, profilePath, gender, profession) VALUES(2435309,'Zhu Zhengting','','',0.98,'/4hQlbeBftUMdG0qVfwoCbanCpk7.jpg',2,'Acting');
INSERT INTO MovieCredits(movieId, personId, job) VALUES(604822,2435309,'Actor_Condor');
INSERT INTO Personen(id, name, birthday, deathday, popularity, profilePath, gender, profession) VALUES(44916,'Stanley Tong','','',2.124,'/cunufPnRrZuYwvz8M11c3cr6GVf.jpg',2,'Directing');
INSERT INTO MovieCredits(movieId, personId, job) VALUES(604822,44916,'Director');
INSERT INTO MovieCredits(movieId, personId, job) VALUES(604822,44916,'Writer');
INSERT INTO Personen(id, name, birthday, deathday, popularity, profilePath, gender, profession) VALUES(46324,'Nathan Wang','','',0.6,'',2,'Sound');
INSERT INTO MovieCredits(movieId, personId, job) VALUES(604822,46324,'Compositor');
INSERT INTO Personen(id, name, birthday, deathday, popularity, profilePath, gender, profession) VALUES(2544786,'Eddie Wong','','',1.4,'',0,'Production');
INSERT INTO MovieCredits(movieId, personId, job) VALUES(604822,2544786,'Producer');
INSERT INTO Movies(id, title, overview, popularity, releaseDate, posterPath, voteCount, voteAvg, revenue, runtime, tagline) VALUES(508442,'Soul','Joe Gardner is a middle school teacher with a love for jazz music. After a successful gig at the Half Note Club, he suddenly gets into an accident that separates his soul from his body and is transported to the You Seminar, a center in which souls develop and gain passions before being transported to a newborn child. Joe must enlist help from the other souls-in-training, like 22, a soul who has spent eons in the You Seminar, in order to get back to Earth.',647.487,'2020-12-25','/hm58Jw4Lw8OIeECIq5qyPYhAeRJ.jpg',5665, 8.3,'5.74e+07', 101, 'Is all this living really worth dying for?');
INSERT INTO MovieGenre(movieId, genreId) VALUES(508442,'10751');
INSERT INTO MovieGenre(movieId, genreId) VALUES(508442,'16');
INSERT INTO MovieGenre(movieId, genreId) VALUES(508442,'35');
INSERT INTO MovieGenre(movieId, genreId) VALUES(508442,'18');
INSERT INTO Genres(id, genre) VALUES(10402,'Music');
INSERT INTO MovieGenre(movieId, genreId) VALUES(508442,'10402');
INSERT INTO MovieGenre(movieId, genreId) VALUES(508442,'14');
INSERT INTO MovieCountry(movieId, countryId) VALUES(508442,'US');
INSERT INTO Personen(id, name, birthday, deathday, popularity, profilePath, gender, profession) VALUES(134,'Jamie Foxx','','',6.667,'/hPwCMEq6jLAidsXAX5BfoYgIfg2.jpg',2,'Acting');
INSERT INTO MovieCredits(movieId, personId, job) VALUES(508442,134,'Actor_Joe Gardner (voice)');
INSERT INTO Personen(id, name, birthday, deathday, popularity, profilePath, gender, profession) VALUES(56323,'Tina Fey','','',2.824,'/yPTAi1iucXf85UpiFPtyiTSM6do.jpg',1,'Acting');
INSERT INTO MovieCredits(movieId, personId, job) VALUES(508442,56323,'Actor_22 (voice)');
INSERT INTO Personen(id, name, birthday, deathday, popularity, profilePath, gender, profession) VALUES(4719,'Ahmir-Khalib Thompson','','',1.035,'/fAO3uL2UbtqLzjTQRvamyEfiLgA.jpg',2,'Acting');
INSERT INTO MovieCredits(movieId, personId, job) VALUES(508442,4719,'Actor_Curly (voice)');
INSERT INTO Personen(id, name, birthday, deathday, popularity, profilePath, gender, profession) VALUES(119598,'Phylicia Rashād','','',2.534,'/orbTpG0jaYkPR167TNiEg0AKG3M.jpg',1,'Acting');
INSERT INTO MovieCredits(movieId, personId, job) VALUES(508442,119598,'Actor_Libba Gardner (voice)');
INSERT INTO Personen(id, name, birthday, deathday, popularity, profilePath, gender, profession) VALUES(1652371,'Daveed Diggs','','',4.089,'/1LLtCpfMOsumo42iIzr1djkesGM.jpg',2,'Acting');
INSERT INTO MovieCredits(movieId, personId, job) VALUES(508442,1652371,'Actor_Paul (voice)');
INSERT INTO Personen(id, name, birthday, deathday, popularity, profilePath, gender, profession) VALUES(98103,'Richard Ayoade','','',5.889,'/qHKoy9kP4bsv4G9EkvU4FMUmYkS.jpg',2,'Acting');
INSERT INTO MovieCredits(movieId, personId, job) VALUES(508442,98103,'Actor_Counselor Jerry (voice)');
INSERT INTO Personen(id, name, birthday, deathday, popularity, profilePath, gender, profession) VALUES(3186,'Trent Reznor','','',2.641,'/gzvgK9ydCfW5Sh9tsEeYcYCnxrh.jpg',2,'Sound');
INSERT INTO MovieCredits(movieId, personId, job) VALUES(508442,3186,'Original Music Composer');
INSERT INTO Personen(id, name, birthday, deathday, popularity, profilePath, gender, profession) VALUES(8021,'Bobby Podesta','','',1.66,'',0,'Visual Effects');
INSERT INTO MovieCredits(movieId, personId, job) VALUES(508442,8021,'Animation Supervisor');
INSERT INTO Personen(id, name, birthday, deathday, popularity, profilePath, gender, profession) VALUES(12092,'Steve Pilcher','','',0.6,'',2,'Art');
INSERT INTO MovieCredits(movieId, personId, job) VALUES(508442,12092,'Production Design');
INSERT INTO Personen(id, name, birthday, deathday, popularity, profilePath, gender, profession) VALUES(12890,'Pete Docter','','',6.216,'/xz46mHzo8apkVMxmrkMQvqakOL0.jpg',2,'Writing');
INSERT INTO MovieCredits(movieId, personId, job) VALUES(508442,12890,'Screenplay');
INSERT INTO MovieCredits(movieId, personId, job) VALUES(508442,12890,'Director');
INSERT INTO MovieCredits(movieId, personId, job) VALUES(508442,12890,'Story');
INSERT INTO Movies(id, title, overview, popularity, releaseDate, posterPath, voteCount, voteAvg, revenue, runtime, tagline) VALUES(560144,'Skylines','When a virus threatens to turn the now earth-dwelling friendly alien hybrids against humans, Captain Rose Corley must lead a team of elite mercenaries on a mission to the alien world in order to save what\'s left of humanity.',620.646,'2020-10-25','/2W4ZvACURDyhiNnSIaFPHfNbny3.jpg',253, 5.9,'0', 113, 'To save our world she must invade theirs.');
INSERT INTO MovieGenre(movieId, genreId) VALUES(560144,'878');
INSERT INTO MovieGenre(movieId, genreId) VALUES(560144,'28');
INSERT INTO MovieCountry(movieId, countryId) VALUES(560144,'FR');
INSERT INTO Countries(id, cname) VALUES('LT','Lithuania');
INSERT INTO MovieCountry(movieId, countryId) VALUES(560144,'LT');
INSERT INTO MovieCountry(movieId, countryId) VALUES(560144,'GB');
INSERT INTO Personen(id, name, birthday, deathday, popularity, profilePath, gender, profession) VALUES(1148626,'Lindsey Morgan','','',13.027,'/fl1Jt9brtTV6vfNl5mv55SrSCZm.jpg',1,'Acting');
INSERT INTO MovieCredits(movieId, personId, job) VALUES(560144,1148626,'Actor_Rose Corley');
INSERT INTO Personen(id, name, birthday, deathday, popularity, profilePath, gender, profession) VALUES(2957,'Alexander Siddig','','',4.269,'/fpriiMtXCqG74iALsr9uK8iyDbp.jpg',2,'Acting');
INSERT INTO MovieCredits(movieId, personId, job) VALUES(560144,2957,'Actor_General Radford');
INSERT INTO Personen(id, name, birthday, deathday, popularity, profilePath, gender, profession) VALUES(25702,'Rhona Mitra','','',8.248,'/fcNw2EGkmlO0zlFh72KvubMbsjH.jpg',1,'Acting');
INSERT INTO MovieCredits(movieId, personId, job) VALUES(560144,25702,'Actor_Dr. Mal');
INSERT INTO Personen(id, name, birthday, deathday, popularity, profilePath, gender, profession) VALUES(9452,'Daniel Bernhardt','','',5.081,'/b59qhg5VJOCypx9eMXrXHAjauLd.jpg',2,'Acting');
INSERT INTO MovieCredits(movieId, personId, job) VALUES(560144,9452,'Actor_Owens');
INSERT INTO Personen(id, name, birthday, deathday, popularity, profilePath, gender, profession) VALUES(2467,'James Cosmo','','',4.999,'/uFyivAeeG3h8Gt5a99ACRC44vZL.jpg',2,'Acting');
INSERT INTO MovieCredits(movieId, personId, job) VALUES(560144,2467,'Actor_Grant');
INSERT INTO Personen(id, name, birthday, deathday, popularity, profilePath, gender, profession) VALUES(142019,'Yayan Ruhian','','',1.6,'/y8ZLh6FZMuLFw8PhqDxcEsyozjJ.jpg',2,'Acting');
INSERT INTO MovieCredits(movieId, personId, job) VALUES(560144,142019,'Actor_Huana');
INSERT INTO Personen(id, name, birthday, deathday, popularity, profilePath, gender, profession) VALUES(6037,'Colin Strause','','',1.706,'',2,'Visual Effects');
INSERT INTO MovieCredits(movieId, personId, job) VALUES(560144,6037,'Producer');
INSERT INTO Personen(id, name, birthday, deathday, popularity, profilePath, gender, profession) VALUES(6038,'Greg Strause','','',0.6,'',2,'Visual Effects');
INSERT INTO MovieCredits(movieId, personId, job) VALUES(560144,6038,'Producer');
INSERT INTO Personen(id, name, birthday, deathday, popularity, profilePath, gender, profession) VALUES(7051,'James Clarke','','',0.6,'',2,'Editing');
INSERT INTO MovieCredits(movieId, personId, job) VALUES(560144,7051,'Digital Intermediate');
INSERT INTO Personen(id, name, birthday, deathday, popularity, profilePath, gender, profession) VALUES(84884,'Matthew E. Chausse','','',0.6,'',0,'Production');
INSERT INTO MovieCredits(movieId, personId, job) VALUES(560144,84884,'Producer');
INSERT INTO MovieCredits(movieId, personId, job) VALUES(560144,84884,'Visual Effects Producer');
INSERT INTO MovieCredits(movieId, personId, job) VALUES(560144,84884,'Story');
INSERT INTO Movies(id, title, overview, popularity, releaseDate, posterPath, voteCount, voteAvg, revenue, runtime, tagline) VALUES(651571,'Breach','A hardened mechanic must stay awake and maintain an interstellar ark fleeing the dying planet Earth with a few thousand lucky souls on board... the last of humanity. Unfortunately, humans are not the only passengers. A shapeshifting alien creature has taken residence, its only goal is to kill as many people as possible. The crew must think quickly to stop this menace before it destroys mankind.',622.099,'2020-12-17','/13B6onhL6FzSN2KaNeQeMML05pS.jpg',357, 4.7,'39328', 92, 'Deep in space they are not alone.');
INSERT INTO MovieGenre(movieId, genreId) VALUES(651571,'878');
INSERT INTO MovieGenre(movieId, genreId) VALUES(651571,'28');
INSERT INTO MovieCountry(movieId, countryId) VALUES(651571,'CA');
INSERT INTO MovieCountry(movieId, countryId) VALUES(651571,'US');
INSERT INTO Personen(id, name, birthday, deathday, popularity, profilePath, gender, profession) VALUES(62,'Bruce Willis','','',16.518,'/caX3KtMU42EP3VLRFFBwqIIrch5.jpg',2,'Acting');
INSERT INTO MovieCredits(movieId, personId, job) VALUES(651571,62,'Actor_Clay Young');
INSERT INTO Personen(id, name, birthday, deathday, popularity, profilePath, gender, profession) VALUES(11155,'Thomas Jane','','',5.299,'/9frnlc2zoDcoeqZALB6aeYSQddl.jpg',2,'Acting');
INSERT INTO MovieCredits(movieId, personId, job) VALUES(651571,11155,'Actor_Admiral Adams-King');
INSERT INTO Personen(id, name, birthday, deathday, popularity, profilePath, gender, profession) VALUES(1750413,'Cody Kearsley','','',3.208,'/AsA8BYiRhrOVArqUFkYMQGumQr4.jpg',2,'Acting');
INSERT INTO MovieCredits(movieId, personId, job) VALUES(651571,1750413,'Actor_Noah');
INSERT INTO Personen(id, name, birthday, deathday, popularity, profilePath, gender, profession) VALUES(50347,'Rachel Nichols','','',15.449,'/gHYanFlB4MYGme4XDvgJIfEX2XY.jpg',1,'Acting');
INSERT INTO MovieCredits(movieId, personId, job) VALUES(651571,50347,'Actor_Chambers');
INSERT INTO Personen(id, name, birthday, deathday, popularity, profilePath, gender, profession) VALUES(1056610,'Kassandra Clementi','','',1.053,'/mfnh3e8q2gsuJ7XSnwEs9IWMIY9.jpg',1,'Acting');
INSERT INTO MovieCredits(movieId, personId, job) VALUES(651571,1056610,'Actor_Hayley');
INSERT INTO Personen(id, name, birthday, deathday, popularity, profilePath, gender, profession) VALUES(21798,'Johnny Messner','','',9.244,'/1TL83UaGFeBg0Se3h9r066VcHjo.jpg',2,'Acting');
INSERT INTO MovieCredits(movieId, personId, job) VALUES(651571,21798,'Actor_Blue');
INSERT INTO Personen(id, name, birthday, deathday, popularity, profilePath, gender, profession) VALUES(65211,'Scott Glasgow','','',0.828,'',0,'Sound');
INSERT INTO MovieCredits(movieId, personId, job) VALUES(651571,65211,'Music');
INSERT INTO Personen(id, name, birthday, deathday, popularity, profilePath, gender, profession) VALUES(77109,'Corey Large','','',5.558,'/a5fUescZlSJ8xbMdSk2BQ7a1onU.jpg',2,'Production');
INSERT INTO MovieCredits(movieId, personId, job) VALUES(651571,77109,'Producer');
INSERT INTO MovieCredits(movieId, personId, job) VALUES(651571,77109,'Writer');
INSERT INTO Personen(id, name, birthday, deathday, popularity, profilePath, gender, profession) VALUES(82627,'Roy Knyrim','','',0.694,'',2,'Directing');
INSERT INTO MovieCredits(movieId, personId, job) VALUES(651571,82627,'Makeup Effects Designer');
INSERT INTO Personen(id, name, birthday, deathday, popularity, profilePath, gender, profession) VALUES(130238,'Danny Roth','','',0.631,'',2,'Production');
INSERT INTO MovieCredits(movieId, personId, job) VALUES(651571,130238,'Producer');
INSERT INTO Personen(id, name, birthday, deathday, popularity, profilePath, gender, profession) VALUES(146836,'John Suits','','',0.644,'',2,'Production');
INSERT INTO MovieCredits(movieId, personId, job) VALUES(651571,146836,'Director');
INSERT INTO Movies(id, title, overview, popularity, releaseDate, posterPath, voteCount, voteAvg, revenue, runtime, tagline) VALUES(495764,'Birds of Prey (and the Fantabulous Emancipation of One Harley Quinn)','Harley Quinn joins forces with a singer, an assassin and a police detective to help a young girl who had a hit placed on her after she stole a rare diamond from a crime lord.',638.176,'2020-02-05','/h4VB6m0RwcicVEZvzftYZyKXs6K.jpg',7332, 7.1,'2.01858461e+08', 109, 'Mind Over Mayhem');
INSERT INTO MovieGenre(movieId, genreId) VALUES(495764,'28');
INSERT INTO MovieGenre(movieId, genreId) VALUES(495764,'80');
INSERT INTO MovieCountry(movieId, countryId) VALUES(495764,'US');
INSERT INTO Personen(id, name, birthday, deathday, popularity, profilePath, gender, profession) VALUES(234352,'Margot Robbie','','',29.182,'/euDPyqLnuwaWMHajcU3oZ9uZezR.jpg',1,'Acting');
INSERT INTO MovieCredits(movieId, personId, job) VALUES(495764,234352,'Actor_Harleen Quinzel / Harley Quinn');
INSERT INTO Personen(id, name, birthday, deathday, popularity, profilePath, gender, profession) VALUES(3061,'Ewan McGregor','','',14.179,'/pTyXmuOIcbzkwxstOKBqMoGStFg.jpg',2,'Acting');
INSERT INTO MovieCredits(movieId, personId, job) VALUES(495764,3061,'Actor_Roman Sionis / Black Mask');
INSERT INTO Personen(id, name, birthday, deathday, popularity, profilePath, gender, profession) VALUES(17628,'Mary Elizabeth Winstead','','',20.254,'/giFhqxccxqIhWoM3cSzcV6yRrJi.jpg',1,'Acting');
INSERT INTO MovieCredits(movieId, personId, job) VALUES(495764,17628,'Actor_Helena Bertinelli / Huntress');
INSERT INTO Personen(id, name, birthday, deathday, popularity, profilePath, gender, profession) VALUES(59017,'Jurnee Smollett','','',4.82,'/3IEL6dfaDwwp3xf5QdNrWFbbtRK.jpg',1,'Acting');
INSERT INTO MovieCredits(movieId, personId, job) VALUES(495764,59017,'Actor_Dinah Lance / Black Canary');
INSERT INTO Personen(id, name, birthday, deathday, popularity, profilePath, gender, profession) VALUES(4810,'Rosie Perez','','',5.198,'/c3FpKiEm3lks1CYE8JN5fRwr6ic.jpg',1,'Acting');
INSERT INTO MovieCredits(movieId, personId, job) VALUES(495764,4810,'Actor_Detective Renee Montoya');
INSERT INTO Personen(id, name, birthday, deathday, popularity, profilePath, gender, profession) VALUES(61659,'Chris Messina','','',2.975,'/l9DbQTK5pI6SOGpmfbADGLhdOYS.jpg',2,'Acting');
INSERT INTO MovieCredits(movieId, personId, job) VALUES(495764,61659,'Actor_Victor Zsasz');
INSERT INTO Personen(id, name, birthday, deathday, popularity, profilePath, gender, profession) VALUES(1783,'K.K. Barrett','','',1.607,'/8TsblTWtRK28VXyr1EtaIfJWYWP.jpg',2,'Art');
INSERT INTO MovieCredits(movieId, personId, job) VALUES(495764,1783,'Production Design');
INSERT INTO MovieCredits(movieId, personId, job) VALUES(495764,1783,'Production Designer');
INSERT INTO Personen(id, name, birthday, deathday, popularity, profilePath, gender, profession) VALUES(4867,'Matthew Libatique','','',4.322,'/9d5tRBYBgJUb0LKWiPPLNcIx44m.jpg',2,'Camera');
INSERT INTO MovieCredits(movieId, personId, job) VALUES(495764,4867,'Director of Photography');
INSERT INTO Personen(id, name, birthday, deathday, popularity, profilePath, gender, profession) VALUES(40644,'Chad Stahelski','','',3.422,'/mRe5HlnsJ3rNqcmAhZrCXFZvhIa.jpg',2,'Directing');
INSERT INTO MovieCredits(movieId, personId, job) VALUES(495764,40644,'Second Unit Director');
INSERT INTO Personen(id, name, birthday, deathday, popularity, profilePath, gender, profession) VALUES(13227,'Jay Cassidy','','',0.996,'/f63siBS3qKfoOPZHS74r3zFhWGW.jpg',2,'Editing');
INSERT INTO MovieCredits(movieId, personId, job) VALUES(495764,13227,'Editor');
INSERT INTO Personen(id, name, birthday, deathday, popularity, profilePath, gender, profession) VALUES(19769,'David Ayer','','',2.028,'/2oBT2jQbsV8IWPMr3Cm87YBJxGu.jpg',2,'Directing');
INSERT INTO MovieCredits(movieId, personId, job) VALUES(495764,19769,'Executive Producer');
INSERT INTO Movies(id, title, overview, popularity, releaseDate, posterPath, voteCount, voteAvg, revenue, runtime, tagline) VALUES(684369,'West','A fugitive film director in exile, called H, returns to the industrial city of which he fled in the past, in a time and place unknown. Gloria, the working woman who loved and left behind lives subjected to routine. But H, unable to adapt, convince her to run away together to a place that no one remembers the outside of civilization.',542.892,'2019-11-05','/6Bp5EyQCunRumsswNyw9FzWM5Ji.jpg',2, 3.5,'0', 99, '');
INSERT INTO MovieGenre(movieId, genreId) VALUES(684369,'53');
INSERT INTO Personen(id, name, birthday, deathday, popularity, profilePath, gender, profession) VALUES(1033064,'Francesc Garrido','','',1.094,'/npt3TYgw3Suvucq3o0n5Tdt59C.jpg',2,'Acting');
INSERT INTO MovieCredits(movieId, personId, job) VALUES(684369,1033064,'Actor_H');
INSERT INTO Personen(id, name, birthday, deathday, popularity, profilePath, gender, profession) VALUES(2570552,'Paula Bertolín','','',0.6,'',0,'Acting');
INSERT INTO MovieCredits(movieId, personId, job) VALUES(684369,2570552,'Actor_Gloria');
INSERT INTO Personen(id, name, birthday, deathday, popularity, profilePath, gender, profession) VALUES(28510,'Gonzalo Cunill','','',0.6,'/cfNV5hNhRWnvlPdlYG9n5oezFgx.jpg',0,'Acting');
INSERT INTO MovieCredits(movieId, personId, job) VALUES(684369,28510,'Actor_');
INSERT INTO Personen(id, name, birthday, deathday, popularity, profilePath, gender, profession) VALUES(589542,'Mario Gas','','',0.6,'/rJfShkLP8AV9A2sgcTo9olSmJ14.jpg',2,'Acting');
INSERT INTO MovieCredits(movieId, personId, job) VALUES(684369,589542,'Actor_');
INSERT INTO MovieCredits(movieId, personId, job) VALUES(684369,589477,'Actor_');
INSERT INTO Personen(id, name, birthday, deathday, popularity, profilePath, gender, profession) VALUES(2570550,'Jorge Acebo Canedo','','',0.6,'',0,'Directing');
INSERT INTO MovieCredits(movieId, personId, job) VALUES(684369,2570550,'Director');
INSERT INTO Movies(id, title, overview, popularity, releaseDate, posterPath, voteCount, voteAvg, revenue, runtime, tagline) VALUES(553604,'Honest Thief','A bank robber tries to turn himself in because he\'s falling in love and wants to live an honest life...but when he realizes the Feds are more corrupt than him, he must fight back to clear his name.',577.353,'2020-09-03','/zeD4PabP6099gpE0STWJrJrCBCs.jpg',782, 6.5,'2.9404235e+07', 99, 'Never steal a man\'s second chance.');
INSERT INTO MovieGenre(movieId, genreId) VALUES(553604,'53');
INSERT INTO MovieGenre(movieId, genreId) VALUES(553604,'28');
INSERT INTO MovieGenre(movieId, genreId) VALUES(553604,'80');
INSERT INTO MovieGenre(movieId, genreId) VALUES(553604,'18');
INSERT INTO Countries(id, cname) VALUES('TH','Thailand');
INSERT INTO MovieCountry(movieId, countryId) VALUES(553604,'TH');
INSERT INTO MovieCountry(movieId, countryId) VALUES(553604,'US');
INSERT INTO Personen(id, name, birthday, deathday, popularity, profilePath, gender, profession) VALUES(3896,'Liam Neeson','','',18.08,'/jrf9LaTFWfLA5DBhFWENFsWh4Y9.jpg',2,'Acting');
INSERT INTO MovieCredits(movieId, personId, job) VALUES(553604,3896,'Actor_Tom Dolan');
INSERT INTO Personen(id, name, birthday, deathday, popularity, profilePath, gender, profession) VALUES(61114,'Kate Walsh','','',8.688,'/z2o4tml3ClbrcJ2ZYtqdtYJcsEY.jpg',1,'Acting');
INSERT INTO MovieCredits(movieId, personId, job) VALUES(553604,61114,'Actor_Annie Wilkins');
INSERT INTO Personen(id, name, birthday, deathday, popularity, profilePath, gender, profession) VALUES(224181,'Jai Courtney','','',4.132,'/22RCc8KSKQe3YgsaWUcX9XQwxFf.jpg',2,'Acting');
INSERT INTO MovieCredits(movieId, personId, job) VALUES(553604,224181,'Actor_John Nivens');
INSERT INTO Personen(id, name, birthday, deathday, popularity, profilePath, gender, profession) VALUES(52886,'Jeffrey Donovan','','',5.375,'/zCClq83bFutiZvK2GcPhFDe2Bzl.jpg',2,'Acting');
INSERT INTO MovieCredits(movieId, personId, job) VALUES(553604,52886,'Actor_Sean Meyers');
INSERT INTO Personen(id, name, birthday, deathday, popularity, profilePath, gender, profession) VALUES(1560244,'Anthony Ramos','','',5.47,'/ityTHqIXFT3laID4j4ptlnc84zq.jpg',2,'Acting');
INSERT INTO MovieCredits(movieId, personId, job) VALUES(553604,1560244,'Actor_Ramon Hall');
INSERT INTO Personen(id, name, birthday, deathday, popularity, profilePath, gender, profession) VALUES(418,'Robert Patrick','','',6.933,'/qRv2Es9rZoloullTbzss3I5j1Mp.jpg',2,'Acting');
INSERT INTO MovieCredits(movieId, personId, job) VALUES(553604,418,'Actor_Samuel Baker');
INSERT INTO Personen(id, name, birthday, deathday, popularity, profilePath, gender, profession) VALUES(5914,'Mary Vernieu','','',2.401,'',1,'Production');
INSERT INTO MovieCredits(movieId, personId, job) VALUES(553604,5914,'Casting Director');
INSERT INTO Personen(id, name, birthday, deathday, popularity, profilePath, gender, profession) VALUES(4140,'Mark Isham','','',0.692,'/tEaNYGPkKNsk1FRGloYKBO7fatG.jpg',2,'Sound');
INSERT INTO MovieCredits(movieId, personId, job) VALUES(553604,4140,'Original Music Composer');
INSERT INTO Personen(id, name, birthday, deathday, popularity, profilePath, gender, profession) VALUES(4950,'Shelly Johnson','','',1.052,'/aueV77RifcZBEQT8rZfEibAQ9At.jpg',2,'Camera');
INSERT INTO MovieCredits(movieId, personId, job) VALUES(553604,4950,'Director of Photography');
INSERT INTO Personen(id, name, birthday, deathday, popularity, profilePath, gender, profession) VALUES(35582,'Nicholas Mastandrea','','',1.025,'',2,'Directing');
INSERT INTO MovieCredits(movieId, personId, job) VALUES(553604,35582,'First Assistant Director');
INSERT INTO Personen(id, name, birthday, deathday, popularity, profilePath, gender, profession) VALUES(100218,'Ryan R. Johnson','','',0.6,'',0,'Production');
INSERT INTO MovieCredits(movieId, personId, job) VALUES(553604,100218,'Producer');
INSERT INTO Personen(id, name, birthday, deathday, popularity, profilePath, gender, profession) VALUES(206574,'Mark Williams','','',0.84,'/dmOeFb4qxG5TmDy1RW8CBzCCEOT.jpg',2,'Production');
INSERT INTO MovieCredits(movieId, personId, job) VALUES(553604,206574,'Director');
INSERT INTO Movies(id, title, overview, popularity, releaseDate, posterPath, voteCount, voteAvg, revenue, runtime, tagline) VALUES(632357,'The Unholy','Alice, a young hearing-impaired girl who, after a supposed visitation from the Virgin Mary, is inexplicably able to hear, speak and heal the sick. As word spreads and people from near and far flock to witness her miracles, a disgraced journalist hoping to revive his career visits the small New England town to investigate. When terrifying events begin to happen all around, he starts to question if these phenomena are the works of the Virgin Mary or something much more sinister.',585.159,'2021-03-31','/b4gYVcl8pParX8AjkN90iQrWrWO.jpg',27, 6.5,'0', 99, 'Be careful who you pray to.');
INSERT INTO MovieGenre(movieId, genreId) VALUES(632357,'27');
INSERT INTO MovieCountry(movieId, countryId) VALUES(632357,'US');
INSERT INTO Personen(id, name, birthday, deathday, popularity, profilePath, gender, profession) VALUES(47296,'Jeffrey Dean Morgan','','',10.697,'/V3zDGR4rvED9fG7ODv1ph1Q4z4.jpg',2,'Acting');
INSERT INTO MovieCredits(movieId, personId, job) VALUES(632357,47296,'Actor_Gerry Fenn');
INSERT INTO Personen(id, name, birthday, deathday, popularity, profilePath, gender, profession) VALUES(2067034,'Cricket Brown','','',0.84,'/kYBJ9YItPmbvl3009eKAkvkIlYl.jpg',0,'Acting');
INSERT INTO MovieCredits(movieId, personId, job) VALUES(632357,2067034,'Actor_Alice');
INSERT INTO Personen(id, name, birthday, deathday, popularity, profilePath, gender, profession) VALUES(2130,'Cary Elwes','','',5.489,'/9UszBdQJ9PmyBydIeIBxlStozhW.jpg',2,'Acting');
INSERT INTO MovieCredits(movieId, personId, job) VALUES(632357,2130,'Actor_Bishop Gyles');
INSERT INTO Personen(id, name, birthday, deathday, popularity, profilePath, gender, profession) VALUES(221944,'Katie Aselton','','',2.611,'/4kFwHnj9VpVpNoMpD0xduerFKS.jpg',1,'Acting');
INSERT INTO MovieCredits(movieId, personId, job) VALUES(632357,221944,'Actor_Dr. Natalie Gates');
INSERT INTO Personen(id, name, birthday, deathday, popularity, profilePath, gender, profession) VALUES(6573,'William Sadler','','',5.5,'/rWeb2kjYCA7V9MC9kRwRpm57YoY.jpg',2,'Acting');
INSERT INTO MovieCredits(movieId, personId, job) VALUES(632357,6573,'Actor_Father Hagan');
INSERT INTO Personen(id, name, birthday, deathday, popularity, profilePath, gender, profession) VALUES(87194,'Christine Adams','','',3.341,'/yUMJguEggbkNzUZnvRCYgebU0Ck.jpg',1,'Acting');
INSERT INTO MovieCredits(movieId, personId, job) VALUES(632357,87194,'Actor_Monica Slade');
INSERT INTO Personen(id, name, birthday, deathday, popularity, profilePath, gender, profession) VALUES(7623,'Sam Raimi','','',2.907,'/8gssvwiPrFRuFRlr5ruKx68k1Jl.jpg',2,'Directing');
INSERT INTO MovieCredits(movieId, personId, job) VALUES(632357,7623,'Producer');
INSERT INTO Personen(id, name, birthday, deathday, popularity, profilePath, gender, profession) VALUES(9419,'Benjamin L. Cook','','',0.6,'',0,'Sound');
INSERT INTO MovieCredits(movieId, personId, job) VALUES(632357,9419,'Sound Editor');
INSERT INTO Personen(id, name, birthday, deathday, popularity, profilePath, gender, profession) VALUES(11359,'Robert Tapert','','',0.694,'/tAtStnFgeJaTm9QmhajADZGiQi9.jpg',2,'Production');
INSERT INTO MovieCredits(movieId, personId, job) VALUES(632357,11359,'Producer');
INSERT INTO Personen(id, name, birthday, deathday, popularity, profilePath, gender, profession) VALUES(42036,'Kami Asgar','','',0.6,'',2,'Sound');
INSERT INTO MovieCredits(movieId, personId, job) VALUES(632357,42036,'Supervising Sound Editor');
INSERT INTO Personen(id, name, birthday, deathday, popularity, profilePath, gender, profession) VALUES(73417,'Joseph Bishara','','',0.729,'/jkFmkZcd16cEX2yGFNNAsNJyN5U.jpg',2,'Sound');
INSERT INTO MovieCredits(movieId, personId, job) VALUES(632357,73417,'Original Music Composer');
INSERT INTO Personen(id, name, birthday, deathday, popularity, profilePath, gender, profession) VALUES(80675,'Evan Spiliotopoulos','','',3.504,'',2,'Writing');
INSERT INTO MovieCredits(movieId, personId, job) VALUES(632357,80675,'Screenplay');
INSERT INTO Movies(id, title, overview, popularity, releaseDate, posterPath, voteCount, voteAvg, revenue, runtime, tagline) VALUES(607383,'Aquaslash','To celebrate their graduation, the teenagers from Valley Hills High School have organized an ’80s-themed party at the old Wet Valley water park. Things turn gruesome when it\'s revealed that a mysterious maniac has inserted giant razor blades into one of the water slides. The water park thus becomes the backdrop for a bloodbath (literally), and everyone is a suspect...',541.176,'2019-07-29','/wB8qqLIaYDkYEnjbS5hAJiTuYU6.jpg',47, 3.9,'0', 72, 'Your killer vacation awaits');
INSERT INTO MovieGenre(movieId, genreId) VALUES(607383,'27');
INSERT INTO MovieGenre(movieId, genreId) VALUES(607383,'35');
INSERT INTO MovieCountry(movieId, countryId) VALUES(607383,'CA');
INSERT INTO MovieCountry(movieId, countryId) VALUES(607383,'FR');
INSERT INTO Personen(id, name, birthday, deathday, popularity, profilePath, gender, profession) VALUES(1958615,'Nicolas Fontaine','','',3.326,'/xcxK1qnOQtwHCHJEJ9LpgqlbGUT.jpg',2,'Acting');
INSERT INTO MovieCredits(movieId, personId, job) VALUES(607383,1958615,'Actor_Josh');
INSERT INTO Personen(id, name, birthday, deathday, popularity, profilePath, gender, profession) VALUES(175913,'Brittany Drisdelle','','',2.99,'/r4ZRxNMT8X9XkNc01XGqctCulKY.jpg',1,'Acting');
INSERT INTO MovieCredits(movieId, personId, job) VALUES(607383,175913,'Actor_Priscilla');
INSERT INTO Personen(id, name, birthday, deathday, popularity, profilePath, gender, profession) VALUES(1496335,'Madeline Harvey','','',0.682,'/3R24e3pPyd3Imah7eRvtGcUsS5e.jpg',1,'Acting');
INSERT INTO MovieCredits(movieId, personId, job) VALUES(607383,1496335,'Actor_Alice');
INSERT INTO Personen(id, name, birthday, deathday, popularity, profilePath, gender, profession) VALUES(2092553,'Paul Zinno','','',0.98,'/stz0vE9zJ0paHbAN6wDqonyLiOO.jpg',2,'Acting');
INSERT INTO MovieCredits(movieId, personId, job) VALUES(607383,2092553,'Actor_Tommy');
INSERT INTO Personen(id, name, birthday, deathday, popularity, profilePath, gender, profession) VALUES(1818534,'Nick Walker','','',0.6,'',0,'Acting');
INSERT INTO MovieCredits(movieId, personId, job) VALUES(607383,1818534,'Actor_Paul Wilkinson');
INSERT INTO Personen(id, name, birthday, deathday, popularity, profilePath, gender, profession) VALUES(119481,'Chip Chuipka','','',1.132,'',2,'Acting');
INSERT INTO MovieCredits(movieId, personId, job) VALUES(607383,119481,'Actor_Conrad');
INSERT INTO Personen(id, name, birthday, deathday, popularity, profilePath, gender, profession) VALUES(1166608,'Benoit Beaulieu','','',0.6,'',0,'Production');
INSERT INTO MovieCredits(movieId, personId, job) VALUES(607383,1166608,'Producer');
INSERT INTO Personen(id, name, birthday, deathday, popularity, profilePath, gender, profession) VALUES(1209832,'Renaud Gauthier','','',0.6,'/sKfNzzahN7guw7aqIhc7xV7edfN.jpg',0,'Production');
INSERT INTO MovieCredits(movieId, personId, job) VALUES(607383,1209832,'Screenplay');
INSERT INTO MovieCredits(movieId, personId, job) VALUES(607383,1209832,'Director');
INSERT INTO Personen(id, name, birthday, deathday, popularity, profilePath, gender, profession) VALUES(1792670,'Albert I. Melamed','','',0.98,'',0,'Production');
INSERT INTO MovieCredits(movieId, personId, job) VALUES(607383,1792670,'Producer');
INSERT INTO Personen(id, name, birthday, deathday, popularity, profilePath, gender, profession) VALUES(1984598,'Derek Branscombe','','',0.6,'/t6QmGyVkpHgiKUWLqKycd4jS0OA.jpg',2,'Camera');
INSERT INTO MovieCredits(movieId, personId, job) VALUES(607383,1984598,'Director of Photography');
INSERT INTO Personen(id, name, birthday, deathday, popularity, profilePath, gender, profession) VALUES(2080363,'Mathias Bernard','','',0.6,'',0,'Production');
INSERT INTO MovieCredits(movieId, personId, job) VALUES(607383,2080363,'Producer');
INSERT INTO Movies(id, title, overview, popularity, releaseDate, posterPath, voteCount, voteAvg, revenue, runtime, tagline) VALUES(649087,'Red Dot','On a hiking trip to rekindle their marriage, a couple find themselves fleeing for their lives in the unforgiving wilderness from an unknown shooter.',712.273,'2021-02-11','/xZ2KER2gOHbuHP2GJoODuXDSZCb.jpg',420, 5.9,'0', 86, '');
INSERT INTO MovieGenre(movieId, genreId) VALUES(649087,'18');
INSERT INTO MovieGenre(movieId, genreId) VALUES(649087,'53');
INSERT INTO MovieGenre(movieId, genreId) VALUES(649087,'27');
INSERT INTO Countries(id, cname) VALUES('SE','Sweden');
INSERT INTO MovieCountry(movieId, countryId) VALUES(649087,'SE');
INSERT INTO Personen(id, name, birthday, deathday, popularity, profilePath, gender, profession) VALUES(116614,'Johannes Bah Kuhnke','','',2.649,'/q9xNsXwP1LBnOR8m251O86Uvl36.jpg',2,'Acting');
INSERT INTO MovieCredits(movieId, personId, job) VALUES(649087,116614,'Actor_Einar');
INSERT INTO Personen(id, name, birthday, deathday, popularity, profilePath, gender, profession) VALUES(1309110,'Nanna Blondell','','',2.255,'/llxgGKg9MtCu4v7fT93FPvhfZhI.jpg',1,'Acting');
INSERT INTO MovieCredits(movieId, personId, job) VALUES(649087,1309110,'Actor_Nadja');
INSERT INTO Personen(id, name, birthday, deathday, popularity, profilePath, gender, profession) VALUES(90605,'Anastasios Soulis','','',2.217,'/ioaYJiSJd3jtirOETB1dit4XLEi.jpg',2,'Acting');
INSERT INTO MovieCredits(movieId, personId, job) VALUES(649087,90605,'Actor_David');
INSERT INTO Personen(id, name, birthday, deathday, popularity, profilePath, gender, profession) VALUES(144691,'Kalled Mustonen','','',0.884,'/rS3jrtoRTMdPr3ff763BfSl6DMA.jpg',0,'Acting');
INSERT INTO MovieCredits(movieId, personId, job) VALUES(649087,144691,'Actor_Jarmo');
INSERT INTO Personen(id, name, birthday, deathday, popularity, profilePath, gender, profession) VALUES(231926,'Thomas Hanzon','','',4.582,'/1R7nqajJ0825wZHGww6xej5TT2J.jpg',2,'Acting');
INSERT INTO MovieCredits(movieId, personId, job) VALUES(649087,231926,'Actor_Rolle');
INSERT INTO Personen(id, name, birthday, deathday, popularity, profilePath, gender, profession) VALUES(232406,'Anna Azcárate','','',0.84,'/AiCRWZ3ETeClQP7zxqabBOcUCnP.jpg',1,'Acting');
INSERT INTO MovieCredits(movieId, personId, job) VALUES(649087,232406,'Actor_Mona');
INSERT INTO Personen(id, name, birthday, deathday, popularity, profilePath, gender, profession) VALUES(1111421,'Kenneth Skoglund','','',0.6,'',2,'Sound');
INSERT INTO MovieCredits(movieId, personId, job) VALUES(649087,1111421,'Sound Designer');
INSERT INTO Personen(id, name, birthday, deathday, popularity, profilePath, gender, profession) VALUES(1394236,'Alain Darborg','','',1.315,'',2,'Directing');
INSERT INTO MovieCredits(movieId, personId, job) VALUES(649087,1394236,'Director');
INSERT INTO Personen(id, name, birthday, deathday, popularity, profilePath, gender, profession) VALUES(1394242,'Benjam Orre','','',0.6,'',0,'Camera');
INSERT INTO MovieCredits(movieId, personId, job) VALUES(649087,1394242,'Director of Photography');
INSERT INTO Personen(id, name, birthday, deathday, popularity, profilePath, gender, profession) VALUES(1451375,'Johannes Persson','','',0.656,'',0,'Production');
INSERT INTO MovieCredits(movieId, personId, job) VALUES(649087,1451375,'Casting');
INSERT INTO Personen(id, name, birthday, deathday, popularity, profilePath, gender, profession) VALUES(1597623,'Andreas Franck','','',0.6,'',0,'Sound');
INSERT INTO MovieCredits(movieId, personId, job) VALUES(649087,1597623,'Sound Editor');
INSERT INTO Personen(id, name, birthday, deathday, popularity, profilePath, gender, profession) VALUES(1717307,'Anders Niva','','',0.6,'',0,'Sound');
INSERT INTO MovieCredits(movieId, personId, job) VALUES(649087,1717307,'Sound Mixer');
INSERT INTO Movies(id, title, overview, popularity, releaseDate, posterPath, voteCount, voteAvg, revenue, runtime, tagline) VALUES(786300,'Tentacles','A young Los Angeles couple Tara and Sam fall head over heels into a new romance, entwining their lives — until their intimacy transforms into something terrifying.',506.867,'2021-02-12','/kBKKXVbVwIP81u8Bnhguux48Sdn.jpg',66, 6.5,'0', 84, '');
INSERT INTO MovieGenre(movieId, genreId) VALUES(786300,'27');
INSERT INTO MovieGenre(movieId, genreId) VALUES(786300,'14');
INSERT INTO MovieGenre(movieId, genreId) VALUES(786300,'18');
INSERT INTO Genres(id, genre) VALUES(10770,'TV Movie');
INSERT INTO MovieGenre(movieId, genreId) VALUES(786300,'10770');
INSERT INTO MovieCountry(movieId, countryId) VALUES(786300,'US');
INSERT INTO Personen(id, name, birthday, deathday, popularity, profilePath, gender, profession) VALUES(1412526,'Casey Deidrick','','',3.9,'/jeREpNbISQuY1dQj7MbpqxZjemX.jpg',2,'Acting');
INSERT INTO MovieCredits(movieId, personId, job) VALUES(786300,1412526,'Actor_Sam');
INSERT INTO Personen(id, name, birthday, deathday, popularity, profilePath, gender, profession) VALUES(1691808,'Dana Drori','','',2.207,'/47tPm1Rvr428YPiCgRCnJzLKLeW.jpg',1,'Acting');
INSERT INTO MovieCredits(movieId, personId, job) VALUES(786300,1691808,'Actor_Tara');
INSERT INTO Personen(id, name, birthday, deathday, popularity, profilePath, gender, profession) VALUES(59600,'Evan Williams','','',1.294,'/sC9240bs5x9imhibpMSukeoWsEg.jpg',2,'Acting');
INSERT INTO MovieCredits(movieId, personId, job) VALUES(786300,59600,'Actor_Grant');
INSERT INTO Personen(id, name, birthday, deathday, popularity, profilePath, gender, profession) VALUES(1585049,'Aaron Groben','','',1.219,'/sJK6i0eIll6ZsU96f1x6ZRoIffg.jpg',2,'Acting');
INSERT INTO MovieCredits(movieId, personId, job) VALUES(786300,1585049,'Actor_Engagement Man (uncredited)');
INSERT INTO Personen(id, name, birthday, deathday, popularity, profilePath, gender, profession) VALUES(2259640,'Dan Aid','','',0.6,'/emwiTOBqgHn2o9WZtuYQ7M8jJZQ.jpg',2,'Acting');
INSERT INTO MovieCredits(movieId, personId, job) VALUES(786300,2259640,'Actor_Theo');
INSERT INTO Personen(id, name, birthday, deathday, popularity, profilePath, gender, profession) VALUES(2169484,'Johnny Ramey','','',0.6,'/8wECX6IUuQOMPSGeFifIiEXnEaR.jpg',2,'Acting');
INSERT INTO MovieCredits(movieId, personId, job) VALUES(786300,2169484,'Actor_MB');
INSERT INTO Personen(id, name, birthday, deathday, popularity, profilePath, gender, profession) VALUES(84348,'Jason Blum','','',1.4,'/9tm1oUdA6HOUaaS4bwWI2ihmBVt.jpg',2,'Production');
INSERT INTO MovieCredits(movieId, personId, job) VALUES(786300,84348,'Executive Producer');
INSERT INTO Personen(id, name, birthday, deathday, popularity, profilePath, gender, profession) VALUES(1114792,'Nick Antosca','','',0.6,'',2,'Writing');
INSERT INTO MovieCredits(movieId, personId, job) VALUES(786300,1114792,'Executive Producer');
INSERT INTO MovieCredits(movieId, personId, job) VALUES(786300,1114792,'Story');
INSERT INTO Personen(id, name, birthday, deathday, popularity, profilePath, gender, profession) VALUES(1362823,'Clara Aranovich','','',0.6,'/vZxASrYxHKAZkMc7NWIjPbGavZ8.jpg',1,'Acting');
INSERT INTO MovieCredits(movieId, personId, job) VALUES(786300,1362823,'Director');
INSERT INTO MovieCredits(movieId, personId, job) VALUES(786300,1362823,'Executive Producer');
INSERT INTO Personen(id, name, birthday, deathday, popularity, profilePath, gender, profession) VALUES(1453878,'Andrew Wesman','','',0.6,'',0,'Editing');
INSERT INTO MovieCredits(movieId, personId, job) VALUES(786300,1453878,'Editor');
INSERT INTO Movies(id, title, overview, popularity, releaseDate, posterPath, voteCount, voteAvg, revenue, runtime, tagline) VALUES(38700,'Bad Boys for Life','Marcus and Mike are forced to confront new threats, career changes, and midlife crises as they join the newly created elite team AMMO of the Miami police department to take down the ruthless Armando Armas, the vicious leader of a Miami drug cartel.',538.426,'2020-01-15','/y95lQLnuNKdPAzw9F9Ab8kJ80c3.jpg',6169, 7.2,'4.26505244e+08', 124, 'Ride together. Die together.');
INSERT INTO MovieGenre(movieId, genreId) VALUES(38700,'53');
INSERT INTO MovieGenre(movieId, genreId) VALUES(38700,'28');
INSERT INTO MovieGenre(movieId, genreId) VALUES(38700,'80');
INSERT INTO MovieCountry(movieId, countryId) VALUES(38700,'US');
INSERT INTO Personen(id, name, birthday, deathday, popularity, profilePath, gender, profession) VALUES(2888,'Will Smith','','',18.775,'/eze9FO9VuryXLP0aF2cRqPCcibN.jpg',2,'Acting');
INSERT INTO MovieCredits(movieId, personId, job) VALUES(38700,2888,'Actor_Detective Mike Lowrey');
INSERT INTO Personen(id, name, birthday, deathday, popularity, profilePath, gender, profession) VALUES(78029,'Martin Lawrence','','',6.545,'/tCP58OEUJOAsk2iiBeIDgmbt6y3.jpg',2,'Acting');
INSERT INTO MovieCredits(movieId, personId, job) VALUES(38700,78029,'Actor_Detective Marcus Burnett');
INSERT INTO Personen(id, name, birthday, deathday, popularity, profilePath, gender, profession) VALUES(544442,'Paola Nuñez','','',6.372,'/5k8tBBvoV43iK6u0k2YUSVXPmuK.jpg',1,'Acting');
INSERT INTO MovieCredits(movieId, personId, job) VALUES(38700,544442,'Actor_Rita');
INSERT INTO Personen(id, name, birthday, deathday, popularity, profilePath, gender, profession) VALUES(67599,'Vanessa Hudgens','','',9.563,'/ssFXWN5li5OWJLgUoFlUDY0ZyPc.jpg',1,'Acting');
INSERT INTO MovieCredits(movieId, personId, job) VALUES(38700,67599,'Actor_Kelly');
INSERT INTO Personen(id, name, birthday, deathday, popularity, profilePath, gender, profession) VALUES(23498,'Alexander Ludwig','','',10.123,'/unP5YUgEdECL2gMLs0zCNya6is6.jpg',2,'Acting');
INSERT INTO MovieCredits(movieId, personId, job) VALUES(38700,23498,'Actor_Dorn');
INSERT INTO Personen(id, name, birthday, deathday, popularity, profilePath, gender, profession) VALUES(1907002,'Charles Melton','','',5.042,'/wTVbROEoe3zN7oz8EcXBIHUesn.jpg',2,'Acting');
INSERT INTO MovieCredits(movieId, personId, job) VALUES(38700,1907002,'Actor_Rafe');
INSERT INTO Personen(id, name, birthday, deathday, popularity, profilePath, gender, profession) VALUES(770,'Jerry Bruckheimer','','',4.495,'/vTKQVRrj9vOrKLkPEsXHxmpV9c3.jpg',2,'Production');
INSERT INTO MovieCredits(movieId, personId, job) VALUES(38700,770,'Producer');
INSERT INTO Personen(id, name, birthday, deathday, popularity, profilePath, gender, profession) VALUES(2444,'Mike Stenson','','',0.6,'/70ioHzt1q5o9JDjxyXND0xOJDel.jpg',2,'Production');
INSERT INTO MovieCredits(movieId, personId, job) VALUES(38700,2444,'Executive Producer');
INSERT INTO Personen(id, name, birthday, deathday, popularity, profilePath, gender, profession) VALUES(2446,'Chad Oman','','',0.895,'/l84amvUZOrpSU5GRTDYoEkvbh25.jpg',2,'Production');
INSERT INTO MovieCredits(movieId, personId, job) VALUES(38700,2446,'Executive Producer');
INSERT INTO MovieCredits(movieId, personId, job) VALUES(38700,5914,'Casting');
INSERT INTO MovieCredits(movieId, personId, job) VALUES(38700,2888,'Producer');
INSERT INTO Personen(id, name, birthday, deathday, popularity, profilePath, gender, profession) VALUES(9819,'Jon Billington','','',0.61,'/3wMaenFPT4rhJuPKJcE49eH7WGk.jpg',0,'Art');
INSERT INTO MovieCredits(movieId, personId, job) VALUES(38700,9819,'Production Design');
INSERT INTO Movies(id, title, overview, popularity, releaseDate, posterPath, voteCount, voteAvg, revenue, runtime, tagline) VALUES(484718,'Coming 2 America','Prince Akeem Joffer is set to become King of Zamunda when he discovers he has a son he never knew about in America – a street savvy Queens native named Lavelle. Honoring his royal father\'s dying wish to groom this son as the crown prince, Akeem and Semmi set off to America once again.',496.568,'2021-03-05','/nWBPLkqNApY5pgrJFMiI9joSI30.jpg',1210, 6.8,'0', 110, 'A sequel is in the heir.');
INSERT INTO MovieGenre(movieId, genreId) VALUES(484718,'35');
INSERT INTO MovieCountry(movieId, countryId) VALUES(484718,'US');
INSERT INTO Personen(id, name, birthday, deathday, popularity, profilePath, gender, profession) VALUES(776,'Eddie Murphy','','',10.929,'/qgjMfefsKwSYsyCaIX46uyOXIpy.jpg',2,'Acting');
INSERT INTO MovieCredits(movieId, personId, job) VALUES(484718,776,'Actor_Prince Akeem / Clarence / Saul / Randy Watson');
INSERT INTO Personen(id, name, birthday, deathday, popularity, profilePath, gender, profession) VALUES(44994,'Arsenio Hall','','',3.996,'/8oqVGysLVXkWlTOWIWkWIbL4i2q.jpg',2,'Acting');
INSERT INTO MovieCredits(movieId, personId, job) VALUES(484718,44994,'Actor_Semmi / Morris / Reverend Brown / Baba');
INSERT INTO Personen(id, name, birthday, deathday, popularity, profilePath, gender, profession) VALUES(1488960,'Jermaine Fowler','','',4.001,'/ugbQiv906o7PvaRlufx5y9yT72q.jpg',2,'Acting');
INSERT INTO MovieCredits(movieId, personId, job) VALUES(484718,1488960,'Actor_Lavelle Junson');
INSERT INTO Personen(id, name, birthday, deathday, popularity, profilePath, gender, profession) VALUES(168452,'Leslie Jones','','',2.617,'/aLHh2AjToY3Z3TaOQ1rshSjTc1q.jpg',1,'Acting');
INSERT INTO MovieCredits(movieId, personId, job) VALUES(484718,168452,'Actor_Mary Junson');
INSERT INTO Personen(id, name, birthday, deathday, popularity, profilePath, gender, profession) VALUES(56903,'Tracy Morgan','','',3.079,'/v7l37yzapiVav6dAUxnYseu9tZq.jpg',2,'Acting');
INSERT INTO MovieCredits(movieId, personId, job) VALUES(484718,56903,'Actor_Uncle Reem');
INSERT INTO Personen(id, name, birthday, deathday, popularity, profilePath, gender, profession) VALUES(1884703,'KiKi Layne','','',2.16,'/aqQNDmRLlpJvbmbpqpU4bYRXEtb.jpg',1,'Acting');
INSERT INTO MovieCredits(movieId, personId, job) VALUES(484718,1884703,'Actor_Meeka');
INSERT INTO MovieCredits(movieId, personId, job) VALUES(484718,776,'Producer');
INSERT INTO MovieCredits(movieId, personId, job) VALUES(484718,776,'Characters');
INSERT INTO Personen(id, name, birthday, deathday, popularity, profilePath, gender, profession) VALUES(10958,'Douglas A. Mowat','','',0.6,'',0,'Art');
INSERT INTO MovieCredits(movieId, personId, job) VALUES(484718,10958,'Set Decoration');
INSERT INTO Personen(id, name, birthday, deathday, popularity, profilePath, gender, profession) VALUES(9639,'Thomas Valentine','','',0.652,'',2,'Art');
INSERT INTO MovieCredits(movieId, personId, job) VALUES(484718,9639,'Supervising Art Director');
INSERT INTO Personen(id, name, birthday, deathday, popularity, profilePath, gender, profession) VALUES(14189,'Debra Neil-Fisher','','',1.22,'',1,'Editing');
INSERT INTO MovieCredits(movieId, personId, job) VALUES(484718,14189,'Editor');
INSERT INTO Personen(id, name, birthday, deathday, popularity, profilePath, gender, profession) VALUES(15524,'Ruth E. Carter','','',0.6,'/b1CtSVekrYuEmCYt9K3JxWfcJjt.jpg',1,'Costume & Make-Up');
INSERT INTO MovieCredits(movieId, personId, job) VALUES(484718,15524,'Costume Design');
INSERT INTO Movies(id, title, overview, popularity, releaseDate, posterPath, voteCount, voteAvg, revenue, runtime, tagline) VALUES(539885,'Ava','A black ops assassin is forced to fight for her own survival after a job goes dangerously wrong.',501.559,'2020-07-02','/qzA87Wf4jo1h8JMk9GilyIYvwsA.jpg',1452, 5.7,'2.987741e+06', 97, 'Kill. Or be killed.');
INSERT INTO MovieGenre(movieId, genreId) VALUES(539885,'28');
INSERT INTO MovieGenre(movieId, genreId) VALUES(539885,'80');
INSERT INTO MovieGenre(movieId, genreId) VALUES(539885,'18');
INSERT INTO MovieGenre(movieId, genreId) VALUES(539885,'53');
INSERT INTO MovieCountry(movieId, countryId) VALUES(539885,'US');
INSERT INTO Personen(id, name, birthday, deathday, popularity, profilePath, gender, profession) VALUES(83002,'Jessica Chastain','','',13.845,'/lodMzLKSdrPcBry6TdoDsMN3Vge.jpg',1,'Acting');
INSERT INTO MovieCredits(movieId, personId, job) VALUES(539885,83002,'Actor_Ava');
INSERT INTO Personen(id, name, birthday, deathday, popularity, profilePath, gender, profession) VALUES(6949,'John Malkovich','','',6.48,'/5coH0AExljEnbseCXKL4CDOVQj8.jpg',2,'Acting');
INSERT INTO MovieCredits(movieId, personId, job) VALUES(539885,6949,'Actor_Duke');
INSERT INTO Personen(id, name, birthday, deathday, popularity, profilePath, gender, profession) VALUES(72466,'Colin Farrell','','',11.89,'/pgMM9r5ll99RXSmz1J4sj8zaddW.jpg',2,'Acting');
INSERT INTO MovieCredits(movieId, personId, job) VALUES(539885,72466,'Actor_Simon');
INSERT INTO Personen(id, name, birthday, deathday, popularity, profilePath, gender, profession) VALUES(4238,'Common','','',7.636,'/c45lu37VIcmBMcoBRaLdouqgHcC.jpg',2,'Acting');
INSERT INTO MovieCredits(movieId, personId, job) VALUES(539885,4238,'Actor_Michael');
INSERT INTO Personen(id, name, birthday, deathday, popularity, profilePath, gender, profession) VALUES(16935,'Geena Davis','','',7.067,'/bx9ufx5cS7FfHDFFeT71syBh428.jpg',1,'Acting');
INSERT INTO MovieCredits(movieId, personId, job) VALUES(539885,16935,'Actor_Bobbi');
INSERT INTO Personen(id, name, birthday, deathday, popularity, profilePath, gender, profession) VALUES(76999,'Jess Weixler','','',4.026,'/2X0PjIXMLPjm7opUGEq8X5lvqjV.jpg',1,'Acting');
INSERT INTO MovieCredits(movieId, personId, job) VALUES(539885,76999,'Actor_Judy');
INSERT INTO Personen(id, name, birthday, deathday, popularity, profilePath, gender, profession) VALUES(4671,'Zach Staenberg','','',1.22,'',2,'Editing');
INSERT INTO MovieCredits(movieId, personId, job) VALUES(539885,4671,'Editor');
INSERT INTO Personen(id, name, birthday, deathday, popularity, profilePath, gender, profession) VALUES(5582,'Stephen Goldblatt','','',1.4,'',2,'Camera');
INSERT INTO MovieCredits(movieId, personId, job) VALUES(539885,5582,'Director of Photography');
INSERT INTO Personen(id, name, birthday, deathday, popularity, profilePath, gender, profession) VALUES(6191,'Leslie E. Rollins','','',0.6,'',2,'Art');
INSERT INTO MovieCredits(movieId, personId, job) VALUES(539885,6191,'Set Decoration');
INSERT INTO Personen(id, name, birthday, deathday, popularity, profilePath, gender, profession) VALUES(89383,'Molly Hughes','','',0.98,'',0,'Art');
INSERT INTO MovieCredits(movieId, personId, job) VALUES(539885,89383,'Production Design');
INSERT INTO Personen(id, name, birthday, deathday, popularity, profilePath, gender, profession) VALUES(42034,'Greg P. Russell','','',0.859,'',2,'Sound');
INSERT INTO MovieCredits(movieId, personId, job) VALUES(539885,42034,'Sound Re-Recording Mixer');
INSERT INTO Personen(id, name, birthday, deathday, popularity, profilePath, gender, profession) VALUES(17863,'Linda Cohen','','',0.6,'',1,'Sound');
INSERT INTO MovieCredits(movieId, personId, job) VALUES(539885,17863,'Music Supervisor');
INSERT INTO Movies(id, title, overview, popularity, releaseDate, posterPath, voteCount, voteAvg, revenue, runtime, tagline) VALUES(577922,'Tenet','Armed with only one word - Tenet - and fighting for the survival of the entire world, the Protagonist journeys through a twilight world of international espionage on a mission that will unfold in something beyond real time.',482.183,'2020-08-22','/k68nPLbIST6NP96JmTxmZijEvCA.jpg',4978, 7.3,'3.63129e+08', 150, 'Time runs out.');
INSERT INTO MovieGenre(movieId, genreId) VALUES(577922,'28');
INSERT INTO MovieGenre(movieId, genreId) VALUES(577922,'53');
INSERT INTO MovieGenre(movieId, genreId) VALUES(577922,'878');
INSERT INTO MovieCountry(movieId, countryId) VALUES(577922,'GB');
INSERT INTO MovieCountry(movieId, countryId) VALUES(577922,'US');
INSERT INTO Personen(id, name, birthday, deathday, popularity, profilePath, gender, profession) VALUES(1117313,'John David Washington','','',4.129,'/eWNCcG4DqqhFKtWP56Ds8MiKPXB.jpg',2,'Acting');
INSERT INTO MovieCredits(movieId, personId, job) VALUES(577922,1117313,'Actor_The Protagonist');
INSERT INTO Personen(id, name, birthday, deathday, popularity, profilePath, gender, profession) VALUES(11288,'Robert Pattinson','','',8.963,'/8A4PS5iG7GWEAVFftyqMZKl3qcr.jpg',2,'Acting');
INSERT INTO MovieCredits(movieId, personId, job) VALUES(577922,11288,'Actor_Neil');
INSERT INTO Personen(id, name, birthday, deathday, popularity, profilePath, gender, profession) VALUES(1133349,'Elizabeth Debicki','','',10.108,'/sJxj44aKdY0pjSIgnxBgMWLrQmw.jpg',1,'Acting');
INSERT INTO MovieCredits(movieId, personId, job) VALUES(577922,1133349,'Actor_Kat');
INSERT INTO Personen(id, name, birthday, deathday, popularity, profilePath, gender, profession) VALUES(11181,'Kenneth Branagh','','',6.995,'/AbCqqFxNi5w3nDUFdQt0DGMFh5H.jpg',2,'Directing');
INSERT INTO MovieCredits(movieId, personId, job) VALUES(577922,11181,'Actor_Andrei Sator');
INSERT INTO Personen(id, name, birthday, deathday, popularity, profilePath, gender, profession) VALUES(78921,'Dimple Kapadia','','',4.041,'/iEa81mnzMUI2W1RN5WXzb70XEhP.jpg',1,'Acting');
INSERT INTO MovieCredits(movieId, personId, job) VALUES(577922,78921,'Actor_Priya');
INSERT INTO Personen(id, name, birthday, deathday, popularity, profilePath, gender, profession) VALUES(1227717,'Himesh Patel','','',3.684,'/fC6diZ0i3Epot9dRl7b2SSegf4L.jpg',2,'Acting');
INSERT INTO MovieCredits(movieId, personId, job) VALUES(577922,1227717,'Actor_Mahir');
INSERT INTO MovieCredits(movieId, personId, job) VALUES(577922,525,'Director');
INSERT INTO MovieCredits(movieId, personId, job) VALUES(577922,525,'Producer');
INSERT INTO MovieCredits(movieId, personId, job) VALUES(577922,525,'Writer');
INSERT INTO MovieCredits(movieId, personId, job) VALUES(577922,556,'Producer');
INSERT INTO Personen(id, name, birthday, deathday, popularity, profilePath, gender, profession) VALUES(561,'John Papsidera','','',2.07,'/quM89TMS6BncoIh4NdlWugXVhuF.jpg',2,'Production');
INSERT INTO MovieCredits(movieId, personId, job) VALUES(577922,561,'Casting');
INSERT INTO Personen(id, name, birthday, deathday, popularity, profilePath, gender, profession) VALUES(6348,'Jeffrey Kurland','','',0.6,'',2,'Costume & Make-Up');
INSERT INTO MovieCredits(movieId, personId, job) VALUES(577922,6348,'Costume Design');
INSERT INTO Movies(id, title, overview, popularity, releaseDate, posterPath, voteCount, voteAvg, revenue, runtime, tagline) VALUES(609242,'The Heist of the Century','In 2006, a group of thieves performed what is considered one of the most famous and smart bank heists in the history of Argentina. How they robbed the Rio bank is as surprising as what happened afterwards. This is their story.',453.219,'2020-01-16','/aSGwXbaTMxUhrfXT6xyZKqoklfB.jpg',480, 7.9,'0', 114, 'The Story Of The Theft That Made History');
INSERT INTO MovieGenre(movieId, genreId) VALUES(609242,'35');
INSERT INTO MovieGenre(movieId, genreId) VALUES(609242,'53');
INSERT INTO MovieGenre(movieId, genreId) VALUES(609242,'80');
INSERT INTO Countries(id, cname) VALUES('AR','Argentina');
INSERT INTO MovieCountry(movieId, countryId) VALUES(609242,'AR');
INSERT INTO Personen(id, name, birthday, deathday, popularity, profilePath, gender, profession) VALUES(93650,'Guillermo Francella','','',2.304,'/tqHvc1MaEzZHp52EeOagmBzaTn8.jpg',2,'Acting');
INSERT INTO MovieCredits(movieId, personId, job) VALUES(609242,93650,'Actor_Mario Vitette');
INSERT INTO Personen(id, name, birthday, deathday, popularity, profilePath, gender, profession) VALUES(96429,'Diego Peretti','','',0.6,'/4Uq50GociCxPEDXorBIYfzSqpLq.jpg',2,'Acting');
INSERT INTO MovieCredits(movieId, personId, job) VALUES(609242,96429,'Actor_Fernando Araujo');
INSERT INTO Personen(id, name, birthday, deathday, popularity, profilePath, gender, profession) VALUES(103431,'Luis Luque','','',0.694,'/aj2TUHR1jdIQLvwt7iorMLbGj6k.jpg',2,'Acting');
INSERT INTO MovieCredits(movieId, personId, job) VALUES(609242,103431,'Actor_Miguel Sileo');
INSERT INTO Personen(id, name, birthday, deathday, popularity, profilePath, gender, profession) VALUES(93648,'Pablo Rago','','',1.473,'/5uw6DtMWwGUapY8kcccLUZj7fL1.jpg',2,'Acting');
INSERT INTO MovieCredits(movieId, personId, job) VALUES(609242,93648,'Actor_"El Marciano"');
INSERT INTO Personen(id, name, birthday, deathday, popularity, profilePath, gender, profession) VALUES(113627,'Rafael Ferro','','',0.607,'/2xX2kDwX59aQaTsoP5dEdKMG7OV.jpg',2,'Acting');
INSERT INTO MovieCredits(movieId, personId, job) VALUES(609242,113627,'Actor_Alberto de la Torre "Beto"');
INSERT INTO Personen(id, name, birthday, deathday, popularity, profilePath, gender, profession) VALUES(1241396,'Mariano Argento','','',0.6,'/rsU5dvwIRLUtMZoRSIbdTv3HdfA.jpg',2,'Acting');
INSERT INTO MovieCredits(movieId, personId, job) VALUES(609242,1241396,'Actor_"El Doc" Debauza');
INSERT INTO Personen(id, name, birthday, deathday, popularity, profilePath, gender, profession) VALUES(69318,'Alex Zito','','',0.6,'',0,'Production');
INSERT INTO MovieCredits(movieId, personId, job) VALUES(609242,69318,'Producer');
INSERT INTO MovieCredits(movieId, personId, job) VALUES(609242,69318,'Writer');
INSERT INTO Personen(id, name, birthday, deathday, popularity, profilePath, gender, profession) VALUES(414697,'Félix Monti','','',0.6,'/lana2GPvtdkTj2EJFY7D6m54Mr7.jpg',2,'Camera');
INSERT INTO MovieCredits(movieId, personId, job) VALUES(609242,414697,'Director of Photography');
INSERT INTO Personen(id, name, birthday, deathday, popularity, profilePath, gender, profession) VALUES(567536,'Ariel Winograd','','',0.6,'',0,'Directing');
INSERT INTO MovieCredits(movieId, personId, job) VALUES(609242,567536,'Director');
INSERT INTO Personen(id, name, birthday, deathday, popularity, profilePath, gender, profession) VALUES(938781,'Axel Kuschevatzky','','',0.6,'/1JTLhOFZKvgcVe4Irt81xw2RsO4.jpg',2,'Production');
INSERT INTO MovieCredits(movieId, personId, job) VALUES(609242,938781,'Producer');
INSERT INTO Personen(id, name, birthday, deathday, popularity, profilePath, gender, profession) VALUES(983358,'Julio Suárez','','',0.6,'',2,'Costume & Make-Up');
INSERT INTO MovieCredits(movieId, personId, job) VALUES(609242,983358,'Costume Design');
INSERT INTO Movies(id, title, overview, popularity, releaseDate, posterPath, voteCount, voteAvg, revenue, runtime, tagline) VALUES(460465,'Mortal Kombat','Washed-up MMA fighter Cole Young, unaware of his heritage, and hunted by Emperor Shang Tsung\'s best warrior, Sub-Zero, seeks out and trains with Earth\'s greatest champions as he prepares to stand against the enemies of Outworld in a high stakes battle for the universe.',577.064,'2021-04-07','/8yhtzsbBExY8mUct2GOk4LDDuGH.jpg',29, 7.8,'0', 110, 'Get over here.');
INSERT INTO MovieGenre(movieId, genreId) VALUES(460465,'14');
INSERT INTO MovieGenre(movieId, genreId) VALUES(460465,'28');
INSERT INTO MovieGenre(movieId, genreId) VALUES(460465,'12');
INSERT INTO Countries(id, cname) VALUES('AU','Australia');
INSERT INTO MovieCountry(movieId, countryId) VALUES(460465,'AU');
INSERT INTO MovieCountry(movieId, countryId) VALUES(460465,'US');
INSERT INTO Personen(id, name, birthday, deathday, popularity, profilePath, gender, profession) VALUES(1610940,'Lewis Tan','','',2.885,'/lkW8gh20BuwzHecXqYH1eRVuWpb.jpg',2,'Acting');
INSERT INTO MovieCredits(movieId, personId, job) VALUES(460465,1610940,'Actor_Cole Young');
INSERT INTO MovieCredits(movieId, personId, job) VALUES(460465,136347,'Actor_Sonya Blade');
INSERT INTO Personen(id, name, birthday, deathday, popularity, profilePath, gender, profession) VALUES(189230,'Josh Lawson','','',2.72,'/Am9vM77uZd9bGODugwmWtOfzx6E.jpg',2,'Acting');
INSERT INTO MovieCredits(movieId, personId, job) VALUES(460465,189230,'Actor_Kano');
INSERT INTO Personen(id, name, birthday, deathday, popularity, profilePath, gender, profession) VALUES(13275,'Tadanobu Asano','','',7.955,'/sL0H5my3PAc208n3yu64TO3ug12.jpg',2,'Acting');
INSERT INTO MovieCredits(movieId, personId, job) VALUES(460465,13275,'Actor_Lord Raiden');
INSERT INTO Personen(id, name, birthday, deathday, popularity, profilePath, gender, profession) VALUES(51684,'Mehcad Brooks','','',10.393,'/etlE8YdFgYk6Nbe3uRQcc5uF0t2.jpg',2,'Acting');
INSERT INTO MovieCredits(movieId, personId, job) VALUES(460465,51684,'Actor_Jackson \'Jax\' Briggs');
INSERT INTO Personen(id, name, birthday, deathday, popularity, profilePath, gender, profession) VALUES(1525689,'Ludi Lin','','',3.088,'/9Ila4K8POeuVWRO9hzyekFjvCDk.jpg',2,'Acting');
INSERT INTO MovieCredits(movieId, personId, job) VALUES(460465,1525689,'Actor_Liu Kang');
INSERT INTO Personen(id, name, birthday, deathday, popularity, profilePath, gender, profession) VALUES(2127,'James Wan','','',3.382,'/hZeFnl5vg7lPusYstuFtuY9Lpx5.jpg',2,'Directing');
INSERT INTO MovieCredits(movieId, personId, job) VALUES(460465,2127,'Producer');
INSERT INTO Personen(id, name, birthday, deathday, popularity, profilePath, gender, profession) VALUES(40825,'Benjamin Wallfisch','','',1.4,'/dWcshjk0OUi3stGFFrwZIsYKZfQ.jpg',2,'Sound');
INSERT INTO MovieCredits(movieId, personId, job) VALUES(460465,40825,'Original Music Composer');
INSERT INTO Personen(id, name, birthday, deathday, popularity, profilePath, gender, profession) VALUES(11455,'Dan Lebental','','',1.011,'/kG4N93eMa6fzkJjBsRPQXUcGQlg.jpg',2,'Editing');
INSERT INTO MovieCredits(movieId, personId, job) VALUES(460465,11455,'Editor');
INSERT INTO Personen(id, name, birthday, deathday, popularity, profilePath, gender, profession) VALUES(11814,'Todd Garner','','',0.648,'/hRu3nTh08RLwPNFnWlSwE9uu2Pw.jpg',2,'Production');
INSERT INTO MovieCredits(movieId, personId, job) VALUES(460465,11814,'Producer');
INSERT INTO Personen(id, name, birthday, deathday, popularity, profilePath, gender, profession) VALUES(17677,'Naaman Marshall','','',0.881,'',0,'Art');
INSERT INTO MovieCredits(movieId, personId, job) VALUES(460465,17677,'Production Design');
INSERT INTO Personen(id, name, birthday, deathday, popularity, profilePath, gender, profession) VALUES(43518,'Lawrence Kasanoff','','',1.008,'/4ahZJTfqhzINKenq7C34oJRRLYx.jpg',2,'Production');
INSERT INTO MovieCredits(movieId, personId, job) VALUES(460465,43518,'Executive Producer');
INSERT INTO Movies(id, title, overview, popularity, releaseDate, posterPath, voteCount, voteAvg, revenue, runtime, tagline) VALUES(475557,'Joker','During the 1980s, a failed stand-up comedian is driven insane and turns to a life of crime and chaos in Gotham City while becoming an infamous psychopathic crime figure.',463.92,'2019-10-02','/udDclJoHjfjb8Ekgsd4FDteOkCU.jpg',17273, 8.2,'1.074251311e+09', 122, 'Put on a happy face.');
INSERT INTO MovieGenre(movieId, genreId) VALUES(475557,'80');
INSERT INTO MovieGenre(movieId, genreId) VALUES(475557,'53');
INSERT INTO MovieGenre(movieId, genreId) VALUES(475557,'18');
INSERT INTO MovieCountry(movieId, countryId) VALUES(475557,'CA');
INSERT INTO MovieCountry(movieId, countryId) VALUES(475557,'US');
INSERT INTO Personen(id, name, birthday, deathday, popularity, profilePath, gender, profession) VALUES(73421,'Joaquin Phoenix','','',6.784,'/nXMzvVF6xR3OXOedozfOcoA20xh.jpg',2,'Acting');
INSERT INTO MovieCredits(movieId, personId, job) VALUES(475557,73421,'Actor_Arthur Fleck / Joker');
INSERT INTO Personen(id, name, birthday, deathday, popularity, profilePath, gender, profession) VALUES(380,'Robert De Niro','','',11.534,'/cT8htcckIuyI1Lqwt1CvD02ynTh.jpg',2,'Acting');
INSERT INTO MovieCredits(movieId, personId, job) VALUES(475557,380,'Actor_Murray Franklin');
INSERT INTO Personen(id, name, birthday, deathday, popularity, profilePath, gender, profession) VALUES(1545693,'Zazie Beetz','','',7.176,'/sgxzT54GnvgeMnOZgpQQx9csAdd.jpg',1,'Acting');
INSERT INTO MovieCredits(movieId, personId, job) VALUES(475557,1545693,'Actor_Sophie Dumond');
INSERT INTO Personen(id, name, birthday, deathday, popularity, profilePath, gender, profession) VALUES(4432,'Frances Conroy','','',6.285,'/aJRQAkO24L6bH8qkkE5Iv1nA3gf.jpg',1,'Acting');
INSERT INTO MovieCredits(movieId, personId, job) VALUES(475557,4432,'Actor_Penny Fleck');
INSERT INTO Personen(id, name, birthday, deathday, popularity, profilePath, gender, profession) VALUES(16841,'Brett Cullen','','',10.355,'/sEcPXqdcoZ9h4s7PSjVYocEPypP.jpg',2,'Acting');
INSERT INTO MovieCredits(movieId, personId, job) VALUES(475557,16841,'Actor_Thomas Wayne');
INSERT INTO Personen(id, name, birthday, deathday, popularity, profilePath, gender, profession) VALUES(74242,'Shea Whigham','','',6.824,'/d3caK3l4UfbnzOxv95wLoFLZzMO.jpg',2,'Acting');
INSERT INTO MovieCredits(movieId, personId, job) VALUES(475557,74242,'Actor_Detective Burke');
INSERT INTO Personen(id, name, birthday, deathday, popularity, profilePath, gender, profession) VALUES(324,'Scott Silver','','',1.169,'',2,'Writing');
INSERT INTO MovieCredits(movieId, personId, job) VALUES(475557,324,'Writer');
INSERT INTO Personen(id, name, birthday, deathday, popularity, profilePath, gender, profession) VALUES(1296,'Bruce Berman','','',0.78,'',2,'Production');
INSERT INTO MovieCredits(movieId, personId, job) VALUES(475557,1296,'Executive Producer');
INSERT INTO Personen(id, name, birthday, deathday, popularity, profilePath, gender, profession) VALUES(3794,'Bob Kane','','',5.082,'/vuXwrlqaUydA4t5SFVdQkK9KsZL.jpg',2,'Writing');
INSERT INTO MovieCredits(movieId, personId, job) VALUES(475557,3794,'Characters');
INSERT INTO Personen(id, name, birthday, deathday, popularity, profilePath, gender, profession) VALUES(5670,'Mark Friedberg','','',1.094,'',2,'Art');
INSERT INTO MovieCredits(movieId, personId, job) VALUES(475557,5670,'Production Design');
INSERT INTO Personen(id, name, birthday, deathday, popularity, profilePath, gender, profession) VALUES(5387,'Lawrence Sher','','',0.6,'/hjnMqT5EbDTOvvsXZxiP74qeGbp.jpg',2,'Camera');
INSERT INTO MovieCredits(movieId, personId, job) VALUES(475557,5387,'Director of Photography');
INSERT INTO MovieCredits(movieId, personId, job) VALUES(475557,5387,'Cinematography');
INSERT INTO Movies(id, title, overview, popularity, releaseDate, posterPath, voteCount, voteAvg, revenue, runtime, tagline) VALUES(596247,'Pacto de Fuga','During the last years of Pinochet\'s military regime,  a group of militants from the "Manuel Rodríguez Patriotic Front" plan a prison break of political prisoners, through a tunnel that will take them 18 months to dig.',418.05,'2020-01-23','/qDFfu73R8uO94ydFtdxEdSfTlg6.jpg',55, 7.8,'0', 138, 'Based on the most daring prison escape of all time.');
INSERT INTO MovieGenre(movieId, genreId) VALUES(596247,'18');
INSERT INTO MovieGenre(movieId, genreId) VALUES(596247,'53');
INSERT INTO Countries(id, cname) VALUES('CL','Chile');
INSERT INTO MovieCountry(movieId, countryId) VALUES(596247,'CL');
INSERT INTO Personen(id, name, birthday, deathday, popularity, profilePath, gender, profession) VALUES(79001,'Benjamín Vicuña','','',1.4,'/7HDJipKtUiWGshst8ibVfdzHJAB.jpg',2,'Acting');
INSERT INTO MovieCredits(movieId, personId, job) VALUES(596247,79001,'Actor_Leon Vargas');
INSERT INTO Personen(id, name, birthday, deathday, popularity, profilePath, gender, profession) VALUES(590879,'Roberto Farías','','',0.98,'/aHQIYuDCwekYi1GvAut9izD5ThF.jpg',2,'Acting');
INSERT INTO MovieCredits(movieId, personId, job) VALUES(596247,590879,'Actor_Rafael Jimenez');
INSERT INTO Personen(id, name, birthday, deathday, popularity, profilePath, gender, profession) VALUES(225012,'Amparo Noguera','','',1.37,'/9VYxx11lDsWDoj0CcbHhTcymHA1.jpg',1,'Acting');
INSERT INTO MovieCredits(movieId, personId, job) VALUES(596247,225012,'Actor_Fabiola Pizarro');
INSERT INTO Personen(id, name, birthday, deathday, popularity, profilePath, gender, profession) VALUES(590876,'Francisca Gavilán','','',1.4,'/vXzct0AFIl5C6LcTJtxi0rUayjr.jpg',1,'Acting');
INSERT INTO MovieCredits(movieId, personId, job) VALUES(596247,590876,'Actor_Paulina Baeza');
INSERT INTO Personen(id, name, birthday, deathday, popularity, profilePath, gender, profession) VALUES(71408,'Patricio Contreras','','',0.61,'/ypcppaDS2xzNIDphDr4c3LfDbnp.jpg',2,'Acting');
INSERT INTO MovieCredits(movieId, personId, job) VALUES(596247,71408,'Actor_Rodolfo Ternicier');
INSERT INTO Personen(id, name, birthday, deathday, popularity, profilePath, gender, profession) VALUES(1074951,'Eusebio Arenas','','',0.6,'/8omswjKtSuKKIZ9duZdTmmhF0bU.jpg',2,'Acting');
INSERT INTO MovieCredits(movieId, personId, job) VALUES(596247,1074951,'Actor_Patricio Velásquez');
INSERT INTO Personen(id, name, birthday, deathday, popularity, profilePath, gender, profession) VALUES(1116694,'Miguel Hormazábal','','',0.6,'',2,'Sound');
INSERT INTO MovieCredits(movieId, personId, job) VALUES(596247,1116694,'Sound Supervisor');
INSERT INTO Personen(id, name, birthday, deathday, popularity, profilePath, gender, profession) VALUES(1407619,'Karen Cruces','','',0.6,'',1,'Sound');
INSERT INTO MovieCredits(movieId, personId, job) VALUES(596247,1407619,'ADR & Dubbing');
INSERT INTO MovieCredits(movieId, personId, job) VALUES(596247,1407619,'Dialogue Editor');
INSERT INTO Personen(id, name, birthday, deathday, popularity, profilePath, gender, profession) VALUES(1407620,'Mauricio López','','',0.6,'',0,'Sound');
INSERT INTO MovieCredits(movieId, personId, job) VALUES(596247,1407620,'Sound Editor');
INSERT INTO MovieCredits(movieId, personId, job) VALUES(596247,1407620,'Sound Re-Recording Mixer');
INSERT INTO Personen(id, name, birthday, deathday, popularity, profilePath, gender, profession) VALUES(1407621,'Soledad Vargas','','',0.6,'',1,'Sound');
INSERT INTO MovieCredits(movieId, personId, job) VALUES(596247,1407621,'Foley Editor');
INSERT INTO Movies(id, title, overview, popularity, releaseDate, posterPath, voteCount, voteAvg, revenue, runtime, tagline) VALUES(613504,'After We Collided','Tessa finds herself struggling with her complicated relationship with Hardin; she faces a dilemma that could change their lives forever.',468.899,'2020-09-02','/kiX7UYfOpYrMFSAGbI6j1pFkLzQ.jpg',3596, 7.3,'4.2e+07', 105, 'Can love overcome the past?');
INSERT INTO MovieGenre(movieId, genreId) VALUES(613504,'10749');
INSERT INTO MovieGenre(movieId, genreId) VALUES(613504,'18');
INSERT INTO MovieCountry(movieId, countryId) VALUES(613504,'US');
INSERT INTO Personen(id, name, birthday, deathday, popularity, profilePath, gender, profession) VALUES(1753914,'Josephine Langford','','',13.025,'/rxQIrvUN1NGHkqSKHug1hoHTUNi.jpg',1,'Acting');
INSERT INTO MovieCredits(movieId, personId, job) VALUES(613504,1753914,'Actor_Tessa Young');
INSERT INTO Personen(id, name, birthday, deathday, popularity, profilePath, gender, profession) VALUES(1114487,'Hero Fiennes Tiffin','','',7.36,'/pA98PBT1v0gQ5n7THb4o3OQaBzP.jpg',2,'Acting');
INSERT INTO MovieCredits(movieId, personId, job) VALUES(613504,1114487,'Actor_Hardin Scott');
INSERT INTO Personen(id, name, birthday, deathday, popularity, profilePath, gender, profession) VALUES(1684130,'Shane Paul McGhie','','',4.297,'/xrW5ioE8lihmmuu1ov1wWBpOWYp.jpg',2,'Acting');
INSERT INTO MovieCredits(movieId, personId, job) VALUES(613504,1684130,'Actor_Landon Gibson');
INSERT INTO Personen(id, name, birthday, deathday, popularity, profilePath, gender, profession) VALUES(95686,'Dylan Sprouse','','',6.347,'/1kAWq60C8NpEkDsUMz4dVUo5YTH.jpg',2,'Acting');
INSERT INTO MovieCredits(movieId, personId, job) VALUES(613504,95686,'Actor_Trevor Matthews');
INSERT INTO Personen(id, name, birthday, deathday, popularity, profilePath, gender, profession) VALUES(1224112,'Samuel Larsen','','',3.903,'/a9AQOsvl0IUHe23sz7wYsgHFBn4.jpg',2,'Acting');
INSERT INTO MovieCredits(movieId, personId, job) VALUES(613504,1224112,'Actor_Zed Evans');
INSERT INTO Personen(id, name, birthday, deathday, popularity, profilePath, gender, profession) VALUES(1685330,'Inanna Sarkis','','',5.582,'/up8etOETeYTwuGFr9yL0gYf5ZKW.jpg',1,'Acting');
INSERT INTO MovieCredits(movieId, personId, job) VALUES(613504,1685330,'Actor_Molly Samuels');
INSERT INTO Personen(id, name, birthday, deathday, popularity, profilePath, gender, profession) VALUES(11873,'Roger Kumble','','',1.4,'/njVOmV33aCFRUlBxxLXzLbrmAUS.jpg',2,'Directing');
INSERT INTO MovieCredits(movieId, personId, job) VALUES(613504,11873,'Director');
INSERT INTO Personen(id, name, birthday, deathday, popularity, profilePath, gender, profession) VALUES(20742,'Jennifer Gibgot','','',0.6,'',1,'Production');
INSERT INTO MovieCredits(movieId, personId, job) VALUES(613504,20742,'Producer');
INSERT INTO Personen(id, name, birthday, deathday, popularity, profilePath, gender, profession) VALUES(46088,'Mark Canton','','',1.22,'',2,'Production');
INSERT INTO MovieCredits(movieId, personId, job) VALUES(613504,46088,'Producer');
INSERT INTO Personen(id, name, birthday, deathday, popularity, profilePath, gender, profession) VALUES(61921,'Courtney Solomon','','',0.981,'',2,'Production');
INSERT INTO MovieCredits(movieId, personId, job) VALUES(613504,61921,'Producer');
INSERT INTO Personen(id, name, birthday, deathday, popularity, profilePath, gender, profession) VALUES(68295,'Anita Brandt-Burgoyne','','',0.6,'',1,'Editing');
INSERT INTO MovieCredits(movieId, personId, job) VALUES(613504,68295,'Editor');
INSERT INTO Personen(id, name, birthday, deathday, popularity, profilePath, gender, profession) VALUES(928329,'Meagan McLaughlin','','',0.6,'',1,'Costume & Make-Up');
INSERT INTO MovieCredits(movieId, personId, job) VALUES(613504,928329,'Costume Design');
INSERT INTO Movies(id, title, overview, popularity, releaseDate, posterPath, voteCount, voteAvg, revenue, runtime, tagline) VALUES(599281,'Fear of Rain','A teenage girl living with schizophrenia begins to suspect her neighbor has kidnapped a child. Her parents try desperately to help her live a normal life, without exposing their own tragic secrets, and the only person who believes her is Caleb – a boy she isn’t even sure exists.',407.884,'2021-02-12','/b2shaNA4F8zNIwoRYr33lPTiFfl.jpg',198, 7.3,'0', 109, 'Some voices you can\'t outrun');
INSERT INTO MovieGenre(movieId, genreId) VALUES(599281,'53');
INSERT INTO MovieGenre(movieId, genreId) VALUES(599281,'27');
INSERT INTO MovieGenre(movieId, genreId) VALUES(599281,'18');
INSERT INTO MovieCountry(movieId, countryId) VALUES(599281,'US');
INSERT INTO Personen(id, name, birthday, deathday, popularity, profilePath, gender, profession) VALUES(25541,'Katherine Heigl','','',6.855,'/hzcs8zxBd0zFo4CqiaOkuVXkFD0.jpg',1,'Acting');
INSERT INTO MovieCredits(movieId, personId, job) VALUES(599281,25541,'Actor_Michelle Burroughs');
INSERT INTO Personen(id, name, birthday, deathday, popularity, profilePath, gender, profession) VALUES(18688,'Harry Connick Jr.','','',5.547,'/il1t0cshowbZ6mMtH1930baQx9n.jpg',2,'Acting');
INSERT INTO MovieCredits(movieId, personId, job) VALUES(599281,18688,'Actor_John Burroughs');
INSERT INTO Personen(id, name, birthday, deathday, popularity, profilePath, gender, profession) VALUES(1597855,'Madison Iseman','','',8.692,'/b3Jj2S2faoxKjo93csGIAUwW0YY.jpg',1,'Acting');
INSERT INTO MovieCredits(movieId, personId, job) VALUES(599281,1597855,'Actor_Rain Burroughs');
INSERT INTO Personen(id, name, birthday, deathday, popularity, profilePath, gender, profession) VALUES(969140,'Israel Broussard','','',3.728,'/cSmPXUMjUgodorabkAHJ4IMWFz7.jpg',2,'Acting');
INSERT INTO MovieCredits(movieId, personId, job) VALUES(599281,969140,'Actor_Caleb');
INSERT INTO Personen(id, name, birthday, deathday, popularity, profilePath, gender, profession) VALUES(90364,'Enuka Okuma','','',1.846,'/giNRBe2NrmptqL2o5l8JzN4WDIm.jpg',1,'Acting');
INSERT INTO MovieCredits(movieId, personId, job) VALUES(599281,90364,'Actor_Dr. Elyn Pangloss');
INSERT INTO Personen(id, name, birthday, deathday, popularity, profilePath, gender, profession) VALUES(1317693,'Eugenie Bondurant','','',2.184,'/9ULAELEKNha7VCJhRWoer58NcJe.jpg',1,'Acting');
INSERT INTO MovieCredits(movieId, personId, job) VALUES(599281,1317693,'Actor_Dani McConnell');
INSERT INTO Personen(id, name, birthday, deathday, popularity, profilePath, gender, profession) VALUES(1448492,'Castille Landon','','',0.6,'/s1oXtmqyG9X0uDfiU5HidPB6BJx.jpg',1,'Directing');
INSERT INTO MovieCredits(movieId, personId, job) VALUES(599281,1448492,'Director');
INSERT INTO MovieCredits(movieId, personId, job) VALUES(599281,1448492,'Writer');
INSERT INTO Movies(id, title, overview, popularity, releaseDate, posterPath, voteCount, voteAvg, revenue, runtime, tagline) VALUES(714277,'The Funeral Home','Bernardo is an undertaker. He runs his mortuary business in the same house where he resides. In the front, he has his clients. And in the back, his dysfunctional family lives amongst coffins, wreaths, and the mischievous but nonviolent ghosts that visit on a daily basis. But when a malevolent entity enters the scene, it wreaks havoc on the already fractured household.',385.742,'2021-04-15','/1rlgIzw129hEl46bFaJZ7wpEEZZ.jpg',0, 0,'0', 86, 'Dare you visit?');
INSERT INTO MovieGenre(movieId, genreId) VALUES(714277,'27');
INSERT INTO MovieGenre(movieId, genreId) VALUES(714277,'35');
INSERT INTO MovieCountry(movieId, countryId) VALUES(714277,'AR');
INSERT INTO Personen(id, name, birthday, deathday, popularity, profilePath, gender, profession) VALUES(225408,'Luis Machín','','',2.266,'/6n7zMUILTMY6FBnej6UsCO1s5AU.jpg',2,'Acting');
INSERT INTO MovieCredits(movieId, personId, job) VALUES(714277,225408,'Actor_Bernardo');
INSERT INTO Personen(id, name, birthday, deathday, popularity, profilePath, gender, profession) VALUES(1306270,'Celeste Gerez','','',0.6,'/lzkqCP1geDSd97KUJJX3uJXryPg.jpg',1,'Acting');
INSERT INTO MovieCredits(movieId, personId, job) VALUES(714277,1306270,'Actor_Estela');
INSERT INTO Personen(id, name, birthday, deathday, popularity, profilePath, gender, profession) VALUES(2022319,'Camila Vaccarini','','',0.6,'',0,'Acting');
INSERT INTO MovieCredits(movieId, personId, job) VALUES(714277,2022319,'Actor_Irina');
INSERT INTO Personen(id, name, birthday, deathday, popularity, profilePath, gender, profession) VALUES(228441,'Hugo Arana','','',0.6,'/aQGlaOp2n1nt8WIEEe82o6nDJSy.jpg',2,'Acting');
INSERT INTO MovieCredits(movieId, personId, job) VALUES(714277,228441,'Actor_Salvador');
INSERT INTO Personen(id, name, birthday, deathday, popularity, profilePath, gender, profession) VALUES(2440466,'Graciela Bonomi','','',0.6,'',0,'Acting');
INSERT INTO MovieCredits(movieId, personId, job) VALUES(714277,2440466,'Actor_Abuela');
INSERT INTO Personen(id, name, birthday, deathday, popularity, profilePath, gender, profession) VALUES(2988413,'Isabel Iglesias','','',0.6,'',0,'Acting');
INSERT INTO MovieCredits(movieId, personId, job) VALUES(714277,2988413,'Actor_Mirta Sánchez');
INSERT INTO Personen(id, name, birthday, deathday, popularity, profilePath, gender, profession) VALUES(2095395,'Lucas Timerman','','',0.6,'',0,'Camera');
INSERT INTO MovieCredits(movieId, personId, job) VALUES(714277,2095395,'Director of Photography');
INSERT INTO Personen(id, name, birthday, deathday, popularity, profilePath, gender, profession) VALUES(2114688,'Lionel Cornistein','','',0.6,'',0,'Editing');
INSERT INTO MovieCredits(movieId, personId, job) VALUES(714277,2114688,'Editor');
INSERT INTO Personen(id, name, birthday, deathday, popularity, profilePath, gender, profession) VALUES(2673515,'Mauro Iván Ojeda','','',0.6,'',0,'Directing');
INSERT INTO MovieCredits(movieId, personId, job) VALUES(714277,2673515,'Director');
INSERT INTO MovieCredits(movieId, personId, job) VALUES(714277,2673515,'Writer');
INSERT INTO Movies(id, title, overview, popularity, releaseDate, posterPath, voteCount, voteAvg, revenue, runtime, tagline) VALUES(709629,'War of Likes','In order to advance her career in the dynamic world of publicity in Mexico City, Raquel tries to reunite with her high school friend Cecy who has become the queen of social media. But unlike followers, friendships do not come instantly.',428.326,'2021-03-12','/jpdWHOu6EJbYnLXLCA52h82nLEz.jpg',188, 7.9,'0', 103, '');
INSERT INTO MovieGenre(movieId, genreId) VALUES(709629,'35');
INSERT INTO Countries(id, cname) VALUES('MX','Mexico');
INSERT INTO MovieCountry(movieId, countryId) VALUES(709629,'MX');
INSERT INTO Personen(id, name, birthday, deathday, popularity, profilePath, gender, profession) VALUES(1251058,'Regina Blandón','','',2.792,'/hoNmc7G7l70RcBa1hDj485Th5Ne.jpg',1,'Acting');
INSERT INTO MovieCredits(movieId, personId, job) VALUES(709629,1251058,'Actor_Raquel Gámez');
INSERT INTO Personen(id, name, birthday, deathday, popularity, profilePath, gender, profession) VALUES(947296,'Ludwika Paleta','','',4.018,'/dcozq8kwFH1XEu547PZ6OpJcznz.jpg',1,'Acting');
INSERT INTO MovieCredits(movieId, personId, job) VALUES(709629,947296,'Actor_Cecy Díaz');
INSERT INTO Personen(id, name, birthday, deathday, popularity, profilePath, gender, profession) VALUES(271,'José Sefami','','',1.4,'/cZMnTk0xHbckmLKgt18eCIUeV0n.jpg',2,'Acting');
INSERT INTO MovieCredits(movieId, personId, job) VALUES(709629,271,'Actor_Teniente Bravo');
INSERT INTO Personen(id, name, birthday, deathday, popularity, profilePath, gender, profession) VALUES(140604,'Pablo Cruz Guerrero','','',0.694,'',2,'Acting');
INSERT INTO MovieCredits(movieId, personId, job) VALUES(709629,140604,'Actor_Detective Marcos');
INSERT INTO Personen(id, name, birthday, deathday, popularity, profilePath, gender, profession) VALUES(2153303,'Michelle Rodríguez','','',1.4,'',0,'Acting');
INSERT INTO MovieCredits(movieId, personId, job) VALUES(709629,2153303,'Actor_Melissa');
INSERT INTO Personen(id, name, birthday, deathday, popularity, profilePath, gender, profession) VALUES(1486655,'Patricia Bernal','','',2.751,'/6yJDNsieIVpQtqXAu1AOUZv0njy.jpg',0,'Acting');
INSERT INTO MovieCredits(movieId, personId, job) VALUES(709629,1486655,'Actor_Zarina Clark');
INSERT INTO Personen(id, name, birthday, deathday, popularity, profilePath, gender, profession) VALUES(61123,'Jason Shuman','','',0.6,'/le7jDuNqdBJH15ZBWtzeyR8cIh1.jpg',2,'Production');
INSERT INTO MovieCredits(movieId, personId, job) VALUES(709629,61123,'Screenplay');
INSERT INTO Personen(id, name, birthday, deathday, popularity, profilePath, gender, profession) VALUES(102329,'María Ripoll','','',1.4,'',1,'Directing');
INSERT INTO MovieCredits(movieId, personId, job) VALUES(709629,102329,'Director');
INSERT INTO Personen(id, name, birthday, deathday, popularity, profilePath, gender, profession) VALUES(2218827,'Eduardo Cisneros','','',0.6,'',0,'Acting');
INSERT INTO MovieCredits(movieId, personId, job) VALUES(709629,2218827,'Screenplay');
INSERT INTO Movies(id, title, overview, popularity, releaseDate, posterPath, voteCount, voteAvg, revenue, runtime, tagline) VALUES(384018,'Fast & Furious Presents: Hobbs & Shaw','Ever since US Diplomatic Security Service Agent Hobbs and lawless outcast Shaw first faced off, they just have traded smack talk and body blows. But when cyber-genetically enhanced anarchist Brixton\'s ruthless actions threaten the future of humanity, they join forces to defeat him.',407.884,'2019-08-01','/qRyy2UmjC5ur9bDi3kpNNRCc5nc.jpg',4785, 6.9,'7.60098996e+08', 137, '');
INSERT INTO MovieGenre(movieId, genreId) VALUES(384018,'28');
INSERT INTO MovieGenre(movieId, genreId) VALUES(384018,'12');
INSERT INTO MovieGenre(movieId, genreId) VALUES(384018,'35');
INSERT INTO MovieCountry(movieId, countryId) VALUES(384018,'US');
INSERT INTO Personen(id, name, birthday, deathday, popularity, profilePath, gender, profession) VALUES(18918,'Dwayne Johnson','','',42.91,'/cgoy7t5Ve075naBPcewZrc08qGw.jpg',2,'Acting');
INSERT INTO MovieCredits(movieId, personId, job) VALUES(384018,18918,'Actor_Luke Hobbs');
INSERT INTO Personen(id, name, birthday, deathday, popularity, profilePath, gender, profession) VALUES(976,'Jason Statham','','',33.544,'/lldeQ91GwIVff43JBrpdbAAeYWj.jpg',2,'Acting');
INSERT INTO MovieCredits(movieId, personId, job) VALUES(384018,976,'Actor_Deckard Shaw');
INSERT INTO Personen(id, name, birthday, deathday, popularity, profilePath, gender, profession) VALUES(17605,'Idris Elba','','',6.455,'/be1bVF7qGX91a6c5WeRPs5pKXln.jpg',2,'Acting');
INSERT INTO MovieCredits(movieId, personId, job) VALUES(384018,17605,'Actor_Brixton');
INSERT INTO Personen(id, name, birthday, deathday, popularity, profilePath, gender, profession) VALUES(556356,'Vanessa Kirby','','',15.016,'/ouS2c6mAp9ACaup7tuXefz42U37.jpg',1,'Acting');
INSERT INTO MovieCredits(movieId, personId, job) VALUES(384018,556356,'Actor_Hattie Shaw');
INSERT INTO Personen(id, name, birthday, deathday, popularity, profilePath, gender, profession) VALUES(15735,'Helen Mirren','','',6.834,'/1reKRrsdsHXJaRVHVyOEg4oPTcZ.jpg',1,'Acting');
INSERT INTO MovieCredits(movieId, personId, job) VALUES(384018,15735,'Actor_Queenie Shaw');
INSERT INTO MovieCredits(movieId, personId, job) VALUES(384018,1222992,'Actor_Madame M');
INSERT INTO MovieCredits(movieId, personId, job) VALUES(384018,976,'Producer');
INSERT INTO MovieCredits(movieId, personId, job) VALUES(384018,5914,'Casting');
INSERT INTO Personen(id, name, birthday, deathday, popularity, profilePath, gender, profession) VALUES(7239,'Peter Brown','','',0.98,'',2,'Sound');
INSERT INTO MovieCredits(movieId, personId, job) VALUES(384018,7239,'Sound Designer');
INSERT INTO Personen(id, name, birthday, deathday, popularity, profilePath, gender, profession) VALUES(40684,'David Leitch','','',2.349,'/qykhwWkXTAteD9yvsmItXh9LxCq.jpg',2,'Directing');
INSERT INTO MovieCredits(movieId, personId, job) VALUES(384018,40684,'Director');
INSERT INTO Personen(id, name, birthday, deathday, popularity, profilePath, gender, profession) VALUES(12033,'Jonathan Sela','','',0.75,'/8gYwhV3xLVj9kdkyDyGJpRviF7A.jpg',2,'Camera');
INSERT INTO MovieCredits(movieId, personId, job) VALUES(384018,12033,'Director of Photography');
INSERT INTO Personen(id, name, birthday, deathday, popularity, profilePath, gender, profession) VALUES(15221,'Tyler Bates','','',0.613,'/k9KAxhFu2CYXxDxmrZSJdmFgirP.jpg',2,'Sound');
INSERT INTO MovieCredits(movieId, personId, job) VALUES(384018,15221,'Original Music Composer');
INSERT INTO Movies(id, title, overview, popularity, releaseDate, posterPath, voteCount, voteAvg, revenue, runtime, tagline) VALUES(373571,'Godzilla: King of the Monsters','Follows the heroic efforts of the crypto-zoological agency Monarch as its members face off against a battery of god-sized monsters, including the mighty Godzilla, who collides with Mothra, Rodan, and his ultimate nemesis, the three-headed King Ghidorah. When these ancient super-species, thought to be mere myths, rise again, they all vie for supremacy, leaving humanity\'s very existence hanging in the balance.',408.629,'2019-05-29','/pU3bnutJU91u3b4IeRPQTOP8jhV.jpg',3973, 6.7,'3.86600138e+08', 132, 'Long live the king.');
INSERT INTO MovieGenre(movieId, genreId) VALUES(373571,'878');
INSERT INTO MovieGenre(movieId, genreId) VALUES(373571,'28');
INSERT INTO MovieCountry(movieId, countryId) VALUES(373571,'CA');
INSERT INTO MovieCountry(movieId, countryId) VALUES(373571,'CN');
INSERT INTO MovieCountry(movieId, countryId) VALUES(373571,'JP');
INSERT INTO MovieCountry(movieId, countryId) VALUES(373571,'US');
INSERT INTO Personen(id, name, birthday, deathday, popularity, profilePath, gender, profession) VALUES(3497,'Kyle Chandler','','',5.619,'/12ycW6JwP51RJA36mbT7ietI4Ce.jpg',2,'Acting');
INSERT INTO MovieCredits(movieId, personId, job) VALUES(373571,3497,'Actor_Mark Russell');
INSERT INTO Personen(id, name, birthday, deathday, popularity, profilePath, gender, profession) VALUES(21657,'Vera Farmiga','','',15.207,'/5Vs7huBmTKftwlsc2BPAntyaQYj.jpg',1,'Acting');
INSERT INTO MovieCredits(movieId, personId, job) VALUES(373571,21657,'Actor_Emma Russell');
INSERT INTO MovieCredits(movieId, personId, job) VALUES(373571,1356210,'Actor_Madison Russell');
INSERT INTO Personen(id, name, birthday, deathday, popularity, profilePath, gender, profession) VALUES(3899,'Ken Watanabe','','',8.249,'/psAXOYp9SBOXvg6AXzARDedNQ9P.jpg',2,'Acting');
INSERT INTO MovieCredits(movieId, personId, job) VALUES(373571,3899,'Actor_Dr. Ishiro Serizawa');
INSERT INTO Personen(id, name, birthday, deathday, popularity, profilePath, gender, profession) VALUES(1339,'Zhang Ziyi','','',10.267,'/sjtAc10h5LaIaKV6Y1LoZoeE7HT.jpg',1,'Acting');
INSERT INTO MovieCredits(movieId, personId, job) VALUES(373571,1339,'Actor_Dr. Ilene Chen / Dr. Ling');
INSERT INTO Personen(id, name, birthday, deathday, popularity, profilePath, gender, profession) VALUES(11367,'Bradley Whitford','','',3.958,'/oeDv2qZWTxELLaNtOIoeG72leNY.jpg',2,'Acting');
INSERT INTO MovieCredits(movieId, personId, job) VALUES(373571,11367,'Actor_Dr. Rick Stanton');
INSERT INTO MovieCredits(movieId, personId, job) VALUES(373571,7232,'Casting');
INSERT INTO MovieCredits(movieId, personId, job) VALUES(373571,5387,'Director of Photography');
INSERT INTO Personen(id, name, birthday, deathday, popularity, profilePath, gender, profession) VALUES(7784,'Bob Ducsay','','',0.728,'/tAoX58WlTQUI4TIIlxMW0SsHZdZ.jpg',2,'Editing');
INSERT INTO MovieCredits(movieId, personId, job) VALUES(373571,7784,'Editor');
INSERT INTO Personen(id, name, birthday, deathday, popularity, profilePath, gender, profession) VALUES(8285,'Richard L. Johnson','','',1.4,'',2,'Art');
INSERT INTO MovieCredits(movieId, personId, job) VALUES(373571,8285,'Supervising Art Director');
INSERT INTO Personen(id, name, birthday, deathday, popularity, profilePath, gender, profession) VALUES(9646,'Richard Pearson','','',0.6,'',2,'Editing');
INSERT INTO MovieCredits(movieId, personId, job) VALUES(373571,9646,'Editor');
INSERT INTO Personen(id, name, birthday, deathday, popularity, profilePath, gender, profession) VALUES(9043,'Louise Mingenbach','','',0.681,'',1,'Costume & Make-Up');
INSERT INTO MovieCredits(movieId, personId, job) VALUES(373571,9043,'Costume Designer');
INSERT INTO Movies(id, title, overview, popularity, releaseDate, posterPath, voteCount, voteAvg, revenue, runtime, tagline) VALUES(666750,'Dragonheart: Vengeance','Lukas, a young farmer whose family is killed by savage raiders in the countryside, sets out on an epic quest for revenge, forming an unlikely trio with a majestic dragon and a swashbuckling, sword-fighting mercenary, Darius.',418.714,'2020-02-04','/qs6gz6atyQcAvqC6qZaslOjliUG.jpg',212, 6.9,'0', 97, '');
INSERT INTO MovieGenre(movieId, genreId) VALUES(666750,'14');
INSERT INTO MovieGenre(movieId, genreId) VALUES(666750,'28');
INSERT INTO MovieGenre(movieId, genreId) VALUES(666750,'12');
INSERT INTO MovieCountry(movieId, countryId) VALUES(666750,'US');
INSERT INTO Personen(id, name, birthday, deathday, popularity, profilePath, gender, profession) VALUES(1190069,'Joseph Millson','','',1.988,'/vMYpaMMEtRM7kq9UUiWVt6LB1H2.jpg',2,'Acting');
INSERT INTO MovieCredits(movieId, personId, job) VALUES(666750,1190069,'Actor_Darius');
INSERT INTO Personen(id, name, birthday, deathday, popularity, profilePath, gender, profession) VALUES(2337312,'Jack Kane','','',0.6,'/jdT7hIPjf2zg9fJSgtADDjZC8RP.jpg',2,'Acting');
INSERT INTO MovieCredits(movieId, personId, job) VALUES(666750,2337312,'Actor_Lukas');
INSERT INTO Personen(id, name, birthday, deathday, popularity, profilePath, gender, profession) VALUES(1788969,'Arturo Muselli','','',1.838,'/7JcySgF6QrH7VeYgLj3onhT3Yho.jpg',0,'Acting');
INSERT INTO MovieCredits(movieId, personId, job) VALUES(666750,1788969,'Actor_King Razvan');
INSERT INTO Personen(id, name, birthday, deathday, popularity, profilePath, gender, profession) VALUES(1283,'Helena Bonham Carter','','',10.877,'/DDeITcCpnBd0CkAIRPhggy9bt5.jpg',1,'Acting');
INSERT INTO MovieCredits(movieId, personId, job) VALUES(666750,1283,'Actor_Siveth (voice)');
INSERT INTO Personen(id, name, birthday, deathday, popularity, profilePath, gender, profession) VALUES(1789284,'Carolina Carlsson','','',2.937,'/5DuTKD5Reo0lsRA5qmmeFUOKAdT.jpg',0,'Acting');
INSERT INTO MovieCredits(movieId, personId, job) VALUES(666750,1789284,'Actor_The Snake');
INSERT INTO Personen(id, name, birthday, deathday, popularity, profilePath, gender, profession) VALUES(1317450,'Tam Williams','','',0.6,'',2,'Acting');
INSERT INTO MovieCredits(movieId, personId, job) VALUES(666750,1317450,'Actor_The Scorpion');
INSERT INTO Personen(id, name, birthday, deathday, popularity, profilePath, gender, profession) VALUES(12507,'Raffaella De Laurentiis','','',0.98,'',1,'Production');
INSERT INTO MovieCredits(movieId, personId, job) VALUES(666750,12507,'Producer');
INSERT INTO Personen(id, name, birthday, deathday, popularity, profilePath, gender, profession) VALUES(29940,'Gillian Hawser','','',2.18,'',1,'Production');
INSERT INTO MovieCredits(movieId, personId, job) VALUES(666750,29940,'Casting');
INSERT INTO Personen(id, name, birthday, deathday, popularity, profilePath, gender, profession) VALUES(41385,'Hester Hargett','','',0.98,'',1,'Production');
INSERT INTO MovieCredits(movieId, personId, job) VALUES(666750,41385,'Line Producer');
INSERT INTO Personen(id, name, birthday, deathday, popularity, profilePath, gender, profession) VALUES(56058,'Charles Edward Pogue','','',1.4,'',0,'Writing');
INSERT INTO MovieCredits(movieId, personId, job) VALUES(666750,56058,'Characters');
INSERT INTO Personen(id, name, birthday, deathday, popularity, profilePath, gender, profession) VALUES(56059,'Patrick Read Johnson','','',1.4,'/oOapCW2aZTGnyJCezk6dlpBAf66.jpg',2,'Directing');
INSERT INTO MovieCredits(movieId, personId, job) VALUES(666750,56059,'Characters');
INSERT INTO Personen(id, name, birthday, deathday, popularity, profilePath, gender, profession) VALUES(60450,'Mark McKenzie','','',0.6,'',2,'Sound');
INSERT INTO MovieCredits(movieId, personId, job) VALUES(666750,60450,'Music');
INSERT INTO Movies(id, title, overview, popularity, releaseDate, posterPath, voteCount, voteAvg, revenue, runtime, tagline) VALUES(338762,'Bloodshot','After he and his wife are murdered, marine Ray Garrison is resurrected by a team of scientists. Enhanced with nanotechnology, he becomes a superhuman, biotech killing machine—\'Bloodshot\'. As Ray first trains with fellow super-soldiers, he cannot recall anything from his former life. But when his memories flood back and he remembers the man that killed both him and his wife, he breaks out of the facility to get revenge, only to discover that there\'s more to the conspiracy than he thought.',419.402,'2020-03-05','/8WUVHemHFH2ZIP6NWkwlHWsyrEL.jpg',3716, 6.9,'3.3542457e+07', 110, 'Being a superhero is in his blood');
INSERT INTO MovieGenre(movieId, genreId) VALUES(338762,'28');
INSERT INTO MovieGenre(movieId, genreId) VALUES(338762,'878');
INSERT INTO MovieCountry(movieId, countryId) VALUES(338762,'CN');
INSERT INTO MovieCountry(movieId, countryId) VALUES(338762,'US');
INSERT INTO Personen(id, name, birthday, deathday, popularity, profilePath, gender, profession) VALUES(12835,'Vin Diesel','','',26.873,'/dALF5XEkrduze1obQNF2uZMiQHr.jpg',2,'Acting');
INSERT INTO MovieCredits(movieId, personId, job) VALUES(338762,12835,'Actor_Ray Garrison / Bloodshot');
INSERT INTO MovieCredits(movieId, personId, job) VALUES(338762,1222992,'Actor_KT');
INSERT INTO Personen(id, name, birthday, deathday, popularity, profilePath, gender, profession) VALUES(209326,'Sam Heughan','','',6.282,'/rU3Whc039MeS4DEuxvf0AavFGH.jpg',2,'Acting');
INSERT INTO MovieCredits(movieId, personId, job) VALUES(338762,209326,'Actor_Jimmy Dalton');
INSERT INTO Personen(id, name, birthday, deathday, popularity, profilePath, gender, profession) VALUES(20286,'Toby Kebbell','','',4.444,'/5YrRWDQ8GKYP7uFw1PlJLuKE8O8.jpg',2,'Acting');
INSERT INTO MovieCredits(movieId, personId, job) VALUES(338762,20286,'Actor_Martin Axe');
INSERT INTO Personen(id, name, birthday, deathday, popularity, profilePath, gender, profession) VALUES(66441,'Talulah Riley','','',6.867,'/fyfrZQOHNiOcPs2SZTajfXpX17A.jpg',1,'Acting');
INSERT INTO MovieCredits(movieId, personId, job) VALUES(338762,66441,'Actor_Gina Garrison');
INSERT INTO Personen(id, name, birthday, deathday, popularity, profilePath, gender, profession) VALUES(1181327,'Lamorne Morris','','',4.978,'/2BMSPiyQYCWa0vjIwYxI0lUoZP5.jpg',2,'Acting');
INSERT INTO MovieCredits(movieId, personId, job) VALUES(338762,1181327,'Actor_Wilfred Wigans');
INSERT INTO MovieCredits(movieId, personId, job) VALUES(338762,561,'Casting');
INSERT INTO Personen(id, name, birthday, deathday, popularity, profilePath, gender, profession) VALUES(957,'Matthew Vaughn','','',3.144,'/Dnbz3B7yy4u0abixuD5LakZgsy.jpg',2,'Production');
INSERT INTO MovieCredits(movieId, personId, job) VALUES(338762,957,'Producer');
INSERT INTO MovieCredits(movieId, personId, job) VALUES(338762,957,'Executive Producer');
INSERT INTO Personen(id, name, birthday, deathday, popularity, profilePath, gender, profession) VALUES(5546,'Jim May','','',0.6,'',2,'Editing');
INSERT INTO MovieCredits(movieId, personId, job) VALUES(338762,5546,'Editor');
INSERT INTO Personen(id, name, birthday, deathday, popularity, profilePath, gender, profession) VALUES(11874,'Neal H. Moritz','','',1.388,'/pPvK5xZTp1PymWL5OGc7dtqvx9Q.jpg',2,'Production');
INSERT INTO MovieCredits(movieId, personId, job) VALUES(338762,11874,'Producer');
INSERT INTO MovieCredits(movieId, personId, job) VALUES(338762,12835,'Producer');
INSERT INTO Movies(id, title, overview, popularity, releaseDate, posterPath, voteCount, voteAvg, revenue, runtime, tagline) VALUES(631939,'Legionnaire\'s Trail','Noreno, a half-Roman, is entrusted with the mission of crossing the snowy mountains of Armenia, swarming with Parthian patrols, to seek help for his slowly dying men.',396.31,'2020-05-08','/6ssoBXQOxNhrsGJoM6Tcvm57V79.jpg',66, 6.6,'0', 96, '');
INSERT INTO Genres(id, genre) VALUES(36,'History');
INSERT INTO MovieGenre(movieId, genreId) VALUES(631939,'36');
INSERT INTO MovieGenre(movieId, genreId) VALUES(631939,'28');
INSERT INTO MovieGenre(movieId, genreId) VALUES(631939,'12');
INSERT INTO MovieCountry(movieId, countryId) VALUES(631939,'ES');
INSERT INTO MovieCountry(movieId, countryId) VALUES(631939,'US');
INSERT INTO Personen(id, name, birthday, deathday, popularity, profilePath, gender, profession) VALUES(2295,'Mickey Rourke','','',8.914,'/i6vXukUwRsJa7S9yhZgoKt9xLDv.jpg',2,'Acting');
INSERT INTO MovieCredits(movieId, personId, job) VALUES(631939,2295,'Actor_Corbulo');
INSERT INTO Personen(id, name, birthday, deathday, popularity, profilePath, gender, profession) VALUES(39126,'Bai Ling','','',6.325,'/4NB0MRVFjwutFQCPy8kbq6MEFrb.jpg',1,'Acting');
INSERT INTO MovieCredits(movieId, personId, job) VALUES(631939,39126,'Actor_Amirah');
INSERT INTO Personen(id, name, birthday, deathday, popularity, profilePath, gender, profession) VALUES(22462,'Joaquim de Almeida','','',7.963,'/5TLi0mVLo7GsRHBI1qY4eq4IDdK.jpg',2,'Acting');
INSERT INTO MovieCredits(movieId, personId, job) VALUES(631939,22462,'Actor_Paetus');
INSERT INTO Personen(id, name, birthday, deathday, popularity, profilePath, gender, profession) VALUES(19898,'Vladimir Kulich','','',4.979,'/z6pfLx4kJvqWj501SIxExu6rYFi.jpg',2,'Acting');
INSERT INTO MovieCredits(movieId, personId, job) VALUES(631939,19898,'Actor_Marcus');
INSERT INTO Personen(id, name, birthday, deathday, popularity, profilePath, gender, profession) VALUES(120234,'Maksim Matveev','','',2.683,'/hl9pKqP7Fr2LBeLieJKqgslLCW2.jpg',2,'Acting');
INSERT INTO MovieCredits(movieId, personId, job) VALUES(631939,120234,'Actor_');
INSERT INTO Personen(id, name, birthday, deathday, popularity, profilePath, gender, profession) VALUES(33401,'Bosco Hogan','','',1.38,'/sMa4b3F9KoHqReJ84pVybL0atQ2.jpg',2,'Acting');
INSERT INTO MovieCredits(movieId, personId, job) VALUES(631939,33401,'Actor_Saul');
INSERT INTO Personen(id, name, birthday, deathday, popularity, profilePath, gender, profession) VALUES(22453,'Jose Magan','','',0.6,'',0,'Production');
INSERT INTO MovieCredits(movieId, personId, job) VALUES(631939,22453,'Director');
INSERT INTO Movies(id, title, overview, popularity, releaseDate, posterPath, voteCount, voteAvg, revenue, runtime, tagline) VALUES(582306,'Assassin 33 A.D.','When a billionaire gives a group of young scientists unlimited resources to study the science of matter transfer, the scientists unlock the secrets of time travel. But they soon find out that the project is backed by a militant extremist group, and the billionaire plans to go back in time and prove that Jesus never rose from the dead.',385.962,'2020-01-24','/8jDvtdH327I8TgX3UPdkAsZF1dA.jpg',58, 5.2,'0', 108, 'What if the greatest event in human history was erased?');
INSERT INTO MovieGenre(movieId, genreId) VALUES(582306,'878');
INSERT INTO MovieGenre(movieId, genreId) VALUES(582306,'28');
INSERT INTO MovieGenre(movieId, genreId) VALUES(582306,'12');
INSERT INTO MovieGenre(movieId, genreId) VALUES(582306,'9648');
INSERT INTO MovieGenre(movieId, genreId) VALUES(582306,'36');
INSERT INTO MovieGenre(movieId, genreId) VALUES(582306,'14');
INSERT INTO MovieCountry(movieId, countryId) VALUES(582306,'US');
INSERT INTO Personen(id, name, birthday, deathday, popularity, profilePath, gender, profession) VALUES(1040679,'Donny Boaz','','',5.287,'/3QF9rdUqqMhTHorkAtVqsH6zvXt.jpg',2,'Acting');
INSERT INTO MovieCredits(movieId, personId, job) VALUES(582306,1040679,'Actor_Brandt');
INSERT INTO Personen(id, name, birthday, deathday, popularity, profilePath, gender, profession) VALUES(974455,'Susan Gallagher','','',0.638,'/ygx3xppCSIVFDoms42jiqhxqu3t.jpg',1,'Acting');
INSERT INTO MovieCredits(movieId, personId, job) VALUES(582306,974455,'Actor_Ram\'s Mom');
INSERT INTO Personen(id, name, birthday, deathday, popularity, profilePath, gender, profession) VALUES(1223711,'Heidi Montag','','',1.38,'/lelYQU5b1mnpuvV0NtrmCqfWoNv.jpg',1,'Acting');
INSERT INTO MovieCredits(movieId, personId, job) VALUES(582306,1223711,'Actor_Diane');
INSERT INTO Personen(id, name, birthday, deathday, popularity, profilePath, gender, profession) VALUES(1237283,'Beau Davidson','','',0.6,'/raU2mgegHSCALSK8mVnePeKk4Kl.jpg',2,'Acting');
INSERT INTO MovieCredits(movieId, personId, job) VALUES(582306,1237283,'Actor_Einstein');
INSERT INTO Personen(id, name, birthday, deathday, popularity, profilePath, gender, profession) VALUES(1632090,'Johnny Rey Diaz','','',0.6,'/jUIUmgzFFAmAb5fVAHoCQqUExGD.jpg',2,'Acting');
INSERT INTO MovieCredits(movieId, personId, job) VALUES(582306,1632090,'Actor_Kabil');
INSERT INTO Personen(id, name, birthday, deathday, popularity, profilePath, gender, profession) VALUES(31367,'Anthony Crivello','','',1.4,'/AmeKWIanHlHYEDXpDfySEk95Myo.jpg',2,'Acting');
INSERT INTO MovieCredits(movieId, personId, job) VALUES(582306,31367,'Actor_Ram\'s Father');
INSERT INTO Personen(id, name, birthday, deathday, popularity, profilePath, gender, profession) VALUES(2511025,'Jim Carroll','','',0.6,'',0,'Directing');
INSERT INTO MovieCredits(movieId, personId, job) VALUES(582306,2511025,'Director');
INSERT INTO MovieCredits(movieId, personId, job) VALUES(582306,2511025,'Writer');
INSERT INTO Movies(id, title, overview, popularity, releaseDate, posterPath, voteCount, voteAvg, revenue, runtime, tagline) VALUES(545609,'Extraction','Tyler Rake, a fearless mercenary who offers his services on the black market, embarks on a dangerous mission when he is hired to rescue the kidnapped son of a Mumbai crime lord.',397.992,'2020-04-24','/wlfDxbGEsW58vGhFljKkcR5IxDj.jpg',3744, 7.4,'0', 116, 'When the mission ends, redemption begins');
INSERT INTO MovieGenre(movieId, genreId) VALUES(545609,'18');
INSERT INTO MovieGenre(movieId, genreId) VALUES(545609,'28');
INSERT INTO MovieGenre(movieId, genreId) VALUES(545609,'53');
INSERT INTO MovieCountry(movieId, countryId) VALUES(545609,'US');
INSERT INTO Personen(id, name, birthday, deathday, popularity, profilePath, gender, profession) VALUES(74568,'Chris Hemsworth','','',19.952,'/jpurJ9jAcLCYjgHHfYF32m3zJYm.jpg',2,'Acting');
INSERT INTO MovieCredits(movieId, personId, job) VALUES(545609,74568,'Actor_Tyler Rake');
INSERT INTO Personen(id, name, birthday, deathday, popularity, profilePath, gender, profession) VALUES(2298804,'Rudhraksh Jaiswal','','',0.723,'/nIiqv0pbRwKeG7Ar42UrLgEBuYW.jpg',2,'Acting');
INSERT INTO MovieCredits(movieId, personId, job) VALUES(545609,2298804,'Actor_Ovi Mahajan');
INSERT INTO Personen(id, name, birthday, deathday, popularity, profilePath, gender, profession) VALUES(6519,'Randeep Hooda','','',0.754,'/fF6G3MlCfq6pH1YkHrFVDhe9Uvw.jpg',2,'Acting');
INSERT INTO MovieCredits(movieId, personId, job) VALUES(545609,6519,'Actor_Saju');
INSERT INTO Personen(id, name, birthday, deathday, popularity, profilePath, gender, profession) VALUES(229932,'Golshifteh Farahani','','',9.268,'/DuAPmZxZlX25m57pJy16WbIyKM.jpg',1,'Acting');
INSERT INTO MovieCredits(movieId, personId, job) VALUES(545609,229932,'Actor_Nik Khan');
INSERT INTO Personen(id, name, birthday, deathday, popularity, profilePath, gender, profession) VALUES(1179460,'Pankaj Tripathi','','',1.96,'/f3Vxz0QB7PHeyPcXrfJX14Xkxnu.jpg',2,'Acting');
INSERT INTO MovieCredits(movieId, personId, job) VALUES(545609,1179460,'Actor_Ovi Mahajan Sr.');
INSERT INTO Personen(id, name, birthday, deathday, popularity, profilePath, gender, profession) VALUES(35029,'David Harbour','','',8.61,'/chPekukMF5SNnW6b22NbYPqAStr.jpg',2,'Acting');
INSERT INTO MovieCredits(movieId, personId, job) VALUES(545609,35029,'Actor_Gaspar');
INSERT INTO MovieCredits(movieId, personId, job) VALUES(545609,1317,'Production Design');
INSERT INTO MovieCredits(movieId, personId, job) VALUES(545609,7232,'Casting');
INSERT INTO Personen(id, name, birthday, deathday, popularity, profilePath, gender, profession) VALUES(9583,'Charlie Revai','','',1.975,'',2,'Art');
INSERT INTO MovieCredits(movieId, personId, job) VALUES(545609,9583,'Supervising Art Director');
INSERT INTO MovieCredits(movieId, personId, job) VALUES(545609,9040,'Director of Photography');
INSERT INTO Personen(id, name, birthday, deathday, popularity, profilePath, gender, profession) VALUES(14924,'Mark Owen Forker','','',0.706,'',2,'Visual Effects');
INSERT INTO MovieCredits(movieId, personId, job) VALUES(545609,14924,'Visual Effects Supervisor');
INSERT INTO MovieCredits(movieId, personId, job) VALUES(545609,19271,'Producer');
INSERT INTO Movies(id, title, overview, popularity, releaseDate, posterPath, voteCount, voteAvg, revenue, runtime, tagline) VALUES(675490,'The Unfamiliar','A British Army doctor comes back from a war, thinking that she has PTSD only to discover that there is a more daunting malevolence at work making the life that she knew unfamiliar.',360.887,'2020-08-21','/g7Bxg2j7nbCpKo7U0j1jwU79XPY.jpg',50, 6.2,'0', 89, 'Some fears haunt you from within.');
INSERT INTO MovieGenre(movieId, genreId) VALUES(675490,'53');
INSERT INTO MovieGenre(movieId, genreId) VALUES(675490,'27');
INSERT INTO Personen(id, name, birthday, deathday, popularity, profilePath, gender, profession) VALUES(1075355,'Jemima West','','',1.4,'/i040KQaDRSxi5rjVmHoJXGJGLyw.jpg',1,'Acting');
INSERT INTO MovieCredits(movieId, personId, job) VALUES(675490,1075355,'Actor_Elizabeth (Izzy) Cormack');
INSERT INTO Personen(id, name, birthday, deathday, popularity, profilePath, gender, profession) VALUES(115671,'Christopher Dane','','',1.4,'/r6uLqyojkc7WyS75ahwlA2nKaDk.jpg',2,'Acting');
INSERT INTO MovieCredits(movieId, personId, job) VALUES(675490,115671,'Actor_Ethan Cormack');
INSERT INTO Personen(id, name, birthday, deathday, popularity, profilePath, gender, profession) VALUES(1888271,'Rebecca Hanssen','','',0.6,'/bq6JIYzEN2xw5JvSoRoPUqpRkjd.jpg',1,'Acting');
INSERT INTO MovieCredits(movieId, personId, job) VALUES(675490,1888271,'Actor_Emma Cormack');
INSERT INTO Personen(id, name, birthday, deathday, popularity, profilePath, gender, profession) VALUES(2720027,'Harry McMillan-Hunt','','',0.6,'',0,'Acting');
INSERT INTO MovieCredits(movieId, personId, job) VALUES(675490,2720027,'Actor_Tommy Cormack');
INSERT INTO Personen(id, name, birthday, deathday, popularity, profilePath, gender, profession) VALUES(2720031,'Rachel Lin','','',0.6,'',0,'Acting');
INSERT INTO MovieCredits(movieId, personId, job) VALUES(675490,2720031,'Actor_Auntie Mae');
INSERT INTO Personen(id, name, birthday, deathday, popularity, profilePath, gender, profession) VALUES(1306749,'Tori Butler-Hart','','',0.6,'/hMjFoGlltaVTTZvews6V1FUCFc7.jpg',1,'Acting');
INSERT INTO MovieCredits(movieId, personId, job) VALUES(675490,1306749,'Actor_Kaimoni');
INSERT INTO Personen(id, name, birthday, deathday, popularity, profilePath, gender, profession) VALUES(49187,'Reinhard Besser','','',0.694,'',0,'Sound');
INSERT INTO MovieCredits(movieId, personId, job) VALUES(675490,49187,'Executive Producer');
INSERT INTO Personen(id, name, birthday, deathday, popularity, profilePath, gender, profession) VALUES(75097,'Nick Baldock','','',0.6,'',0,'Sound');
INSERT INTO MovieCredits(movieId, personId, job) VALUES(675490,75097,'Supervising Sound Editor');
INSERT INTO Personen(id, name, birthday, deathday, popularity, profilePath, gender, profession) VALUES(75099,'Ben Carr','','',0.6,'',2,'Sound');
INSERT INTO MovieCredits(movieId, personId, job) VALUES(675490,75099,'Sound Re-Recording Mixer');
INSERT INTO Personen(id, name, birthday, deathday, popularity, profilePath, gender, profession) VALUES(167555,'Mark Davis','','',0.6,'',2,'Sound');
INSERT INTO MovieCredits(movieId, personId, job) VALUES(675490,167555,'Sound Effects Editor');
INSERT INTO Personen(id, name, birthday, deathday, popularity, profilePath, gender, profession) VALUES(1042668,'Henk Pretorius','','',0.6,'',0,'Writing');
INSERT INTO MovieCredits(movieId, personId, job) VALUES(675490,1042668,'Director');
INSERT INTO MovieCredits(movieId, personId, job) VALUES(675490,1042668,'Executive Producer');
INSERT INTO Movies(id, title, overview, popularity, releaseDate, posterPath, voteCount, voteAvg, revenue, runtime, tagline) VALUES(531499,'The Tax Collector','David Cuevas is a family man who works as a gangland tax collector for high ranking Los Angeles gang members. He makes collections across the city with his partner Creeper making sure people pay up or will see retaliation. An old threat returns to Los Angeles that puts everything David loves in harm’s way.',362.429,'2020-08-07','/3eg0kGC2Xh0vhydJHO37Sp4cmMt.jpg',273, 5.8,'942666', 95, 'Payback comes with interest.');
INSERT INTO MovieGenre(movieId, genreId) VALUES(531499,'28');
INSERT INTO MovieGenre(movieId, genreId) VALUES(531499,'80');
INSERT INTO MovieGenre(movieId, genreId) VALUES(531499,'18');
INSERT INTO MovieCountry(movieId, countryId) VALUES(531499,'US');
INSERT INTO Personen(id, name, birthday, deathday, popularity, profilePath, gender, profession) VALUES(150676,'Bobby Soto','','',1.4,'/z6YCkM8jKG65ujAJteMPx0LDscF.jpg',2,'Acting');
INSERT INTO MovieCredits(movieId, personId, job) VALUES(531499,150676,'Actor_David Cuervas');
INSERT INTO Personen(id, name, birthday, deathday, popularity, profilePath, gender, profession) VALUES(1201138,'Cinthya Carmona','','',6.625,'/GaZ3EBBcvVNSvVaNwljshB8kD8.jpg',1,'Acting');
INSERT INTO MovieCredits(movieId, personId, job) VALUES(531499,1201138,'Actor_Alexis');
INSERT INTO Personen(id, name, birthday, deathday, popularity, profilePath, gender, profession) VALUES(41798,'George Lopez','','',2.295,'/vLO7JRNp3i4h9PNz97FvEqpaBsL.jpg',2,'Acting');
INSERT INTO MovieCredits(movieId, personId, job) VALUES(531499,41798,'Actor_Uncle Louis');
INSERT INTO Personen(id, name, birthday, deathday, popularity, profilePath, gender, profession) VALUES(1102,'Elpidia Carrillo','','',2.725,'/zYVzGHtODIUs83uOlGnNtBMwLwo.jpg',1,'Acting');
INSERT INTO MovieCredits(movieId, personId, job) VALUES(531499,1102,'Actor_Janet');
INSERT INTO Personen(id, name, birthday, deathday, popularity, profilePath, gender, profession) VALUES(10959,'Shia LaBeouf','','',8.354,'/ljlpaXEManszxIcshYQoqo4au03.jpg',2,'Acting');
INSERT INTO MovieCredits(movieId, personId, job) VALUES(531499,10959,'Actor_Creeper');
INSERT INTO Personen(id, name, birthday, deathday, popularity, profilePath, gender, profession) VALUES(177231,'Lana Parrilla','','',5.371,'/xPEMMDHQiTEtvsq71v7ba8thyn1.jpg',1,'Acting');
INSERT INTO MovieCredits(movieId, personId, job) VALUES(531499,177231,'Actor_Favi');
INSERT INTO MovieCredits(movieId, personId, job) VALUES(531499,5914,'Casting');
INSERT INTO Personen(id, name, birthday, deathday, popularity, profilePath, gender, profession) VALUES(7236,'Andrew Menzies','','',0.6,'',2,'Art');
INSERT INTO MovieCredits(movieId, personId, job) VALUES(531499,7236,'Production Design');
INSERT INTO Personen(id, name, birthday, deathday, popularity, profilePath, gender, profession) VALUES(8408,'Salvatore Totino','','',1.38,'',2,'Camera');
INSERT INTO MovieCredits(movieId, personId, job) VALUES(531499,8408,'Director of Photography');
INSERT INTO MovieCredits(movieId, personId, job) VALUES(531499,19769,'Screenplay');
INSERT INTO MovieCredits(movieId, personId, job) VALUES(531499,19769,'Director');
INSERT INTO Personen(id, name, birthday, deathday, popularity, profilePath, gender, profession) VALUES(16368,'Steven Price','','',0.654,'/zN3dW6BKJwVkxuBwtvyfoHLAWqA.jpg',2,'Sound');
INSERT INTO MovieCredits(movieId, personId, job) VALUES(531499,16368,'Original Music Composer');
INSERT INTO Movies(id, title, overview, popularity, releaseDate, posterPath, voteCount, voteAvg, revenue, runtime, tagline) VALUES(520946,'100% Wolf','Freddy Lupin, heir to a proud family line of werewolves, is in for a shock when on his 14th birthday his first \'warfing\' goes awry, turning him into a ferocious poodle. The pack elders give Freddy until the next moonrise to prove he has the heart of a wolf, or risk being cast out forever. With the help of an unlikely ally in a streetwise stray named Batty, Freddy must prove he\'s 100% Wolf.',366.991,'2020-06-26','/2VrvxK4yxNCU6KVgo5TADJeBEQu.jpg',123, 5.8,'4.608579e+06', 96, 'Every pack needs a leader!');
INSERT INTO MovieGenre(movieId, genreId) VALUES(520946,'10751');
INSERT INTO MovieGenre(movieId, genreId) VALUES(520946,'16');
INSERT INTO MovieGenre(movieId, genreId) VALUES(520946,'14');
INSERT INTO MovieCountry(movieId, countryId) VALUES(520946,'AU');
INSERT INTO Countries(id, cname) VALUES('BE','Belgium');
INSERT INTO MovieCountry(movieId, countryId) VALUES(520946,'BE');
INSERT INTO Personen(id, name, birthday, deathday, popularity, profilePath, gender, profession) VALUES(2634036,'Ilai Swindells','','',1.708,'/nfKgkkaT4g3H0jwRfanTN50cqn4.jpg',2,'Acting');
INSERT INTO MovieCredits(movieId, personId, job) VALUES(520946,2634036,'Actor_Freddy Lupin (voice)');
INSERT INTO MovieCredits(movieId, personId, job) VALUES(520946,224181,'Actor_Flasheart (voice)');
INSERT INTO Personen(id, name, birthday, deathday, popularity, profilePath, gender, profession) VALUES(1372369,'Samara Weaving','','',9.433,'/7sHnBVEiJOzjdfzUHo9vvDLkoCH.jpg',1,'Acting');
INSERT INTO MovieCredits(movieId, personId, job) VALUES(520946,1372369,'Actor_Batty (voice)');
INSERT INTO Personen(id, name, birthday, deathday, popularity, profilePath, gender, profession) VALUES(82666,'Rhys Darby','','',4.711,'/q6Grd42OgTUbRcTarZhR9piA6a5.jpg',2,'Acting');
INSERT INTO MovieCredits(movieId, personId, job) VALUES(520946,82666,'Actor_Foxwell Cripp (voice)');
INSERT INTO Personen(id, name, birthday, deathday, popularity, profilePath, gender, profession) VALUES(43775,'Jane Lynch','','',8.847,'/dXuEGa9x7rYaItCARlaHSORZ3eD.jpg',1,'Acting');
INSERT INTO MovieCredits(movieId, personId, job) VALUES(520946,43775,'Actor_The Commander (voice)');
INSERT INTO Personen(id, name, birthday, deathday, popularity, profilePath, gender, profession) VALUES(1222880,'Rupert Degas','','',0.6,'',0,'Acting');
INSERT INTO MovieCredits(movieId, personId, job) VALUES(520946,1222880,'Actor_Uncle Hotspur (voice)');
INSERT INTO Personen(id, name, birthday, deathday, popularity, profilePath, gender, profession) VALUES(1304466,'Alexs Stadermann','','',0.6,'',0,'Directing');
INSERT INTO MovieCredits(movieId, personId, job) VALUES(520946,1304466,'Director');
INSERT INTO Personen(id, name, birthday, deathday, popularity, profilePath, gender, profession) VALUES(1414901,'Fin Edquist','','',0.611,'',0,'Writing');
INSERT INTO MovieCredits(movieId, personId, job) VALUES(520946,1414901,'Writer');
INSERT INTO Personen(id, name, birthday, deathday, popularity, profilePath, gender, profession) VALUES(2030779,'Alexia Gates-Foale','','',0.6,'',0,'Production');
INSERT INTO MovieCredits(movieId, personId, job) VALUES(520946,2030779,'Producer');
INSERT INTO Personen(id, name, birthday, deathday, popularity, profilePath, gender, profession) VALUES(2030780,'Barbara Stephen','','',0.6,'',0,'Production');
INSERT INTO MovieCredits(movieId, personId, job) VALUES(520946,2030780,'Producer');
INSERT INTO Personen(id, name, birthday, deathday, popularity, profilePath, gender, profession) VALUES(2030781,'Jayne Lyons','','',0.6,'',0,'Writing');
INSERT INTO MovieCredits(movieId, personId, job) VALUES(520946,2030781,'Novel');
INSERT INTO Personen(id, name, birthday, deathday, popularity, profilePath, gender, profession) VALUES(2051288,'Gregory Gavanski','','',0.6,'',0,'Production');
INSERT INTO MovieCredits(movieId, personId, job) VALUES(520946,2051288,'Executive Producer');
INSERT INTO Movies(id, title, overview, popularity, releaseDate, posterPath, voteCount, voteAvg, revenue, runtime, tagline) VALUES(512200,'Jumanji: The Next Level','As the gang return to Jumanji to rescue one of their own, they discover that nothing is as they expect. The players will have to brave parts unknown and unexplored in order to escape the world’s most dangerous game.',386.004,'2019-12-04','/jyw8VKYEiM1UDzPB7NsisUgBeJ8.jpg',5690, 7,'7.96575993e+08', 123, '');
INSERT INTO MovieGenre(movieId, genreId) VALUES(512200,'12');
INSERT INTO MovieGenre(movieId, genreId) VALUES(512200,'35');
INSERT INTO MovieGenre(movieId, genreId) VALUES(512200,'14');
INSERT INTO MovieCountry(movieId, countryId) VALUES(512200,'US');
INSERT INTO MovieCredits(movieId, personId, job) VALUES(512200,18918,'Actor_Dr. Smolder Bravestone');
INSERT INTO Personen(id, name, birthday, deathday, popularity, profilePath, gender, profession) VALUES(55638,'Kevin Hart','','',10.236,'/1mp95DQQrvfWttiJnvFnIF3VECR.jpg',2,'Acting');
INSERT INTO MovieCredits(movieId, personId, job) VALUES(512200,55638,'Actor_Franklin \'Mouse\' Finbar');
INSERT INTO Personen(id, name, birthday, deathday, popularity, profilePath, gender, profession) VALUES(70851,'Jack Black','','',9.301,'/rtCx0fiYxJVhzXXdwZE2XRTfIKE.jpg',2,'Acting');
INSERT INTO MovieCredits(movieId, personId, job) VALUES(512200,70851,'Actor_Professor Sheldon \'Shelly\' Oberon');
INSERT INTO Personen(id, name, birthday, deathday, popularity, profilePath, gender, profession) VALUES(543261,'Karen Gillan','','',18.983,'/rWx8u4F4aYIqmjJDeMK78ysPsu0.jpg',1,'Acting');
INSERT INTO MovieCredits(movieId, personId, job) VALUES(512200,543261,'Actor_Ruby Roundhouse');
INSERT INTO MovieCredits(movieId, personId, job) VALUES(512200,1625558,'Actor_Ming');
INSERT INTO MovieCredits(movieId, personId, job) VALUES(512200,130565,'Actor_Jefferson \'Seaplane\' McDonough');
INSERT INTO MovieCredits(movieId, personId, job) VALUES(512200,546,'Casting Director');
INSERT INTO Personen(id, name, birthday, deathday, popularity, profilePath, gender, profession) VALUES(3228,'Scott Rosenberg','','',3.185,'/uHqU0H8MSFieo1RTS3Erl6CYaH2.jpg',2,'Writing');
INSERT INTO MovieCredits(movieId, personId, job) VALUES(512200,3228,'Executive Producer');
INSERT INTO MovieCredits(movieId, personId, job) VALUES(512200,3228,'Writer');
INSERT INTO Personen(id, name, birthday, deathday, popularity, profilePath, gender, profession) VALUES(20586,'Stella Vaccaro','','',0.6,'',1,'Art');
INSERT INTO MovieCredits(movieId, personId, job) VALUES(512200,20586,'Art Direction');
INSERT INTO Personen(id, name, birthday, deathday, popularity, profilePath, gender, profession) VALUES(9196,'Ted Field','','',0.84,'',2,'Production');
INSERT INTO MovieCredits(movieId, personId, job) VALUES(512200,9196,'Executive Producer');
INSERT INTO MovieCredits(movieId, personId, job) VALUES(512200,9043,'Costume Design');
INSERT INTO Movies(id, title, overview, popularity, releaseDate, posterPath, voteCount, voteAvg, revenue, runtime, tagline) VALUES(461130,'Code 8','In Lincoln City, some inhabitants have extraordinary abilities. Most live below the poverty line, under the close surveillance of a heavily militarized police force. Connor, a construction worker with powers, involves with a criminal gang to help his ailing mother. (Based on the short film “Code 8,” 2016.)',308.487,'2019-12-06','/izGX7npHEopDQvngYcxMJEfcFbj.jpg',1143, 6.2,'157209', 99, 'Fear is the most dangerous power');
INSERT INTO MovieGenre(movieId, genreId) VALUES(461130,'878');
INSERT INTO MovieGenre(movieId, genreId) VALUES(461130,'28');
INSERT INTO MovieGenre(movieId, genreId) VALUES(461130,'80');
INSERT INTO MovieGenre(movieId, genreId) VALUES(461130,'53');
INSERT INTO MovieGenre(movieId, genreId) VALUES(461130,'18');
INSERT INTO MovieCountry(movieId, countryId) VALUES(461130,'CA');
INSERT INTO MovieCountry(movieId, countryId) VALUES(461130,'GB');
INSERT INTO MovieCountry(movieId, countryId) VALUES(461130,'US');
INSERT INTO Personen(id, name, birthday, deathday, popularity, profilePath, gender, profession) VALUES(76110,'Stephen Amell','','',12.466,'/gN8cpnUaPIzWhVufahmzV0dwOgp.jpg',2,'Acting');
INSERT INTO MovieCredits(movieId, personId, job) VALUES(461130,76110,'Actor_Garrett');
INSERT INTO Personen(id, name, birthday, deathday, popularity, profilePath, gender, profession) VALUES(1223726,'Robbie Amell','','',7.395,'/qRDwwBVJmYk7yhlo8VwRMook4yd.jpg',2,'Acting');
INSERT INTO MovieCredits(movieId, personId, job) VALUES(461130,1223726,'Actor_Connor Reed');
INSERT INTO Personen(id, name, birthday, deathday, popularity, profilePath, gender, profession) VALUES(5937,'Kari Matchett','','',5.523,'/n3XMEVkAH2QsUHEoDvs0kAlFz08.jpg',1,'Acting');
INSERT INTO MovieCredits(movieId, personId, job) VALUES(461130,5937,'Actor_Mary Reed');
INSERT INTO Personen(id, name, birthday, deathday, popularity, profilePath, gender, profession) VALUES(2482346,'Penny Eizenga','','',0.6,'/aaPLZlUaQlu3S58cFitlfBij5jB.jpg',1,'Acting');
INSERT INTO MovieCredits(movieId, personId, job) VALUES(461130,2482346,'Actor_Receptionist');
INSERT INTO Personen(id, name, birthday, deathday, popularity, profilePath, gender, profession) VALUES(133921,'Lawrence Bayne','','',1.364,'/rZ0QabVVSmzsWq1dbPeGxFFekYZ.jpg',2,'Acting');
INSERT INTO MovieCredits(movieId, personId, job) VALUES(461130,133921,'Actor_Big Joe');
INSERT INTO Personen(id, name, birthday, deathday, popularity, profilePath, gender, profession) VALUES(1470382,'Jai Jai Jones','','',1.38,'/2GxNPLmgWq6DZns5BTveueJPiab.jpg',2,'Acting');
INSERT INTO MovieCredits(movieId, personId, job) VALUES(461130,1470382,'Actor_Travis');
INSERT INTO Personen(id, name, birthday, deathday, popularity, profilePath, gender, profession) VALUES(4584,'Robert Jones','','',1.662,'',2,'Production');
INSERT INTO MovieCredits(movieId, personId, job) VALUES(461130,4584,'Executive Producer');
INSERT INTO Personen(id, name, birthday, deathday, popularity, profilePath, gender, profession) VALUES(15230,'Nick Alachiotis','','',2.915,'/xP76F3bxWjBZ42cgWgh1MMHxy0q.jpg',2,'Acting');
INSERT INTO MovieCredits(movieId, personId, job) VALUES(461130,15230,'Stunts');
INSERT INTO Personen(id, name, birthday, deathday, popularity, profilePath, gender, profession) VALUES(59586,'Brian Campbell','','',0.6,'',0,'Production');
INSERT INTO MovieCredits(movieId, personId, job) VALUES(461130,59586,'Unit Production Manager');
INSERT INTO Personen(id, name, birthday, deathday, popularity, profilePath, gender, profession) VALUES(61697,'Sung Kang','','',15.823,'/vnZT5tbEWakOeLVITBuAaN645cm.jpg',2,'Acting');
INSERT INTO MovieCredits(movieId, personId, job) VALUES(461130,61697,'Executive Producer');
INSERT INTO Personen(id, name, birthday, deathday, popularity, profilePath, gender, profession) VALUES(64759,'Mary Anne Waterhouse','','',0.6,'',1,'Production');
INSERT INTO MovieCredits(movieId, personId, job) VALUES(461130,64759,'Executive Producer');
INSERT INTO Personen(id, name, birthday, deathday, popularity, profilePath, gender, profession) VALUES(72117,'Matt Birman','','',1.467,'/liP6CWzmypTyTCQiIO0qwoxiCiF.jpg',2,'Crew');
INSERT INTO MovieCredits(movieId, personId, job) VALUES(461130,72117,'Stunts');
INSERT INTO Movies(id, title, overview, popularity, releaseDate, posterPath, voteCount, voteAvg, revenue, runtime, tagline) VALUES(737568,'The Doorman','A former Marine turned doorman at a luxury New York City high-rise must outsmart and battle a group of art thieves and their ruthless leader — while struggling to protect her sister\'s family. As the thieves become increasingly desperate and violent, the doorman calls upon her deadly fighting skills to end the showdown.',331.478,'2020-10-01','/pklyUbh4k1DbHdnsOMASyw7C6NH.jpg',194, 5.8,'118666', 97, 'Be careful who you trust.');
INSERT INTO MovieGenre(movieId, genreId) VALUES(737568,'28');
INSERT INTO MovieGenre(movieId, genreId) VALUES(737568,'53');
INSERT INTO MovieCountry(movieId, countryId) VALUES(737568,'US');
INSERT INTO Personen(id, name, birthday, deathday, popularity, profilePath, gender, profession) VALUES(1246972,'Ruby Rose','','',17.244,'/djhT0A2hZxpYKPnCeRtim8qUdPi.jpg',1,'Acting');
INSERT INTO MovieCredits(movieId, personId, job) VALUES(737568,1246972,'Actor_Ali');
INSERT INTO Personen(id, name, birthday, deathday, popularity, profilePath, gender, profession) VALUES(1003,'Jean Reno','','',14.803,'/q7dYamebioHRuvb9EWeSw8yTEfS.jpg',2,'Acting');
INSERT INTO MovieCredits(movieId, personId, job) VALUES(737568,1003,'Actor_Victor Dubois');
INSERT INTO Personen(id, name, birthday, deathday, popularity, profilePath, gender, profession) VALUES(76547,'Aksel Hennie','','',1.96,'/sceuNjVXtsHOS3cn0MsLfZRkAQx.jpg',2,'Acting');
INSERT INTO MovieCredits(movieId, personId, job) VALUES(737568,76547,'Actor_Borz');
INSERT INTO Personen(id, name, birthday, deathday, popularity, profilePath, gender, profession) VALUES(17283,'Rupert Evans','','',2.625,'/YrsdSUjinm0NN6qd8Y2znPf8Cg.jpg',2,'Acting');
INSERT INTO MovieCredits(movieId, personId, job) VALUES(737568,17283,'Actor_Jon Stanton');
INSERT INTO Personen(id, name, birthday, deathday, popularity, profilePath, gender, profession) VALUES(1358574,'Julian Feder','','',2.103,'/dfhAZETTKwyqGuKxhOTU5JjS8EA.jpg',0,'Acting');
INSERT INTO MovieCredits(movieId, personId, job) VALUES(737568,1358574,'Actor_Max');
INSERT INTO Personen(id, name, birthday, deathday, popularity, profilePath, gender, profession) VALUES(1180795,'David Sakurai','','',0.6,'/kC0o7PEqRLb6iciL7Y3MjMxh1dw.jpg',2,'Acting');
INSERT INTO MovieCredits(movieId, personId, job) VALUES(737568,1180795,'Actor_Andre');
INSERT INTO Personen(id, name, birthday, deathday, popularity, profilePath, gender, profession) VALUES(27220,'Luca Tranchino','','',0.6,'',0,'Art');
INSERT INTO MovieCredits(movieId, personId, job) VALUES(737568,27220,'Production Design');
INSERT INTO Personen(id, name, birthday, deathday, popularity, profilePath, gender, profession) VALUES(31230,'Matthias Schubert','','',0.6,'',0,'Crew');
INSERT INTO MovieCredits(movieId, personId, job) VALUES(737568,31230,'Director of Photography');
INSERT INTO Personen(id, name, birthday, deathday, popularity, profilePath, gender, profession) VALUES(45996,'Ryûhei Kitamura','','',1.96,'/iitzR6lbdD1sCK2LOoG8Li1Cg30.jpg',2,'Directing');
INSERT INTO MovieCredits(movieId, personId, job) VALUES(737568,45996,'Director');
INSERT INTO Personen(id, name, birthday, deathday, popularity, profilePath, gender, profession) VALUES(59668,'Shannon Makhanian','','',1.553,'/a1RMBX2w8zIf3MWiVbMBW1UPt5L.jpg',1,'Production');
INSERT INTO MovieCredits(movieId, personId, job) VALUES(737568,59668,'Casting');
INSERT INTO Personen(id, name, birthday, deathday, popularity, profilePath, gender, profession) VALUES(62878,'Ioana Albaiu','','',0.6,'',1,'Costume & Make-Up');
INSERT INTO MovieCredits(movieId, personId, job) VALUES(737568,62878,'Costume Supervisor');
INSERT INTO Personen(id, name, birthday, deathday, popularity, profilePath, gender, profession) VALUES(92554,'Harry Winer','','',0.6,'',2,'Directing');
INSERT INTO MovieCredits(movieId, personId, job) VALUES(737568,92554,'Producer');
INSERT INTO Movies(id, title, overview, popularity, releaseDate, posterPath, voteCount, voteAvg, revenue, runtime, tagline) VALUES(638597,'Yes Day','A mom and dad who usually say no decide to say yes to their kids\' wildest requests — with a few ground rules — on a whirlwind day of fun and adventure.',327.539,'2021-03-12','/rejrD9ovTHJbfmpLM0mbEliEPV6.jpg',467, 7,'0', 86, 'For 24 hours, kids make the rules.');
INSERT INTO MovieGenre(movieId, genreId) VALUES(638597,'35');
INSERT INTO MovieGenre(movieId, genreId) VALUES(638597,'10751');
INSERT INTO MovieCountry(movieId, countryId) VALUES(638597,'US');
INSERT INTO Personen(id, name, birthday, deathday, popularity, profilePath, gender, profession) VALUES(9278,'Jennifer Garner','','',7.681,'/ftymEXqdTnXfaI6dGd9qrJoFOSE.jpg',1,'Acting');
INSERT INTO MovieCredits(movieId, personId, job) VALUES(638597,9278,'Actor_Allison Torres');
INSERT INTO Personen(id, name, birthday, deathday, popularity, profilePath, gender, profession) VALUES(25616,'Edgar Ramírez','','',4.487,'/7VZnIAI7Yye0rfs7fPM5wI2CI6N.jpg',2,'Acting');
INSERT INTO MovieCredits(movieId, personId, job) VALUES(638597,25616,'Actor_Carlos Torres');
INSERT INTO Personen(id, name, birthday, deathday, popularity, profilePath, gender, profession) VALUES(974169,'Jenna Ortega','','',9.915,'/aQZ68fE7gkofkC99zHrqsZSqski.jpg',1,'Acting');
INSERT INTO MovieCredits(movieId, personId, job) VALUES(638597,974169,'Actor_Katie Torres');
INSERT INTO Personen(id, name, birthday, deathday, popularity, profilePath, gender, profession) VALUES(1942582,'Julian Lerner','','',0.6,'',0,'Acting');
INSERT INTO MovieCredits(movieId, personId, job) VALUES(638597,1942582,'Actor_Nando Torres');
INSERT INTO Personen(id, name, birthday, deathday, popularity, profilePath, gender, profession) VALUES(2443015,'Everly Carganilla','','',0.6,'',0,'Acting');
INSERT INTO MovieCredits(movieId, personId, job) VALUES(638597,2443015,'Actor_Ellie Torres');
INSERT INTO Personen(id, name, birthday, deathday, popularity, profilePath, gender, profession) VALUES(2320763,'H.E.R.','','',0.6,'/8TUjHWRA3VBEV3W1dM0PZ95C0tb.jpg',1,'Acting');
INSERT INTO MovieCredits(movieId, personId, job) VALUES(638597,2320763,'Actor_H.E.R.');
INSERT INTO Personen(id, name, birthday, deathday, popularity, profilePath, gender, profession) VALUES(497,'Doug J. Meerdink','','',0.98,'',2,'Art');
INSERT INTO MovieCredits(movieId, personId, job) VALUES(638597,497,'Production Design');
INSERT INTO Personen(id, name, birthday, deathday, popularity, profilePath, gender, profession) VALUES(1589,'Michael Andrews','','',0.6,'',2,'Sound');
INSERT INTO MovieCredits(movieId, personId, job) VALUES(638597,1589,'Original Music Composer');
INSERT INTO MovieCredits(movieId, personId, job) VALUES(638597,9278,'Producer');
INSERT INTO Personen(id, name, birthday, deathday, popularity, profilePath, gender, profession) VALUES(13588,'Rosemary Brandenburg','','',0.6,'/rrlIjwGSprN47jjXCVIhoIBjKXr.jpg',1,'Art');
INSERT INTO MovieCredits(movieId, personId, job) VALUES(638597,13588,'Set Decoration');
INSERT INTO Personen(id, name, birthday, deathday, popularity, profilePath, gender, profession) VALUES(47293,'Terry Stacey','','',0.6,'',2,'Camera');
INSERT INTO MovieCredits(movieId, personId, job) VALUES(638597,47293,'Director of Photography');
INSERT INTO Personen(id, name, birthday, deathday, popularity, profilePath, gender, profession) VALUES(61069,'Miguel Arteta','','',4.114,'/bAuqxNYzxFxU4lX8wExPzBZ8vJ6.jpg',2,'Directing');
INSERT INTO MovieCredits(movieId, personId, job) VALUES(638597,61069,'Director');
INSERT INTO Movies(id, title, overview, popularity, releaseDate, posterPath, voteCount, voteAvg, revenue, runtime, tagline) VALUES(592350,'My Hero Academia: Heroes Rising','Class 1-A visits Nabu Island where they finally get to do some real hero work. The place is so peaceful that it\'s more like a vacation … until they\'re attacked by a villain with an unfathomable Quirk! His power is eerily familiar, and it looks like Shigaraki had a hand in the plan. But with All Might retired and citizens\' lives on the line, there\'s no time for questions. Deku and his friends are the next generation of heroes, and they\'re the island\'s only hope.',374.94,'2019-12-20','/zGVbrulkupqpbwgiNedkJPyQum4.jpg',672, 8.5,'2.990085e+07', 104, '');
INSERT INTO MovieGenre(movieId, genreId) VALUES(592350,'16');
INSERT INTO MovieGenre(movieId, genreId) VALUES(592350,'28');
INSERT INTO MovieGenre(movieId, genreId) VALUES(592350,'14');
INSERT INTO MovieGenre(movieId, genreId) VALUES(592350,'12');
INSERT INTO MovieCountry(movieId, countryId) VALUES(592350,'JP');
INSERT INTO Personen(id, name, birthday, deathday, popularity, profilePath, gender, profession) VALUES(1325962,'Daiki Yamashita','','',4.779,'/rQNdJdZewk7VGP16ZNbpfJ9ZeMd.jpg',2,'Acting');
INSERT INTO MovieCredits(movieId, personId, job) VALUES(592350,1325962,'Actor_Izuku Midoriya (voice)');
INSERT INTO Personen(id, name, birthday, deathday, popularity, profilePath, gender, profession) VALUES(1245094,'Nobuhiko Okamoto','','',10.317,'/qyZpSYva9O9JQIZ0nVmXTf90FlL.jpg',2,'Acting');
INSERT INTO MovieCredits(movieId, personId, job) VALUES(592350,1245094,'Actor_Katsuki Bakugou (voice)');
INSERT INTO Personen(id, name, birthday, deathday, popularity, profilePath, gender, profession) VALUES(1247771,'Yuka Terasaki','','',3.096,'/6UMP4F0FsbfN60dU8NwmFGSbfvH.jpg',1,'Acting');
INSERT INTO MovieCredits(movieId, personId, job) VALUES(592350,1247771,'Actor_Katsuma (voice)');
INSERT INTO Personen(id, name, birthday, deathday, popularity, profilePath, gender, profession) VALUES(1309253,'Tomoyo Kurosawa','','',3.792,'/rBbnk9Hg7iXMaRPtDU2HuUZSr6k.jpg',1,'Acting');
INSERT INTO MovieCredits(movieId, personId, job) VALUES(592350,1309253,'Actor_Mahoro (voice)');
INSERT INTO Personen(id, name, birthday, deathday, popularity, profilePath, gender, profession) VALUES(149894,'Yuki Kaji','','',12.447,'/8wKdPV11IwowfwoqGqMMNt9hmp6.jpg',2,'Acting');
INSERT INTO MovieCredits(movieId, personId, job) VALUES(592350,149894,'Actor_Shouto Todoroki (voice)');
INSERT INTO Personen(id, name, birthday, deathday, popularity, profilePath, gender, profession) VALUES(1324666,'Kaito Ishikawa','','',5.859,'/kLVhJYH73ust9ComUxGR63DOvxu.jpg',2,'Acting');
INSERT INTO MovieCredits(movieId, personId, job) VALUES(592350,1324666,'Actor_Tenya Iida (voice)');
INSERT INTO Personen(id, name, birthday, deathday, popularity, profilePath, gender, profession) VALUES(116681,'Yōsuke Kuroda','','',2.96,'/svtvrGyKehb5wV0kPJEM7iMz9Zw.jpg',2,'Writing');
INSERT INTO MovieCredits(movieId, personId, job) VALUES(592350,116681,'Screenplay');
INSERT INTO Personen(id, name, birthday, deathday, popularity, profilePath, gender, profession) VALUES(552042,'Yoshihiko Umakoshi','','',1.614,'',0,'Visual Effects');
INSERT INTO MovieCredits(movieId, personId, job) VALUES(592350,552042,'Animation Director');
INSERT INTO MovieCredits(movieId, personId, job) VALUES(592350,552042,'Character Designer');
INSERT INTO Personen(id, name, birthday, deathday, popularity, profilePath, gender, profession) VALUES(1307036,'Kenji Nagasaki','','',2.901,'',2,'Directing');
INSERT INTO MovieCredits(movieId, personId, job) VALUES(592350,1307036,'Director');
INSERT INTO Personen(id, name, birthday, deathday, popularity, profilePath, gender, profession) VALUES(1361301,'Masaru Kitao','','',0.6,'',2,'Visual Effects');
INSERT INTO MovieCredits(movieId, personId, job) VALUES(592350,1361301,'Animation Director');
INSERT INTO Personen(id, name, birthday, deathday, popularity, profilePath, gender, profession) VALUES(1505059,'Yuki Hayashi','','',0.732,'/iCg4vtRXcuGAprflzCgG541hqfa.jpg',2,'Sound');
INSERT INTO MovieCredits(movieId, personId, job) VALUES(592350,1505059,'Original Music Composer');
INSERT INTO Movies(id, title, overview, popularity, releaseDate, posterPath, voteCount, voteAvg, revenue, runtime, tagline) VALUES(682254,'Scooby-Doo! The Sword and the Scoob','An evil sorceress transports the gang back to the age of chivalrous knights, spell-casting wizards, and fire-breathing dragons.',350.493,'2021-02-22','/sCoG0ibohbPrnyomtzegSuBL40L.jpg',76, 7.8,'0', 72, 'Mystery, inc. is back!');
INSERT INTO MovieGenre(movieId, genreId) VALUES(682254,'16');
INSERT INTO MovieGenre(movieId, genreId) VALUES(682254,'35');
INSERT INTO MovieGenre(movieId, genreId) VALUES(682254,'10751');
INSERT INTO MovieGenre(movieId, genreId) VALUES(682254,'9648');
INSERT INTO MovieGenre(movieId, genreId) VALUES(682254,'12');
INSERT INTO MovieCountry(movieId, countryId) VALUES(682254,'US');
INSERT INTO Personen(id, name, birthday, deathday, popularity, profilePath, gender, profession) VALUES(15831,'Frank Welker','','',11.943,'/xXODQ5AX6pG4my8ieeEIuiAREXs.jpg',2,'Acting');
INSERT INTO MovieCredits(movieId, personId, job) VALUES(682254,15831,'Actor_Scooby-Doo / Fred Jones / Monster (voice)');
INSERT INTO Personen(id, name, birthday, deathday, popularity, profilePath, gender, profession) VALUES(15761,'Grey DeLisle','','',7.745,'/1gcxA3Fxhcn1IQ3i3vrJkJ94Hi5.jpg',1,'Acting');
INSERT INTO MovieCredits(movieId, personId, job) VALUES(682254,15761,'Actor_Daphne Blake (voice)');
INSERT INTO Personen(id, name, birthday, deathday, popularity, profilePath, gender, profession) VALUES(26457,'Matthew Lillard','','',5.248,'/auUbijDzR9xpSgQtLsYDvNatloj.jpg',2,'Acting');
INSERT INTO MovieCredits(movieId, personId, job) VALUES(682254,26457,'Actor_Shaggy Rogers (voice)');
INSERT INTO Personen(id, name, birthday, deathday, popularity, profilePath, gender, profession) VALUES(132354,'Kate Micucci','','',9.041,'/10FRMebTRHAgkxqhJ3Egq1liICF.jpg',1,'Acting');
INSERT INTO MovieCredits(movieId, personId, job) VALUES(682254,132354,'Actor_Velma Dinkley / Sandi (voice)');
INSERT INTO Personen(id, name, birthday, deathday, popularity, profilePath, gender, profession) VALUES(11355,'Jason Isaacs','','',8.014,'/nlim5RpNgpNcN0BWhhOCWmaMEHI.jpg',2,'Acting');
INSERT INTO MovieCredits(movieId, personId, job) VALUES(682254,11355,'Actor_King Arthur Pendragon (voice)');
INSERT INTO Personen(id, name, birthday, deathday, popularity, profilePath, gender, profession) VALUES(4031,'Greg Ellis','','',3.35,'/4vqx2I8ulOPcouOFmOM0UTD3tzj.jpg',2,'Acting');
INSERT INTO MovieCredits(movieId, personId, job) VALUES(682254,4031,'Actor_Herald / Herman Ellinger / British Passenger (voice)');
INSERT INTO MovieCredits(movieId, personId, job) VALUES(682254,15831,'Vocals');
INSERT INTO MovieCredits(movieId, personId, job) VALUES(682254,13594,'Characters');
INSERT INTO MovieCredits(movieId, personId, job) VALUES(682254,13620,'Characters');
INSERT INTO Personen(id, name, birthday, deathday, popularity, profilePath, gender, profession) VALUES(81597,'Maxwell Atoms','','',1.575,'',0,'Writing');
INSERT INTO MovieCredits(movieId, personId, job) VALUES(682254,81597,'Director');
INSERT INTO MovieCredits(movieId, personId, job) VALUES(682254,81597,'Producer');
INSERT INTO MovieCredits(movieId, personId, job) VALUES(682254,81597,'Writer');
INSERT INTO Movies(id, title, overview, popularity, releaseDate, posterPath, voteCount, voteAvg, revenue, runtime, tagline) VALUES(283566,'Evangelion: 3.0+1.0 Thrice Upon a Time','In the aftermath of the Fourth Impact, stranded without their Evangelions, Shinji, Asuka, and Rei search for refuge in the desolate red remains of Tokyo-3. But the danger to the world is far from over. A new impact is looming on the horizon—one that will prove to be the true end of Evangelion.',334.322,'2021-03-08','/jDwZavHo99JtGsCyRzp4epeeBHx.jpg',6, 6.5,'0', 155, 'Bye-bye, all of EVANGELION.');
INSERT INTO MovieGenre(movieId, genreId) VALUES(283566,'16');
INSERT INTO MovieGenre(movieId, genreId) VALUES(283566,'28');
INSERT INTO MovieGenre(movieId, genreId) VALUES(283566,'18');
INSERT INTO MovieGenre(movieId, genreId) VALUES(283566,'878');
INSERT INTO MovieCountry(movieId, countryId) VALUES(283566,'JP');
INSERT INTO Personen(id, name, birthday, deathday, popularity, profilePath, gender, profession) VALUES(77927,'Megumi Ogata','','',3.661,'/cT2dWOMA1ZpnFPU6z2xEKQjAbmz.jpg',1,'Acting');
INSERT INTO MovieCredits(movieId, personId, job) VALUES(283566,77927,'Actor_Shinji Ikari (voice)');
INSERT INTO Personen(id, name, birthday, deathday, popularity, profilePath, gender, profession) VALUES(40325,'Megumi Hayashibara','','',5.821,'/foMjA6q9ou0359lxYOzwTVq1ZL8.jpg',1,'Acting');
INSERT INTO MovieCredits(movieId, personId, job) VALUES(283566,40325,'Actor_Rei Ayanami (voice)');
INSERT INTO Personen(id, name, birthday, deathday, popularity, profilePath, gender, profession) VALUES(83768,'Yuko Miyamura','','',4.124,'/dVfbS1oiGuzXk5IZLNSsfoLNjUR.jpg',1,'Acting');
INSERT INTO MovieCredits(movieId, personId, job) VALUES(283566,83768,'Actor_Asuka Langley Shikinami (voice)');
INSERT INTO Personen(id, name, birthday, deathday, popularity, profilePath, gender, profession) VALUES(77931,'Kotono Mitsuishi','','',7.946,'/1kqWHBmMGEjdyySvRPjh4ZHAnrm.jpg',1,'Acting');
INSERT INTO MovieCredits(movieId, personId, job) VALUES(283566,77931,'Actor_Misato Katsuragi (voice)');
INSERT INTO Personen(id, name, birthday, deathday, popularity, profilePath, gender, profession) VALUES(77933,'Yuriko Yamaguchi','','',2.316,'/7e3BXCPv0X2pqwfdfW52n7VDFmI.jpg',1,'Acting');
INSERT INTO MovieCredits(movieId, personId, job) VALUES(283566,77933,'Actor_Ritsuko Akagi (voice)');
INSERT INTO Personen(id, name, birthday, deathday, popularity, profilePath, gender, profession) VALUES(9711,'Maaya Sakamoto','','',4.603,'/hPz2oEQui8a4q9aXdBugQf93ONq.jpg',1,'Acting');
INSERT INTO MovieCredits(movieId, personId, job) VALUES(283566,9711,'Actor_Mari Illustrious Makinami (voice)');
INSERT INTO Personen(id, name, birthday, deathday, popularity, profilePath, gender, profession) VALUES(17132,'Shiro Sagisu','','',0.6,'',2,'Sound');
INSERT INTO MovieCredits(movieId, personId, job) VALUES(283566,17132,'Music');
INSERT INTO Personen(id, name, birthday, deathday, popularity, profilePath, gender, profession) VALUES(56341,'Mahiro Maeda','','',0.84,'/uYLWr4VI3r2VbG0LY5WG69tVnRi.jpg',2,'Directing');
INSERT INTO MovieCredits(movieId, personId, job) VALUES(283566,56341,'Director');
INSERT INTO Personen(id, name, birthday, deathday, popularity, profilePath, gender, profession) VALUES(77921,'Hideaki Anno','','',3.452,'/vdqUa18A8D2lIVgxpzWS4ldU3PL.jpg',2,'Directing');
INSERT INTO MovieCredits(movieId, personId, job) VALUES(283566,77921,'Screenplay');
INSERT INTO MovieCredits(movieId, personId, job) VALUES(283566,77921,'Director');
INSERT INTO MovieCredits(movieId, personId, job) VALUES(283566,77921,'Creator');
INSERT INTO Personen(id, name, birthday, deathday, popularity, profilePath, gender, profession) VALUES(77923,'Kazuya Tsurumaki','','',2.506,'/dgpgjAOLG53CI14x8VZVe1oyobd.jpg',2,'Directing');
INSERT INTO MovieCredits(movieId, personId, job) VALUES(283566,77923,'Director');
INSERT INTO Movies(id, title, overview, popularity, releaseDate, posterPath, voteCount, voteAvg, revenue, runtime, tagline) VALUES(723072,'Host','Six friends hire a medium to hold a séance via Zoom during lockdown — but they get far more than they bargained for as things quickly go wrong. When an evil spirit starts invading their homes, they begin to realize they might not survive the night.',309.618,'2020-12-04','/h7dZpJDORYs5c56dydbrLFkEXpE.jpg',263, 6.6,'26745', 56, 'Someone new has joined the meeting.');
INSERT INTO MovieGenre(movieId, genreId) VALUES(723072,'27');
INSERT INTO MovieGenre(movieId, genreId) VALUES(723072,'9648');
INSERT INTO MovieCountry(movieId, countryId) VALUES(723072,'GB');
INSERT INTO Personen(id, name, birthday, deathday, popularity, profilePath, gender, profession) VALUES(1929090,'Haley Bishop','','',0.6,'/wWFhlde4TnYaZxaLeH44NtEiqTG.jpg',1,'Acting');
INSERT INTO MovieCredits(movieId, personId, job) VALUES(723072,1929090,'Actor_Haley');
INSERT INTO Personen(id, name, birthday, deathday, popularity, profilePath, gender, profession) VALUES(1824295,'Jemma Moore','','',3.738,'/9p0GWc7hIgnjt0Ua5zvH1n7hLXU.jpg',1,'Acting');
INSERT INTO MovieCredits(movieId, personId, job) VALUES(723072,1824295,'Actor_Jemma');
INSERT INTO Personen(id, name, birthday, deathday, popularity, profilePath, gender, profession) VALUES(2525892,'Emma Louise Webb','','',0.6,'/xEui3aki25HGGF9UsMsZ5xdbHRX.jpg',0,'Acting');
INSERT INTO MovieCredits(movieId, personId, job) VALUES(723072,2525892,'Actor_Emma');
INSERT INTO Personen(id, name, birthday, deathday, popularity, profilePath, gender, profession) VALUES(1929091,'Radina Drandova','','',0.84,'/lgq2TlQu10lqRINSHg4HmKE69gf.jpg',1,'Acting');
INSERT INTO MovieCredits(movieId, personId, job) VALUES(723072,1929091,'Actor_Radina');
INSERT INTO Personen(id, name, birthday, deathday, popularity, profilePath, gender, profession) VALUES(1929089,'Caroline Ward','','',0.6,'/bHknMPDSpiymkkGJiOCpf0QcmPA.jpg',1,'Acting');
INSERT INTO MovieCredits(movieId, personId, job) VALUES(723072,1929089,'Actor_Caroline');
INSERT INTO Personen(id, name, birthday, deathday, popularity, profilePath, gender, profession) VALUES(2706899,'Edward Linard','','',0.6,'',0,'Acting');
INSERT INTO MovieCredits(movieId, personId, job) VALUES(723072,2706899,'Actor_Teddy');
INSERT INTO Personen(id, name, birthday, deathday, popularity, profilePath, gender, profession) VALUES(584237,'Craig Engler','','',1.008,'',2,'Writing');
INSERT INTO MovieCredits(movieId, personId, job) VALUES(723072,584237,'Executive Producer');
INSERT INTO Personen(id, name, birthday, deathday, popularity, profilePath, gender, profession) VALUES(1129908,'Rob Savage','','',0.6,'/nLrDoEuWXlpePQJOpGxXFmnhHy2.jpg',2,'Directing');
INSERT INTO MovieCredits(movieId, personId, job) VALUES(723072,1129908,'Director');
INSERT INTO MovieCredits(movieId, personId, job) VALUES(723072,1129908,'Executive Producer');
INSERT INTO MovieCredits(movieId, personId, job) VALUES(723072,1129908,'Writer');
INSERT INTO Personen(id, name, birthday, deathday, popularity, profilePath, gender, profession) VALUES(1273064,'Dan Martin','','',0.6,'',2,'Crew');
INSERT INTO MovieCredits(movieId, personId, job) VALUES(723072,1273064,'Special Effects Makeup Artist');
INSERT INTO Personen(id, name, birthday, deathday, popularity, profilePath, gender, profession) VALUES(1487404,'Gemma Hurley','','',0.6,'',0,'Production');
INSERT INTO MovieCredits(movieId, personId, job) VALUES(723072,1487404,'Writer');
INSERT INTO Movies(id, title, overview, popularity, releaseDate, posterPath, voteCount, voteAvg, revenue, runtime, tagline) VALUES(799497,'Get the Goat','Bruceuilis, a policeman from the countryside, is assigned to rescue Celestina, a goat considered heritage of his small city, and travels to São Paulo. There, he meets police clerk Trindade, who decides to venture out into the field, even though it is not his specialty.',269.095,'2021-03-18','/rzcdLb0BhPaUJjD2jEcfRMiwOgh.jpg',88, 7.2,'0', 97, '');
INSERT INTO MovieGenre(movieId, genreId) VALUES(799497,'28');
INSERT INTO MovieGenre(movieId, genreId) VALUES(799497,'35');
INSERT INTO MovieGenre(movieId, genreId) VALUES(799497,'80');
INSERT INTO Countries(id, cname) VALUES('BR','Brazil');
INSERT INTO MovieCountry(movieId, countryId) VALUES(799497,'BR');
INSERT INTO Personen(id, name, birthday, deathday, popularity, profilePath, gender, profession) VALUES(1199020,'Edmilson Filho','','',0.6,'',2,'Acting');
INSERT INTO MovieCredits(movieId, personId, job) VALUES(799497,1199020,'Actor_Bruceuilis');
INSERT INTO Personen(id, name, birthday, deathday, popularity, profilePath, gender, profession) VALUES(8600,'Matheus Nachtergaele','','',2.656,'/c8w75b4TlLdXEnnpAgd4R22NDGY.jpg',2,'Acting');
INSERT INTO MovieCredits(movieId, personId, job) VALUES(799497,8600,'Actor_Trindade');
INSERT INTO Personen(id, name, birthday, deathday, popularity, profilePath, gender, profession) VALUES(1977955,'Leandro Ramos','','',0.6,'',0,'Acting');
INSERT INTO MovieCredits(movieId, personId, job) VALUES(799497,1977955,'Actor_Raul');
INSERT INTO Personen(id, name, birthday, deathday, popularity, profilePath, gender, profession) VALUES(1324365,'Letícia Lima','','',2.935,'/kwxrtY0s72EF9rpSeM7v33b8S2L.jpg',1,'Acting');
INSERT INTO MovieCredits(movieId, personId, job) VALUES(799497,1324365,'Actor_Priscila');
INSERT INTO Personen(id, name, birthday, deathday, popularity, profilePath, gender, profession) VALUES(559177,'Juliano Cazarré','','',1.4,'/8QkOmRSJTq87lBK7IP4Q5mvCSAd.jpg',2,'Acting');
INSERT INTO MovieCredits(movieId, personId, job) VALUES(799497,559177,'Actor_Cabo Caique');
INSERT INTO Personen(id, name, birthday, deathday, popularity, profilePath, gender, profession) VALUES(1775360,'Evelyn Castro','','',0.6,'/bkeFDNfZFMIC3TAgjVAtp9gsoTv.jpg',0,'Acting');
INSERT INTO MovieCredits(movieId, personId, job) VALUES(799497,1775360,'Actor_Josimara');
INSERT INTO Personen(id, name, birthday, deathday, popularity, profilePath, gender, profession) VALUES(557411,'Halder Gomes','','',0.6,'',2,'Directing');
INSERT INTO MovieCredits(movieId, personId, job) VALUES(799497,557411,'Producer');
INSERT INTO Personen(id, name, birthday, deathday, popularity, profilePath, gender, profession) VALUES(1048629,'Heitor Franulovic','','',0.6,'',0,'Production');
INSERT INTO MovieCredits(movieId, personId, job) VALUES(799497,1048629,'Production Director');
INSERT INTO Personen(id, name, birthday, deathday, popularity, profilePath, gender, profession) VALUES(1278435,'Vitor Brandt','','',0.6,'',2,'Writing');
INSERT INTO MovieCredits(movieId, personId, job) VALUES(799497,1278435,'Director');
INSERT INTO MovieCredits(movieId, personId, job) VALUES(799497,1278435,'Writer');
INSERT INTO Personen(id, name, birthday, deathday, popularity, profilePath, gender, profession) VALUES(1693737,'Mayra Lucas','','',0.6,'',1,'Production');
INSERT INTO MovieCredits(movieId, personId, job) VALUES(799497,1693737,'Producer');
INSERT INTO Personen(id, name, birthday, deathday, popularity, profilePath, gender, profession) VALUES(1714052,'Denis Nielsen','','',0.6,'',0,'Writing');
INSERT INTO MovieCredits(movieId, personId, job) VALUES(799497,1714052,'Writer');
INSERT INTO Movies(id, title, overview, popularity, releaseDate, posterPath, voteCount, voteAvg, revenue, runtime, tagline) VALUES(400160,'The SpongeBob Movie: Sponge on the Run','When his best friend Gary is suddenly snatched away, SpongeBob takes Patrick on a madcap mission far beyond Bikini Bottom to save their pink-shelled pal.',330.881,'2020-08-14','/jlJ8nDhMhCYJuzOw3f52CP1W8MW.jpg',2118, 7.8,'4.7e+06', 95, 'They\'re Not in Bikini Bottom Anymore.');
INSERT INTO MovieGenre(movieId, genreId) VALUES(400160,'16');
INSERT INTO MovieGenre(movieId, genreId) VALUES(400160,'14');
INSERT INTO MovieGenre(movieId, genreId) VALUES(400160,'12');
INSERT INTO MovieGenre(movieId, genreId) VALUES(400160,'35');
INSERT INTO MovieGenre(movieId, genreId) VALUES(400160,'10751');
INSERT INTO MovieCountry(movieId, countryId) VALUES(400160,'KR');
INSERT INTO MovieCountry(movieId, countryId) VALUES(400160,'US');
INSERT INTO Personen(id, name, birthday, deathday, popularity, profilePath, gender, profession) VALUES(78798,'Tom Kenny','','',8.543,'/o6sC2IsjL7KncT4pZBOx4T0WKhM.jpg',2,'Acting');
INSERT INTO MovieCredits(movieId, personId, job) VALUES(400160,78798,'Actor_SpongeBob SquarePants / Gary the Snail (voice)');
INSERT INTO Personen(id, name, birthday, deathday, popularity, profilePath, gender, profession) VALUES(34398,'Bill Fagerbakke','','',3.804,'/sx3LkX82tpdQfGi3ie3cFvrgCYg.jpg',2,'Acting');
INSERT INTO MovieCredits(movieId, personId, job) VALUES(400160,34398,'Actor_Patrick Star (voice)');
INSERT INTO Personen(id, name, birthday, deathday, popularity, profilePath, gender, profession) VALUES(70615,'Rodger Bumpass','','',2.642,'/lGQkw6adxqB6Hcm7VK8nVHbKupe.jpg',2,'Acting');
INSERT INTO MovieCredits(movieId, personId, job) VALUES(400160,70615,'Actor_Squidward Tentacles (voice)');
INSERT INTO Personen(id, name, birthday, deathday, popularity, profilePath, gender, profession) VALUES(188229,'Mr. Lawrence','','',3.049,'',2,'Acting');
INSERT INTO MovieCredits(movieId, personId, job) VALUES(400160,188229,'Actor_Plankton (voice)');
INSERT INTO Personen(id, name, birthday, deathday, popularity, profilePath, gender, profession) VALUES(6384,'Keanu Reeves','','',28.291,'/rRdru6REr9i3WIHv2mntpcgxnoY.jpg',2,'Acting');
INSERT INTO MovieCredits(movieId, personId, job) VALUES(400160,6384,'Actor_Sage');
INSERT INTO Personen(id, name, birthday, deathday, popularity, profilePath, gender, profession) VALUES(6574,'Clancy Brown','','',10.765,'/tiuVx3mDJwWieFqNadrtyOhhMBN.jpg',2,'Acting');
INSERT INTO MovieCredits(movieId, personId, job) VALUES(400160,6574,'Actor_Mr. Krabs (voice)');
INSERT INTO MovieCredits(movieId, personId, job) VALUES(400160,947,'Original Music Composer');
INSERT INTO Personen(id, name, birthday, deathday, popularity, profilePath, gender, profession) VALUES(9776,'Chantal Feghali','','',0.753,'',0,'Production');
INSERT INTO MovieCredits(movieId, personId, job) VALUES(400160,9776,'Executive Producer');
INSERT INTO Personen(id, name, birthday, deathday, popularity, profilePath, gender, profession) VALUES(15894,'Tom Myers','','',0.6,'',2,'Sound');
INSERT INTO MovieCredits(movieId, personId, job) VALUES(400160,15894,'Supervising Sound Editor');
INSERT INTO Personen(id, name, birthday, deathday, popularity, profilePath, gender, profession) VALUES(49903,'Tim Hill','','',1.096,'/jJ4UQBlQ71aJzU75ZxnO5gdTbnj.jpg',2,'Directing');
INSERT INTO MovieCredits(movieId, personId, job) VALUES(400160,49903,'Screenplay');
INSERT INTO MovieCredits(movieId, personId, job) VALUES(400160,49903,'Director');
INSERT INTO MovieCredits(movieId, personId, job) VALUES(400160,49903,'Story');
INSERT INTO Movies(id, title, overview, popularity, releaseDate, posterPath, voteCount, voteAvg, revenue, runtime, tagline) VALUES(662334,'Chaco','In 1934, Bolivia is at war with Paraguay. Liborio and Ticona and other Bolivian indigenous soldiers are lost in the hell of the Chaco, under the commandment of German Captain Kundt. They\'re looking for the Paraguayan enemy that they haven\'t seen for months, and that they will never find. They leave together in a search that will make them realize, progressively, the destiny they have been pushed into and the inevitable condition of a defeated troop. They\'re walking like shadows, wandering forever in the middle of dust and silence.',264.983,'2020-01-28','/hCR2i9rK6P4VHMfFw2MT5jDGJcN.jpg',40, 7.9,'0', 77, '');
INSERT INTO Genres(id, genre) VALUES(10752,'War');
INSERT INTO MovieGenre(movieId, genreId) VALUES(662334,'10752');
INSERT INTO MovieGenre(movieId, genreId) VALUES(662334,'18');
INSERT INTO MovieCountry(movieId, countryId) VALUES(662334,'AR');
INSERT INTO Countries(id, cname) VALUES('BO','Bolivia');
INSERT INTO MovieCountry(movieId, countryId) VALUES(662334,'BO');
INSERT INTO Personen(id, name, birthday, deathday, popularity, profilePath, gender, profession) VALUES(3043036,'Raimundo Ramos','','',0.6,'',0,'Acting');
INSERT INTO MovieCredits(movieId, personId, job) VALUES(662334,3043036,'Actor_Cabo Liboro');
INSERT INTO Personen(id, name, birthday, deathday, popularity, profilePath, gender, profession) VALUES(995388,'Fabián Arenillas','','',0.84,'/omoQXAmcMsbJAv0cje0TEK45M0h.jpg',2,'Acting');
INSERT INTO MovieCredits(movieId, personId, job) VALUES(662334,995388,'Actor_Capitán alemán');
INSERT INTO Personen(id, name, birthday, deathday, popularity, profilePath, gender, profession) VALUES(3043037,'Mauricio Toledo','','',0.6,'',0,'Acting');
INSERT INTO MovieCredits(movieId, personId, job) VALUES(662334,3043037,'Actor_Teniente Rogelio');
INSERT INTO Personen(id, name, birthday, deathday, popularity, profilePath, gender, profession) VALUES(3043038,'Fausto Castellón','','',0.6,'',0,'Acting');
INSERT INTO MovieCredits(movieId, personId, job) VALUES(662334,3043038,'Actor_Soldado Jacinto');
INSERT INTO Personen(id, name, birthday, deathday, popularity, profilePath, gender, profession) VALUES(3043039,'Omar Calisaya','','',0.6,'',0,'Acting');
INSERT INTO MovieCredits(movieId, personId, job) VALUES(662334,3043039,'Actor_Soldado Ticona');
INSERT INTO Personen(id, name, birthday, deathday, popularity, profilePath, gender, profession) VALUES(1168402,'Diego Mondaca','','',0.6,'',2,'Directing');
INSERT INTO MovieCredits(movieId, personId, job) VALUES(662334,1168402,'Director');
INSERT INTO MovieCredits(movieId, personId, job) VALUES(662334,1168402,'Writer');
INSERT INTO Personen(id, name, birthday, deathday, popularity, profilePath, gender, profession) VALUES(1651890,'César Díaz','','',0.6,'/lOM7u3JmLW2XijGjoRy7Orxg6BC.jpg',2,'Editing');
INSERT INTO MovieCredits(movieId, personId, job) VALUES(662334,1651890,'Writer');
INSERT INTO Personen(id, name, birthday, deathday, popularity, profilePath, gender, profession) VALUES(2025649,'Pilar Palomero','','',0.6,'',1,'Directing');
INSERT INTO MovieCredits(movieId, personId, job) VALUES(662334,2025649,'Writer');
INSERT INTO Movies(id, title, overview, popularity, releaseDate, posterPath, voteCount, voteAvg, revenue, runtime, tagline) VALUES(621876,'Flora & Ulysses','When Flora rescues a squirrel she names Ulysses, she is amazed to discover he possesses unique superhero powers, which take them on an adventure of humorous complications that ultimately change Flora\'s life--and her outlook--forever.',304.141,'2021-02-19','/syobJCxZcIJl0OpjNroZSQKa1kW.jpg',118, 6.8,'0', 91, 'No tights. No cape. No problem.');
INSERT INTO MovieGenre(movieId, genreId) VALUES(621876,'10751');
INSERT INTO MovieGenre(movieId, genreId) VALUES(621876,'12');
INSERT INTO MovieGenre(movieId, genreId) VALUES(621876,'35');
INSERT INTO MovieGenre(movieId, genreId) VALUES(621876,'14');
INSERT INTO MovieCountry(movieId, countryId) VALUES(621876,'US');
INSERT INTO Personen(id, name, birthday, deathday, popularity, profilePath, gender, profession) VALUES(2382043,'Matilda Lawler','','',1.419,'/5zxaZn7l3ulurRy6SW6vRcS8meV.jpg',0,'Acting');
INSERT INTO MovieCredits(movieId, personId, job) VALUES(621876,2382043,'Actor_Flora Buckman');
INSERT INTO Personen(id, name, birthday, deathday, popularity, profilePath, gender, profession) VALUES(21595,'Alyson Hannigan','','',4.565,'/h1m2edeyouyZ3YKo983kVM0YT2O.jpg',1,'Acting');
INSERT INTO MovieCredits(movieId, personId, job) VALUES(621876,21595,'Actor_Phyllis Buckman');
INSERT INTO Personen(id, name, birthday, deathday, popularity, profilePath, gender, profession) VALUES(222121,'Ben Schwartz','','',4.365,'/lJVYjPj0P6uvVxNrTy4xO2645D0.jpg',2,'Acting');
INSERT INTO MovieCredits(movieId, personId, job) VALUES(621876,222121,'Actor_George Buckman');
INSERT INTO Personen(id, name, birthday, deathday, popularity, profilePath, gender, profession) VALUES(205179,'Danny Pudi','','',3.406,'/w0zT8Y2dQHU8FgV03NJoHJE6tmD.jpg',2,'Acting');
INSERT INTO MovieCredits(movieId, personId, job) VALUES(621876,205179,'Actor_Miller');
INSERT INTO Personen(id, name, birthday, deathday, popularity, profilePath, gender, profession) VALUES(2382044,'Benjamin Evan Ainsworth','','',1.38,'/qElUQYuKtV4oRmH5yTmg1Seh1Iq.jpg',2,'Acting');
INSERT INTO MovieCredits(movieId, personId, job) VALUES(621876,2382044,'Actor_William Spiver');
INSERT INTO MovieCredits(movieId, personId, job) VALUES(621876,132354,'Actor_Rita');
INSERT INTO Personen(id, name, birthday, deathday, popularity, profilePath, gender, profession) VALUES(8275,'Katterli Frauenfelder','','',0.84,'/7WBzfCHMXBF6CmRDfuBuBMPDvU8.jpg',1,'Production');
INSERT INTO MovieCredits(movieId, personId, job) VALUES(621876,8275,'Executive Producer');
INSERT INTO Personen(id, name, birthday, deathday, popularity, profilePath, gender, profession) VALUES(8846,'Andrew Dunn','','',0.6,'',2,'Camera');
INSERT INTO MovieCredits(movieId, personId, job) VALUES(621876,8846,'Director of Photography');
INSERT INTO Personen(id, name, birthday, deathday, popularity, profilePath, gender, profession) VALUES(11818,'Michael Diner','','',0.6,'',2,'Art');
INSERT INTO MovieCredits(movieId, personId, job) VALUES(621876,11818,'Art Direction');
INSERT INTO Personen(id, name, birthday, deathday, popularity, profilePath, gender, profession) VALUES(22059,'Emily Schweber','','',0.84,'/6IU90Qj0JPysGHlU9BeZvTRLrne.jpg',1,'Production');
INSERT INTO MovieCredits(movieId, personId, job) VALUES(621876,22059,'Casting Director');
INSERT INTO Personen(id, name, birthday, deathday, popularity, profilePath, gender, profession) VALUES(25455,'Gil Netter','','',1.094,'',2,'Production');
INSERT INTO MovieCredits(movieId, personId, job) VALUES(621876,25455,'Producer');
INSERT INTO Personen(id, name, birthday, deathday, popularity, profilePath, gender, profession) VALUES(42909,'Mona May','','',0.766,'/tvGFgAsywjg11roGj3YW1Ukv0mE.jpg',1,'Costume & Make-Up');
INSERT INTO MovieCredits(movieId, personId, job) VALUES(621876,42909,'Costume Design');
INSERT INTO Movies(id, title, overview, popularity, releaseDate, posterPath, voteCount, voteAvg, revenue, runtime, tagline) VALUES(531219,'Roald Dahl\'s The Witches','In late 1967, a young orphaned boy goes to live with his loving grandma in the rural Alabama town of Demopolis. As the boy and his grandmother encounter some deceptively glamorous but thoroughly diabolical witches, she wisely whisks him away to a seaside resort. Regrettably, they arrive at precisely the same time that the world\'s Grand High Witch has gathered.',299.131,'2020-10-25','/b1C0FuXp4wiPmHLVKq4kwtDMgK6.jpg',1473, 6.7,'0', 106, 'They\'re real!');
INSERT INTO MovieGenre(movieId, genreId) VALUES(531219,'10751');
INSERT INTO MovieGenre(movieId, genreId) VALUES(531219,'14');
INSERT INTO MovieGenre(movieId, genreId) VALUES(531219,'12');
INSERT INTO MovieGenre(movieId, genreId) VALUES(531219,'35');
INSERT INTO MovieGenre(movieId, genreId) VALUES(531219,'27');
INSERT INTO MovieCountry(movieId, countryId) VALUES(531219,'MX');
INSERT INTO MovieCountry(movieId, countryId) VALUES(531219,'US');
INSERT INTO Personen(id, name, birthday, deathday, popularity, profilePath, gender, profession) VALUES(1813,'Anne Hathaway','','',23.53,'/a6cUh7WIVJeFAjmwVEJN4Idyaa3.jpg',1,'Acting');
INSERT INTO MovieCredits(movieId, personId, job) VALUES(531219,1813,'Actor_Grand High Witch');
INSERT INTO Personen(id, name, birthday, deathday, popularity, profilePath, gender, profession) VALUES(6944,'Octavia Spencer','','',13.578,'/35SOy4yQZ9xRSJ0q1L5RLhXfhqN.jpg',1,'Acting');
INSERT INTO MovieCredits(movieId, personId, job) VALUES(531219,6944,'Actor_Grandma');
INSERT INTO Personen(id, name, birthday, deathday, popularity, profilePath, gender, profession) VALUES(2283,'Stanley Tucci','','',6.811,'/7wPPKi7djQfNc9NLVJvhBmoZ26U.jpg',2,'Acting');
INSERT INTO MovieCredits(movieId, personId, job) VALUES(531219,2283,'Actor_Mr Stringer');
INSERT INTO Personen(id, name, birthday, deathday, popularity, profilePath, gender, profession) VALUES(2241218,'Jahzir Bruno','','',1.75,'/bGyQQmbOaW4h8gAELkb8unCsPj8.jpg',2,'Acting');
INSERT INTO MovieCredits(movieId, personId, job) VALUES(531219,2241218,'Actor_Hero Boy');
INSERT INTO Personen(id, name, birthday, deathday, popularity, profilePath, gender, profession) VALUES(2632,'Chris Rock','','',5.188,'/cqI8yQ00GNDV3PAAz5UeLj7vOX0.jpg',2,'Acting');
INSERT INTO MovieCredits(movieId, personId, job) VALUES(531219,2632,'Actor_Older Hero (voice)');
INSERT INTO Personen(id, name, birthday, deathday, popularity, profilePath, gender, profession) VALUES(2153678,'Codie-Lei Eastick','','',1.435,'/cfRVQ7iMYIyaDt1Yn2g6HGVPTgm.jpg',2,'Acting');
INSERT INTO MovieCredits(movieId, personId, job) VALUES(531219,2153678,'Actor_Bruno Jenkins');
INSERT INTO Personen(id, name, birthday, deathday, popularity, profilePath, gender, profession) VALUES(37,'Alan Silvestri','','',4.303,'/zTftmmaNaISsMKOue1jgh5yAmSe.jpg',2,'Sound');
INSERT INTO MovieCredits(movieId, personId, job) VALUES(531219,37,'Original Music Composer');
INSERT INTO MovieCredits(movieId, personId, job) VALUES(531219,24,'Screenplay');
INSERT INTO MovieCredits(movieId, personId, job) VALUES(531219,24,'Director');
INSERT INTO MovieCredits(movieId, personId, job) VALUES(531219,24,'Producer');
INSERT INTO Personen(id, name, birthday, deathday, popularity, profilePath, gender, profession) VALUES(36,'Don Burgess','','',1.241,'/fcgMxamFShyrfmzLZSg8gOjL1ij.jpg',2,'Camera');
INSERT INTO MovieCredits(movieId, personId, job) VALUES(531219,36,'Director of Photography');
INSERT INTO Personen(id, name, birthday, deathday, popularity, profilePath, gender, profession) VALUES(498,'Joanna Johnston','','',0.828,'/xuCe7ZgtqOCaY6MUvXpG7buckXO.jpg',1,'Costume & Make-Up');
INSERT INTO MovieCredits(movieId, personId, job) VALUES(531219,498,'Costume Designer');
INSERT INTO Movies(id, title, overview, popularity, releaseDate, posterPath, voteCount, voteAvg, revenue, runtime, tagline) VALUES(595813,'Barb and Star Go to Vista Del Mar','The story of best friends Barb and Star, who leave their small midwestern town for the first time to go on vacation in Vista Del Mar, Florida, where they soon find themselves tangled up in adventure, love, and a villain’s evil plot to kill everyone in town.',277.816,'2021-03-29','/8oiV8GtBG7GDJa3ejvxZzJnBgff.jpg',18, 6.1,'0', 107, 'The friendship we all want. The vacation we all need');
INSERT INTO MovieGenre(movieId, genreId) VALUES(595813,'35');
INSERT INTO MovieCountry(movieId, countryId) VALUES(595813,'US');
INSERT INTO MovieCredits(movieId, personId, job) VALUES(595813,41091,'Actor_Star / Sharon Gordon Fisherman');
INSERT INTO Personen(id, name, birthday, deathday, popularity, profilePath, gender, profession) VALUES(174514,'Annie Mumolo','','',1.788,'/4U943oEvfDg8Tuyjl9biLgzijBf.jpg',1,'Acting');
INSERT INTO MovieCredits(movieId, personId, job) VALUES(595813,174514,'Actor_Barb');
INSERT INTO Personen(id, name, birthday, deathday, popularity, profilePath, gender, profession) VALUES(1254583,'Jamie Dornan','','',5.278,'/dPCjxgq4YsqkcZ3fsE84Ifq0Wxv.jpg',2,'Acting');
INSERT INTO MovieCredits(movieId, personId, job) VALUES(595813,1254583,'Actor_Edgar Pagét');
INSERT INTO Personen(id, name, birthday, deathday, popularity, profilePath, gender, profession) VALUES(87822,'Damon Wayans Jr.','','',1.676,'/8Fl3Livgg2t8m7W5SvYxmAnLAfn.jpg',2,'Acting');
INSERT INTO MovieCredits(movieId, personId, job) VALUES(595813,87822,'Actor_Darlie Bunkle');
INSERT INTO Personen(id, name, birthday, deathday, popularity, profilePath, gender, profession) VALUES(503103,'Vanessa Bayer','','',0.918,'/mXHdc6TmRXSWorovGhCWwFtDLfJ.jpg',1,'Acting');
INSERT INTO MovieCredits(movieId, personId, job) VALUES(595813,503103,'Actor_Debbie');
INSERT INTO Personen(id, name, birthday, deathday, popularity, profilePath, gender, profession) VALUES(1183672,'Fortune Feimster','','',1.871,'/9f2p2T61K4pIvKQMLRlow8znkXU.jpg',1,'Acting');
INSERT INTO MovieCredits(movieId, personId, job) VALUES(595813,1183672,'Actor_Pinky');
INSERT INTO Personen(id, name, birthday, deathday, popularity, profilePath, gender, profession) VALUES(23659,'Will Ferrell','','',4.657,'/sXT9uCw7ceIxTdmL9XqtuYdNmgM.jpg',2,'Acting');
INSERT INTO MovieCredits(movieId, personId, job) VALUES(595813,23659,'Producer');
INSERT INTO Personen(id, name, birthday, deathday, popularity, profilePath, gender, profession) VALUES(39038,'Steve Saklad','','',0.6,'/1qdEIFNLdDQs3uqN5fLvi2U7a8p.jpg',2,'Art');
INSERT INTO MovieCredits(movieId, personId, job) VALUES(595813,39038,'Production Designer');
INSERT INTO MovieCredits(movieId, personId, job) VALUES(595813,41091,'Producer');
INSERT INTO MovieCredits(movieId, personId, job) VALUES(595813,41091,'Writer');
INSERT INTO Personen(id, name, birthday, deathday, popularity, profilePath, gender, profession) VALUES(55710,'Adam McKay','','',3.553,'/vOyZXNJq7Oo01LPtSD5AZHjctgH.jpg',2,'Writing');
INSERT INTO MovieCredits(movieId, personId, job) VALUES(595813,55710,'Producer');
INSERT INTO Personen(id, name, birthday, deathday, popularity, profilePath, gender, profession) VALUES(75553,'Toby Oliver','','',0.84,'/aJgo3OoLBwZ3glk3uz1KFZ9Rahh.jpg',2,'Camera');
INSERT INTO MovieCredits(movieId, personId, job) VALUES(595813,75553,'Director of Photography');
INSERT INTO Movies(id, title, overview, popularity, releaseDate, posterPath, voteCount, voteAvg, revenue, runtime, tagline) VALUES(299536,'Avengers: Infinity War','As the Avengers and their allies have continued to protect the world from threats too large for any one hero to handle, a new danger has emerged from the cosmic shadows: Thanos. A despot of intergalactic infamy, his goal is to collect all six Infinity Stones, artifacts of unimaginable power, and use them to inflict his twisted will on all of reality. Everything the Avengers have fought for has led up to this moment - the fate of Earth and existence itself has never been more uncertain.',326.54,'2018-04-25','/7WsyChQLEftFiDOVTGkv3hFpyyt.jpg',21511, 8.3,'2.046239637e+09', 149, 'An entire universe. Once and for all.');
INSERT INTO MovieGenre(movieId, genreId) VALUES(299536,'12');
INSERT INTO MovieGenre(movieId, genreId) VALUES(299536,'28');
INSERT INTO MovieGenre(movieId, genreId) VALUES(299536,'878');
INSERT INTO MovieCountry(movieId, countryId) VALUES(299536,'US');
INSERT INTO Personen(id, name, birthday, deathday, popularity, profilePath, gender, profession) VALUES(3223,'Robert Downey Jr.','','',19.576,'/im9SAqJPZKEbVZGmjXuLI4O7RvM.jpg',2,'Acting');
INSERT INTO MovieCredits(movieId, personId, job) VALUES(299536,3223,'Actor_Tony Stark / Iron Man');
INSERT INTO MovieCredits(movieId, personId, job) VALUES(299536,74568,'Actor_Thor Odinson');
INSERT INTO Personen(id, name, birthday, deathday, popularity, profilePath, gender, profession) VALUES(16828,'Chris Evans','','',16.915,'/3bOGNsHlrswhyW79uvIHH1V43JI.jpg',2,'Acting');
INSERT INTO MovieCredits(movieId, personId, job) VALUES(299536,16828,'Actor_Steve Rogers / Captain America');
INSERT INTO Personen(id, name, birthday, deathday, popularity, profilePath, gender, profession) VALUES(1245,'Scarlett Johansson','','',44.194,'/6NsMbJXRlDZuDzatN2akFdGuTvx.jpg',1,'Acting');
INSERT INTO MovieCredits(movieId, personId, job) VALUES(299536,1245,'Actor_Natasha Romanoff / Black Widow');
INSERT INTO Personen(id, name, birthday, deathday, popularity, profilePath, gender, profession) VALUES(71580,'Benedict Cumberbatch','','',17.744,'/fBEucxECxGLKVHBznO0qHtCGiMO.jpg',2,'Acting');
INSERT INTO MovieCredits(movieId, personId, job) VALUES(299536,71580,'Actor_Stephen Strange / Doctor Strange');
INSERT INTO MovieCredits(movieId, personId, job) VALUES(299536,1136406,'Actor_Peter Parker / Spider-Man');
INSERT INTO MovieCredits(movieId, personId, job) VALUES(299536,37,'Original Music Composer');
INSERT INTO Personen(id, name, birthday, deathday, popularity, profilePath, gender, profession) VALUES(3504,'David Farmer','','',1.4,'/oYNchEjc32GucUPvXAHMXajk3xJ.jpg',0,'Sound');
INSERT INTO MovieCredits(movieId, personId, job) VALUES(299536,3504,'Sound Designer');
INSERT INTO Personen(id, name, birthday, deathday, popularity, profilePath, gender, profession) VALUES(3996,'Tom Johnson','','',1.03,'/joF3OdCBQjzQ2keyQ9l7uhcZafo.jpg',2,'Sound');
INSERT INTO MovieCredits(movieId, personId, job) VALUES(299536,3996,'Sound Re-Recording Mixer');
INSERT INTO MovieCredits(movieId, personId, job) VALUES(299536,7232,'Casting');
INSERT INTO Personen(id, name, birthday, deathday, popularity, profilePath, gender, profession) VALUES(7235,'Beat Frutiger','','',1.181,'/2VMPjH8Olb5qHqsKNelSxkViH9b.jpg',0,'Art');
INSERT INTO MovieCredits(movieId, personId, job) VALUES(299536,7235,'Art Direction');
INSERT INTO Personen(id, name, birthday, deathday, popularity, profilePath, gender, profession) VALUES(5551,'Christopher Markus','','',3.785,'/7ooPNp0gnURxYkSSKF2etH7wpZP.jpg',2,'Writing');
INSERT INTO MovieCredits(movieId, personId, job) VALUES(299536,5551,'Screenplay');
INSERT INTO Movies(id, title, overview, popularity, releaseDate, posterPath, voteCount, voteAvg, revenue, runtime, tagline) VALUES(615677,'We Can Be Heroes','When alien invaders capture Earth\'s superheroes, their kids must learn to work together to save their parents - and the planet.',298.847,'2020-12-25','/1S21HpcKY6uQ9UAw68aICmrJaq6.jpg',441, 6.3,'0', 97, 'Power comes in all sizes.');
INSERT INTO MovieGenre(movieId, genreId) VALUES(615677,'28');
INSERT INTO MovieGenre(movieId, genreId) VALUES(615677,'14');
INSERT INTO MovieGenre(movieId, genreId) VALUES(615677,'10751');
INSERT INTO MovieGenre(movieId, genreId) VALUES(615677,'18');
INSERT INTO MovieGenre(movieId, genreId) VALUES(615677,'35');
INSERT INTO MovieCountry(movieId, countryId) VALUES(615677,'US');
INSERT INTO Personen(id, name, birthday, deathday, popularity, profilePath, gender, profession) VALUES(2077868,'YaYa Gosselin','','',4.767,'/2XwPLECE4rce7KC6d4RkbgRaKfO.jpg',1,'Acting');
INSERT INTO MovieCredits(movieId, personId, job) VALUES(615677,2077868,'Actor_Missy Moreno');
INSERT INTO Personen(id, name, birthday, deathday, popularity, profilePath, gender, profession) VALUES(2392709,'Lyon Daniels','','',0.613,'/sz6ioT6uaocxhBNJns1wm5OZ5AV.jpg',2,'Acting');
INSERT INTO MovieCredits(movieId, personId, job) VALUES(615677,2392709,'Actor_Noodles');
INSERT INTO Personen(id, name, birthday, deathday, popularity, profilePath, gender, profession) VALUES(1730704,'Andy Walken','','',3.878,'/9QyNSIIlWKcokbgzeMCx0Ywo0uN.jpg',2,'Acting');
INSERT INTO MovieCredits(movieId, personId, job) VALUES(615677,1730704,'Actor_Wheels');
INSERT INTO Personen(id, name, birthday, deathday, popularity, profilePath, gender, profession) VALUES(1368479,'Hala Finley','','',1.4,'/5r7Atvpc4m0vsb5MpnEjWAl12xz.jpg',1,'Acting');
INSERT INTO MovieCredits(movieId, personId, job) VALUES(615677,1368479,'Actor_Ojo');
INSERT INTO Personen(id, name, birthday, deathday, popularity, profilePath, gender, profession) VALUES(2392708,'Lotus Blossom','','',1.01,'/jNmgnYgKVt2AQ9WPx4357PdsMej.jpg',1,'Acting');
INSERT INTO MovieCredits(movieId, personId, job) VALUES(615677,2392708,'Actor_A Capella');
INSERT INTO Personen(id, name, birthday, deathday, popularity, profilePath, gender, profession) VALUES(2883298,'Dylan Henry Lau','','',2.04,'/ho9oGn9ZtKxQjSZlkLv70ouPqZM.jpg',2,'Acting');
INSERT INTO MovieCredits(movieId, personId, job) VALUES(615677,2883298,'Actor_Slo-Mo');
INSERT INTO Personen(id, name, birthday, deathday, popularity, profilePath, gender, profession) VALUES(2294,'Robert Rodriguez','','',5.876,'/bPqRdLWWwpOT8sBdj9PWOzNgwou.jpg',2,'Directing');
INSERT INTO MovieCredits(movieId, personId, job) VALUES(615677,2294,'Director');
INSERT INTO MovieCredits(movieId, personId, job) VALUES(615677,2294,'Director of Photography');
INSERT INTO MovieCredits(movieId, personId, job) VALUES(615677,2294,'Editor');
INSERT INTO MovieCredits(movieId, personId, job) VALUES(615677,2294,'Producer');
INSERT INTO MovieCredits(movieId, personId, job) VALUES(615677,2294,'Writer');
INSERT INTO MovieCredits(movieId, personId, job) VALUES(615677,5914,'Casting Director');
INSERT INTO Movies(id, title, overview, popularity, releaseDate, posterPath, voteCount, voteAvg, revenue, runtime, tagline) VALUES(694256,'Caught by a Wave','A summer fling born under the Sicilian sun quickly develops into a heartbreaking love story that forces a boy and girl to grow up too quickly.',259.426,'2021-03-25','/j9O2WXJqF45ynkng4SAsZ1h0OCt.jpg',97, 6.9,'0', 99, '');
INSERT INTO MovieGenre(movieId, genreId) VALUES(694256,'18');
INSERT INTO MovieGenre(movieId, genreId) VALUES(694256,'10749');
INSERT INTO Countries(id, cname) VALUES('IT','Italy');
INSERT INTO MovieCountry(movieId, countryId) VALUES(694256,'IT');
INSERT INTO Personen(id, name, birthday, deathday, popularity, profilePath, gender, profession) VALUES(2604922,'Elvira Camarrone','','',0.656,'',0,'Acting');
INSERT INTO MovieCredits(movieId, personId, job) VALUES(694256,2604922,'Actor_Sara');
INSERT INTO Personen(id, name, birthday, deathday, popularity, profilePath, gender, profession) VALUES(1462387,'Christian Roberto','','',0.98,'',2,'Acting');
INSERT INTO MovieCredits(movieId, personId, job) VALUES(694256,1462387,'Actor_Lorenzo');
INSERT INTO Personen(id, name, birthday, deathday, popularity, profilePath, gender, profession) VALUES(20588,'Vincenzo Amato','','',1.681,'/h1cwmBKjFxGgIX4RcPhdcjJGpBa.jpg',2,'Acting');
INSERT INTO MovieCredits(movieId, personId, job) VALUES(694256,20588,'Actor_Antonio');
INSERT INTO Personen(id, name, birthday, deathday, popularity, profilePath, gender, profession) VALUES(35102,'Donatella Finocchiaro','','',1.689,'/zAcHyOB6O3vN0hKs8PwxOyw2Ngd.jpg',1,'Acting');
INSERT INTO MovieCredits(movieId, personId, job) VALUES(694256,35102,'Actor_Susanna');
INSERT INTO Personen(id, name, birthday, deathday, popularity, profilePath, gender, profession) VALUES(105869,'Corrado Invernizzi','','',1.62,'/eT0noHS5TtUTr0O1bcE8yqWkRoI.jpg',2,'Acting');
INSERT INTO MovieCredits(movieId, personId, job) VALUES(694256,105869,'Actor_Boris');
INSERT INTO Personen(id, name, birthday, deathday, popularity, profilePath, gender, profession) VALUES(1607382,'Manuela Ventura','','',1.62,'/2oFsE9R4iEvpgIvzJpArr61GGrV.jpg',1,'Acting');
INSERT INTO MovieCredits(movieId, personId, job) VALUES(694256,1607382,'Actor_Tuccia');
INSERT INTO Personen(id, name, birthday, deathday, popularity, profilePath, gender, profession) VALUES(35115,'Luigi Musini','','',0.6,'',0,'Production');
INSERT INTO MovieCredits(movieId, personId, job) VALUES(694256,35115,'Producer');
INSERT INTO Personen(id, name, birthday, deathday, popularity, profilePath, gender, profession) VALUES(236867,'Michele Paradisi','','',0.6,'',0,'Camera');
INSERT INTO MovieCredits(movieId, personId, job) VALUES(694256,236867,'Director of Photography');
INSERT INTO Personen(id, name, birthday, deathday, popularity, profilePath, gender, profession) VALUES(1110576,'Sara Zavarise','','',0.6,'',0,'Editing');
INSERT INTO MovieCredits(movieId, personId, job) VALUES(694256,1110576,'Editor');
INSERT INTO Personen(id, name, birthday, deathday, popularity, profilePath, gender, profession) VALUES(1377522,'Olivia Musini','','',0.6,'',0,'Production');
INSERT INTO MovieCredits(movieId, personId, job) VALUES(694256,1377522,'Producer');
INSERT INTO Personen(id, name, birthday, deathday, popularity, profilePath, gender, profession) VALUES(2275726,'Yakamoto Kotzuga','','',0.6,'',0,'Sound');
INSERT INTO MovieCredits(movieId, personId, job) VALUES(694256,2275726,'Music');
INSERT INTO Personen(id, name, birthday, deathday, popularity, profilePath, gender, profession) VALUES(2526490,'Claudia Bottino','','',0.6,'',0,'Writing');
INSERT INTO MovieCredits(movieId, personId, job) VALUES(694256,2526490,'Writer');
INSERT INTO Movies(id, title, overview, popularity, releaseDate, posterPath, voteCount, voteAvg, revenue, runtime, tagline) VALUES(509967,'6 Underground','After faking his death, a tech billionaire recruits a team of international operatives for a bold and bloody mission to take down a brutal dictator.',266.117,'2019-12-10','/lnWkyG3LLgbbrIEeyl5mK5VRFe4.jpg',3019, 6.3,'0', 128, 'They say no one can save the world. Meet no one.');
INSERT INTO MovieGenre(movieId, genreId) VALUES(509967,'28');
INSERT INTO MovieGenre(movieId, genreId) VALUES(509967,'53');
INSERT INTO MovieGenre(movieId, genreId) VALUES(509967,'35');
INSERT INTO MovieCountry(movieId, countryId) VALUES(509967,'US');
INSERT INTO MovieCredits(movieId, personId, job) VALUES(509967,10859,'Actor_One');
INSERT INTO Personen(id, name, birthday, deathday, popularity, profilePath, gender, profession) VALUES(19119,'Mélanie Laurent','','',7.921,'/i99ogEo4gQyanCmHWYYoS6hsUqL.jpg',1,'Acting');
INSERT INTO MovieCredits(movieId, personId, job) VALUES(509967,19119,'Actor_Two');
INSERT INTO Personen(id, name, birthday, deathday, popularity, profilePath, gender, profession) VALUES(1168097,'Manuel Garcia-Rulfo','','',4.379,'/54Rk1hKfNdNKGHQMnONDGmNtUv3.jpg',2,'Acting');
INSERT INTO MovieCredits(movieId, personId, job) VALUES(509967,1168097,'Actor_Three');
INSERT INTO Personen(id, name, birthday, deathday, popularity, profilePath, gender, profession) VALUES(1452045,'Ben Hardy','','',5.309,'/s8UEIomgY5AaEmPHkcPAScp68Fw.jpg',2,'Acting');
INSERT INTO MovieCredits(movieId, personId, job) VALUES(509967,1452045,'Actor_Four');
INSERT INTO Personen(id, name, birthday, deathday, popularity, profilePath, gender, profession) VALUES(1371297,'Adria Arjona','','',7.349,'/gBOblv33jhgAo997KzhEafNOb52.jpg',1,'Acting');
INSERT INTO MovieCredits(movieId, personId, job) VALUES(509967,1371297,'Actor_Five');
INSERT INTO Personen(id, name, birthday, deathday, popularity, profilePath, gender, profession) VALUES(54697,'Dave Franco','','',6.285,'/lgzjs56hk0ucf2rwQnSG5U3Q49i.jpg',2,'Acting');
INSERT INTO MovieCredits(movieId, personId, job) VALUES(509967,54697,'Actor_Six');
INSERT INTO MovieCredits(movieId, personId, job) VALUES(509967,2215,'Casting');
INSERT INTO Personen(id, name, birthday, deathday, popularity, profilePath, gender, profession) VALUES(15841,'William Goldenberg','','',0.682,'/eOgoea8HbZt2TfLn0tDNI1TepSN.jpg',2,'Editing');
INSERT INTO MovieCredits(movieId, personId, job) VALUES(509967,15841,'Editor');
INSERT INTO Personen(id, name, birthday, deathday, popularity, profilePath, gender, profession) VALUES(865,'Michael Bay','','',4.798,'/8I9H9IKROECFEn7usvyChbRMhbI.jpg',2,'Production');
INSERT INTO MovieCredits(movieId, personId, job) VALUES(509967,865,'Director');
INSERT INTO MovieCredits(movieId, personId, job) VALUES(509967,865,'Producer');
INSERT INTO MovieCredits(movieId, personId, job) VALUES(509967,4854,'Co-Producer');
INSERT INTO Personen(id, name, birthday, deathday, popularity, profilePath, gender, profession) VALUES(5545,'K.C. Hodenfield','','',1.214,'',0,'Production');
INSERT INTO MovieCredits(movieId, personId, job) VALUES(509967,5545,'First Assistant Director');
INSERT INTO Movies(id, title, overview, popularity, releaseDate, posterPath, voteCount, voteAvg, revenue, runtime, tagline) VALUES(299534,'Avengers: Endgame','After the devastating events of Avengers: Infinity War, the universe is in ruins due to the efforts of the Mad Titan, Thanos. With the help of remaining allies, the Avengers must assemble once more in order to undo Thanos\' actions and restore order to the universe once and for all, no matter what consequences may be in store.',287.865,'2019-04-24','/ulzhLuWrPK07P1YkdWQLZnQh1JL.jpg',17827, 8.3,'2.797800564e+09', 181, 'Part of the journey is the end.');
INSERT INTO MovieGenre(movieId, genreId) VALUES(299534,'12');
INSERT INTO MovieGenre(movieId, genreId) VALUES(299534,'878');
INSERT INTO MovieGenre(movieId, genreId) VALUES(299534,'28');
INSERT INTO MovieCountry(movieId, countryId) VALUES(299534,'US');
INSERT INTO MovieCredits(movieId, personId, job) VALUES(299534,3223,'Actor_Tony Stark / Iron Man');
INSERT INTO MovieCredits(movieId, personId, job) VALUES(299534,16828,'Actor_Steve Rogers / Captain America');
INSERT INTO Personen(id, name, birthday, deathday, popularity, profilePath, gender, profession) VALUES(103,'Mark Ruffalo','','',8.061,'/z3dvKqMNDQWk3QLxzumloQVR0pv.jpg',2,'Acting');
INSERT INTO MovieCredits(movieId, personId, job) VALUES(299534,103,'Actor_Bruce Banner / Hulk');
INSERT INTO MovieCredits(movieId, personId, job) VALUES(299534,74568,'Actor_Thor Odinson');
INSERT INTO MovieCredits(movieId, personId, job) VALUES(299534,1245,'Actor_Natasha Romanoff / Black Widow');
INSERT INTO Personen(id, name, birthday, deathday, popularity, profilePath, gender, profession) VALUES(17604,'Jeremy Renner','','',15.151,'/ycFVAVMliCCf0zXsKWNLBG3YxzK.jpg',2,'Acting');
INSERT INTO MovieCredits(movieId, personId, job) VALUES(299534,17604,'Actor_Clint Barton / Hawkeye');
INSERT INTO MovieCredits(movieId, personId, job) VALUES(299534,37,'Original Music Composer');
INSERT INTO MovieCredits(movieId, personId, job) VALUES(299534,3504,'Sound Designer');
INSERT INTO MovieCredits(movieId, personId, job) VALUES(299534,7232,'Casting');
INSERT INTO MovieCredits(movieId, personId, job) VALUES(299534,5551,'Screenplay');
INSERT INTO MovieCredits(movieId, personId, job) VALUES(299534,5551,'Co-Producer');
INSERT INTO Personen(id, name, birthday, deathday, popularity, profilePath, gender, profession) VALUES(5552,'Stephen McFeely','','',3.739,'/hkn9D5L8TguJUmv8fXy5sHyMEtq.jpg',2,'Writing');
INSERT INTO MovieCredits(movieId, personId, job) VALUES(299534,5552,'Screenplay');
INSERT INTO Movies(id, title, overview, popularity, releaseDate, posterPath, voteCount, voteAvg, revenue, runtime, tagline) VALUES(700995,'Devoto, la invasión silenciosa','Five strangers wake up locked in a strange building. They don\'t know who took them there or for what purpose. Throughout a night they will discover with surprise that an invasion is taking place outside that complex. And this motley group of strangers, for a reason they will have to figure out, are the ones chosen to try to stop it.',262.389,'2020-05-07','/ppqef9A3tg3PJiIA82gTiA7n9Fi.jpg',5, 2.9,'0', 72, '');
INSERT INTO MovieGenre(movieId, genreId) VALUES(700995,'878');
INSERT INTO MovieGenre(movieId, genreId) VALUES(700995,'53');
INSERT INTO MovieGenre(movieId, genreId) VALUES(700995,'28');
INSERT INTO MovieCountry(movieId, countryId) VALUES(700995,'AR');
INSERT INTO Personen(id, name, birthday, deathday, popularity, profilePath, gender, profession) VALUES(929045,'Diego Cremonesi','','',0.652,'/tHE6oQCkWXh4JULLUF7iD7pG5fb.jpg',2,'Acting');
INSERT INTO MovieCredits(movieId, personId, job) VALUES(700995,929045,'Actor_Pablo');
INSERT INTO Personen(id, name, birthday, deathday, popularity, profilePath, gender, profession) VALUES(1694299,'Alexia Moyano','','',0.6,'/oXpC3xRnUujZhqs1U59fjHX7pl0.jpg',0,'Acting');
INSERT INTO MovieCredits(movieId, personId, job) VALUES(700995,1694299,'Actor_Gutiérrez');
INSERT INTO Personen(id, name, birthday, deathday, popularity, profilePath, gender, profession) VALUES(1506341,'Gastón Cocchiarale','','',0.6,'/tjIY1U2FtmXJSNGnc7mIoZ9KBM2.jpg',0,'Acting');
INSERT INTO MovieCredits(movieId, personId, job) VALUES(700995,1506341,'Actor_Charly');
INSERT INTO Personen(id, name, birthday, deathday, popularity, profilePath, gender, profession) VALUES(2627366,'Jorge Takashima','','',0.6,'',0,'Acting');
INSERT INTO MovieCredits(movieId, personId, job) VALUES(700995,2627366,'Actor_Yukio');
INSERT INTO Personen(id, name, birthday, deathday, popularity, profilePath, gender, profession) VALUES(1917455,'Luis Longhi','','',1.4,'',0,'Acting');
INSERT INTO MovieCredits(movieId, personId, job) VALUES(700995,1917455,'Actor_Padre de Charly');
INSERT INTO Personen(id, name, birthday, deathday, popularity, profilePath, gender, profession) VALUES(2627367,'Denisse Van der Ploeg','','',0.6,'',0,'Acting');
INSERT INTO MovieCredits(movieId, personId, job) VALUES(700995,2627367,'Actor_Lancera');
INSERT INTO Personen(id, name, birthday, deathday, popularity, profilePath, gender, profession) VALUES(1374393,'Laura Aguerrebehere','','',0.6,'',0,'Costume & Make-Up');
INSERT INTO MovieCredits(movieId, personId, job) VALUES(700995,1374393,'Art Direction');
INSERT INTO Personen(id, name, birthday, deathday, popularity, profilePath, gender, profession) VALUES(2125236,'Fernando Regueira','','',0.6,'',0,'Writing');
INSERT INTO MovieCredits(movieId, personId, job) VALUES(700995,2125236,'Writer');
INSERT INTO Personen(id, name, birthday, deathday, popularity, profilePath, gender, profession) VALUES(2202399,'Pablo Mazzeo','','',0.6,'',2,'Directing');
INSERT INTO MovieCredits(movieId, personId, job) VALUES(700995,2202399,'Editor');
INSERT INTO Personen(id, name, birthday, deathday, popularity, profilePath, gender, profession) VALUES(2305711,'Emiliano Cativa','','',0.6,'',0,'Crew');
INSERT INTO MovieCredits(movieId, personId, job) VALUES(700995,2305711,'Cinematography');
INSERT INTO Personen(id, name, birthday, deathday, popularity, profilePath, gender, profession) VALUES(2627357,'Martín Basterretche','','',0.6,'',0,'Directing');
INSERT INTO MovieCredits(movieId, personId, job) VALUES(700995,2627357,'Director');
INSERT INTO MovieCredits(movieId, personId, job) VALUES(700995,2627357,'Editor');
INSERT INTO Movies(id, title, overview, popularity, releaseDate, posterPath, voteCount, voteAvg, revenue, runtime, tagline) VALUES(443791,'Underwater','After an earthquake destroys their underwater station, six researchers must navigate two miles along the dangerous, unknown depths of the ocean floor to make it to safety in a race against time.',259.033,'2020-01-08','/gzlbb3yeVISpQ3REd3Ga1scWGTU.jpg',2014, 6.3,'4.0882928e+07', 95, '7 miles below the ocean surface something has awakened');
INSERT INTO MovieGenre(movieId, genreId) VALUES(443791,'28');
INSERT INTO MovieGenre(movieId, genreId) VALUES(443791,'27');
INSERT INTO MovieGenre(movieId, genreId) VALUES(443791,'878');
INSERT INTO MovieGenre(movieId, genreId) VALUES(443791,'53');
INSERT INTO MovieCountry(movieId, countryId) VALUES(443791,'US');
INSERT INTO Personen(id, name, birthday, deathday, popularity, profilePath, gender, profession) VALUES(37917,'Kristen Stewart','','',11.418,'/owdG2iYyTzoxJQXD6ZeKJyyBY3o.jpg',1,'Acting');
INSERT INTO MovieCredits(movieId, personId, job) VALUES(443791,37917,'Actor_Norah Price');
INSERT INTO Personen(id, name, birthday, deathday, popularity, profilePath, gender, profession) VALUES(1925,'Vincent Cassel','','',10.017,'/ykBEiVh6YQ9UmMAYUiQkZBH3VV4.jpg',2,'Acting');
INSERT INTO MovieCredits(movieId, personId, job) VALUES(443791,1925,'Actor_Captain Lucien');
INSERT INTO Personen(id, name, birthday, deathday, popularity, profilePath, gender, profession) VALUES(1639848,'Mamoudou Athie','','',2.074,'/w12x0SI8acaWEKFid91UMgPyTZw.jpg',0,'Acting');
INSERT INTO MovieCredits(movieId, personId, job) VALUES(443791,1639848,'Actor_Rodrigo Nagenda');
INSERT INTO Personen(id, name, birthday, deathday, popularity, profilePath, gender, profession) VALUES(51990,'T. J. Miller','','',7.09,'/rRrVvBxOkyYM5XdLXimShHR1Itn.jpg',2,'Acting');
INSERT INTO MovieCredits(movieId, personId, job) VALUES(443791,51990,'Actor_Paul Abel');
INSERT INTO Personen(id, name, birthday, deathday, popularity, profilePath, gender, profession) VALUES(17487,'John Gallagher Jr.','','',3.824,'/e4eEg5lH6Yk0OkpieUoUYdzl2Ui.jpg',2,'Acting');
INSERT INTO MovieCredits(movieId, personId, job) VALUES(443791,17487,'Actor_Liam Smith');
INSERT INTO Personen(id, name, birthday, deathday, popularity, profilePath, gender, profession) VALUES(1202689,'Jessica Henwick','','',7.283,'/wIgr8H1mYTFhMs0LXn44HTeFCDj.jpg',1,'Acting');
INSERT INTO MovieCredits(movieId, personId, job) VALUES(443791,1202689,'Actor_Emily Haversham');
INSERT INTO Personen(id, name, birthday, deathday, popularity, profilePath, gender, profession) VALUES(2122,'William Hoy','','',1.564,'/5UoZPWvGDKzUvJfRFavwOYM8Enz.jpg',2,'Editing');
INSERT INTO MovieCredits(movieId, personId, job) VALUES(443791,2122,'Editor');
INSERT INTO Personen(id, name, birthday, deathday, popularity, profilePath, gender, profession) VALUES(3189,'Brian Berdan','','',1.4,'/6XdyyjxRcWX1vhkcmoeTjzq04RY.jpg',2,'Editing');
INSERT INTO MovieCredits(movieId, personId, job) VALUES(443791,3189,'Editor');
INSERT INTO MovieCredits(movieId, personId, job) VALUES(443791,3504,'Sound Designer');
INSERT INTO MovieCredits(movieId, personId, job) VALUES(443791,7229,'Original Music Composer');
INSERT INTO Personen(id, name, birthday, deathday, popularity, profilePath, gender, profession) VALUES(11699,'Bojan Bazelli','','',0.6,'/9KuVLwgXwRCaPjyQNRqGTGzTBQE.jpg',2,'Camera');
INSERT INTO MovieCredits(movieId, personId, job) VALUES(443791,11699,'Director of Photography');
INSERT INTO MovieCredits(movieId, personId, job) VALUES(443791,17677,'Production Design');
INSERT INTO Movies(id, title, overview, popularity, releaseDate, posterPath, voteCount, voteAvg, revenue, runtime, tagline) VALUES(594718,'Sputnik','At the height of the Cold War, a Soviet spacecraft crash lands after a mission gone awry, leaving the commander as its only survivor. After a renowned Russian psychologist is brought in to evaluate the commander’s mental state, it becomes clear that something dangerous may have come back to Earth with him…',265.926,'2020-09-08','/eAUzmhP54bE1vPXaY7FbuZREJlR.jpg',265, 6.5,'0', 113, 'The only survivor did not come back alone');
INSERT INTO MovieGenre(movieId, genreId) VALUES(594718,'878');
INSERT INTO MovieGenre(movieId, genreId) VALUES(594718,'18');
INSERT INTO MovieGenre(movieId, genreId) VALUES(594718,'27');
INSERT INTO MovieCountry(movieId, countryId) VALUES(594718,'RU');
INSERT INTO Personen(id, name, birthday, deathday, popularity, profilePath, gender, profession) VALUES(77667,'Oksana Akinshina','','',6.834,'/1OyynbiwrYcKatc1ghESlCGGZef.jpg',1,'Acting');
INSERT INTO MovieCredits(movieId, personId, job) VALUES(594718,77667,'Actor_Tatyana Yuryevna');
INSERT INTO Personen(id, name, birthday, deathday, popularity, profilePath, gender, profession) VALUES(80997,'Pyotr Fyodorov','','',3.846,'/S1DCrcwg45fzmz0bXc5GPe4MtF.jpg',2,'Acting');
INSERT INTO MovieCredits(movieId, personId, job) VALUES(594718,80997,'Actor_Konstantin Veshnyakov');
INSERT INTO Personen(id, name, birthday, deathday, popularity, profilePath, gender, profession) VALUES(80999,'Fyodor Bondarchuk','','',1.626,'/uj63LFvCWAipD0UlTed8i8snE6b.jpg',2,'Production');
INSERT INTO MovieCredits(movieId, personId, job) VALUES(594718,80999,'Actor_Semiradov');
INSERT INTO Personen(id, name, birthday, deathday, popularity, profilePath, gender, profession) VALUES(2165605,'Anton Vasilyev','','',0.744,'/mT2dg6d2IOdiIbckwEr3j8HHyKq.jpg',2,'Acting');
INSERT INTO MovieCredits(movieId, personId, job) VALUES(594718,2165605,'Actor_Rigel');
INSERT INTO Personen(id, name, birthday, deathday, popularity, profilePath, gender, profession) VALUES(2417134,'Pavel Ustinov','','',0.645,'/wUvWEqNJcL9Eyp0gzLgka67ai8D.jpg',2,'Acting');
INSERT INTO MovieCredits(movieId, personId, job) VALUES(594718,2417134,'Actor_Convoy');
INSERT INTO Personen(id, name, birthday, deathday, popularity, profilePath, gender, profession) VALUES(2007637,'Vitaliya Kornienko','','',3.085,'/dJgxLqlY3lSTxXDf7VYKGsX9s5T.jpg',1,'Acting');
INSERT INTO MovieCredits(movieId, personId, job) VALUES(594718,2007637,'Actor_Child in Orphanage');
INSERT INTO MovieCredits(movieId, personId, job) VALUES(594718,80999,'Producer');
INSERT INTO Personen(id, name, birthday, deathday, popularity, profilePath, gender, profession) VALUES(143732,'Oleg Malovichko','','',0.6,'',2,'Writing');
INSERT INTO MovieCredits(movieId, personId, job) VALUES(594718,143732,'Screenplay');
INSERT INTO Personen(id, name, birthday, deathday, popularity, profilePath, gender, profession) VALUES(1245642,'Vyacheslav Murugov','','',0.6,'/8JBVPunxv68Kl9OFARMLkUD1UBO.jpg',2,'Production');
INSERT INTO MovieCredits(movieId, personId, job) VALUES(594718,1245642,'Producer');
INSERT INTO Personen(id, name, birthday, deathday, popularity, profilePath, gender, profession) VALUES(1377265,'Andrey Mesnyankin','','',0.6,'',0,'Visual Effects');
INSERT INTO MovieCredits(movieId, personId, job) VALUES(594718,1377265,'Digital Intermediate Colorist');
INSERT INTO Personen(id, name, birthday, deathday, popularity, profilePath, gender, profession) VALUES(1401614,'Michael Kitaev','','',0.6,'/ruhho7xAn56q7HtZjQViXVClAoh.jpg',2,'Production');
INSERT INTO MovieCredits(movieId, personId, job) VALUES(594718,1401614,'Executive Producer');
INSERT INTO Personen(id, name, birthday, deathday, popularity, profilePath, gender, profession) VALUES(1407688,'Alexey Gusev','','',0.6,'',0,'Visual Effects');
INSERT INTO MovieCredits(movieId, personId, job) VALUES(594718,1407688,'Visual Effects Producer');
INSERT INTO Movies(id, title, overview, popularity, releaseDate, posterPath, voteCount, voteAvg, revenue, runtime, tagline) VALUES(699102,'A Week Away','Troubled teen Will Hawkins has a run-in with the law that puts him at an important crossroad: go to juvenile detention or attend a Christian summer camp. At first a fish-out-of-water, Will opens his heart, discovers love with a camp regular, and sense of belonging in the last place he expected to find it.',267.519,'2021-03-26','/htTS07IvYv3rv57ftzNEprefwSq.jpg',140, 7.1,'0', 94, '');
INSERT INTO MovieGenre(movieId, genreId) VALUES(699102,'18');
INSERT INTO MovieGenre(movieId, genreId) VALUES(699102,'10751');
INSERT INTO MovieGenre(movieId, genreId) VALUES(699102,'10402');
INSERT INTO MovieGenre(movieId, genreId) VALUES(699102,'10749');
INSERT INTO MovieCountry(movieId, countryId) VALUES(699102,'US');
INSERT INTO Personen(id, name, birthday, deathday, popularity, profilePath, gender, profession) VALUES(54479,'Bailee Madison','','',9.763,'/kPMfXzqboFJLiV5iPX8rzENKfQy.jpg',1,'Acting');
INSERT INTO MovieCredits(movieId, personId, job) VALUES(699102,54479,'Actor_Avery');
INSERT INTO Personen(id, name, birthday, deathday, popularity, profilePath, gender, profession) VALUES(1512175,'Kevin G. Quinn','','',1.72,'/8Po2o77ZapHCVva5dnPxJHByPzv.jpg',2,'Acting');
INSERT INTO MovieCredits(movieId, personId, job) VALUES(699102,1512175,'Actor_Will Hawkins');
INSERT INTO Personen(id, name, birthday, deathday, popularity, profilePath, gender, profession) VALUES(109561,'Sherri Shepherd','','',3.787,'/uDhUIZadyHec8AUi5zDQ8ilMpn9.jpg',1,'Acting');
INSERT INTO MovieCredits(movieId, personId, job) VALUES(699102,109561,'Actor_Kristin');
INSERT INTO Personen(id, name, birthday, deathday, popularity, profilePath, gender, profession) VALUES(28638,'David Koechner','','',5.562,'/fpTTe1ow3EdfRJ8PZgBJmpeghMS.jpg',2,'Acting');
INSERT INTO MovieCredits(movieId, personId, job) VALUES(699102,28638,'Actor_David');
INSERT INTO Personen(id, name, birthday, deathday, popularity, profilePath, gender, profession) VALUES(2620729,'Jahbril Cook','','',0.6,'',0,'Acting');
INSERT INTO MovieCredits(movieId, personId, job) VALUES(699102,2620729,'Actor_George');
INSERT INTO Personen(id, name, birthday, deathday, popularity, profilePath, gender, profession) VALUES(2620732,'Kat Conner Sterling','','',0.6,'/5Mq6X1MeVuoSa37VRQw987aF3pZ.jpg',1,'Acting');
INSERT INTO MovieCredits(movieId, personId, job) VALUES(699102,2620732,'Actor_Presley');
INSERT INTO MovieCredits(movieId, personId, job) VALUES(699102,54479,'Associate Producer');
INSERT INTO Personen(id, name, birthday, deathday, popularity, profilePath, gender, profession) VALUES(92534,'Beverly Holloway','','',0.6,'',0,'Production');
INSERT INTO MovieCredits(movieId, personId, job) VALUES(699102,92534,'Casting');
INSERT INTO Personen(id, name, birthday, deathday, popularity, profilePath, gender, profession) VALUES(140248,'Steve Barnett','','',0.631,'',2,'Directing');
INSERT INTO MovieCredits(movieId, personId, job) VALUES(699102,140248,'Producer');
INSERT INTO Personen(id, name, birthday, deathday, popularity, profilePath, gender, profession) VALUES(1322603,'Alan Powell','','',3.212,'/1ExGNnz2JqEEBXVquWn1pF1YIdq.jpg',2,'Acting');
INSERT INTO MovieCredits(movieId, personId, job) VALUES(699102,1322603,'Producer');
INSERT INTO MovieCredits(movieId, personId, job) VALUES(699102,1322603,'Writer');
INSERT INTO MovieCredits(movieId, personId, job) VALUES(699102,1322603,'Story');
INSERT INTO Movies(id, title, overview, popularity, releaseDate, posterPath, voteCount, voteAvg, revenue, runtime, tagline) VALUES(635302,'Demon Slayer - Kimetsu no Yaiba - The Movie: Mugen Train','Tanjirō Kamado, joined with Inosuke Hashibira, a boy raised by boars who wears a boar\'s head, and Zenitsu Agatsuma, a scared boy who reveals his true power when he sleeps, boards the Infinity Train on a new mission with the Fire Hashira, Kyōjurō Rengoku, to defeat a demon who has been tormenting the people and killing the demon slayers who oppose it!',337.622,'2020-10-16','/yF45egpHwaYLn4jTyZAgk0Cmug9.jpg',554, 8,'3.9918e+08', 117, 'With your blade, bring an end to the nightmare.');
INSERT INTO MovieGenre(movieId, genreId) VALUES(635302,'16');
INSERT INTO MovieGenre(movieId, genreId) VALUES(635302,'28');
INSERT INTO MovieGenre(movieId, genreId) VALUES(635302,'12');
INSERT INTO MovieGenre(movieId, genreId) VALUES(635302,'14');
INSERT INTO MovieGenre(movieId, genreId) VALUES(635302,'18');
INSERT INTO MovieCountry(movieId, countryId) VALUES(635302,'JP');
INSERT INTO Personen(id, name, birthday, deathday, popularity, profilePath, gender, profession) VALUES(1256603,'Natsuki Hanae','','',8.251,'/A1lGrpBEdAUxZA7RoAw4Zr4ved3.jpg',2,'Acting');
INSERT INTO MovieCredits(movieId, personId, job) VALUES(635302,1256603,'Actor_Tanjirō Kamado (voice)');
INSERT INTO Personen(id, name, birthday, deathday, popularity, profilePath, gender, profession) VALUES(1563442,'Akari Kito','','',14.052,'/43SgANYtj7vpsHmz68hgPDlxC15.jpg',1,'Acting');
INSERT INTO MovieCredits(movieId, personId, job) VALUES(635302,1563442,'Actor_Nezuko Kamado (voice)');
INSERT INTO Personen(id, name, birthday, deathday, popularity, profilePath, gender, profession) VALUES(119145,'Hiro Shimono','','',11.086,'/i5CaaqKmHH0vKCloqZyrCwn5mWy.jpg',2,'Acting');
INSERT INTO MovieCredits(movieId, personId, job) VALUES(635302,119145,'Actor_Zenitsu Agatsuma (voice)');
INSERT INTO Personen(id, name, birthday, deathday, popularity, profilePath, gender, profession) VALUES(233590,'Yoshitsugu Matsuoka','','',8.31,'/imT0u1zSM0RbMxBBbQ6kGDRNoCV.jpg',2,'Acting');
INSERT INTO MovieCredits(movieId, personId, job) VALUES(635302,233590,'Actor_Inosuke Hashibira (voice)');
INSERT INTO Personen(id, name, birthday, deathday, popularity, profilePath, gender, profession) VALUES(224413,'Satoshi Hino','','',5.113,'/8ZJIiwIVF2zDyyFr7oXewj0eEuu.jpg',2,'Acting');
INSERT INTO MovieCredits(movieId, personId, job) VALUES(635302,224413,'Actor_Kyōjurō Rengoku (voice)');
INSERT INTO Personen(id, name, birthday, deathday, popularity, profilePath, gender, profession) VALUES(9705,'Takahiro Sakurai','','',12.706,'/cXVu8xUA3CFHB0RJLyTcrUP38j3.jpg',2,'Acting');
INSERT INTO MovieCredits(movieId, personId, job) VALUES(635302,9705,'Actor_Giyū Tomioka (voice)');
INSERT INTO Personen(id, name, birthday, deathday, popularity, profilePath, gender, profession) VALUES(89839,'Yuki Kajiura','','',1.575,'/dhhHmE1bEDyu3hRiy5CyQvLKBLn.jpg',1,'Sound');
INSERT INTO MovieCredits(movieId, personId, job) VALUES(635302,89839,'Original Music Composer');
INSERT INTO Personen(id, name, birthday, deathday, popularity, profilePath, gender, profession) VALUES(230748,'Makoto Nakamura','','',0.608,'',2,'Writing');
INSERT INTO MovieCredits(movieId, personId, job) VALUES(635302,230748,'Key Animation');
INSERT INTO Personen(id, name, birthday, deathday, popularity, profilePath, gender, profession) VALUES(552050,'Masahiro Kimura','','',0.6,'',2,'Visual Effects');
INSERT INTO MovieCredits(movieId, personId, job) VALUES(635302,552050,'Key Animation');
INSERT INTO Personen(id, name, birthday, deathday, popularity, profilePath, gender, profession) VALUES(931824,'Mitsuru Obunai','','',0.6,'',2,'Visual Effects');
INSERT INTO MovieCredits(movieId, personId, job) VALUES(635302,931824,'Key Animation');
INSERT INTO Personen(id, name, birthday, deathday, popularity, profilePath, gender, profession) VALUES(1196401,'Tomonori Sudo','','',0.6,'/p2QstTAYnQclT78iDQYps5es8VK.jpg',2,'Visual Effects');
INSERT INTO MovieCredits(movieId, personId, job) VALUES(635302,1196401,'Animation Director');
INSERT INTO Personen(id, name, birthday, deathday, popularity, profilePath, gender, profession) VALUES(1256824,'Akira Matsushima','','',0.6,'',2,'Visual Effects');
INSERT INTO MovieCredits(movieId, personId, job) VALUES(635302,1256824,'Animation Director');
INSERT INTO Movies(id, title, overview, popularity, releaseDate, posterPath, voteCount, voteAvg, revenue, runtime, tagline) VALUES(290859,'Terminator: Dark Fate','Decades after Sarah Connor prevented Judgment Day, a lethal new Terminator is sent to eliminate the future leader of the resistance. In a fight to save mankind, battle-hardened Sarah Connor teams up with an unexpected ally and an enhanced super soldier to stop the deadliest Terminator yet.',285.244,'2019-10-23','/vqzNJRH4YyquRiWxCCOH0aXggHI.jpg',3408, 6.5,'2.61119292e+08', 128, 'Welcome to the day after judgement day');
INSERT INTO MovieGenre(movieId, genreId) VALUES(290859,'28');
INSERT INTO MovieGenre(movieId, genreId) VALUES(290859,'12');
INSERT INTO MovieGenre(movieId, genreId) VALUES(290859,'878');
INSERT INTO MovieCountry(movieId, countryId) VALUES(290859,'CN');
INSERT INTO Countries(id, cname) VALUES('HU','Hungary');
INSERT INTO MovieCountry(movieId, countryId) VALUES(290859,'HU');
INSERT INTO MovieCountry(movieId, countryId) VALUES(290859,'ES');
INSERT INTO MovieCountry(movieId, countryId) VALUES(290859,'US');
INSERT INTO Personen(id, name, birthday, deathday, popularity, profilePath, gender, profession) VALUES(2713,'Linda Hamilton','','',10.25,'/hT7TodnTZiZgP0yCt5W0CeaKv32.jpg',1,'Acting');
INSERT INTO MovieCredits(movieId, personId, job) VALUES(290859,2713,'Actor_Sarah Connor');
INSERT INTO Personen(id, name, birthday, deathday, popularity, profilePath, gender, profession) VALUES(1100,'Arnold Schwarzenegger','','',25.888,'/s1FmIoen313b1emEzfGRK6x6EF7.jpg',2,'Acting');
INSERT INTO MovieCredits(movieId, personId, job) VALUES(290859,1100,'Actor_T-800 / Carl');
INSERT INTO Personen(id, name, birthday, deathday, popularity, profilePath, gender, profession) VALUES(1110405,'Mackenzie Davis','','',8.051,'/ekQbEIKh26jbz17P0wwLbo6uNs9.jpg',1,'Acting');
INSERT INTO MovieCredits(movieId, personId, job) VALUES(290859,1110405,'Actor_Grace');
INSERT INTO Personen(id, name, birthday, deathday, popularity, profilePath, gender, profession) VALUES(1596934,'Natalia Reyes','','',1.962,'/9N7FNKUhjtinrNPy8ANvXrB7iEr.jpg',1,'Acting');
INSERT INTO MovieCredits(movieId, personId, job) VALUES(290859,1596934,'Actor_Daniella "Dani" Ramos');
INSERT INTO Personen(id, name, birthday, deathday, popularity, profilePath, gender, profession) VALUES(111016,'Gabriel Luna','','',3.651,'/mYVDObiZuw7DmsBHsLfZIAn37Tw.jpg',2,'Acting');
INSERT INTO MovieCredits(movieId, personId, job) VALUES(290859,111016,'Actor_Gabriel / REV-9');
INSERT INTO MovieCredits(movieId, personId, job) VALUES(290859,935201,'Actor_Diego Ramos');
INSERT INTO MovieCredits(movieId, personId, job) VALUES(290859,1113,'Casting');
INSERT INTO Personen(id, name, birthday, deathday, popularity, profilePath, gender, profession) VALUES(869,'Gale Anne Hurd','','',1.949,'/zQtqYXqna1DyIMX3TrY0UytNgoO.jpg',1,'Production');
INSERT INTO MovieCredits(movieId, personId, job) VALUES(290859,869,'Characters');
INSERT INTO Personen(id, name, birthday, deathday, popularity, profilePath, gender, profession) VALUES(1322,'Ngila Dickson','','',0.6,'/agoIBi3G9ezonrfiMyouSaPMwBi.jpg',1,'Costume & Make-Up');
INSERT INTO MovieCredits(movieId, personId, job) VALUES(290859,1322,'Costume Design');
INSERT INTO Personen(id, name, birthday, deathday, popularity, profilePath, gender, profession) VALUES(3893,'David S. Goyer','','',3.333,'/gf44Hr3HJuWK7ZMHQKzDNBe0ylI.jpg',2,'Writing');
INSERT INTO MovieCredits(movieId, personId, job) VALUES(290859,3893,'Screenplay');
INSERT INTO MovieCredits(movieId, personId, job) VALUES(290859,3893,'Story');
INSERT INTO Personen(id, name, birthday, deathday, popularity, profilePath, gender, profession) VALUES(2210,'Bonnie Curtis','','',0.6,'',1,'Production');
INSERT INTO MovieCredits(movieId, personId, job) VALUES(290859,2210,'Executive Producer');
INSERT INTO Movies(id, title, overview, popularity, releaseDate, posterPath, voteCount, voteAvg, revenue, runtime, tagline) VALUES(659067,'Earth and Blood','A sawmill owner and his teenage daughter become tangled in a deadly feud when a drug dealer stashes stolen cocaine on their remote property.',259.19,'2020-04-17','/23S0NEXXOMhhXhF566Pw5sx7hnZ.jpg',233, 6.3,'0', 80, '');
INSERT INTO MovieGenre(movieId, genreId) VALUES(659067,'28');
INSERT INTO MovieGenre(movieId, genreId) VALUES(659067,'53');
INSERT INTO MovieCountry(movieId, countryId) VALUES(659067,'BE');
INSERT INTO MovieCountry(movieId, countryId) VALUES(659067,'FR');
INSERT INTO Personen(id, name, birthday, deathday, popularity, profilePath, gender, profession) VALUES(20667,'Sami Bouajila','','',3.202,'/xq8TMMCA4RI2omGxbPtLVsBMWX8.jpg',2,'Acting');
INSERT INTO MovieCredits(movieId, personId, job) VALUES(659067,20667,'Actor_Saïd');
INSERT INTO Personen(id, name, birthday, deathday, popularity, profilePath, gender, profession) VALUES(25078,'Ériq Ebouaney','','',3.824,'/5VJMH0rJE5b001FIaRD2Vr9ti80.jpg',2,'Acting');
INSERT INTO MovieCredits(movieId, personId, job) VALUES(659067,25078,'Actor_Adama');
INSERT INTO Personen(id, name, birthday, deathday, popularity, profilePath, gender, profession) VALUES(96044,'Samy Seghir','','',1.388,'/2VCHwAVlH1Fu5Tnt3dJGgfRFUGO.jpg',2,'Acting');
INSERT INTO MovieCredits(movieId, personId, job) VALUES(659067,96044,'Actor_Yanis');
INSERT INTO Personen(id, name, birthday, deathday, popularity, profilePath, gender, profession) VALUES(1281819,'Sofia Lesaffre','','',3.075,'/hvSsZuEXWe0dIffcsSDUKUKsmmo.jpg',1,'Acting');
INSERT INTO MovieCredits(movieId, personId, job) VALUES(659067,1281819,'Actor_Sarah');
INSERT INTO Personen(id, name, birthday, deathday, popularity, profilePath, gender, profession) VALUES(1187189,'Redouanne Harjane','','',0.6,'',2,'Acting');
INSERT INTO MovieCredits(movieId, personId, job) VALUES(659067,1187189,'Actor_Mehdi');
INSERT INTO Personen(id, name, birthday, deathday, popularity, profilePath, gender, profession) VALUES(1471308,'Eric Kabongo','','',0.6,'/6M2WHQhrWoQxL22VkJBAfdHWchW.jpg',0,'Acting');
INSERT INTO MovieCredits(movieId, personId, job) VALUES(659067,1471308,'Actor_Yao');
INSERT INTO Personen(id, name, birthday, deathday, popularity, profilePath, gender, profession) VALUES(46291,'Didier Lozahic','','',0.6,'',0,'Sound');
INSERT INTO MovieCredits(movieId, personId, job) VALUES(659067,46291,'Sound Mixer');
INSERT INTO Personen(id, name, birthday, deathday, popularity, profilePath, gender, profession) VALUES(49191,'Alain Carsoux','','',0.6,'',2,'Visual Effects');
INSERT INTO MovieCredits(movieId, personId, job) VALUES(659067,49191,'Visual Effects Supervisor');
INSERT INTO Personen(id, name, birthday, deathday, popularity, profilePath, gender, profession) VALUES(56408,'Jean-Jacques Hertz','','',0.6,'/70I81gCnbopVdUIAt7FiVx6vdnr.jpg',2,'Sound');
INSERT INTO MovieCredits(movieId, personId, job) VALUES(659067,56408,'Original Music Composer');
INSERT INTO Personen(id, name, birthday, deathday, popularity, profilePath, gender, profession) VALUES(56410,'François Roy','','',0.6,'/u7RwYtMbBCjNkhx4zA0W20aVn2v.jpg',2,'Sound');
INSERT INTO MovieCredits(movieId, personId, job) VALUES(659067,56410,'Original Music Composer');
INSERT INTO MovieCredits(movieId, personId, job) VALUES(659067,84439,'Director');
INSERT INTO Personen(id, name, birthday, deathday, popularity, profilePath, gender, profession) VALUES(1127483,'Bart van Loo','','',0.6,'',0,'Art');
INSERT INTO MovieCredits(movieId, personId, job) VALUES(659067,1127483,'Production Design');
INSERT INTO Movies(id, title, overview, popularity, releaseDate, posterPath, voteCount, voteAvg, revenue, runtime, tagline) VALUES(644083,'Twist','A Dicken’s classic brought thrillingly up to date in the teeming heartland of modern London, where a group of street smart young hustlers plan the heist of the century for the ultimate payday.',468.675,'2021-01-22','/29dCusd9PwHrbDqzxNG35WcpZpS.jpg',33, 6.8,'0', 90, 'London\'s favorite thief is all grown up.');
INSERT INTO MovieGenre(movieId, genreId) VALUES(644083,'80');
INSERT INTO MovieGenre(movieId, genreId) VALUES(644083,'18');
INSERT INTO MovieGenre(movieId, genreId) VALUES(644083,'28');
INSERT INTO MovieCountry(movieId, countryId) VALUES(644083,'GB');
INSERT INTO Personen(id, name, birthday, deathday, popularity, profilePath, gender, profession) VALUES(2445313,'Raff Law','','',0.694,'/baGvvBxZhKUEgtoCu4a4IUH7OGN.jpg',2,'Acting');
INSERT INTO MovieCredits(movieId, personId, job) VALUES(644083,2445313,'Actor_Oliver Twist');
INSERT INTO Personen(id, name, birthday, deathday, popularity, profilePath, gender, profession) VALUES(3895,'Michael Caine','','',8.034,'/klNx4UqkcE9u7P3vsg20AKwgplw.jpg',2,'Acting');
INSERT INTO MovieCredits(movieId, personId, job) VALUES(644083,3895,'Actor_Fagin');
INSERT INTO Personen(id, name, birthday, deathday, popularity, profilePath, gender, profession) VALUES(17286,'Lena Headey','','',11.3,'/xR2IBnBlUdyBe5hecaVdtRuQqUE.jpg',1,'Acting');
INSERT INTO MovieCredits(movieId, personId, job) VALUES(644083,17286,'Actor_Sikes');
INSERT INTO Personen(id, name, birthday, deathday, popularity, profilePath, gender, profession) VALUES(1363086,'Franz Drameh','','',5.463,'/xSEv3SN8CSn0bozoOnPd77kEOiD.jpg',2,'Acting');
INSERT INTO MovieCredits(movieId, personId, job) VALUES(644083,1363086,'Actor_Batesey');
INSERT INTO Personen(id, name, birthday, deathday, popularity, profilePath, gender, profession) VALUES(1715074,'Sophie Simnett','','',5.064,'/pLSUt6bewkHGnSLbO4XOZ1QClYx.jpg',1,'Acting');
INSERT INTO MovieCredits(movieId, personId, job) VALUES(644083,1715074,'Actor_Red');
INSERT INTO Personen(id, name, birthday, deathday, popularity, profilePath, gender, profession) VALUES(80536,'David Walliams','','',5.168,'/jC139tWQdQPXJ0PJ7pnXF8Mw2M8.jpg',2,'Acting');
INSERT INTO MovieCredits(movieId, personId, job) VALUES(644083,80536,'Actor_Losberne');
INSERT INTO Personen(id, name, birthday, deathday, popularity, profilePath, gender, profession) VALUES(24218,'Jeremy Gibbs','','',1.38,'',0,'Editing');
INSERT INTO MovieCredits(movieId, personId, job) VALUES(644083,24218,'Editor');
INSERT INTO Personen(id, name, birthday, deathday, popularity, profilePath, gender, profession) VALUES(41334,'Tony Noble','','',0.6,'',0,'Art');
INSERT INTO MovieCredits(movieId, personId, job) VALUES(644083,41334,'Production Design');
INSERT INTO Personen(id, name, birthday, deathday, popularity, profilePath, gender, profession) VALUES(307791,'Matthew Parkhill','','',0.6,'',0,'Directing');
INSERT INTO MovieCredits(movieId, personId, job) VALUES(644083,307791,'Writer');
INSERT INTO Personen(id, name, birthday, deathday, popularity, profilePath, gender, profession) VALUES(933208,'Kevin Lehane','','',0.6,'',0,'Writing');
INSERT INTO MovieCredits(movieId, personId, job) VALUES(644083,933208,'Writer');
INSERT INTO Personen(id, name, birthday, deathday, popularity, profilePath, gender, profession) VALUES(965577,'John Wrathall','','',0.6,'',2,'Writing');
INSERT INTO MovieCredits(movieId, personId, job) VALUES(644083,965577,'Writer');
INSERT INTO Personen(id, name, birthday, deathday, popularity, profilePath, gender, profession) VALUES(1104979,'Tom Grass','','',0.6,'',0,'Crew');
INSERT INTO MovieCredits(movieId, personId, job) VALUES(644083,1104979,'Writer');
INSERT INTO Movies(id, title, overview, popularity, releaseDate, posterPath, voteCount, voteAvg, revenue, runtime, tagline) VALUES(340102,'The New Mutants','Five young mutants, just discovering their abilities while held in a secret facility against their will, fight to escape their past sins and save themselves.',269.5,'2020-08-26','/xZNw9xxtwbEf25NYoz52KdbXHPM.jpg',1802, 6.4,'4.5534613e+07', 94, 'It\'s time to face your demons.');
INSERT INTO MovieGenre(movieId, genreId) VALUES(340102,'28');
INSERT INTO MovieGenre(movieId, genreId) VALUES(340102,'27');
INSERT INTO MovieGenre(movieId, genreId) VALUES(340102,'878');
INSERT INTO MovieCountry(movieId, countryId) VALUES(340102,'US');
INSERT INTO Personen(id, name, birthday, deathday, popularity, profilePath, gender, profession) VALUES(1181313,'Maisie Williams','','',12.368,'/zLTq39cdRjS43dEzb78c1p1QcbT.jpg',1,'Acting');
INSERT INTO MovieCredits(movieId, personId, job) VALUES(340102,1181313,'Actor_Rahne Sinclair / Wolfsbane');
INSERT INTO Personen(id, name, birthday, deathday, popularity, profilePath, gender, profession) VALUES(1397778,'Anya Taylor-Joy','','',25.403,'/1zA5GuTcciupj4PsNoV2YemB0Wm.jpg',1,'Acting');
INSERT INTO MovieCredits(movieId, personId, job) VALUES(340102,1397778,'Actor_Illyana Rasputin / Magik');
INSERT INTO Personen(id, name, birthday, deathday, popularity, profilePath, gender, profession) VALUES(1448222,'Charlie Heaton','','',5.329,'/76JHdkAhOdBbxBJMPiRQjPXDdg7.jpg',2,'Acting');
INSERT INTO MovieCredits(movieId, personId, job) VALUES(340102,1448222,'Actor_Samuel Guthrie / Cannonball');
INSERT INTO Personen(id, name, birthday, deathday, popularity, profilePath, gender, profession) VALUES(8602,'Alice Braga','','',10.935,'/qD0lIN0SqTqXExLRMyET3VIj3BD.jpg',1,'Acting');
INSERT INTO MovieCredits(movieId, personId, job) VALUES(340102,8602,'Actor_Dr. Cecilia Reyes');
INSERT INTO Personen(id, name, birthday, deathday, popularity, profilePath, gender, profession) VALUES(1827498,'Blu Hunt','','',5.127,'/9as5Bn8Ej2kyc4oGcmDF1tHFO4i.jpg',1,'Acting');
INSERT INTO MovieCredits(movieId, personId, job) VALUES(340102,1827498,'Actor_Danielle Moonstar / Mirage');
INSERT INTO Personen(id, name, birthday, deathday, popularity, profilePath, gender, profession) VALUES(1563169,'Henry Zaga','','',3.08,'/lGOcJ4UT13PfWgRSj7Gno00oAIc.jpg',2,'Acting');
INSERT INTO MovieCredits(movieId, personId, job) VALUES(340102,1563169,'Actor_Roberto da Costa / Sunspot');
INSERT INTO Personen(id, name, birthday, deathday, popularity, profilePath, gender, profession) VALUES(1720,'Ronna Kress','','',3.005,'',1,'Production');
INSERT INTO MovieCredits(movieId, personId, job) VALUES(340102,1720,'Casting');
INSERT INTO Personen(id, name, birthday, deathday, popularity, profilePath, gender, profession) VALUES(10569,'Karen Rosenfelt','','',1.62,'',1,'Production');
INSERT INTO MovieCredits(movieId, personId, job) VALUES(340102,10569,'Producer');
INSERT INTO Personen(id, name, birthday, deathday, popularity, profilePath, gender, profession) VALUES(5339,'David Boulton','','',0.6,'',0,'Sound');
INSERT INTO MovieCredits(movieId, personId, job) VALUES(340102,5339,'ADR Mixer');
INSERT INTO Personen(id, name, birthday, deathday, popularity, profilePath, gender, profession) VALUES(7200,'Lauren Shuler Donner','','',0.745,'',1,'Production');
INSERT INTO MovieCredits(movieId, personId, job) VALUES(340102,7200,'Producer');
INSERT INTO Personen(id, name, birthday, deathday, popularity, profilePath, gender, profession) VALUES(7624,'Stan Lee','','',7.144,'/nGjBAc25C3LT23NqeOfY1pCcax8.jpg',2,'Writing');
INSERT INTO MovieCredits(movieId, personId, job) VALUES(340102,7624,'Executive Producer');
INSERT INTO Personen(id, name, birthday, deathday, popularity, profilePath, gender, profession) VALUES(9373,'Tim Collins','','',0.6,'',2,'Camera');
INSERT INTO MovieCredits(movieId, personId, job) VALUES(340102,9373,'Dolly Grip');
INSERT INTO Movies(id, title, overview, popularity, releaseDate, posterPath, voteCount, voteAvg, revenue, runtime, tagline) VALUES(20982,'Naruto Shippuden the Movie','Demons that once almost destroyed the world, are revived by someone. To prevent the world from being destroyed, the demon has to be sealed and the only one who can do it is the shrine maiden Shion from the country of demons, who has two powers; one is sealing demons and the other is predicting the deaths of humans. This time Naruto\'s mission is to guard Shion, but she predicts Naruto\'s death. The only way to escape it, is to get away from Shion, which would leave her unguarded, then the demon, whose only goal is to kill Shion will do so, thus meaning the end of the world. Naruto decides to challenge this "prediction of death."',307.455,'2007-08-04','/vDkct38sSFSWJIATlfJw0l3QOIR.jpg',305, 7.1,'0', 94, '');
INSERT INTO MovieGenre(movieId, genreId) VALUES(20982,'10751');
INSERT INTO MovieGenre(movieId, genreId) VALUES(20982,'28');
INSERT INTO MovieGenre(movieId, genreId) VALUES(20982,'16');
INSERT INTO MovieGenre(movieId, genreId) VALUES(20982,'12');
INSERT INTO MovieGenre(movieId, genreId) VALUES(20982,'14');
INSERT INTO MovieCountry(movieId, countryId) VALUES(20982,'JP');
INSERT INTO Personen(id, name, birthday, deathday, popularity, profilePath, gender, profession) VALUES(82055,'Junko Takeuchi','','',8.577,'/r0mRj4lNrKCmwGrzpgptKe096u1.jpg',1,'Acting');
INSERT INTO MovieCredits(movieId, personId, job) VALUES(20982,82055,'Actor_Naruto Uzumaki (voice)');
INSERT INTO Personen(id, name, birthday, deathday, popularity, profilePath, gender, profession) VALUES(82057,'Chie Nakamura','','',2.836,'/evB6vKUbm0CKgBcgikPeFXdwd29.jpg',1,'Acting');
INSERT INTO MovieCredits(movieId, personId, job) VALUES(20982,82057,'Actor_Sakura Haruno (voice)');
INSERT INTO Personen(id, name, birthday, deathday, popularity, profilePath, gender, profession) VALUES(89971,'Yōichi Masukawa','','',1.199,'/sE664CcqM1pvoWsYsca7szlIzl5.jpg',0,'Acting');
INSERT INTO MovieCredits(movieId, personId, job) VALUES(20982,89971,'Actor_Rock Lee (voice)');
INSERT INTO Personen(id, name, birthday, deathday, popularity, profilePath, gender, profession) VALUES(550662,'Kōichi Tōchika','','',3.284,'/4r9cO2LZT0f1pQkNo8v9P2JCsQu.jpg',2,'Acting');
INSERT INTO MovieCredits(movieId, personId, job) VALUES(20982,550662,'Actor_Neji Hyûga (voice)');
INSERT INTO Personen(id, name, birthday, deathday, popularity, profilePath, gender, profession) VALUES(89835,'Ayumi Fujimura','','',3.249,'/5dRWFu7hfO1rUoZh0hF6rzfEmZc.jpg',1,'Acting');
INSERT INTO MovieCredits(movieId, personId, job) VALUES(20982,89835,'Actor_Shion (voice)');
INSERT INTO Personen(id, name, birthday, deathday, popularity, profilePath, gender, profession) VALUES(1221880,'Yoshinori Fujita','','',1.4,'/dYpG4BJRta6vAXfDXaNQxVqIZ5K.jpg',2,'Acting');
INSERT INTO MovieCredits(movieId, personId, job) VALUES(20982,1221880,'Actor_Taruho (voice)');
INSERT INTO Personen(id, name, birthday, deathday, popularity, profilePath, gender, profession) VALUES(80751,'Hirotsugu Kawasaki','','',0.84,'/pQUJXwohdLvJBr57Y2ac8dX25Og.jpg',2,'Visual Effects');
INSERT INTO MovieCredits(movieId, personId, job) VALUES(20982,80751,'Storyboard');
INSERT INTO MovieCredits(movieId, personId, job) VALUES(20982,80751,'Key Animation');
INSERT INTO Personen(id, name, birthday, deathday, popularity, profilePath, gender, profession) VALUES(89963,'Masashi Kishimoto','','',1.66,'/8hoQQiQEak3HxCDhEIDcAZ8QI41.jpg',2,'Writing');
INSERT INTO MovieCredits(movieId, personId, job) VALUES(20982,89963,'Writer');
INSERT INTO Personen(id, name, birthday, deathday, popularity, profilePath, gender, profession) VALUES(89972,'Hajime Kamegaki','','',2.821,'/l0tvUz7ITTAyLY7XNmSTTO7f8Al.jpg',2,'Directing');
INSERT INTO MovieCredits(movieId, personId, job) VALUES(20982,89972,'Director');
INSERT INTO Personen(id, name, birthday, deathday, popularity, profilePath, gender, profession) VALUES(201835,'Junki Takegami','','',1.571,'',2,'Writing');
INSERT INTO MovieCredits(movieId, personId, job) VALUES(20982,201835,'Writer');
INSERT INTO Movies(id, title, overview, popularity, releaseDate, posterPath, voteCount, voteAvg, revenue, runtime, tagline) VALUES(575088,'Baba Yaga: Terror of the Dark Forest','The young family who moved to a new apartment on the outskirts of the city. The nanny hired by them for the newborn daughter quickly gained confidence. However, the older boy, Egor, talks about the frightening behavior of a woman, but his parents do not believe him. The surveillance cameras installed by the father for comfort only confirm everything is in order. Then one day, Egor, returning home, finds no trace of either the nanny or the little sister, and the parents are in a strange trance and do not even remember that they had a daughter. Then Egor, together with his friends, goes in search, during which it turns out that the nanny is an ancient Slavic demon, popularly known as Baba Yaga.',258.133,'2020-02-27','/8m5HTXzwewlfXhtZtLlLts53YTW.jpg',117, 6.2,'0', 96, '');
INSERT INTO MovieGenre(movieId, genreId) VALUES(575088,'27');
INSERT INTO MovieCountry(movieId, countryId) VALUES(575088,'RU');
INSERT INTO Personen(id, name, birthday, deathday, popularity, profilePath, gender, profession) VALUES(2216700,'Oleg Chugunov','','',1.4,'/z2ilp339rBnBXYSjGvww9dao8xB.jpg',2,'Acting');
INSERT INTO MovieCredits(movieId, personId, job) VALUES(575088,2216700,'Actor_Egor');
INSERT INTO Personen(id, name, birthday, deathday, popularity, profilePath, gender, profession) VALUES(2216983,'Glasha Golubeva','','',1.396,'/40IDwgfdZZ1EOIqbIZvz91EyYcY.jpg',1,'Acting');
INSERT INTO MovieCredits(movieId, personId, job) VALUES(575088,2216983,'Actor_Dasha');
INSERT INTO Personen(id, name, birthday, deathday, popularity, profilePath, gender, profession) VALUES(2021073,'Artem Zhigulin','','',1.141,'/g2Q5Oug2wvr6sn2cVV3xeQNPRhA.jpg',2,'Acting');
INSERT INTO MovieCredits(movieId, personId, job) VALUES(575088,2021073,'Actor_Anton');
INSERT INTO Personen(id, name, birthday, deathday, popularity, profilePath, gender, profession) VALUES(1034698,'Igor Khripunov','','',1.473,'/k9Nw2mZlLAtbZOJdTmnbX4Vj8hK.jpg',2,'Acting');
INSERT INTO MovieCredits(movieId, personId, job) VALUES(575088,1034698,'Actor_Mrachnyy');
INSERT INTO Personen(id, name, birthday, deathday, popularity, profilePath, gender, profession) VALUES(232427,'Svetlana Ustinova','','',1.4,'/6tMHnnNthcoTn8U4G88E0lhqYUw.jpg',1,'Acting');
INSERT INTO MovieCredits(movieId, personId, job) VALUES(575088,232427,'Actor_Tatyana, nanny');
INSERT INTO Personen(id, name, birthday, deathday, popularity, profilePath, gender, profession) VALUES(583284,'Aleksey Rozin','','',0.988,'/loO9q9vhDjnqq8p5jSqACGdvmr8.jpg',0,'Acting');
INSERT INTO MovieCredits(movieId, personId, job) VALUES(575088,583284,'Actor_Alexey, father');
INSERT INTO Personen(id, name, birthday, deathday, popularity, profilePath, gender, profession) VALUES(1040898,'Alexandr Rodnyansky','','',1.214,'/458yBfbGmbx7DJoZ02SuDCBAQgr.jpg',2,'Production');
INSERT INTO MovieCredits(movieId, personId, job) VALUES(575088,1040898,'Producer');
INSERT INTO Personen(id, name, birthday, deathday, popularity, profilePath, gender, profession) VALUES(1293486,'Sergey Melkumov','','',1.052,'/90QOnQATBL88nGTMGTvcWjrgl2c.jpg',2,'Production');
INSERT INTO MovieCredits(movieId, personId, job) VALUES(575088,1293486,'Producer');
INSERT INTO Personen(id, name, birthday, deathday, popularity, profilePath, gender, profession) VALUES(1311031,'Svyatoslav Podgaevsky','','',1.176,'/lFJyhIp5960Urn1MmJ7eW8G7p4k.jpg',2,'Writing');
INSERT INTO MovieCredits(movieId, personId, job) VALUES(575088,1311031,'Screenplay');
INSERT INTO MovieCredits(movieId, personId, job) VALUES(575088,1311031,'Director');
INSERT INTO MovieCredits(movieId, personId, job) VALUES(575088,1311031,'Producer');
INSERT INTO Personen(id, name, birthday, deathday, popularity, profilePath, gender, profession) VALUES(1620055,'Ivan Kapitonov','','',0.924,'/lCYMLsICNFaEtMIeW1acSc57IWL.jpg',2,'Writing');
INSERT INTO MovieCredits(movieId, personId, job) VALUES(575088,1620055,'Screenplay');
INSERT INTO Movies(id, title, overview, popularity, releaseDate, posterPath, voteCount, voteAvg, revenue, runtime, tagline) VALUES(560192,'Grand Isle','Walter and his neglected wife lure a young man into their Victorian home to escape a hurricane. When the man is charged with murder by Det. Jones, he must reveal the couple\'s wicked secrets to save himself.',250.701,'2019-12-06','/8mcXb3km7hZ8aJKpxxgnvvxt9gW.jpg',155, 6,'0', 97, 'A storm is coming');
INSERT INTO MovieGenre(movieId, genreId) VALUES(560192,'53');
INSERT INTO MovieGenre(movieId, genreId) VALUES(560192,'28');
INSERT INTO MovieCountry(movieId, countryId) VALUES(560192,'US');
INSERT INTO MovieCredits(movieId, personId, job) VALUES(560192,2963,'Actor_Walter');
INSERT INTO Personen(id, name, birthday, deathday, popularity, profilePath, gender, profession) VALUES(20388,'KaDee Strickland','','',2.296,'/73xvqIpgGN4KqfFQJQR6q54I6FA.jpg',1,'Acting');
INSERT INTO MovieCredits(movieId, personId, job) VALUES(560192,20388,'Actor_Fancy');
INSERT INTO Personen(id, name, birthday, deathday, popularity, profilePath, gender, profession) VALUES(84482,'Luke Benward','','',3.756,'/gKjqp67otIkvJREuEKXdplM5A7E.jpg',2,'Acting');
INSERT INTO MovieCredits(movieId, personId, job) VALUES(560192,84482,'Actor_Buddy');
INSERT INTO Personen(id, name, birthday, deathday, popularity, profilePath, gender, profession) VALUES(7090,'Kelsey Grammer','','',5.565,'/qATQWUUUdUDVjuyspooYNiUmNJD.jpg',2,'Acting');
INSERT INTO MovieCredits(movieId, personId, job) VALUES(560192,7090,'Actor_Detective Jones');
INSERT INTO Personen(id, name, birthday, deathday, popularity, profilePath, gender, profession) VALUES(81703,'Zulay Henao','','',3.401,'/6zB7n9zBCOlItrsmyYEHxNe1VK0.jpg',1,'Acting');
INSERT INTO MovieCredits(movieId, personId, job) VALUES(560192,81703,'Actor_Officer Newton');
INSERT INTO Personen(id, name, birthday, deathday, popularity, profilePath, gender, profession) VALUES(1402526,'Emily Marie Palmer','','',0.708,'/LYEnyNrJ6mS2tsFKlh7XAVV0iu.jpg',1,'Acting');
INSERT INTO MovieCredits(movieId, personId, job) VALUES(560192,1402526,'Actor_Lisa');
INSERT INTO Personen(id, name, birthday, deathday, popularity, profilePath, gender, profession) VALUES(109422,'Rob Mars','','',5.045,'/hJFCXTiwTc4sh0c8eFTveBBEwYI.jpg',2,'Acting');
INSERT INTO MovieCredits(movieId, personId, job) VALUES(560192,109422,'Stunt Coordinator');
INSERT INTO Personen(id, name, birthday, deathday, popularity, profilePath, gender, profession) VALUES(119115,'Dominic Smithers','','',1.008,'',2,'Art');
INSERT INTO MovieCredits(movieId, personId, job) VALUES(560192,119115,'Set Decoration');
INSERT INTO Personen(id, name, birthday, deathday, popularity, profilePath, gender, profession) VALUES(575687,'Lisa Mall','','',0.6,'',0,'Crew');
INSERT INTO MovieCredits(movieId, personId, job) VALUES(560192,575687,'Second Assistant Director');
INSERT INTO Personen(id, name, birthday, deathday, popularity, profilePath, gender, profession) VALUES(582827,'Raja Collins ','','',0.6,'',0,'Production');
INSERT INTO MovieCredits(movieId, personId, job) VALUES(560192,582827,'Producer');
INSERT INTO Personen(id, name, birthday, deathday, popularity, profilePath, gender, profession) VALUES(933587,'Justin Begnaud','','',0.6,'',0,'Production');
INSERT INTO MovieCredits(movieId, personId, job) VALUES(560192,933587,'Executive Producer');
INSERT INTO Personen(id, name, birthday, deathday, popularity, profilePath, gender, profession) VALUES(954441,'Jeff Rice','','',0.6,'',2,'Production');
INSERT INTO MovieCredits(movieId, personId, job) VALUES(560192,954441,'Producer');
INSERT INTO Movies(id, title, overview, popularity, releaseDate, posterPath, voteCount, voteAvg, revenue, runtime, tagline) VALUES(660006,'Madame Claude','Paris, the late 1960s. Madame Claude is at the head of a flourishing business dedicated to prostitution that gives her power over both the french political and criminal worlds. But the end of her empire is closer than she thinks.',230.265,'2021-04-02','/9miY5tHWmvVAft4gjqyaXyhLYHY.jpg',63, 6.2,'0', 112, '');
INSERT INTO MovieGenre(movieId, genreId) VALUES(660006,'80');
INSERT INTO MovieGenre(movieId, genreId) VALUES(660006,'18');
INSERT INTO MovieGenre(movieId, genreId) VALUES(660006,'10749');
INSERT INTO MovieCountry(movieId, countryId) VALUES(660006,'FR');
INSERT INTO Personen(id, name, birthday, deathday, popularity, profilePath, gender, profession) VALUES(150901,'Karole Rocher','','',4.914,'/dNr33o4OKy9O9WxJdfGlDSl54EJ.jpg',1,'Acting');
INSERT INTO MovieCredits(movieId, personId, job) VALUES(660006,150901,'Actor_Madame Claude');
INSERT INTO Personen(id, name, birthday, deathday, popularity, profilePath, gender, profession) VALUES(1144473,'Garance Marillier','','',6.96,'/gPIOhXZDUYE8wDbL5s12H7i6uzK.jpg',1,'Acting');
INSERT INTO MovieCredits(movieId, personId, job) VALUES(660006,1144473,'Actor_Sidonie');
INSERT INTO Personen(id, name, birthday, deathday, popularity, profilePath, gender, profession) VALUES(20442,'Roschdy Zem','','',1.958,'/snCmqnpG1BCypvuCKSAy5Z5BgV8.jpg',2,'Acting');
INSERT INTO MovieCredits(movieId, personId, job) VALUES(660006,20442,'Actor_Jo Attia');
INSERT INTO Personen(id, name, birthday, deathday, popularity, profilePath, gender, profession) VALUES(1071606,'Pierre Deladonchamps','','',1.4,'/2zrhyHZqW0nUhfWmTWP1LzlPZZy.jpg',2,'Acting');
INSERT INTO MovieCredits(movieId, personId, job) VALUES(660006,1071606,'Actor_Serge');
INSERT INTO Personen(id, name, birthday, deathday, popularity, profilePath, gender, profession) VALUES(1171437,'Paul Hamy','','',2.372,'/yuohAjOIlj3HUfMfeh7LxwcPVyg.jpg',2,'Acting');
INSERT INTO MovieCredits(movieId, personId, job) VALUES(660006,1171437,'Actor_André');
INSERT INTO Personen(id, name, birthday, deathday, popularity, profilePath, gender, profession) VALUES(145871,'Benjamin Biolay','','',0.6,'/zHyE5iLrCoil1JX5hNUafAU1nlE.jpg',2,'Acting');
INSERT INTO MovieCredits(movieId, personId, job) VALUES(660006,145871,'Actor_Le chef de la police');
INSERT INTO Personen(id, name, birthday, deathday, popularity, profilePath, gender, profession) VALUES(228090,'Sylvie Verheyde','','',1.4,'',1,'Writing');
INSERT INTO MovieCredits(movieId, personId, job) VALUES(660006,228090,'Director');
INSERT INTO MovieCredits(movieId, personId, job) VALUES(660006,228090,'Writer');
INSERT INTO Personen(id, name, birthday, deathday, popularity, profilePath, gender, profession) VALUES(1169247,'Nicolas Royer','','',0.6,'',0,'Production');
INSERT INTO MovieCredits(movieId, personId, job) VALUES(660006,1169247,'Producer\'s Assistant');
INSERT INTO Personen(id, name, birthday, deathday, popularity, profilePath, gender, profession) VALUES(1887986,'Florence Gastaud','','',0.6,'',0,'Production');
INSERT INTO MovieCredits(movieId, personId, job) VALUES(660006,1887986,'Producer');
INSERT INTO Movies(id, title, overview, popularity, releaseDate, posterPath, voteCount, voteAvg, revenue, runtime, tagline) VALUES(687149,'Toxic','In the middle of a mysterious insomnia epidemic that slowly takes on catastrophic dimensions, Laura (39) and Augusto (42) flee the city in their motorhome to get away from the chaos. As they move down the route, the world becomes an increasingly strange and dangerous place. Finally, Laura reveals a story that changes everything. The road is depopulating, the silence grows and it is increasingly difficult to differentiate the reality from the dream.',261.976,'2020-04-23','/mcOuxJptI7UsL4XYwajSieNrkYc.jpg',22, 7.3,'0', 80, '');
INSERT INTO MovieGenre(movieId, genreId) VALUES(687149,'53');
INSERT INTO MovieGenre(movieId, genreId) VALUES(687149,'878');
INSERT INTO MovieCountry(movieId, countryId) VALUES(687149,'AR');
INSERT INTO Personen(id, name, birthday, deathday, popularity, profilePath, gender, profession) VALUES(131868,'Jazmín Stuart','','',1.664,'/9SHw7HywlhXAUg8fJOuprB7BFEs.jpg',1,'Acting');
INSERT INTO MovieCredits(movieId, personId, job) VALUES(687149,131868,'Actor_Laura');
INSERT INTO Personen(id, name, birthday, deathday, popularity, profilePath, gender, profession) VALUES(2114683,'Agustín Rittano','','',0.818,'',0,'Acting');
INSERT INTO MovieCredits(movieId, personId, job) VALUES(687149,2114683,'Actor_Augusto');
INSERT INTO Personen(id, name, birthday, deathday, popularity, profilePath, gender, profession) VALUES(2380162,'Alejandro Jovic','','',0.6,'',0,'Acting');
INSERT INTO MovieCredits(movieId, personId, job) VALUES(687149,2380162,'Actor_Playero');
INSERT INTO Personen(id, name, birthday, deathday, popularity, profilePath, gender, profession) VALUES(1797484,'Martín Garabal','','',0.6,'',2,'Acting');
INSERT INTO MovieCredits(movieId, personId, job) VALUES(687149,1797484,'Actor_Martín');
INSERT INTO Personen(id, name, birthday, deathday, popularity, profilePath, gender, profession) VALUES(2610551,'Lucila Mangone','','',1.4,'',0,'Acting');
INSERT INTO MovieCredits(movieId, personId, job) VALUES(687149,2610551,'Actor_Roxana');
INSERT INTO Personen(id, name, birthday, deathday, popularity, profilePath, gender, profession) VALUES(1022651,'Marcelo D\'Andrea','','',0.828,'/tBdFNmf6zwfeoIx3ECDOOCcHz8T.jpg',0,'Acting');
INSERT INTO MovieCredits(movieId, personId, job) VALUES(687149,1022651,'Actor_Figueroa');
INSERT INTO Personen(id, name, birthday, deathday, popularity, profilePath, gender, profession) VALUES(145008,'Roberto Migone','','',0.6,'',2,'Sound');
INSERT INTO MovieCredits(movieId, personId, job) VALUES(687149,145008,'Sound Mixer');
INSERT INTO Personen(id, name, birthday, deathday, popularity, profilePath, gender, profession) VALUES(938808,'Julio Midú','','',0.6,'',0,'Directing');
INSERT INTO MovieCredits(movieId, personId, job) VALUES(687149,938808,'Producer');
INSERT INTO Personen(id, name, birthday, deathday, popularity, profilePath, gender, profession) VALUES(1125511,'Lautaro Núñez de Arco','','',0.6,'',0,'Writing');
INSERT INTO MovieCredits(movieId, personId, job) VALUES(687149,1125511,'Writer');
INSERT INTO Personen(id, name, birthday, deathday, popularity, profilePath, gender, profession) VALUES(1376040,'Luz Orlando Brennan','','',0.6,'',0,'Writing');
INSERT INTO MovieCredits(movieId, personId, job) VALUES(687149,1376040,'Writer');
INSERT INTO Personen(id, name, birthday, deathday, popularity, profilePath, gender, profession) VALUES(1541524,'Eric Elizondo','','',0.6,'',0,'Camera');
INSERT INTO MovieCredits(movieId, personId, job) VALUES(687149,1541524,'Director of Photography');
INSERT INTO Personen(id, name, birthday, deathday, popularity, profilePath, gender, profession) VALUES(1685232,'Cecilia Kang','','',0.6,'',0,'Directing');
INSERT INTO MovieCredits(movieId, personId, job) VALUES(687149,1685232,'Continuity');
INSERT INTO Movies(id, title, overview, popularity, releaseDate, posterPath, voteCount, voteAvg, revenue, runtime, tagline) VALUES(732450,'Batman: Soul of the Dragon','Bruce Wayne faces a deadly menace from his past, with the help of three former classmates: world-renowned martial artists Richard Dragon, Ben Turner and Lady Shiva.',269.242,'2021-01-12','/uDhnTtSxU5a8DtZdbbin3aZmkmU.jpg',123, 7.1,'0', 83, 'Get ready for the ultimate showdown.');
INSERT INTO MovieGenre(movieId, genreId) VALUES(732450,'16');
INSERT INTO MovieGenre(movieId, genreId) VALUES(732450,'28');
INSERT INTO MovieGenre(movieId, genreId) VALUES(732450,'12');
INSERT INTO MovieGenre(movieId, genreId) VALUES(732450,'80');
INSERT INTO MovieGenre(movieId, genreId) VALUES(732450,'14');
INSERT INTO MovieCountry(movieId, countryId) VALUES(732450,'US');
INSERT INTO Personen(id, name, birthday, deathday, popularity, profilePath, gender, profession) VALUES(206757,'David Giuntoli','','',3.43,'/xxtB8TfKLMw9Utx5v2b3Z0nu5VL.jpg',2,'Acting');
INSERT INTO MovieCredits(movieId, personId, job) VALUES(732450,206757,'Actor_Bruce Wayne / Batman (voice)');
INSERT INTO Personen(id, name, birthday, deathday, popularity, profilePath, gender, profession) VALUES(18702,'Mark Dacascos','','',11.027,'/trOACuJz1KzhB51qe6asaxRuxrh.jpg',2,'Acting');
INSERT INTO MovieCredits(movieId, personId, job) VALUES(732450,18702,'Actor_Richard Dragon (voice)');
INSERT INTO Personen(id, name, birthday, deathday, popularity, profilePath, gender, profession) VALUES(11024,'Kelly Hu','','',15.3,'/2s8l6WvXyoDf0RbLeFGZvEclmds.jpg',1,'Acting');
INSERT INTO MovieCredits(movieId, personId, job) VALUES(732450,11024,'Actor_Lady Shiva (voice)');
INSERT INTO Personen(id, name, birthday, deathday, popularity, profilePath, gender, profession) VALUES(64856,'Michael Jai White','','',10.512,'/YPoHYuzR37wFpPpwEXZYQlhLln.jpg',2,'Acting');
INSERT INTO MovieCredits(movieId, personId, job) VALUES(732450,64856,'Actor_Ben Turner / Bronze Tiger (voice)');
INSERT INTO Personen(id, name, birthday, deathday, popularity, profilePath, gender, profession) VALUES(20904,'James Hong','','',4.691,'/v3lfw5aHOy0paOCx6WHiSnwzbH0.jpg',2,'Acting');
INSERT INTO MovieCredits(movieId, personId, job) VALUES(732450,20904,'Actor_O-Sensei (voice)');
INSERT INTO Personen(id, name, birthday, deathday, popularity, profilePath, gender, profession) VALUES(89599,'Eric Bauza','','',3.126,'/afOlsVPQxbtkom604MeCemjlwEV.jpg',2,'Acting');
INSERT INTO MovieCredits(movieId, personId, job) VALUES(732450,89599,'Actor_Axe Gang Leader (voice)');
INSERT INTO MovieCredits(movieId, personId, job) VALUES(732450,3794,'Characters');
INSERT INTO Personen(id, name, birthday, deathday, popularity, profilePath, gender, profession) VALUES(10949,'Michael Uslan','','',1.886,'/cXiiH0SSk5UHCvHOVAhHX7tNuls.jpg',2,'Production');
INSERT INTO MovieCredits(movieId, personId, job) VALUES(732450,10949,'Executive Producer');
INSERT INTO Personen(id, name, birthday, deathday, popularity, profilePath, gender, profession) VALUES(34934,'Bruce Timm','','',1.887,'/4G64qCUGFQ1Sfwa6MK7CzwAaHyL.jpg',2,'Production');
INSERT INTO MovieCredits(movieId, personId, job) VALUES(732450,34934,'Executive Producer');
INSERT INTO Personen(id, name, birthday, deathday, popularity, profilePath, gender, profession) VALUES(90367,'Sam Liu','','',4.562,'/3u01dPeS4Us9sUFzwS8DzjA3udr.jpg',2,'Directing');
INSERT INTO MovieCredits(movieId, personId, job) VALUES(732450,90367,'Director');
INSERT INTO MovieCredits(movieId, personId, job) VALUES(732450,90367,'Producer');
INSERT INTO Personen(id, name, birthday, deathday, popularity, profilePath, gender, profession) VALUES(129722,'Bobbie Page','','',0.6,'',1,'Production');
INSERT INTO MovieCredits(movieId, personId, job) VALUES(732450,129722,'Production Supervisor');
INSERT INTO Movies(id, title, overview, popularity, releaseDate, posterPath, voteCount, voteAvg, revenue, runtime, tagline) VALUES(335983,'Venom','Investigative journalist Eddie Brock attempts a comeback following a scandal, but accidentally becomes the host of Venom, a violent, super powerful alien symbiote. Soon, he must rely on his newfound powers to protect the world from a shadowy organization looking for a symbiote of their own.',266.36,'2018-09-28','/2uNW4WbgBXL25BAbXGLnLqX71Sw.jpg',10607, 6.8,'8.55013954e+08', 112, 'The world has enough Superheroes.');
INSERT INTO MovieGenre(movieId, genreId) VALUES(335983,'878');
INSERT INTO MovieGenre(movieId, genreId) VALUES(335983,'28');
INSERT INTO MovieCountry(movieId, countryId) VALUES(335983,'CN');
INSERT INTO MovieCountry(movieId, countryId) VALUES(335983,'US');
INSERT INTO Personen(id, name, birthday, deathday, popularity, profilePath, gender, profession) VALUES(2524,'Tom Hardy','','',29.365,'/yVGF9FvDxTDPhGimTbZNfghpllA.jpg',2,'Acting');
INSERT INTO MovieCredits(movieId, personId, job) VALUES(335983,2524,'Actor_Eddie Brock / Venom');
INSERT INTO Personen(id, name, birthday, deathday, popularity, profilePath, gender, profession) VALUES(1812,'Michelle Williams','','',4.387,'/sXTP6wlqIDz1tDGLU3DFbklSTpq.jpg',1,'Acting');
INSERT INTO MovieCredits(movieId, personId, job) VALUES(335983,1812,'Actor_Anne Weying');
INSERT INTO Personen(id, name, birthday, deathday, popularity, profilePath, gender, profession) VALUES(53240,'Riz Ahmed','','',4.921,'/1uP9RaX7BGVx7XGTEmwObBJJzsC.jpg',2,'Acting');
INSERT INTO MovieCredits(movieId, personId, job) VALUES(335983,53240,'Actor_Carlton Drake / Riot');
INSERT INTO Personen(id, name, birthday, deathday, popularity, profilePath, gender, profession) VALUES(87954,'Scott Haze','','',1.4,'/6cd3Jt8Vo52j8cRKbNf1j7cERhs.jpg',2,'Acting');
INSERT INTO MovieCredits(movieId, personId, job) VALUES(335983,87954,'Actor_Security Chief Roland Treece');
INSERT INTO Personen(id, name, birthday, deathday, popularity, profilePath, gender, profession) VALUES(81316,'Reid Scott','','',2.132,'/kBAeDUDA7XJRXFLGNALlpE5d3lA.jpg',2,'Acting');
INSERT INTO MovieCredits(movieId, personId, job) VALUES(335983,81316,'Actor_Dr. Dan Lewis');
INSERT INTO Personen(id, name, birthday, deathday, popularity, profilePath, gender, profession) VALUES(213001,'Jenny Slate','','',3.54,'/aqH8MCnT3O5Od3OfZR8LClSP7UB.jpg',1,'Acting');
INSERT INTO MovieCredits(movieId, personId, job) VALUES(335983,213001,'Actor_Dr. Dora Skirth');
INSERT INTO MovieCredits(movieId, personId, job) VALUES(335983,561,'Casting');
INSERT INTO MovieCredits(movieId, personId, job) VALUES(335983,2524,'Executive Producer');
INSERT INTO MovieCredits(movieId, personId, job) VALUES(335983,3228,'Screenplay');
INSERT INTO MovieCredits(movieId, personId, job) VALUES(335983,3228,'Screenstory');
INSERT INTO MovieCredits(movieId, personId, job) VALUES(335983,4867,'Director of Photography');
INSERT INTO Personen(id, name, birthday, deathday, popularity, profilePath, gender, profession) VALUES(6923,'Troy Sizemore','','',0.6,'',0,'Art');
INSERT INTO MovieCredits(movieId, personId, job) VALUES(335983,6923,'Art Direction');
INSERT INTO Movies(id, title, overview, popularity, releaseDate, posterPath, voteCount, voteAvg, revenue, runtime, tagline) VALUES(785534,'Paper Lives','In the streets of Istanbul, ailing waste warehouse worker Mehmet takes a small boy under his wing and must soon confront his own traumatic childhood.',232.9,'2021-03-12','/cmru6N6Hnw2pJwuo1ctH1CxKqKZ.jpg',179, 8.3,'0', 96, '');
INSERT INTO MovieGenre(movieId, genreId) VALUES(785534,'18');
INSERT INTO Countries(id, cname) VALUES('TR','Turkey');
INSERT INTO MovieCountry(movieId, countryId) VALUES(785534,'TR');
INSERT INTO Personen(id, name, birthday, deathday, popularity, profilePath, gender, profession) VALUES(1252061,'Çağatay Ulusoy','','',8.153,'/5v21UKxhstYVUABD7JRmSJ1YLA9.jpg',2,'Acting');
INSERT INTO MovieCredits(movieId, personId, job) VALUES(785534,1252061,'Actor_Mehmet');
INSERT INTO Personen(id, name, birthday, deathday, popularity, profilePath, gender, profession) VALUES(2934254,'Emir Ali Dogrul','','',0.6,'',0,'Acting');
INSERT INTO MovieCredits(movieId, personId, job) VALUES(785534,2934254,'Actor_Ali');
INSERT INTO Personen(id, name, birthday, deathday, popularity, profilePath, gender, profession) VALUES(1948899,'Ersin Arıcı','','',1.166,'',0,'Acting');
INSERT INTO MovieCredits(movieId, personId, job) VALUES(785534,1948899,'Actor_Gonzales');
INSERT INTO Personen(id, name, birthday, deathday, popularity, profilePath, gender, profession) VALUES(143249,'Turgay Tanülkü','','',0.917,'',2,'Acting');
INSERT INTO MovieCredits(movieId, personId, job) VALUES(785534,143249,'Actor_Tahsin');
INSERT INTO Personen(id, name, birthday, deathday, popularity, profilePath, gender, profession) VALUES(1514727,'Selen Öztürk','','',3.207,'/rEdpNWdJQJvGD8gFPMlu9KhbsSq.jpg',1,'Acting');
INSERT INTO MovieCredits(movieId, personId, job) VALUES(785534,1514727,'Actor_Mom');
INSERT INTO Personen(id, name, birthday, deathday, popularity, profilePath, gender, profession) VALUES(1304674,'Pelin Ekinci Kaya','','',0.6,'',0,'Production');
INSERT INTO MovieCredits(movieId, personId, job) VALUES(785534,1304674,'Executive Producer');
INSERT INTO Personen(id, name, birthday, deathday, popularity, profilePath, gender, profession) VALUES(1467514,'Vahit Yazıcı','','',0.6,'',2,'Art');
INSERT INTO MovieCredits(movieId, personId, job) VALUES(785534,1467514,'Production Design');
INSERT INTO Personen(id, name, birthday, deathday, popularity, profilePath, gender, profession) VALUES(1556681,'Serkan Güler','','',0.6,'',2,'Camera');
INSERT INTO MovieCredits(movieId, personId, job) VALUES(785534,1556681,'Director of Photography');
INSERT INTO Personen(id, name, birthday, deathday, popularity, profilePath, gender, profession) VALUES(1584313,'Onur Güvenatam','','',1.4,'',0,'Production');
INSERT INTO MovieCredits(movieId, personId, job) VALUES(785534,1584313,'Producer');
INSERT INTO Personen(id, name, birthday, deathday, popularity, profilePath, gender, profession) VALUES(1598214,'Ercan Mehmet Erdem','','',0.6,'/k7faGpUWppr1HjVNC3Jsaukew6w.jpg',2,'Writing');
INSERT INTO MovieCredits(movieId, personId, job) VALUES(785534,1598214,'Screenplay');
INSERT INTO Personen(id, name, birthday, deathday, popularity, profilePath, gender, profession) VALUES(1876416,'Can Ulkay','','',0.6,'/ntSCKSIXmKAJ1OjOzqKFtvTc5Zz.jpg',2,'Directing');
INSERT INTO MovieCredits(movieId, personId, job) VALUES(785534,1876416,'Director');
INSERT INTO Movies(id, title, overview, popularity, releaseDate, posterPath, voteCount, voteAvg, revenue, runtime, tagline) VALUES(741074,'Once Upon a Snowman','The previously untold origins of Olaf, the innocent and insightful, summer-loving snowman are revealed as we follow Olaf’s first steps as he comes to life and searches for his identity in the snowy mountains outside Arendelle.',237.487,'2020-10-23','/hddzYJtfYYeMDOQVcH58n8m1W3A.jpg',332, 6.8,'0', 7, 'Every snowman starts somewhere.');
INSERT INTO MovieGenre(movieId, genreId) VALUES(741074,'16');
INSERT INTO MovieGenre(movieId, genreId) VALUES(741074,'10751');
INSERT INTO MovieGenre(movieId, genreId) VALUES(741074,'35');
INSERT INTO MovieGenre(movieId, genreId) VALUES(741074,'14');
INSERT INTO MovieCountry(movieId, countryId) VALUES(741074,'US');
INSERT INTO Personen(id, name, birthday, deathday, popularity, profilePath, gender, profession) VALUES(54415,'Josh Gad','','',4.94,'/17iKlfWZBDTAucqjkhRKHr9xjIz.jpg',2,'Acting');
INSERT INTO MovieCredits(movieId, personId, job) VALUES(741074,54415,'Actor_Olaf (voice)');
INSERT INTO Personen(id, name, birthday, deathday, popularity, profilePath, gender, profession) VALUES(70238,'Chris Williams','','',2.586,'/eE2NDdeKN1DC3XuV6L4xuEbVaS.jpg',2,'Directing');
INSERT INTO MovieCredits(movieId, personId, job) VALUES(741074,70238,'Actor_Oaken (voice)');
INSERT INTO Personen(id, name, birthday, deathday, popularity, profilePath, gender, profession) VALUES(19394,'Idina Menzel','','',7.147,'/l2N0xOzHqZ75bKXBCciKwBdwxcN.jpg',1,'Acting');
INSERT INTO MovieCredits(movieId, personId, job) VALUES(741074,19394,'Actor_Elsa (voice - archival)');
INSERT INTO Personen(id, name, birthday, deathday, popularity, profilePath, gender, profession) VALUES(40462,'Kristen Bell','','',7.175,'/kP913krW2QPeetTZ9TNq8V2Z1kc.jpg',1,'Acting');
INSERT INTO MovieCredits(movieId, personId, job) VALUES(741074,40462,'Actor_Anna (voice - archival)');
INSERT INTO Personen(id, name, birthday, deathday, popularity, profilePath, gender, profession) VALUES(221611,'Jonathan Groff','','',3.997,'/3kmnYKAzSc3Lp7iK5pcj97Hx9Cm.jpg',2,'Acting');
INSERT INTO MovieCredits(movieId, personId, job) VALUES(741074,221611,'Actor_Kristoff (voice - archival)');
INSERT INTO Personen(id, name, birthday, deathday, popularity, profilePath, gender, profession) VALUES(1207489,'Livvy Stubenrauch','','',1.395,'/13BqIDnKbVt43SVvVxXa0glwzWw.jpg',0,'Acting');
INSERT INTO MovieCredits(movieId, personId, job) VALUES(741074,1207489,'Actor_Young Anna (voice - archival)');
INSERT INTO Personen(id, name, birthday, deathday, popularity, profilePath, gender, profession) VALUES(23486,'Christophe Beck','','',0.94,'/n3U0OPETTZGTx4mgsrryARKphR4.jpg',2,'Sound');
INSERT INTO MovieCredits(movieId, personId, job) VALUES(741074,23486,'Music');
INSERT INTO Personen(id, name, birthday, deathday, popularity, profilePath, gender, profession) VALUES(58363,'Odin Benitez','','',0.631,'',0,'Sound');
INSERT INTO MovieCredits(movieId, personId, job) VALUES(741074,58363,'Sound Designer');
INSERT INTO MovieCredits(movieId, personId, job) VALUES(741074,58363,'Supervising Sound Editor');
INSERT INTO Personen(id, name, birthday, deathday, popularity, profilePath, gender, profession) VALUES(15774,'Chris Buck','','',2.147,'/ponaYm3Xr1Pki8JVDSIzfA4NkNw.jpg',2,'Directing');
INSERT INTO MovieCredits(movieId, personId, job) VALUES(741074,15774,'Creative Consultant');
INSERT INTO MovieCredits(movieId, personId, job) VALUES(741074,61416,'Producer');
INSERT INTO MovieCredits(movieId, personId, job) VALUES(741074,137198,'Casting');
INSERT INTO Movies(id, title, overview, popularity, releaseDate, posterPath, voteCount, voteAvg, revenue, runtime, tagline) VALUES(644092,'Finding \'Ohana','Two Brooklyn siblings\' summer in a rural Oahu town takes an exciting turn when a journal pointing to long-lost treasure sets them on an adventure, leading them to reconnect with their Hawaiian heritage.',305.892,'2021-01-29','/tTWl37oAYRXS3D5mEHmjveXXyrN.jpg',216, 6.6,'0', 123, 'Home is where \'Ohana is.');
INSERT INTO MovieGenre(movieId, genreId) VALUES(644092,'28');
INSERT INTO MovieGenre(movieId, genreId) VALUES(644092,'12');
INSERT INTO MovieGenre(movieId, genreId) VALUES(644092,'35');
INSERT INTO MovieGenre(movieId, genreId) VALUES(644092,'10751');
INSERT INTO MovieCountry(movieId, countryId) VALUES(644092,'US');
INSERT INTO Personen(id, name, birthday, deathday, popularity, profilePath, gender, profession) VALUES(2921202,'Kea Peahu','','',1.435,'',1,'Acting');
INSERT INTO MovieCredits(movieId, personId, job) VALUES(644092,2921202,'Actor_Pili');
INSERT INTO Personen(id, name, birthday, deathday, popularity, profilePath, gender, profession) VALUES(2921201,'Alex Aiono','','',0.6,'',0,'Acting');
INSERT INTO MovieCredits(movieId, personId, job) VALUES(644092,2921201,'Actor_Ioane');
INSERT INTO Personen(id, name, birthday, deathday, popularity, profilePath, gender, profession) VALUES(2921199,'Lindsay Watson','','',1.686,'',1,'Acting');
INSERT INTO MovieCredits(movieId, personId, job) VALUES(644092,2921199,'Actor_Hana');
INSERT INTO Personen(id, name, birthday, deathday, popularity, profilePath, gender, profession) VALUES(1552636,'Owen Vaccaro','','',2.472,'/pNTtj9L4eVQQIb6o79D0dJC87HS.jpg',2,'Acting');
INSERT INTO MovieCredits(movieId, personId, job) VALUES(644092,1552636,'Actor_Casper');
INSERT INTO MovieCredits(movieId, personId, job) VALUES(644092,11024,'Actor_Leilani');
INSERT INTO Personen(id, name, birthday, deathday, popularity, profilePath, gender, profession) VALUES(106730,'Branscombe Richmond','','',3.956,'/4UFwrT68uzusdG1hcPARjxpJUIx.jpg',2,'Acting');
INSERT INTO MovieCredits(movieId, personId, job) VALUES(644092,106730,'Actor_Kimo');
INSERT INTO Personen(id, name, birthday, deathday, popularity, profilePath, gender, profession) VALUES(1217,'Priscilla Nedd-Friendly','','',1.4,'',1,'Editing');
INSERT INTO MovieCredits(movieId, personId, job) VALUES(644092,1217,'Editor');
INSERT INTO Personen(id, name, birthday, deathday, popularity, profilePath, gender, profession) VALUES(9987,'Ian Bryce','','',1.4,'',2,'Production');
INSERT INTO MovieCredits(movieId, personId, job) VALUES(644092,9987,'Producer');
INSERT INTO Personen(id, name, birthday, deathday, popularity, profilePath, gender, profession) VALUES(9817,'Nigel Phelps','','',2.017,'',2,'Art');
INSERT INTO MovieCredits(movieId, personId, job) VALUES(644092,9817,'Set Designer');
INSERT INTO Personen(id, name, birthday, deathday, popularity, profilePath, gender, profession) VALUES(1128311,'Irene Yeung','','',0.6,'',0,'Production');
INSERT INTO MovieCredits(movieId, personId, job) VALUES(644092,1128311,'Executive Producer');
INSERT INTO Personen(id, name, birthday, deathday, popularity, profilePath, gender, profession) VALUES(1141676,'Cort Fey','','',0.6,'',0,'Camera');
INSERT INTO MovieCredits(movieId, personId, job) VALUES(644092,1141676,'Director of Photography');
INSERT INTO Personen(id, name, birthday, deathday, popularity, profilePath, gender, profession) VALUES(1319844,'Lisa Lovaas','','',1.17,'',1,'Costume & Make-Up');
INSERT INTO MovieCredits(movieId, personId, job) VALUES(644092,1319844,'Costume Design');
INSERT INTO Movies(id, title, overview, popularity, releaseDate, posterPath, voteCount, voteAvg, revenue, runtime, tagline) VALUES(337401,'Mulan','When the Emperor of China issues a decree that one man per family must serve in the Imperial Chinese Army to defend the country from Huns, Hua Mulan, the eldest daughter of an honored warrior, steps in to take the place of her ailing father. She is spirited, determined and quick on her feet. Disguised as a man by the name of Hua Jun, she is tested every step of the way and must harness her innermost strength and embrace her true potential.',258.952,'2020-09-04','/aKx1ARwG55zZ0GpRvU2WrGrCG9o.jpg',4617, 7,'5.7e+07', 115, '');
INSERT INTO MovieGenre(movieId, genreId) VALUES(337401,'12');
INSERT INTO MovieGenre(movieId, genreId) VALUES(337401,'14');
INSERT INTO MovieCountry(movieId, countryId) VALUES(337401,'CN');
INSERT INTO MovieCountry(movieId, countryId) VALUES(337401,'US');
INSERT INTO Personen(id, name, birthday, deathday, popularity, profilePath, gender, profession) VALUES(122503,'Liu Yifei','','',8.696,'/cL6JccAYqiZQEAIEFObEUC9LTt7.jpg',1,'Acting');
INSERT INTO MovieCredits(movieId, personId, job) VALUES(337401,122503,'Actor_Hua Mulan');
INSERT INTO Personen(id, name, birthday, deathday, popularity, profilePath, gender, profession) VALUES(1336,'Jet Li','','',14.919,'/5a6u17dAf11kLvdRUG6QdoRRURj.jpg',2,'Acting');
INSERT INTO MovieCredits(movieId, personId, job) VALUES(337401,1336,'Actor_The Emperor');
INSERT INTO Personen(id, name, birthday, deathday, popularity, profilePath, gender, profession) VALUES(21629,'Tzi Ma','','',7.294,'/x4fz0LCIiBNGdil3nBYO22W7QJ0.jpg',2,'Acting');
INSERT INTO MovieCredits(movieId, personId, job) VALUES(337401,21629,'Actor_Hua Zhou');
INSERT INTO Personen(id, name, birthday, deathday, popularity, profilePath, gender, profession) VALUES(1341,'Donnie Yen','','',11.211,'/hTlhrrZMj8hZVvD17j4KyAFWBHc.jpg',2,'Acting');
INSERT INTO MovieCredits(movieId, personId, job) VALUES(337401,1341,'Actor_Commander Tung');
INSERT INTO Personen(id, name, birthday, deathday, popularity, profilePath, gender, profession) VALUES(643,'Gong Li','','',11.632,'/uP3Fs3QUsGBxhNqGFWMnN1Z2l8z.jpg',1,'Acting');
INSERT INTO MovieCredits(movieId, personId, job) VALUES(337401,643,'Actor_Xian Niang');
INSERT INTO Personen(id, name, birthday, deathday, popularity, profilePath, gender, profession) VALUES(58319,'Jason Scott Lee','','',6.008,'/7jObZCM3diuPV0WlKkzOd4uE2CJ.jpg',2,'Acting');
INSERT INTO MovieCredits(movieId, personId, job) VALUES(337401,58319,'Actor_Böri Khan');
INSERT INTO Personen(id, name, birthday, deathday, popularity, profilePath, gender, profession) VALUES(298,'Chris Bender','','',1.129,'',2,'Production');
INSERT INTO MovieCredits(movieId, personId, job) VALUES(337401,298,'Producer');
INSERT INTO Personen(id, name, birthday, deathday, popularity, profilePath, gender, profession) VALUES(10816,'Paul Rubell','','',0.6,'',2,'Editing');
INSERT INTO MovieCredits(movieId, personId, job) VALUES(337401,10816,'Additional Editor');
INSERT INTO Personen(id, name, birthday, deathday, popularity, profilePath, gender, profession) VALUES(3657,'Bina Daigeler','','',0.6,'',0,'Costume & Make-Up');
INSERT INTO MovieCredits(movieId, personId, job) VALUES(337401,3657,'Costume Design');
INSERT INTO Personen(id, name, birthday, deathday, popularity, profilePath, gender, profession) VALUES(1314,'Grant Major','','',0.84,'',2,'Art');
INSERT INTO MovieCredits(movieId, personId, job) VALUES(337401,1314,'Production Design');
INSERT INTO Personen(id, name, birthday, deathday, popularity, profilePath, gender, profession) VALUES(1319,'Mark Robins','','',0.6,'',2,'Art');
INSERT INTO MovieCredits(movieId, personId, job) VALUES(337401,1319,'Art Direction');
INSERT INTO Personen(id, name, birthday, deathday, popularity, profilePath, gender, profession) VALUES(5338,'Kyrsten Mate','','',0.631,'',0,'Sound');
INSERT INTO MovieCredits(movieId, personId, job) VALUES(337401,5338,'Sound Designer');
INSERT INTO Movies(id, title, overview, popularity, releaseDate, posterPath, voteCount, voteAvg, revenue, runtime, tagline) VALUES(453405,'Gemini Man','Henry Brogan is an elite 51-year-old assassin who\'s ready to call it quits after completing his 72nd job. His plans get turned upside down when he becomes the target of a mysterious operative who can seemingly predict his every move. To his horror, Brogan soon learns that the man who\'s trying to kill him is a younger, faster, cloned version of himself.',245.122,'2019-10-02','/uTALxjQU8e1lhmNjP9nnJ3t2pRU.jpg',3566, 6.4,'1.73469516e+08', 117, 'Who will save you from yourself?');
INSERT INTO MovieGenre(movieId, genreId) VALUES(453405,'878');
INSERT INTO MovieGenre(movieId, genreId) VALUES(453405,'28');
INSERT INTO MovieGenre(movieId, genreId) VALUES(453405,'18');
INSERT INTO MovieGenre(movieId, genreId) VALUES(453405,'53');
INSERT INTO MovieCountry(movieId, countryId) VALUES(453405,'CN');
INSERT INTO MovieCountry(movieId, countryId) VALUES(453405,'US');
INSERT INTO MovieCredits(movieId, personId, job) VALUES(453405,2888,'Actor_Henry Brogen / Junior');
INSERT INTO MovieCredits(movieId, personId, job) VALUES(453405,17628,'Actor_Danny Zakarweski');
INSERT INTO Personen(id, name, birthday, deathday, popularity, profilePath, gender, profession) VALUES(2296,'Clive Owen','','',7.751,'/ed0LT4wH1rUCviCFexd4XPZVHE1.jpg',2,'Acting');
INSERT INTO MovieCredits(movieId, personId, job) VALUES(453405,2296,'Actor_Clay Verris');
INSERT INTO MovieCredits(movieId, personId, job) VALUES(453405,30082,'Actor_Baron');
INSERT INTO Personen(id, name, birthday, deathday, popularity, profilePath, gender, profession) VALUES(80149,'Douglas Hodge','','',1.61,'/ePGYx2w4cM9nSaBvfg9LdEieAtT.jpg',2,'Acting');
INSERT INTO MovieCredits(movieId, personId, job) VALUES(453405,80149,'Actor_Jack Willis');
INSERT INTO Personen(id, name, birthday, deathday, popularity, profilePath, gender, profession) VALUES(53916,'Ralph Brown','','',2.488,'/20VVWsUZHmTmN80xgHyy6LAFDuC.jpg',2,'Acting');
INSERT INTO MovieCredits(movieId, personId, job) VALUES(453405,53916,'Actor_Del Patterson');
INSERT INTO Personen(id, name, birthday, deathday, popularity, profilePath, gender, profession) VALUES(2952,'Avy Kaufman','','',1.594,'',1,'Production');
INSERT INTO MovieCredits(movieId, personId, job) VALUES(453405,2952,'Casting');
INSERT INTO MovieCredits(movieId, personId, job) VALUES(453405,770,'Producer');
INSERT INTO MovieCredits(movieId, personId, job) VALUES(453405,2444,'Executive Producer');
INSERT INTO MovieCredits(movieId, personId, job) VALUES(453405,2446,'Executive Producer');
INSERT INTO Personen(id, name, birthday, deathday, popularity, profilePath, gender, profession) VALUES(647,'Dion Beebe','','',0.6,'/q24Jkyu8VclqhdYhPpti7fXoSkS.jpg',2,'Camera');
INSERT INTO MovieCredits(movieId, personId, job) VALUES(453405,647,'Director of Photography');
INSERT INTO Personen(id, name, birthday, deathday, popularity, profilePath, gender, profession) VALUES(1614,'Ang Lee','','',3.664,'/ofKu84fspMw9eN36boZ7WORK1W8.jpg',2,'Directing');
INSERT INTO MovieCredits(movieId, personId, job) VALUES(453405,1614,'Director');
INSERT INTO Movies(id, title, overview, popularity, releaseDate, posterPath, voteCount, voteAvg, revenue, runtime, tagline) VALUES(715658,'The Scientist','An unconventional scientist, struggling to care for his terminally-ill wife, embarks on a journey to develop a cure for her. However, his methods of treatment and tampering with human DNA, could lead to the extinction of humanity.',227.857,'2020-09-21','/hIkKM1nlzk8DThFT4vxgW1KoofL.jpg',78, 6.6,'0', 93, 'He found a cure that kills.');
INSERT INTO MovieGenre(movieId, genreId) VALUES(715658,'27');
INSERT INTO MovieCountry(movieId, countryId) VALUES(715658,'US');
INSERT INTO Personen(id, name, birthday, deathday, popularity, profilePath, gender, profession) VALUES(1146943,'Robb Hudspeth','','',0.6,'/fI85rmCFnFjADM2kT9aT6yYffyE.jpg',2,'Acting');
INSERT INTO MovieCredits(movieId, personId, job) VALUES(715658,1146943,'Actor_Steve Unger');
INSERT INTO Personen(id, name, birthday, deathday, popularity, profilePath, gender, profession) VALUES(2601839,'Kristin Keith','','',0.6,'',1,'Acting');
INSERT INTO MovieCredits(movieId, personId, job) VALUES(715658,2601839,'Actor_Darlene Unger');
INSERT INTO Personen(id, name, birthday, deathday, popularity, profilePath, gender, profession) VALUES(2678760,'Addison McGarry','','',0.6,'',0,'Acting');
INSERT INTO MovieCredits(movieId, personId, job) VALUES(715658,2678760,'Actor_Lilly Unger');
INSERT INTO Personen(id, name, birthday, deathday, popularity, profilePath, gender, profession) VALUES(1380098,'J. Alan Nelson','','',0.6,'',0,'Acting');
INSERT INTO MovieCredits(movieId, personId, job) VALUES(715658,1380098,'Actor_Detective Wells');
INSERT INTO Personen(id, name, birthday, deathday, popularity, profilePath, gender, profession) VALUES(2678761,'David Dittmeier','','',0.972,'',0,'Acting');
INSERT INTO MovieCredits(movieId, personId, job) VALUES(715658,2678761,'Actor_Robert');
INSERT INTO Personen(id, name, birthday, deathday, popularity, profilePath, gender, profession) VALUES(2890819,'Shannon Denay','','',0.6,'',0,'Acting');
INSERT INTO MovieCredits(movieId, personId, job) VALUES(715658,2890819,'Actor_Betty');
INSERT INTO Personen(id, name, birthday, deathday, popularity, profilePath, gender, profession) VALUES(552017,'Kevin Keller','','',0.6,'',0,'Sound');
INSERT INTO MovieCredits(movieId, personId, job) VALUES(715658,552017,'Director of Photography');
INSERT INTO Personen(id, name, birthday, deathday, popularity, profilePath, gender, profession) VALUES(1434047,'John Lepper','','',0.6,'',0,'Production');
INSERT INTO MovieCredits(movieId, personId, job) VALUES(715658,1434047,'Executive Producer');
INSERT INTO Personen(id, name, birthday, deathday, popularity, profilePath, gender, profession) VALUES(1603050,'Derrick Granado','','',0.6,'',0,'Writing');
INSERT INTO MovieCredits(movieId, personId, job) VALUES(715658,1603050,'Director');
INSERT INTO MovieCredits(movieId, personId, job) VALUES(715658,1603050,'Writer');
INSERT INTO Personen(id, name, birthday, deathday, popularity, profilePath, gender, profession) VALUES(2765025,'Adam Whitton','','',0.6,'',0,'Production');
INSERT INTO MovieCredits(movieId, personId, job) VALUES(715658,2765025,'Executive Producer');
INSERT INTO Personen(id, name, birthday, deathday, popularity, profilePath, gender, profession) VALUES(2765026,'Chase Whitton','','',0.6,'',0,'Production');
INSERT INTO MovieCredits(movieId, personId, job) VALUES(715658,2765026,'Executive Producer');
INSERT INTO Movies(id, title, overview, popularity, releaseDate, posterPath, voteCount, voteAvg, revenue, runtime, tagline) VALUES(618353,'Batman: Death in the Family','Tragedy strikes the Batman\'s life again when Robin Jason Todd tracks down his birth mother only to run afoul of the Joker. An adaptation of the 1988 comic book storyline of the same name.',229.223,'2020-10-13','/k8Q9ulyRE8fkvZMkAM9LPYMKctb.jpg',196, 7.3,'0', 96, 'The fate of Gotham is in your hands.');
INSERT INTO MovieGenre(movieId, genreId) VALUES(618353,'16');
INSERT INTO MovieGenre(movieId, genreId) VALUES(618353,'28');
INSERT INTO MovieCountry(movieId, countryId) VALUES(618353,'US');
INSERT INTO Personen(id, name, birthday, deathday, popularity, profilePath, gender, profession) VALUES(21089,'Bruce Greenwood','','',4.722,'/ndobQyQRbDG3ThbDzS3nI3NkAV7.jpg',2,'Acting');
INSERT INTO MovieCredits(movieId, personId, job) VALUES(618353,21089,'Actor_Bruce Wayne / Batman (voice)');
INSERT INTO Personen(id, name, birthday, deathday, popularity, profilePath, gender, profession) VALUES(188024,'Vincent Martella','','',3.518,'/dccZh6q2l2hmot9mfYhXcpEB4YQ.jpg',2,'Acting');
INSERT INTO MovieCredits(movieId, personId, job) VALUES(618353,188024,'Actor_Jason Todd / Robin / Red Hood / Red Robin (voice)');
INSERT INTO Personen(id, name, birthday, deathday, popularity, profilePath, gender, profession) VALUES(31531,'John DiMaggio','','',4.363,'/awmyFwU6ErFJbGFFzhBYZ9AQn8m.jpg',2,'Acting');
INSERT INTO MovieCredits(movieId, personId, job) VALUES(618353,31531,'Actor_The Joker / Thomas Wayne / Reporter 2 (voice)');
INSERT INTO Personen(id, name, birthday, deathday, popularity, profilePath, gender, profession) VALUES(2222440,'Zehra Fazal','','',1.712,'/gEL0hqxcckQth8ogIEByxirXa7f.jpg',1,'Acting');
INSERT INTO MovieCredits(movieId, personId, job) VALUES(618353,2222440,'Actor_Talia al Ghul (voice)');
INSERT INTO Personen(id, name, birthday, deathday, popularity, profilePath, gender, profession) VALUES(21163,'Gary Cole','','',3.316,'/uWsqIlfHbyxkmBJLmq2mR93musF.jpg',2,'Acting');
INSERT INTO MovieCredits(movieId, personId, job) VALUES(618353,21163,'Actor_Two-Face / Commissioner James Gordon / Reporter 4 (voice)');
INSERT INTO Personen(id, name, birthday, deathday, popularity, profilePath, gender, profession) VALUES(54427,'Kimberly Brooks','','',3.863,'/iPlCk1VQ8fnAtsMow6HlCZoQc0w.jpg',1,'Acting');
INSERT INTO MovieCredits(movieId, personId, job) VALUES(618353,54427,'Actor_Police Officer 1 / Reporter 1 (voice)');
INSERT INTO MovieCredits(movieId, personId, job) VALUES(618353,3794,'Characters');
INSERT INTO Personen(id, name, birthday, deathday, popularity, profilePath, gender, profession) VALUES(35287,'Gerry Conway','','',1.03,'/6OkW13BXA30UR7g1v93gqTuOIeq.jpg',2,'Writing');
INSERT INTO MovieCredits(movieId, personId, job) VALUES(618353,35287,'Characters');
INSERT INTO Personen(id, name, birthday, deathday, popularity, profilePath, gender, profession) VALUES(124279,'Brandon Vietti','','',1.393,'',2,'Production');
INSERT INTO MovieCredits(movieId, personId, job) VALUES(618353,124279,'Director');
INSERT INTO MovieCredits(movieId, personId, job) VALUES(618353,124279,'Producer');
INSERT INTO MovieCredits(movieId, personId, job) VALUES(618353,124279,'Writer');
INSERT INTO MovieCredits(movieId, personId, job) VALUES(618353,141043,'Executive Producer');
INSERT INTO Movies(id, title, overview, popularity, releaseDate, posterPath, voteCount, voteAvg, revenue, runtime, tagline) VALUES(681019,'Nobody Sleeps in the Woods Tonight','The movie begins innocently enough - a group of technology addicted teenagers finds themselves in an off-line camp. However hiking in the woods with no smartphone in sight will not go as planned. They will have to fight for their lives against things they never have seen before, even in the darkest reaches of the Internet. Faced against the dangers lurking in the forest, they will find true friendship, love and sacrifice. Will they come out of it in one piece, or in bloody bits?',222.538,'2020-03-13','/5vFCHFVLPcU4M8uNXM1ba9y83Iu.jpg',286, 4.9,'0', 102, '');
INSERT INTO MovieGenre(movieId, genreId) VALUES(681019,'27');
INSERT INTO Countries(id, cname) VALUES('PL','Poland');
INSERT INTO MovieCountry(movieId, countryId) VALUES(681019,'PL');
INSERT INTO Personen(id, name, birthday, deathday, popularity, profilePath, gender, profession) VALUES(2068758,'Julia Wieniawa-Narkiewicz','','',1.614,'/s4FHpqjYAgMWKPGZEb2ASfyqaAq.jpg',1,'Acting');
INSERT INTO MovieCredits(movieId, personId, job) VALUES(681019,2068758,'Actor_Zosia');
INSERT INTO Personen(id, name, birthday, deathday, popularity, profilePath, gender, profession) VALUES(2558520,'Wiktoria Gąsiewska','','',0.982,'/sOtp87afryoEdB04hozj72xT7DR.jpg',1,'Acting');
INSERT INTO MovieCredits(movieId, personId, job) VALUES(681019,2558520,'Actor_Aniela');
INSERT INTO Personen(id, name, birthday, deathday, popularity, profilePath, gender, profession) VALUES(1869462,'Stanisław Cywka','','',0.98,'/iTHvqSUr5x754MtrBer4dG0CiAF.jpg',0,'Acting');
INSERT INTO MovieCredits(movieId, personId, job) VALUES(681019,1869462,'Actor_Bartek');
INSERT INTO Personen(id, name, birthday, deathday, popularity, profilePath, gender, profession) VALUES(2558522,'Sebastian Dela','','',1.96,'/pMqR0NaVIbt9ICVZtSwrhJk88nU.jpg',0,'Acting');
INSERT INTO MovieCredits(movieId, personId, job) VALUES(681019,2558522,'Actor_Daniel');
INSERT INTO Personen(id, name, birthday, deathday, popularity, profilePath, gender, profession) VALUES(2233201,'Michał Lupa','','',0.6,'',0,'Acting');
INSERT INTO MovieCredits(movieId, personId, job) VALUES(681019,2233201,'Actor_Julek');
INSERT INTO Personen(id, name, birthday, deathday, popularity, profilePath, gender, profession) VALUES(85905,'Mirosław Zbrojewicz','','',1.388,'/8utIg4qBGc6CLsfHtLpWxcPrp4X.jpg',2,'Acting');
INSERT INTO MovieCredits(movieId, personId, job) VALUES(681019,85905,'Actor_Smolarz');
INSERT INTO Personen(id, name, birthday, deathday, popularity, profilePath, gender, profession) VALUES(1673501,'Bartosz M. Kowalski','','',0.6,'',0,'Writing');
INSERT INTO MovieCredits(movieId, personId, job) VALUES(681019,1673501,'Screenplay');
INSERT INTO MovieCredits(movieId, personId, job) VALUES(681019,1673501,'Director');
INSERT INTO Personen(id, name, birthday, deathday, popularity, profilePath, gender, profession) VALUES(1866600,'Cezary Stolecki','','',0.6,'',0,'Camera');
INSERT INTO MovieCredits(movieId, personId, job) VALUES(681019,1866600,'Cinematography');
INSERT INTO Personen(id, name, birthday, deathday, popularity, profilePath, gender, profession) VALUES(1866601,'Jan Kwieciński','','',0.6,'',0,'Production');
INSERT INTO MovieCredits(movieId, personId, job) VALUES(681019,1866601,'Screenplay');
INSERT INTO Personen(id, name, birthday, deathday, popularity, profilePath, gender, profession) VALUES(2558525,'Mirella Zaradkiewicz','','',0.6,'',0,'Writing');
INSERT INTO MovieCredits(movieId, personId, job) VALUES(681019,2558525,'Screenplay');
INSERT INTO Movies(id, title, overview, popularity, releaseDate, posterPath, voteCount, voteAvg, revenue, runtime, tagline) VALUES(458156,'John Wick: Chapter 3 - Parabellum','Super-assassin John Wick returns with a $14 million price tag on his head and an army of bounty-hunting killers on his trail. After killing a member of the shadowy international assassin’s guild, the High Table, John Wick is excommunicado, but the world’s most ruthless hit men and women await his every turn.',238.486,'2019-05-15','/ziEuG1essDuWuC5lpWUaw1uXY2O.jpg',6619, 7.4,'3.26709727e+08', 130, 'The Grace Period Is Over');
INSERT INTO MovieGenre(movieId, genreId) VALUES(458156,'28');
INSERT INTO MovieGenre(movieId, genreId) VALUES(458156,'53');
INSERT INTO MovieGenre(movieId, genreId) VALUES(458156,'80');
INSERT INTO MovieCountry(movieId, countryId) VALUES(458156,'US');
INSERT INTO MovieCredits(movieId, personId, job) VALUES(458156,6384,'Actor_Jonathan "John" Wick');
INSERT INTO Personen(id, name, birthday, deathday, popularity, profilePath, gender, profession) VALUES(4587,'Halle Berry','','',9.584,'/ylkN2DRmjIFwoJDzHL3Zw7CSvwF.jpg',1,'Acting');
INSERT INTO MovieCredits(movieId, personId, job) VALUES(458156,4587,'Actor_Sofia');
INSERT INTO Personen(id, name, birthday, deathday, popularity, profilePath, gender, profession) VALUES(2975,'Laurence Fishburne','','',10.943,'/8suOhUmPbfKqDQ17jQ1Gy0mI3P4.jpg',2,'Acting');
INSERT INTO MovieCredits(movieId, personId, job) VALUES(458156,2975,'Actor_Bowery King');
INSERT INTO MovieCredits(movieId, personId, job) VALUES(458156,18702,'Actor_Zero');
INSERT INTO Personen(id, name, birthday, deathday, popularity, profilePath, gender, profession) VALUES(1776040,'Asia Kate Dillon','','',3.863,'/hroRQpsMb4fe4VS4nC1hwoRCO1B.jpg',3,'Acting');
INSERT INTO MovieCredits(movieId, personId, job) VALUES(458156,1776040,'Actor_Adjudicator');
INSERT INTO Personen(id, name, birthday, deathday, popularity, profilePath, gender, profession) VALUES(129101,'Lance Reddick','','',6.833,'/22mVtEXZbpt0J7S0LhIhdkfRrZV.jpg',2,'Acting');
INSERT INTO MovieCredits(movieId, personId, job) VALUES(458156,129101,'Actor_Charon');
INSERT INTO MovieCredits(movieId, personId, job) VALUES(458156,5914,'Casting');
INSERT INTO Personen(id, name, birthday, deathday, popularity, profilePath, gender, profession) VALUES(6283,'Michael Nyqvist','','',5.192,'/ycMhmLinY7v3DABqYy0CL92BG27.jpg',2,'Acting');
INSERT INTO MovieCredits(movieId, personId, job) VALUES(458156,6283,'In Memory Of');
INSERT INTO MovieCredits(movieId, personId, job) VALUES(458156,40644,'Director');
INSERT INTO MovieCredits(movieId, personId, job) VALUES(458156,40644,'Executive Producer');
INSERT INTO MovieCredits(movieId, personId, job) VALUES(458156,40684,'Executive Producer');
INSERT INTO MovieCredits(movieId, personId, job) VALUES(458156,15221,'Original Music Composer');
INSERT INTO MovieWeekPopularity(movieId, weekNr, popularity, voteAVG, voteCount) VALUES ('399566', 15, 7618.712, 8.4, 4307);
INSERT INTO MovieWeekPopularity(movieId, weekNr, popularity, voteAVG, voteCount) VALUES ('791373', 15, 3581.318, 8.6, 4827);
INSERT INTO MovieWeekPopularity(movieId, weekNr, popularity, voteAVG, voteCount) VALUES ('412656', 15, 2871.579, 7.5, 320);
INSERT INTO MovieWeekPopularity(movieId, weekNr, popularity, voteAVG, voteCount) VALUES ('527774', 15, 2112.937, 8.3, 2238);
INSERT INTO MovieWeekPopularity(movieId, weekNr, popularity, voteAVG, voteCount) VALUES ('587807', 15, 1374.65, 7.3, 1178);
INSERT INTO MovieWeekPopularity(movieId, weekNr, popularity, voteAVG, voteCount) VALUES ('458576', 15, 1329.927, 7.1, 1435);
INSERT INTO MovieWeekPopularity(movieId, weekNr, popularity, voteAVG, voteCount) VALUES ('544401', 15, 1304.272, 7.6, 486);
INSERT INTO MovieWeekPopularity(movieId, weekNr, popularity, voteAVG, voteCount) VALUES ('587996', 15, 1245.855, 6.4, 509);
INSERT INTO MovieWeekPopularity(movieId, weekNr, popularity, voteAVG, voteCount) VALUES ('793723', 15, 1193.69, 6, 329);
INSERT INTO MovieWeekPopularity(movieId, weekNr, popularity, voteAVG, voteCount) VALUES ('581389', 15, 1099.501, 7.2, 488);
INSERT INTO MovieWeekPopularity(movieId, weekNr, popularity, voteAVG, voteCount) VALUES ('464052', 15, 1276.177, 6.8, 4808);
INSERT INTO MovieWeekPopularity(movieId, weekNr, popularity, voteAVG, voteCount) VALUES ('775996', 15, 948.582, 6.5, 975);
INSERT INTO MovieWeekPopularity(movieId, weekNr, popularity, voteAVG, voteCount) VALUES ('664767', 15, 984.666, 8.4, 832);
INSERT INTO MovieWeekPopularity(movieId, weekNr, popularity, voteAVG, voteCount) VALUES ('797394', 15, 914.072, 7.2, 89);
INSERT INTO MovieWeekPopularity(movieId, weekNr, popularity, voteAVG, voteCount) VALUES ('522444', 15, 834.096, 4.9, 187);
INSERT INTO MovieWeekPopularity(movieId, weekNr, popularity, voteAVG, voteCount) VALUES ('602269', 15, 768.496, 6.4, 738);
INSERT INTO MovieWeekPopularity(movieId, weekNr, popularity, voteAVG, voteCount) VALUES ('529203', 15, 820.304, 7.5, 1944);
INSERT INTO MovieWeekPopularity(movieId, weekNr, popularity, voteAVG, voteCount) VALUES ('581387', 15, 772.928, 6.5, 230);
INSERT INTO MovieWeekPopularity(movieId, weekNr, popularity, voteAVG, voteCount) VALUES ('755812', 15, 830.056, 8.3, 616);
INSERT INTO MovieWeekPopularity(movieId, weekNr, popularity, voteAVG, voteCount) VALUES ('630586', 15, 699.088, 6.2, 346);
INSERT INTO MovieWeekPopularity(movieId, weekNr, popularity, voteAVG, voteCount) VALUES ('802504', 15, 963.687, 5.9, 59);
INSERT INTO MovieWeekPopularity(movieId, weekNr, popularity, voteAVG, voteCount) VALUES ('590706', 15, 642.446, 5.2, 361);
INSERT INTO MovieWeekPopularity(movieId, weekNr, popularity, voteAVG, voteCount) VALUES ('578908', 15, 643.752, 5.9, 133);
INSERT INTO MovieWeekPopularity(movieId, weekNr, popularity, voteAVG, voteCount) VALUES ('604822', 15, 684.674, 6.2, 279);
INSERT INTO MovieWeekPopularity(movieId, weekNr, popularity, voteAVG, voteCount) VALUES ('508442', 15, 647.487, 8.3, 5662);
INSERT INTO MovieWeekPopularity(movieId, weekNr, popularity, voteAVG, voteCount) VALUES ('560144', 15, 620.646, 5.9, 253);
INSERT INTO MovieWeekPopularity(movieId, weekNr, popularity, voteAVG, voteCount) VALUES ('651571', 15, 622.099, 4.7, 357);
INSERT INTO MovieWeekPopularity(movieId, weekNr, popularity, voteAVG, voteCount) VALUES ('495764', 15, 638.176, 7.1, 7331);
INSERT INTO MovieWeekPopularity(movieId, weekNr, popularity, voteAVG, voteCount) VALUES ('684369', 15, 542.892, 3.5, 2);
INSERT INTO MovieWeekPopularity(movieId, weekNr, popularity, voteAVG, voteCount) VALUES ('553604', 15, 577.353, 6.5, 782);
INSERT INTO MovieWeekPopularity(movieId, weekNr, popularity, voteAVG, voteCount) VALUES ('632357', 15, 585.159, 6.5, 27);
INSERT INTO MovieWeekPopularity(movieId, weekNr, popularity, voteAVG, voteCount) VALUES ('607383', 15, 541.176, 3.9, 47);
INSERT INTO MovieWeekPopularity(movieId, weekNr, popularity, voteAVG, voteCount) VALUES ('649087', 15, 712.273, 5.9, 420);
INSERT INTO MovieWeekPopularity(movieId, weekNr, popularity, voteAVG, voteCount) VALUES ('786300', 15, 506.867, 6.5, 66);
INSERT INTO MovieWeekPopularity(movieId, weekNr, popularity, voteAVG, voteCount) VALUES ('38700', 15, 538.426, 7.2, 6169);
INSERT INTO MovieWeekPopularity(movieId, weekNr, popularity, voteAVG, voteCount) VALUES ('484718', 15, 496.568, 6.8, 1210);
INSERT INTO MovieWeekPopularity(movieId, weekNr, popularity, voteAVG, voteCount) VALUES ('539885', 15, 501.559, 5.7, 1451);
INSERT INTO MovieWeekPopularity(movieId, weekNr, popularity, voteAVG, voteCount) VALUES ('577922', 15, 482.183, 7.3, 4975);
INSERT INTO MovieWeekPopularity(movieId, weekNr, popularity, voteAVG, voteCount) VALUES ('609242', 15, 453.219, 7.9, 480);
INSERT INTO MovieWeekPopularity(movieId, weekNr, popularity, voteAVG, voteCount) VALUES ('460465', 15, 577.064, 7.8, 29);
INSERT INTO MovieWeekPopularity(movieId, weekNr, popularity, voteAVG, voteCount) VALUES ('475557', 15, 463.92, 8.2, 17268);
INSERT INTO MovieWeekPopularity(movieId, weekNr, popularity, voteAVG, voteCount) VALUES ('596247', 15, 418.05, 7.8, 55);
INSERT INTO MovieWeekPopularity(movieId, weekNr, popularity, voteAVG, voteCount) VALUES ('613504', 15, 468.899, 7.3, 3595);
INSERT INTO MovieWeekPopularity(movieId, weekNr, popularity, voteAVG, voteCount) VALUES ('599281', 15, 407.884, 7.3, 198);
INSERT INTO MovieWeekPopularity(movieId, weekNr, popularity, voteAVG, voteCount) VALUES ('714277', 15, 385.742, 0, 0);
INSERT INTO MovieWeekPopularity(movieId, weekNr, popularity, voteAVG, voteCount) VALUES ('709629', 15, 428.326, 7.9, 188);
INSERT INTO MovieWeekPopularity(movieId, weekNr, popularity, voteAVG, voteCount) VALUES ('384018', 15, 407.884, 6.9, 4784);
INSERT INTO MovieWeekPopularity(movieId, weekNr, popularity, voteAVG, voteCount) VALUES ('373571', 15, 408.629, 6.7, 3972);
INSERT INTO MovieWeekPopularity(movieId, weekNr, popularity, voteAVG, voteCount) VALUES ('666750', 15, 418.714, 6.9, 212);
INSERT INTO MovieWeekPopularity(movieId, weekNr, popularity, voteAVG, voteCount) VALUES ('338762', 15, 419.402, 6.9, 3716);
INSERT INTO MovieWeekPopularity(movieId, weekNr, popularity, voteAVG, voteCount) VALUES ('631939', 15, 396.31, 6.6, 66);
INSERT INTO MovieWeekPopularity(movieId, weekNr, popularity, voteAVG, voteCount) VALUES ('582306', 15, 385.962, 5.2, 58);
INSERT INTO MovieWeekPopularity(movieId, weekNr, popularity, voteAVG, voteCount) VALUES ('545609', 15, 397.992, 7.4, 3744);
INSERT INTO MovieWeekPopularity(movieId, weekNr, popularity, voteAVG, voteCount) VALUES ('675490', 15, 360.887, 6.2, 50);
INSERT INTO MovieWeekPopularity(movieId, weekNr, popularity, voteAVG, voteCount) VALUES ('531499', 15, 362.429, 5.8, 273);
INSERT INTO MovieWeekPopularity(movieId, weekNr, popularity, voteAVG, voteCount) VALUES ('520946', 15, 366.991, 5.8, 123);
INSERT INTO MovieWeekPopularity(movieId, weekNr, popularity, voteAVG, voteCount) VALUES ('512200', 15, 386.004, 7, 5688);
INSERT INTO MovieWeekPopularity(movieId, weekNr, popularity, voteAVG, voteCount) VALUES ('461130', 15, 308.487, 6.2, 1143);
INSERT INTO MovieWeekPopularity(movieId, weekNr, popularity, voteAVG, voteCount) VALUES ('737568', 15, 331.478, 5.8, 194);
INSERT INTO MovieWeekPopularity(movieId, weekNr, popularity, voteAVG, voteCount) VALUES ('638597', 15, 327.539, 7, 466);
INSERT INTO MovieWeekPopularity(movieId, weekNr, popularity, voteAVG, voteCount) VALUES ('592350', 15, 374.94, 8.5, 672);
INSERT INTO MovieWeekPopularity(movieId, weekNr, popularity, voteAVG, voteCount) VALUES ('682254', 15, 350.493, 7.8, 76);
INSERT INTO MovieWeekPopularity(movieId, weekNr, popularity, voteAVG, voteCount) VALUES ('283566', 15, 334.322, 6.5, 6);
INSERT INTO MovieWeekPopularity(movieId, weekNr, popularity, voteAVG, voteCount) VALUES ('723072', 15, 309.618, 6.6, 263);
INSERT INTO MovieWeekPopularity(movieId, weekNr, popularity, voteAVG, voteCount) VALUES ('799497', 15, 269.095, 7.2, 87);
INSERT INTO MovieWeekPopularity(movieId, weekNr, popularity, voteAVG, voteCount) VALUES ('400160', 15, 330.881, 7.8, 2117);
INSERT INTO MovieWeekPopularity(movieId, weekNr, popularity, voteAVG, voteCount) VALUES ('662334', 15, 264.983, 7.9, 40);
INSERT INTO MovieWeekPopularity(movieId, weekNr, popularity, voteAVG, voteCount) VALUES ('621876', 15, 304.141, 6.8, 118);
INSERT INTO MovieWeekPopularity(movieId, weekNr, popularity, voteAVG, voteCount) VALUES ('531219', 15, 299.131, 6.7, 1471);
INSERT INTO MovieWeekPopularity(movieId, weekNr, popularity, voteAVG, voteCount) VALUES ('595813', 15, 277.816, 6.1, 18);
INSERT INTO MovieWeekPopularity(movieId, weekNr, popularity, voteAVG, voteCount) VALUES ('299536', 15, 326.54, 8.3, 21511);
INSERT INTO MovieWeekPopularity(movieId, weekNr, popularity, voteAVG, voteCount) VALUES ('615677', 15, 298.847, 6.3, 441);
INSERT INTO MovieWeekPopularity(movieId, weekNr, popularity, voteAVG, voteCount) VALUES ('694256', 15, 259.426, 6.9, 96);
INSERT INTO MovieWeekPopularity(movieId, weekNr, popularity, voteAVG, voteCount) VALUES ('509967', 15, 266.117, 6.3, 3016);
INSERT INTO MovieWeekPopularity(movieId, weekNr, popularity, voteAVG, voteCount) VALUES ('299534', 15, 287.865, 8.3, 17827);
INSERT INTO MovieWeekPopularity(movieId, weekNr, popularity, voteAVG, voteCount) VALUES ('700995', 15, 262.389, 2.9, 5);
INSERT INTO MovieWeekPopularity(movieId, weekNr, popularity, voteAVG, voteCount) VALUES ('443791', 15, 259.033, 6.3, 2014);
INSERT INTO MovieWeekPopularity(movieId, weekNr, popularity, voteAVG, voteCount) VALUES ('594718', 15, 265.926, 6.5, 265);
INSERT INTO MovieWeekPopularity(movieId, weekNr, popularity, voteAVG, voteCount) VALUES ('699102', 15, 267.519, 7.1, 140);
INSERT INTO MovieWeekPopularity(movieId, weekNr, popularity, voteAVG, voteCount) VALUES ('635302', 15, 337.622, 8, 554);
INSERT INTO MovieWeekPopularity(movieId, weekNr, popularity, voteAVG, voteCount) VALUES ('290859', 15, 285.244, 6.5, 3408);
INSERT INTO MovieWeekPopularity(movieId, weekNr, popularity, voteAVG, voteCount) VALUES ('659067', 15, 259.19, 6.3, 233);
INSERT INTO MovieWeekPopularity(movieId, weekNr, popularity, voteAVG, voteCount) VALUES ('644083', 15, 468.675, 6.8, 33);
INSERT INTO MovieWeekPopularity(movieId, weekNr, popularity, voteAVG, voteCount) VALUES ('340102', 15, 269.5, 6.4, 1797);
INSERT INTO MovieWeekPopularity(movieId, weekNr, popularity, voteAVG, voteCount) VALUES ('20982', 15, 307.455, 7.1, 304);
INSERT INTO MovieWeekPopularity(movieId, weekNr, popularity, voteAVG, voteCount) VALUES ('575088', 15, 258.133, 6.2, 117);
INSERT INTO MovieWeekPopularity(movieId, weekNr, popularity, voteAVG, voteCount) VALUES ('560192', 15, 250.701, 6, 155);
INSERT INTO MovieWeekPopularity(movieId, weekNr, popularity, voteAVG, voteCount) VALUES ('660006', 15, 230.265, 6.2, 63);
INSERT INTO MovieWeekPopularity(movieId, weekNr, popularity, voteAVG, voteCount) VALUES ('687149', 15, 261.976, 7.3, 22);
INSERT INTO MovieWeekPopularity(movieId, weekNr, popularity, voteAVG, voteCount) VALUES ('732450', 15, 269.242, 7.1, 123);
INSERT INTO MovieWeekPopularity(movieId, weekNr, popularity, voteAVG, voteCount) VALUES ('335983', 15, 266.36, 6.8, 10604);
INSERT INTO MovieWeekPopularity(movieId, weekNr, popularity, voteAVG, voteCount) VALUES ('785534', 15, 232.9, 8.3, 179);
INSERT INTO MovieWeekPopularity(movieId, weekNr, popularity, voteAVG, voteCount) VALUES ('741074', 15, 237.487, 6.8, 332);
INSERT INTO MovieWeekPopularity(movieId, weekNr, popularity, voteAVG, voteCount) VALUES ('644092', 15, 305.892, 6.6, 216);
INSERT INTO MovieWeekPopularity(movieId, weekNr, popularity, voteAVG, voteCount) VALUES ('337401', 15, 258.952, 7, 4615);
INSERT INTO MovieWeekPopularity(movieId, weekNr, popularity, voteAVG, voteCount) VALUES ('453405', 15, 245.122, 6.4, 3563);
INSERT INTO MovieWeekPopularity(movieId, weekNr, popularity, voteAVG, voteCount) VALUES ('715658', 15, 227.857, 6.6, 78);
INSERT INTO MovieWeekPopularity(movieId, weekNr, popularity, voteAVG, voteCount) VALUES ('618353', 15, 229.223, 7.3, 196);
INSERT INTO MovieWeekPopularity(movieId, weekNr, popularity, voteAVG, voteCount) VALUES ('681019', 15, 222.538, 4.9, 286);
INSERT INTO MovieWeekPopularity(movieId, weekNr, popularity, voteAVG, voteCount) VALUES ('458156', 15, 238.486, 7.4, 6618);
INSERT INTO Series(id, title, overview, popularity, seasons, episodes, posterPath, voteCount, voteAvg, firstAir, lastAir, tagline) VALUES(88396,'The Falcon and the Winter Soldier','Following the events of “Avengers: Endgame”, the Falcon, Sam Wilson and the Winter Soldier, Bucky Barnes team up in a global adventure that tests their abilities, and their patience.',4323.528,1,6,'/6kbAMLteGO8yyewYau6bJ683sw7.jpg',3620, 7.8,'2021-03-19', '2021-04-09', 'Honor the shield.');
INSERT INTO Genres(id, genre) VALUES(10765,'Sci-Fi & Fantasy');
INSERT INTO SeriesGenre(seriesId, genreId) VALUES(88396,'10765');
INSERT INTO Genres(id, genre) VALUES(10759,'Action & Adventure');
INSERT INTO SeriesGenre(seriesId, genreId) VALUES(88396,'10759');
INSERT INTO SeriesGenre(seriesId, genreId) VALUES(88396,'18');
INSERT INTO Genres(id, genre) VALUES(10768,'War & Politics');
INSERT INTO SeriesGenre(seriesId, genreId) VALUES(88396,'10768');
INSERT INTO SeriesCountry(seriesId, countryId) VALUES(88396,'US');
INSERT INTO Networks(id, nname, logo, originCountry) VALUES('2739','Disney+', '/gJ8VX6JSu3ciXHuC2dDGAo2lvwM.png', 'US');
INSERT INTO SeriesNetwork(seriesId, networkId) VALUES(88396,'2739');
INSERT INTO SeriesCredits(seriesId, personId, job) VALUES(88396,53650,'Actor');
INSERT INTO Personen(id, name, birthday, deathday, popularity, profilePath, gender, profession) VALUES(60898,'Sebastian Stan','','',22.817,'/nKZgixTbHFXpkzzIpMFdLX98GYh.jpg',2,'Acting');
INSERT INTO SeriesCredits(seriesId, personId, job) VALUES(88396,60898,'Actor');
INSERT INTO Personen(id, name, birthday, deathday, popularity, profilePath, gender, profession) VALUES(3872,'Daniel Brühl','','',15.625,'/3YlmTfiy5qZXkrdKGjaM1uMjGKP.jpg',2,'Acting');
INSERT INTO SeriesCredits(seriesId, personId, job) VALUES(88396,3872,'Actor');
INSERT INTO Personen(id, name, birthday, deathday, popularity, profilePath, gender, profession) VALUES(986808,'Wyatt Russell','','',14.676,'/f759e6y7uhobWRCmD0O21cBmjBA.jpg',2,'Acting');
INSERT INTO SeriesCredits(seriesId, personId, job) VALUES(88396,986808,'Actor');
INSERT INTO Personen(id, name, birthday, deathday, popularity, profilePath, gender, profession) VALUES(84247,'Emily VanCamp','','',18.395,'/zTl2KVglr7D7jnBLjbqe1BbbJiV.jpg',1,'Acting');
INSERT INTO SeriesCredits(seriesId, personId, job) VALUES(88396,84247,'Actor');
INSERT INTO Personen(id, name, birthday, deathday, popularity, profilePath, gender, profession) VALUES(1672504,'Erin Kellyman','','',12.211,'/f7XXomAaSRxE3h5NT0sAlcQTjPL.jpg',1,'Acting');
INSERT INTO SeriesCredits(seriesId, personId, job) VALUES(88396,1672504,'Actor');
INSERT INTO Personen(id, name, birthday, deathday, popularity, profilePath, gender, profession) VALUES(10850,'Kevin Feige','','',5.332,'/kCBqXZ5PT5udYGEj2wfTSFbLMvT.jpg',2,'Production');
INSERT INTO SeriesCredits(seriesId, personId, job) VALUES(88396,10850,'Executive Producer');
INSERT INTO SeriesCredits(seriesId, personId, job) VALUES(88396,7624,'Characters');
INSERT INTO SeriesCredits(seriesId, personId, job) VALUES(88396,7232,'Casting');
INSERT INTO Personen(id, name, birthday, deathday, popularity, profilePath, gender, profession) VALUES(139744,'Ed Brubaker','','',1.502,'/dcXApNLVHS9DHvRTVF238WSgLc9.jpg',2,'Writing');
INSERT INTO SeriesCredits(seriesId, personId, job) VALUES(88396,139744,'Characters');
INSERT INTO Personen(id, name, birthday, deathday, popularity, profilePath, gender, profession) VALUES(1543191,'Jason B. Stamey','','',1.094,'',0,'Production');
INSERT INTO SeriesCredits(seriesId, personId, job) VALUES(88396,1543191,'Casting');
INSERT INTO Personen(id, name, birthday, deathday, popularity, profilePath, gender, profession) VALUES(1076800,'Derek Kolstad','','',2.173,'/mi6jxGxkIPjEKNSu9BquWoFMTZy.jpg',0,'Writing');
INSERT INTO SeriesCredits(seriesId, personId, job) VALUES(88396,1076800,'Staff Writer');
INSERT INTO Series(id, title, overview, popularity, seasons, episodes, posterPath, voteCount, voteAvg, firstAir, lastAir, tagline) VALUES(71712,'The Good Doctor','A young surgeon with Savant syndrome is recruited into the surgical unit of a prestigious hospital. The question will arise: can a person who doesn\'t have the ability to relate to people actually save their lives',1871.878,4,71,'/6tfT03sGp9k4c0J3dypjrI8TSAI.jpg',7690, 8.6,'2017-09-25', '2021-03-29', 'His mind is a mystery, his methods are a miracle.');
INSERT INTO SeriesGenre(seriesId, genreId) VALUES(71712,'18');
INSERT INTO SeriesCountry(seriesId, countryId) VALUES(71712,'US');
INSERT INTO Networks(id, nname, logo, originCountry) VALUES('2','ABC', '/ndAvF4JLsliGreX87jAc9GdjmJY.png', 'US');
INSERT INTO SeriesNetwork(seriesId, networkId) VALUES(71712,'2');
INSERT INTO Personen(id, name, birthday, deathday, popularity, profilePath, gender, profession) VALUES(1281,'Freddie Highmore','','',16.05,'/4haqYYQJFhFe9Poqb26Xpuj1VJk.jpg',2,'Acting');
INSERT INTO SeriesCredits(seriesId, personId, job) VALUES(71712,1281,'Actor');
INSERT INTO Personen(id, name, birthday, deathday, popularity, profilePath, gender, profession) VALUES(221981,'Antonia Thomas','','',10.334,'/ybmnPYUzcr3RMdaXnZIw2jEw9ju.jpg',1,'Acting');
INSERT INTO SeriesCredits(seriesId, personId, job) VALUES(71712,221981,'Actor');
INSERT INTO Personen(id, name, birthday, deathday, popularity, profilePath, gender, profession) VALUES(57686,'Hill Harper','','',5.568,'/bUzVvgD066zYGJ9amJzgoGivlqD.jpg',2,'Acting');
INSERT INTO SeriesCredits(seriesId, personId, job) VALUES(71712,57686,'Actor');
INSERT INTO Personen(id, name, birthday, deathday, popularity, profilePath, gender, profession) VALUES(31028,'Richard Schiff','','',6.652,'/cHYHhPvyznOJrw0yEqndhYK2GnQ.jpg',2,'Acting');
INSERT INTO SeriesCredits(seriesId, personId, job) VALUES(71712,31028,'Actor');
INSERT INTO Personen(id, name, birthday, deathday, popularity, profilePath, gender, profession) VALUES(1215689,'Christina Chang','','',10.17,'/p1m4Da7ZOt6BOcXy4T58Mu3jAY3.jpg',1,'Acting');
INSERT INTO SeriesCredits(seriesId, personId, job) VALUES(71712,1215689,'Actor');
INSERT INTO Personen(id, name, birthday, deathday, popularity, profilePath, gender, profession) VALUES(1454610,'Paige Spara','','',10.538,'/fvw957j6d1ImrZO7dDhyVqLTPlb.jpg',1,'Acting');
INSERT INTO SeriesCredits(seriesId, personId, job) VALUES(71712,1454610,'Actor');
INSERT INTO Personen(id, name, birthday, deathday, popularity, profilePath, gender, profession) VALUES(1255712,'Park Jae-beom','','',0.6,'/hS96Gb7vGebNgo1wQOcnRSVXxkQ.jpg',2,'Writing');
INSERT INTO SeriesCredits(seriesId, personId, job) VALUES(71712,1255712,'Original Story');
INSERT INTO Series(id, title, overview, popularity, seasons, episodes, posterPath, voteCount, voteAvg, firstAir, lastAir, tagline) VALUES(60735,'The Flash','After a particle accelerator causes a freak storm, CSI Investigator Barry Allen is struck by lightning and falls into a coma. Months later he awakens with the power of super speed, granting him the ability to move through Central City like an unseen guardian angel. Though initially excited by his newfound powers, Barry is shocked to discover he is not the only "meta-human" who was created in the wake of the accelerator explosion -- and not everyone is using their new powers for good. Barry partners with S.T.A.R. Labs and dedicates his life to protect the innocent. For now, only a few close friends and associates know that Barry is literally the fastest man alive, but it won\'t be long before the world learns what Barry Allen has become...The Flash.',1276.118,7,140,'/lJA2RCMfsWoskqlQhXPSLFQGXEJ.jpg',7325, 7.7,'2014-10-07', '2021-04-06', 'The fastest man alive.');
INSERT INTO SeriesGenre(seriesId, genreId) VALUES(60735,'18');
INSERT INTO SeriesGenre(seriesId, genreId) VALUES(60735,'10765');
INSERT INTO SeriesCountry(seriesId, countryId) VALUES(60735,'US');
INSERT INTO Networks(id, nname, logo, originCountry) VALUES('71','The CW', '/ge9hzeaU7nMtQ4PjkFlc68dGAJ9.png', 'US');
INSERT INTO SeriesNetwork(seriesId, networkId) VALUES(60735,'71');
INSERT INTO Personen(id, name, birthday, deathday, popularity, profilePath, gender, profession) VALUES(122616,'Grant Gustin','','',15.306,'/iNhAQMOfPFxLQ3fzag8YRcouRmT.jpg',2,'Acting');
INSERT INTO SeriesCredits(seriesId, personId, job) VALUES(60735,122616,'Actor');
INSERT INTO Personen(id, name, birthday, deathday, popularity, profilePath, gender, profession) VALUES(212700,'Candice Patton','','',10.605,'/g3Tpx8iGRyRGYkWqBL1GQgmSbcu.jpg',1,'Acting');
INSERT INTO SeriesCredits(seriesId, personId, job) VALUES(60735,212700,'Actor');
INSERT INTO Personen(id, name, birthday, deathday, popularity, profilePath, gender, profession) VALUES(31838,'Danielle Panabaker','','',13.156,'/1F4p4mjGIElQP3Krj6yz4KuGwkq.jpg',1,'Acting');
INSERT INTO SeriesCredits(seriesId, personId, job) VALUES(60735,31838,'Actor');
INSERT INTO Personen(id, name, birthday, deathday, popularity, profilePath, gender, profession) VALUES(1428398,'Carlos Valdes','','',9.835,'/uDQWtrmSPsNsm2DL3TMMiAtVoTq.jpg',2,'Acting');
INSERT INTO SeriesCredits(seriesId, personId, job) VALUES(60735,1428398,'Actor');
INSERT INTO Personen(id, name, birthday, deathday, popularity, profilePath, gender, profession) VALUES(101060,'Danielle Nicolet','','',7.706,'/jUcFFKOiwQzqos9X9cHmSbPbRn2.jpg',1,'Acting');
INSERT INTO SeriesCredits(seriesId, personId, job) VALUES(60735,101060,'Actor');
INSERT INTO Personen(id, name, birthday, deathday, popularity, profilePath, gender, profession) VALUES(1163405,'Kayla Compton','','',5.186,'/s5DQrvszZeLUIGdD9ryl1aMsGQv.jpg',1,'Acting');
INSERT INTO SeriesCredits(seriesId, personId, job) VALUES(60735,1163405,'Actor');
INSERT INTO Personen(id, name, birthday, deathday, popularity, profilePath, gender, profession) VALUES(1747677,'Geoff Garrett','','',0.6,'',0,'Production');
INSERT INTO SeriesCredits(seriesId, personId, job) VALUES(60735,1747677,'Producer');
INSERT INTO Personen(id, name, birthday, deathday, popularity, profilePath, gender, profession) VALUES(1512011,'Jennifer Lence','','',1.143,'',0,'Production');
INSERT INTO SeriesCredits(seriesId, personId, job) VALUES(60735,1512011,'Producer');
INSERT INTO Personen(id, name, birthday, deathday, popularity, profilePath, gender, profession) VALUES(1512010,'Carl Ogawa','','',4.324,'',0,'Production');
INSERT INTO SeriesCredits(seriesId, personId, job) VALUES(60735,1512010,'Producer');
INSERT INTO Personen(id, name, birthday, deathday, popularity, profilePath, gender, profession) VALUES(1379199,'Lauren Barnett','','',0.6,'',0,'Writing');
INSERT INTO SeriesCredits(seriesId, personId, job) VALUES(60735,1379199,'Producer');
INSERT INTO Personen(id, name, birthday, deathday, popularity, profilePath, gender, profession) VALUES(1331238,'Thomas Pound','','',0.6,'',2,'Writing');
INSERT INTO SeriesCredits(seriesId, personId, job) VALUES(60735,1331238,'Producer');
INSERT INTO Personen(id, name, birthday, deathday, popularity, profilePath, gender, profession) VALUES(1920098,'Kristen Kim','','',0.6,'',1,'Writing');
INSERT INTO SeriesCredits(seriesId, personId, job) VALUES(60735,1920098,'Producer');
INSERT INTO Series(id, title, overview, popularity, seasons, episodes, posterPath, voteCount, voteAvg, firstAir, lastAir, tagline) VALUES(69050,'Riverdale','Set in the present, the series offers a bold, subversive take on Archie, Betty, Veronica and their friends, exploring the surreality of small-town life, the darkness and weirdness bubbling beneath Riverdale’s wholesome facade.',1038.162,5,87,'/wRbjVBdDo5qHAEOVYoMWpM58FSA.jpg',10956, 8.6,'2017-01-26', '2021-03-31', 'Small town. Big secrets.');
INSERT INTO SeriesGenre(seriesId, genreId) VALUES(69050,'9648');
INSERT INTO SeriesGenre(seriesId, genreId) VALUES(69050,'18');
INSERT INTO SeriesGenre(seriesId, genreId) VALUES(69050,'80');
INSERT INTO SeriesCountry(seriesId, countryId) VALUES(69050,'US');
INSERT INTO SeriesNetwork(seriesId, networkId) VALUES(69050,'71');
INSERT INTO Personen(id, name, birthday, deathday, popularity, profilePath, gender, profession) VALUES(1680339,'K.J. Apa','','',8.819,'/idpwm8ZdFnndjeQ3mKleF20hvRo.jpg',2,'Acting');
INSERT INTO SeriesCredits(seriesId, personId, job) VALUES(69050,1680339,'Actor');
INSERT INTO Personen(id, name, birthday, deathday, popularity, profilePath, gender, profession) VALUES(1136940,'Lili Reinhart','','',8.761,'/7q9dCds3jDkSBo9FgtNRwOwRLxr.jpg',1,'Acting');
INSERT INTO SeriesCredits(seriesId, personId, job) VALUES(69050,1136940,'Actor');
INSERT INTO Personen(id, name, birthday, deathday, popularity, profilePath, gender, profession) VALUES(56730,'Cole Sprouse','','',9,'/aJxTvZjse8hAljcvljqTaH45eaB.jpg',2,'Acting');
INSERT INTO SeriesCredits(seriesId, personId, job) VALUES(69050,56730,'Actor');
INSERT INTO Personen(id, name, birthday, deathday, popularity, profilePath, gender, profession) VALUES(1721740,'Camila Mendes','','',4.712,'/lXZ1iHoSOwc5REqwXm3eoiPejB3.jpg',1,'Acting');
INSERT INTO SeriesCredits(seriesId, personId, job) VALUES(69050,1721740,'Actor');
INSERT INTO Personen(id, name, birthday, deathday, popularity, profilePath, gender, profession) VALUES(1592855,'Madelaine Petsch','','',7.272,'/qjTMzTNGJNqgRynr7QbIuWGLglY.jpg',1,'Acting');
INSERT INTO SeriesCredits(seriesId, personId, job) VALUES(69050,1592855,'Actor');
INSERT INTO Personen(id, name, birthday, deathday, popularity, profilePath, gender, profession) VALUES(1724690,'Casey Cott','','',2.599,'/bMWn0qPfgYjl7zJoMI7asvychRw.jpg',2,'Acting');
INSERT INTO SeriesCredits(seriesId, personId, job) VALUES(69050,1724690,'Actor');
INSERT INTO Personen(id, name, birthday, deathday, popularity, profilePath, gender, profession) VALUES(2952139,'Amy Myrold','','',0.6,'',0,'Production');
INSERT INTO SeriesCredits(seriesId, personId, job) VALUES(69050,2952139,'Producer');
INSERT INTO Personen(id, name, birthday, deathday, popularity, profilePath, gender, profession) VALUES(2017520,'Arabella Anderson','','',0.6,'',0,'Writing');
INSERT INTO SeriesCredits(seriesId, personId, job) VALUES(69050,2017520,'Producer');
INSERT INTO Personen(id, name, birthday, deathday, popularity, profilePath, gender, profession) VALUES(1790284,'Brian E. Paterson','','',0.6,'',0,'Writing');
INSERT INTO SeriesCredits(seriesId, personId, job) VALUES(69050,1790284,'Producer');
INSERT INTO Personen(id, name, birthday, deathday, popularity, profilePath, gender, profession) VALUES(1778902,'Janine Salinas Schoenberg','','',0.6,'',0,'Writing');
INSERT INTO SeriesCredits(seriesId, personId, job) VALUES(69050,1778902,'Producer');
INSERT INTO Personen(id, name, birthday, deathday, popularity, profilePath, gender, profession) VALUES(2248019,'Gabriel Correa','','',0.84,'',0,'Directing');
INSERT INTO SeriesCredits(seriesId, personId, job) VALUES(69050,2248019,'Supervising Producer');
INSERT INTO Personen(id, name, birthday, deathday, popularity, profilePath, gender, profession) VALUES(1554004,'James DeWille','','',0.6,'',2,'Writing');
INSERT INTO SeriesCredits(seriesId, personId, job) VALUES(69050,1554004,'Supervising Producer');
INSERT INTO Series(id, title, overview, popularity, seasons, episodes, posterPath, voteCount, voteAvg, firstAir, lastAir, tagline) VALUES(95557,'Invincible','Mark Grayson is a normal teenager except for the fact that his father is the most powerful superhero on the planet. Shortly after his seventeenth birthday, Mark begins to develop powers of his own and enters into his father’s tutelage.',938.02,1,8,'/yDWJYRAwMNKbIYT8ZB33qy84uzO.jpg',577, 8.9,'2021-03-26', '2021-04-09', '');
INSERT INTO SeriesGenre(seriesId, genreId) VALUES(95557,'16');
INSERT INTO SeriesGenre(seriesId, genreId) VALUES(95557,'10759');
INSERT INTO SeriesGenre(seriesId, genreId) VALUES(95557,'18');
INSERT INTO SeriesCountry(seriesId, countryId) VALUES(95557,'CA');
INSERT INTO SeriesCountry(seriesId, countryId) VALUES(95557,'US');
INSERT INTO Countries(id, cname) VALUES('','');
INSERT INTO Networks(id, nname, logo, originCountry) VALUES('1024','Amazon', '/ifhbNuuVnlwYy5oXA5VIb2YR8AZ.png', '');
INSERT INTO SeriesNetwork(seriesId, networkId) VALUES(95557,'1024');
INSERT INTO Personen(id, name, birthday, deathday, popularity, profilePath, gender, profession) VALUES(215055,'Steven Yeun','','',7.466,'/cnzyTmVMeyt9rIkR4bYFarAFEbD.jpg',2,'Acting');
INSERT INTO SeriesCredits(seriesId, personId, job) VALUES(95557,215055,'Actor');
INSERT INTO Personen(id, name, birthday, deathday, popularity, profilePath, gender, profession) VALUES(25540,'Sandra Oh','','',4.534,'/zU8vjebHxcP60ESEL5Ok68KWZvj.jpg',1,'Acting');
INSERT INTO SeriesCredits(seriesId, personId, job) VALUES(95557,25540,'Actor');
INSERT INTO Personen(id, name, birthday, deathday, popularity, profilePath, gender, profession) VALUES(18999,'J.K. Simmons','','',8.748,'/7kIiPojgSVNRXb5z0hiijcD5LJ6.jpg',2,'Acting');
INSERT INTO SeriesCredits(seriesId, personId, job) VALUES(95557,18999,'Actor');
INSERT INTO Personen(id, name, birthday, deathday, popularity, profilePath, gender, profession) VALUES(1223867,'Robert Kirkman','','',2.705,'/ulYOkxtk8lUvg4Ltkg2q22ibg4R.jpg',2,'Writing');
INSERT INTO SeriesCredits(seriesId, personId, job) VALUES(95557,1223867,'Executive Producer');
INSERT INTO Personen(id, name, birthday, deathday, popularity, profilePath, gender, profession) VALUES(1227315,'Simon Racioppa','','',0.6,'',2,'Writing');
INSERT INTO SeriesCredits(seriesId, personId, job) VALUES(95557,1227315,'Executive Producer');
INSERT INTO Personen(id, name, birthday, deathday, popularity, profilePath, gender, profession) VALUES(1318707,'David Alpert','','',0.6,'/2rNdPp1zhah223s8UuGVG3bwor7.jpg',0,'Production');
INSERT INTO SeriesCredits(seriesId, personId, job) VALUES(95557,1318707,'Executive Producer');
INSERT INTO Personen(id, name, birthday, deathday, popularity, profilePath, gender, profession) VALUES(71539,'Catherine Winder','','',2.714,'/qGabLBToUcMJ0xheOPj7HgoIbCC.jpg',1,'Production');
INSERT INTO SeriesCredits(seriesId, personId, job) VALUES(95557,71539,'Executive Producer');
INSERT INTO SeriesCredits(seriesId, personId, job) VALUES(95557,1223867,'Comic Book');
INSERT INTO Personen(id, name, birthday, deathday, popularity, profilePath, gender, profession) VALUES(1447959,'Cory Walker','','',0.6,'',0,'Writing');
INSERT INTO SeriesCredits(seriesId, personId, job) VALUES(95557,1447959,'Comic Book');
INSERT INTO Series(id, title, overview, popularity, seasons, episodes, posterPath, voteCount, voteAvg, firstAir, lastAir, tagline) VALUES(1416,'Grey\'s Anatomy','Follows the personal and professional lives of a group of doctors at Seattle’s Grey Sloan Memorial Hospital.',927.829,17,375,'/clnyhPqj1SNgpAdeSS6a6fwE6Bo.jpg',5830, 8.2,'2005-03-27', '2021-04-08', 'The life you save may be your own.');
INSERT INTO SeriesGenre(seriesId, genreId) VALUES(1416,'18');
INSERT INTO SeriesCountry(seriesId, countryId) VALUES(1416,'US');
INSERT INTO SeriesNetwork(seriesId, networkId) VALUES(1416,'2');
INSERT INTO Personen(id, name, birthday, deathday, popularity, profilePath, gender, profession) VALUES(9280,'Ellen Pompeo','','',7.38,'/yPd4G2RcjXQPNWkKUPbWh5v1flC.jpg',1,'Acting');
INSERT INTO SeriesCredits(seriesId, personId, job) VALUES(1416,9280,'Actor');
INSERT INTO Personen(id, name, birthday, deathday, popularity, profilePath, gender, profession) VALUES(25544,'James Pickens Jr.','','',3.612,'/iddDcaysDQ6IVMUjJ97Bv3lTBCu.jpg',2,'Acting');
INSERT INTO SeriesCredits(seriesId, personId, job) VALUES(1416,25544,'Actor');
INSERT INTO Personen(id, name, birthday, deathday, popularity, profilePath, gender, profession) VALUES(171075,'Chandra Wilson','','',2.89,'/83Ynxlv3jV4ahkOiAEfunM7Rez2.jpg',1,'Acting');
INSERT INTO SeriesCredits(seriesId, personId, job) VALUES(1416,171075,'Actor');
INSERT INTO Personen(id, name, birthday, deathday, popularity, profilePath, gender, profession) VALUES(81684,'Caterina Scorsone','','',5.721,'/eLexGfeg4SyY9anPyNoh8hzKATD.jpg',1,'Acting');
INSERT INTO SeriesCredits(seriesId, personId, job) VALUES(1416,81684,'Actor');
INSERT INTO Personen(id, name, birthday, deathday, popularity, profilePath, gender, profession) VALUES(210695,'Jesse Williams','','',6.875,'/hygNTzn3Ml92ear4ltTPYo5Pp2G.jpg',2,'Acting');
INSERT INTO SeriesCredits(seriesId, personId, job) VALUES(1416,210695,'Actor');
INSERT INTO Personen(id, name, birthday, deathday, popularity, profilePath, gender, profession) VALUES(1362995,'Giacomo Gianniotti','','',1.195,'',2,'Acting');
INSERT INTO SeriesCredits(seriesId, personId, job) VALUES(1416,1362995,'Actor');
INSERT INTO Series(id, title, overview, popularity, seasons, episodes, posterPath, voteCount, voteAvg, firstAir, lastAir, tagline) VALUES(120168,'Who Killed Sara?','Hell-bent on exacting revenge and proving he was framed for his sister\'s murder, Álex sets out to unearth much more than the crime\'s real culprit.',904.362,2,11,'/o7uk5ChRt3quPIv8PcvPfzyXdMw.jpg',291, 7.8,'2021-03-24', '2021-03-24', '');
INSERT INTO SeriesGenre(seriesId, genreId) VALUES(120168,'18');
INSERT INTO SeriesGenre(seriesId, genreId) VALUES(120168,'80');
INSERT INTO SeriesGenre(seriesId, genreId) VALUES(120168,'9648');
INSERT INTO SeriesCountry(seriesId, countryId) VALUES(120168,'MX');
INSERT INTO Networks(id, nname, logo, originCountry) VALUES('213','Netflix', '/wwemzKWzjKYJFfCeiB57q3r4Bcm.png', '');
INSERT INTO SeriesNetwork(seriesId, networkId) VALUES(120168,'213');
INSERT INTO Personen(id, name, birthday, deathday, popularity, profilePath, gender, profession) VALUES(3000971,'Carolina Miranda','','',4.115,'/7TkEhCL3ZK8IlFNqm5Ow8nZPkso.jpg',1,'Acting');
INSERT INTO SeriesCredits(seriesId, personId, job) VALUES(120168,3000971,'Actor');
INSERT INTO Personen(id, name, birthday, deathday, popularity, profilePath, gender, profession) VALUES(66914,'Manolo Cardona','','',12.633,'/9hPHLgO9lINwZynrFywTG9ms8Jl.jpg',2,'Acting');
INSERT INTO SeriesCredits(seriesId, personId, job) VALUES(120168,66914,'Actor');
INSERT INTO Personen(id, name, birthday, deathday, popularity, profilePath, gender, profession) VALUES(24923,'Ginés García Millán','','',1.61,'/lWbOCU1yUUHKmGwzp8iLUEcLgam.jpg',0,'Acting');
INSERT INTO SeriesCredits(seriesId, personId, job) VALUES(120168,24923,'Actor');
INSERT INTO Personen(id, name, birthday, deathday, popularity, profilePath, gender, profession) VALUES(143174,'Claudia Ramírez','','',4.118,'',1,'Acting');
INSERT INTO SeriesCredits(seriesId, personId, job) VALUES(120168,143174,'Actor');
INSERT INTO Personen(id, name, birthday, deathday, popularity, profilePath, gender, profession) VALUES(1245795,'Eugenio Siller','','',2.375,'',2,'Acting');
INSERT INTO SeriesCredits(seriesId, personId, job) VALUES(120168,1245795,'Actor');
INSERT INTO Personen(id, name, birthday, deathday, popularity, profilePath, gender, profession) VALUES(973853,'Alejandro Nones','','',0.928,'',0,'Acting');
INSERT INTO SeriesCredits(seriesId, personId, job) VALUES(120168,973853,'Actor');
INSERT INTO Series(id, title, overview, popularity, seasons, episodes, posterPath, voteCount, voteAvg, firstAir, lastAir, tagline) VALUES(1402,'The Walking Dead','Sheriff\'s deputy Rick Grimes awakens from a coma to find a post-apocalyptic world dominated by flesh-eating zombies. He sets out to find his family and encounters many other survivors along the way.',795.883,11,154,'/rqeYMLryjcawh2JeRpCVUDXYM5b.jpg',10514, 8.1,'2010-10-31', '2021-04-04', 'Fight the dead. Fear the living.');
INSERT INTO SeriesGenre(seriesId, genreId) VALUES(1402,'10759');
INSERT INTO SeriesGenre(seriesId, genreId) VALUES(1402,'18');
INSERT INTO SeriesGenre(seriesId, genreId) VALUES(1402,'10765');
INSERT INTO SeriesCountry(seriesId, countryId) VALUES(1402,'US');
INSERT INTO Networks(id, nname, logo, originCountry) VALUES('174','AMC', '/pmvRmATOCaDykE6JrVoeYxlFHw3.png', 'US');
INSERT INTO SeriesNetwork(seriesId, networkId) VALUES(1402,'174');
INSERT INTO Personen(id, name, birthday, deathday, popularity, profilePath, gender, profession) VALUES(4886,'Norman Reedus','','',4.667,'/x0VtaRWYKPEegZJv7cxqKtB9k98.jpg',2,'Acting');
INSERT INTO SeriesCredits(seriesId, personId, job) VALUES(1402,4886,'Actor');
INSERT INTO Personen(id, name, birthday, deathday, popularity, profilePath, gender, profession) VALUES(82104,'Danai Gurira','','',4.169,'/z7H7QeQvr24vskGlANQhG43vozQ.jpg',1,'Acting');
INSERT INTO SeriesCredits(seriesId, personId, job) VALUES(1402,82104,'Actor');
INSERT INTO Personen(id, name, birthday, deathday, popularity, profilePath, gender, profession) VALUES(31535,'Melissa McBride','','',5.075,'/a1yjfKwaLbSpgzOfDdnNk2nxaQx.jpg',1,'Acting');
INSERT INTO SeriesCredits(seriesId, personId, job) VALUES(1402,31535,'Actor');
INSERT INTO Personen(id, name, birthday, deathday, popularity, profilePath, gender, profession) VALUES(62220,'Lauren Cohan','','',8.006,'/zJ9nZ5jqQTUD55GLKbgfiKlUoBN.jpg',1,'Acting');
INSERT INTO SeriesCredits(seriesId, personId, job) VALUES(1402,62220,'Actor');
INSERT INTO Personen(id, name, birthday, deathday, popularity, profilePath, gender, profession) VALUES(84224,'Christian Serratos','','',5.473,'/3odIVQPRdJ0aNuecrtciodBi0rL.jpg',1,'Acting');
INSERT INTO SeriesCredits(seriesId, personId, job) VALUES(1402,84224,'Actor');
INSERT INTO Personen(id, name, birthday, deathday, popularity, profilePath, gender, profession) VALUES(1252310,'Josh McDermitt','','',3.73,'/ueZwswzCiJ0KgLNCKnrBNQvl0aE.jpg',2,'Acting');
INSERT INTO SeriesCredits(seriesId, personId, job) VALUES(1402,1252310,'Actor');
INSERT INTO Personen(id, name, birthday, deathday, popularity, profilePath, gender, profession) VALUES(59811,'Bear McCreary','','',2.423,'/nTE1G81ZRSF1ZyUHaKI5lrSmN4H.jpg',2,'Sound');
INSERT INTO SeriesCredits(seriesId, personId, job) VALUES(1402,59811,'Music Producer');
INSERT INTO Personen(id, name, birthday, deathday, popularity, profilePath, gender, profession) VALUES(1223875,'Angela Kang','','',0.6,'/aeqK2edX5pipyfQsjk3GYY0CEZd.jpg',1,'Production');
INSERT INTO SeriesCredits(seriesId, personId, job) VALUES(1402,1223875,'Executive Producer');
INSERT INTO Personen(id, name, birthday, deathday, popularity, profilePath, gender, profession) VALUES(59287,'Gregory Nicotero','','',4.265,'/dvi65TIvULyskySmQMaVjiuEQby.jpg',2,'Crew');
INSERT INTO SeriesCredits(seriesId, personId, job) VALUES(1402,59287,'Special Effects Makeup Artist');
INSERT INTO Personen(id, name, birthday, deathday, popularity, profilePath, gender, profession) VALUES(46348,'Denise M. Huth','','',1.02,'/xnidVzBjhQbChdgIN0IkRCEVaDV.jpg',0,'Production');
INSERT INTO SeriesCredits(seriesId, personId, job) VALUES(1402,46348,'Executive Producer');
INSERT INTO Personen(id, name, birthday, deathday, popularity, profilePath, gender, profession) VALUES(1756128,'Joe Incaprera','','',0.6,'/3MVOYdyaOdwLZAiEiSpq39QNFRa.jpg',2,'Production');
INSERT INTO SeriesCredits(seriesId, personId, job) VALUES(1402,1756128,'Executive Producer');
INSERT INTO SeriesCredits(seriesId, personId, job) VALUES(1402,1318707,'Executive Producer');
INSERT INTO Series(id, title, overview, popularity, seasons, episodes, posterPath, voteCount, voteAvg, firstAir, lastAir, tagline) VALUES(63174,'Lucifer','Bored and unhappy as the Lord of Hell, Lucifer Morningstar abandoned his throne and retired to Los Angeles, where he has teamed up with LAPD detective Chloe Decker to take down criminals. But the longer he\'s away from the underworld, the greater the threat that the worst of humanity could escape.',789.89,5,83,'/4EYPN5mVIhKLfxGruy7Dy41dTVn.jpg',8203, 8.5,'2016-01-25', '2020-08-21', 'It\'s good to be bad.');
INSERT INTO SeriesGenre(seriesId, genreId) VALUES(63174,'80');
INSERT INTO SeriesGenre(seriesId, genreId) VALUES(63174,'10765');
INSERT INTO SeriesCountry(seriesId, countryId) VALUES(63174,'US');
INSERT INTO Networks(id, nname, logo, originCountry) VALUES('19','FOX', '/1DSpHrWyOORkL9N2QHX7Adt31mQ.png', 'US');
INSERT INTO SeriesNetwork(seriesId, networkId) VALUES(63174,'19');
INSERT INTO SeriesNetwork(seriesId, networkId) VALUES(63174,'213');
INSERT INTO Personen(id, name, birthday, deathday, popularity, profilePath, gender, profession) VALUES(192944,'Tom Ellis','','',10.64,'/sJkxqJfSgcwussMeywxyrnYxVX.jpg',2,'Acting');
INSERT INTO SeriesCredits(seriesId, personId, job) VALUES(63174,192944,'Actor');
INSERT INTO Personen(id, name, birthday, deathday, popularity, profilePath, gender, profession) VALUES(37014,'Lauren German','','',13.563,'/6cLWWpKtQZLRZ0larn2pHFeteok.jpg',1,'Acting');
INSERT INTO SeriesCredits(seriesId, personId, job) VALUES(63174,37014,'Actor');
INSERT INTO Personen(id, name, birthday, deathday, popularity, profilePath, gender, profession) VALUES(116474,'Kevin Alejandro','','',7.527,'/bh4aQqP7kJzL2Ls9tj5OmhsBlqi.jpg',2,'Acting');
INSERT INTO SeriesCredits(seriesId, personId, job) VALUES(63174,116474,'Actor');
INSERT INTO Personen(id, name, birthday, deathday, popularity, profilePath, gender, profession) VALUES(21356,'D.B. Woodside','','',10.28,'/eb4NCvnZeA4yCIcIip5tYwX07Fo.jpg',2,'Acting');
INSERT INTO SeriesCredits(seriesId, personId, job) VALUES(63174,21356,'Actor');
INSERT INTO Personen(id, name, birthday, deathday, popularity, profilePath, gender, profession) VALUES(515875,'Lesley-Ann Brandt','','',7.272,'/y0AzNGb9dd1oZoN9k9lYYnBykA9.jpg',1,'Acting');
INSERT INTO SeriesCredits(seriesId, personId, job) VALUES(63174,515875,'Actor');
INSERT INTO Personen(id, name, birthday, deathday, popularity, profilePath, gender, profession) VALUES(56457,'Aimee Garcia','','',8.742,'/n0hKZHujbdzjkti2y4s7w48boTB.jpg',1,'Acting');
INSERT INTO SeriesCredits(seriesId, personId, job) VALUES(63174,56457,'Actor');
INSERT INTO Series(id, title, overview, popularity, seasons, episodes, posterPath, voteCount, voteAvg, firstAir, lastAir, tagline) VALUES(95057,'Superman & Lois','After years of facing megalomaniacal supervillains, monsters wreaking havoc on Metropolis, and alien invaders intent on wiping out the human race, The Man of Steel aka Clark Kent and Lois Lane come face to face with one of their greatest challenges ever: dealing with all the stress, pressures and complexities that come with being working parents in today\'s society.',775.869,1,7,'/6SJppowm7cdQgLkvoTlnTUSbjr9.jpg',706, 8.3,'2021-02-23', '2021-03-23', 'Saving the world starts at home.');
INSERT INTO SeriesGenre(seriesId, genreId) VALUES(95057,'10759');
INSERT INTO SeriesGenre(seriesId, genreId) VALUES(95057,'10765');
INSERT INTO SeriesCountry(seriesId, countryId) VALUES(95057,'US');
INSERT INTO SeriesNetwork(seriesId, networkId) VALUES(95057,'71');
INSERT INTO Personen(id, name, birthday, deathday, popularity, profilePath, gender, profession) VALUES(78198,'Tyler Hoechlin','','',10.55,'/n2hXiC2MABZnZoQKtWLkP73LKWe.jpg',2,'Acting');
INSERT INTO SeriesCredits(seriesId, personId, job) VALUES(95057,78198,'Actor');
INSERT INTO Personen(id, name, birthday, deathday, popularity, profilePath, gender, profession) VALUES(74577,'Elizabeth Tulloch','','',9.6,'/mp6XaPJTV4R6HCn4KxVp2pR1mhn.jpg',1,'Acting');
INSERT INTO SeriesCredits(seriesId, personId, job) VALUES(95057,74577,'Actor');
INSERT INTO Personen(id, name, birthday, deathday, popularity, profilePath, gender, profession) VALUES(1719127,'Jordan Elsass','','',4.689,'/hhOrGz8Hwum9cKE3IzWKY6Ree4T.jpg',2,'Acting');
INSERT INTO SeriesCredits(seriesId, personId, job) VALUES(95057,1719127,'Actor');
INSERT INTO Personen(id, name, birthday, deathday, popularity, profilePath, gender, profession) VALUES(1393181,'Alex Garfin','','',2.55,'/ePUrZovtYXQ5PTYSF9hR41g21mb.jpg',2,'Acting');
INSERT INTO SeriesCredits(seriesId, personId, job) VALUES(95057,1393181,'Actor');
INSERT INTO Personen(id, name, birthday, deathday, popularity, profilePath, gender, profession) VALUES(1367619,'Erik Valdez','','',0.754,'/ehuLul90Mp0zUrjEx3CeSaVoI91.jpg',2,'Acting');
INSERT INTO SeriesCredits(seriesId, personId, job) VALUES(95057,1367619,'Actor');
INSERT INTO Personen(id, name, birthday, deathday, popularity, profilePath, gender, profession) VALUES(2638587,'Inde Navarrette','','',3.322,'/GlyEqcM13XIKUQUjvThuPzY35h.jpg',1,'Acting');
INSERT INTO SeriesCredits(seriesId, personId, job) VALUES(95057,2638587,'Actor');
INSERT INTO Personen(id, name, birthday, deathday, popularity, profilePath, gender, profession) VALUES(1395152,'Sarah Schechter','','',1.037,'',1,'Production');
INSERT INTO SeriesCredits(seriesId, personId, job) VALUES(95057,1395152,'Executive Producer');
INSERT INTO Personen(id, name, birthday, deathday, popularity, profilePath, gender, profession) VALUES(211962,'Geoff Johns','','',4.1,'/1hiQjkIkeFoiwvD4yIk2Dq6tnOa.jpg',2,'Writing');
INSERT INTO SeriesCredits(seriesId, personId, job) VALUES(95057,211962,'Executive Producer');
INSERT INTO Personen(id, name, birthday, deathday, popularity, profilePath, gender, profession) VALUES(60584,'Donald Munro','','',0.6,'/l8pcloU7glHYAreOa0ydxWtRYfZ.jpg',2,'Production');
INSERT INTO SeriesCredits(seriesId, personId, job) VALUES(95057,60584,'Co-Producer');
INSERT INTO Personen(id, name, birthday, deathday, popularity, profilePath, gender, profession) VALUES(1699159,'Stephen Judge','','',0.6,'',0,'Production');
INSERT INTO SeriesCredits(seriesId, personId, job) VALUES(95057,1699159,'Co-Producer');
INSERT INTO Personen(id, name, birthday, deathday, popularity, profilePath, gender, profession) VALUES(2989065,'Karyn Smith-Forge','','',0.6,'',0,'Production');
INSERT INTO SeriesCredits(seriesId, personId, job) VALUES(95057,2989065,'Producer');
INSERT INTO SeriesCredits(seriesId, personId, job) VALUES(95057,1512010,'Producer');
INSERT INTO Series(id, title, overview, popularity, seasons, episodes, posterPath, voteCount, voteAvg, firstAir, lastAir, tagline) VALUES(85271,'WandaVision','Wanda Maximoff and Vision—two super-powered beings living idealized suburban lives—begin to suspect that everything is not as it seems.',625.058,1,9,'/glKDfE6btIRcVB5zrjspRIs4r52.jpg',8079, 8.4,'2021-01-15', '2021-03-05', 'Experience a new vision of reality.');
INSERT INTO SeriesGenre(seriesId, genreId) VALUES(85271,'10765');
INSERT INTO SeriesGenre(seriesId, genreId) VALUES(85271,'9648');
INSERT INTO SeriesGenre(seriesId, genreId) VALUES(85271,'18');
INSERT INTO SeriesCountry(seriesId, countryId) VALUES(85271,'US');
INSERT INTO SeriesNetwork(seriesId, networkId) VALUES(85271,'2739');
INSERT INTO Personen(id, name, birthday, deathday, popularity, profilePath, gender, profession) VALUES(550843,'Elizabeth Olsen','','',20.701,'/mbMsmQE5CyMVTIGMGCw2XpcPCOc.jpg',1,'Acting');
INSERT INTO SeriesCredits(seriesId, personId, job) VALUES(85271,550843,'Actor');
INSERT INTO Personen(id, name, birthday, deathday, popularity, profilePath, gender, profession) VALUES(6162,'Paul Bettany','','',10.677,'/vcAVrAOZrpqmi37qjFdztRAv1u9.jpg',2,'Acting');
INSERT INTO SeriesCredits(seriesId, personId, job) VALUES(85271,6162,'Actor');
INSERT INTO Personen(id, name, birthday, deathday, popularity, profilePath, gender, profession) VALUES(17696,'Kathryn Hahn','','',5.05,'/9sVllAKfEls3SJD3GoPm2JEZoa5.jpg',1,'Acting');
INSERT INTO SeriesCredits(seriesId, personId, job) VALUES(85271,17696,'Actor');
INSERT INTO Personen(id, name, birthday, deathday, popularity, profilePath, gender, profession) VALUES(970219,'Teyonah Parris','','',1.995,'/k3U24YNgdaINZEQ4PftebnN5cpU.jpg',1,'Acting');
INSERT INTO SeriesCredits(seriesId, personId, job) VALUES(85271,970219,'Actor');
INSERT INTO Personen(id, name, birthday, deathday, popularity, profilePath, gender, profession) VALUES(79082,'Randall Park','','',5.863,'/1QJ4cBQZoOaLR8Hc3V2NgBLvB0f.jpg',2,'Acting');
INSERT INTO SeriesCredits(seriesId, personId, job) VALUES(85271,79082,'Actor');
INSERT INTO Personen(id, name, birthday, deathday, popularity, profilePath, gender, profession) VALUES(52852,'Kat Dennings','','',12.11,'/rrfyo9z1wW5nY9ZsFlj1Ozfj9g2.jpg',1,'Acting');
INSERT INTO SeriesCredits(seriesId, personId, job) VALUES(85271,52852,'Actor');
INSERT INTO SeriesCredits(seriesId, personId, job) VALUES(85271,7624,'Characters');
INSERT INTO Personen(id, name, birthday, deathday, popularity, profilePath, gender, profession) VALUES(123132,'Jac Schaeffer','','',3.553,'',1,'Writing');
INSERT INTO SeriesCredits(seriesId, personId, job) VALUES(85271,123132,'Executive Producer');
INSERT INTO Personen(id, name, birthday, deathday, popularity, profilePath, gender, profession) VALUES(2007598,'Sandra Doyle Carmola','','',0.6,'',1,'Art');
INSERT INTO SeriesCredits(seriesId, personId, job) VALUES(85271,2007598,'Art Direction');
INSERT INTO SeriesCredits(seriesId, personId, job) VALUES(85271,23486,'Original Music Composer');
INSERT INTO Personen(id, name, birthday, deathday, popularity, profilePath, gender, profession) VALUES(1521330,'Sharon Davis','','',0.6,'',1,'Art');
INSERT INTO SeriesCredits(seriesId, personId, job) VALUES(85271,1521330,'Supervising Art Director');
INSERT INTO Personen(id, name, birthday, deathday, popularity, profilePath, gender, profession) VALUES(9437,'Hank Amos','','',1.343,'/3OMZqHIgnM81UxVnPTDgVUhBRXR.jpg',2,'Crew');
INSERT INTO SeriesCredits(seriesId, personId, job) VALUES(85271,9437,'Stunt Coordinator');
INSERT INTO Series(id, title, overview, popularity, seasons, episodes, posterPath, voteCount, voteAvg, firstAir, lastAir, tagline) VALUES(79460,'Legacies','In a place where young witches, vampires, and werewolves are nurtured to be their best selves in spite of their worst impulses, Klaus Mikaelson’s daughter, 17-year-old Hope Mikaelson, Alaric Saltzman’s twins, Lizzie and Josie Saltzman, among others, come of age into heroes and villains at The Salvatore School for the Young and Gifted.',541.296,3,43,'/qTZIgXrBKURBK1KrsT7fe3qwtl9.jpg',1770, 8.6,'2018-10-25', '2021-04-08', 'Heroes. Villains. Whatever.');
INSERT INTO SeriesGenre(seriesId, genreId) VALUES(79460,'10765');
INSERT INTO SeriesGenre(seriesId, genreId) VALUES(79460,'18');
INSERT INTO SeriesNetwork(seriesId, networkId) VALUES(79460,'71');
INSERT INTO Personen(id, name, birthday, deathday, popularity, profilePath, gender, profession) VALUES(1457461,'Danielle Rose Russell','','',16.331,'/cAjXX0F68KLDtgBbT3D6Npt1URt.jpg',1,'Acting');
INSERT INTO SeriesCredits(seriesId, personId, job) VALUES(79460,1457461,'Actor');
INSERT INTO Personen(id, name, birthday, deathday, popularity, profilePath, gender, profession) VALUES(1659541,'Aria Shahghasemi','','',0.6,'/mbBqJRFABxqR9OmfeYVo5xvwh4C.jpg',2,'Acting');
INSERT INTO SeriesCredits(seriesId, personId, job) VALUES(79460,1659541,'Actor');
INSERT INTO Personen(id, name, birthday, deathday, popularity, profilePath, gender, profession) VALUES(56045,'Matthew Davis','','',6.55,'/7VKR2vroCbzVeklTzYSjnVVOwkl.jpg',2,'Acting');
INSERT INTO SeriesCredits(seriesId, personId, job) VALUES(79460,56045,'Actor');
INSERT INTO Personen(id, name, birthday, deathday, popularity, profilePath, gender, profession) VALUES(1493434,'Kaylee Bryant','','',9.295,'/2cfCz4fj9sZTyq8dJ90LG9QSknj.jpg',1,'Acting');
INSERT INTO SeriesCredits(seriesId, personId, job) VALUES(79460,1493434,'Actor');
INSERT INTO Personen(id, name, birthday, deathday, popularity, profilePath, gender, profession) VALUES(1413434,'Jenny Boyd','','',6.611,'/cYlE4GkL3l1UYUeuJssLFvbl9nr.jpg',1,'Acting');
INSERT INTO SeriesCredits(seriesId, personId, job) VALUES(79460,1413434,'Actor');
INSERT INTO Personen(id, name, birthday, deathday, popularity, profilePath, gender, profession) VALUES(1788166,'Quincy Fouse','','',1.916,'/dhmAa34BkmKiPwvEthEYhOT4CSE.jpg',2,'Acting');
INSERT INTO SeriesCredits(seriesId, personId, job) VALUES(79460,1788166,'Actor');
INSERT INTO Personen(id, name, birthday, deathday, popularity, profilePath, gender, profession) VALUES(2949808,'Ryan Brunner','','',0.6,'',0,'Directing');
INSERT INTO SeriesCredits(seriesId, personId, job) VALUES(79460,2949808,'Second Assistant Director');
INSERT INTO Personen(id, name, birthday, deathday, popularity, profilePath, gender, profession) VALUES(1564154,'Laura J. Medina','','',0.6,'',0,'Production');
INSERT INTO SeriesCredits(seriesId, personId, job) VALUES(79460,1564154,'Production Manager');
INSERT INTO Personen(id, name, birthday, deathday, popularity, profilePath, gender, profession) VALUES(217394,'Dort Clark','','',0.84,'/ryRsUzBie08kSBwQ1TiFFV1yvEp.jpg',2,'Acting');
INSERT INTO SeriesCredits(seriesId, personId, job) VALUES(79460,217394,'Property Master');
INSERT INTO Personen(id, name, birthday, deathday, popularity, profilePath, gender, profession) VALUES(2949809,'Kate Stauduhar','','',0.6,'',0,'Crew');
INSERT INTO SeriesCredits(seriesId, personId, job) VALUES(79460,2949809,'Visual Effects Editor');
INSERT INTO Personen(id, name, birthday, deathday, popularity, profilePath, gender, profession) VALUES(2305369,'David M. Morizot','','',0.6,'',2,'Crew');
INSERT INTO SeriesCredits(seriesId, personId, job) VALUES(79460,2305369,'Stunt Coordinator');
INSERT INTO Personen(id, name, birthday, deathday, popularity, profilePath, gender, profession) VALUES(1752259,'Russell Caldwell','','',0.6,'',2,'Lighting');
INSERT INTO SeriesCredits(seriesId, personId, job) VALUES(79460,1752259,'Gaffer');
INSERT INTO Series(id, title, overview, popularity, seasons, episodes, posterPath, voteCount, voteAvg, firstAir, lastAir, tagline) VALUES(1399,'Game of Thrones','Seven noble families fight for control of the mythical land of Westeros. Friction between the houses leads to full-scale war. All while a very ancient evil awakens in the farthest north. Amidst the war, a neglected military order of misfits, the Night\'s Watch, is all that stands between the realms of men and icy horrors beyond.',469.293,8,73,'/u3bZgnGQ9T01sWNhyveQz0wH0Hl.jpg',13897, 8.4,'2011-04-17', '2019-05-19', 'Winter Is Coming');
INSERT INTO SeriesGenre(seriesId, genreId) VALUES(1399,'10765');
INSERT INTO SeriesGenre(seriesId, genreId) VALUES(1399,'18');
INSERT INTO SeriesGenre(seriesId, genreId) VALUES(1399,'10759');
INSERT INTO SeriesCountry(seriesId, countryId) VALUES(1399,'GB');
INSERT INTO SeriesCountry(seriesId, countryId) VALUES(1399,'US');
INSERT INTO Networks(id, nname, logo, originCountry) VALUES('49','HBO', '/tuomPhY2UtuPTqqFnKMVHvSb724.png', 'US');
INSERT INTO SeriesNetwork(seriesId, networkId) VALUES(1399,'49');
INSERT INTO Personen(id, name, birthday, deathday, popularity, profilePath, gender, profession) VALUES(1223786,'Emilia Clarke','','',18.105,'/86jeYFV40KctQMDQIWhJ5oviNGj.jpg',1,'Acting');
INSERT INTO SeriesCredits(seriesId, personId, job) VALUES(1399,1223786,'Actor');
INSERT INTO SeriesCredits(seriesId, personId, job) VALUES(1399,17286,'Actor');
INSERT INTO Personen(id, name, birthday, deathday, popularity, profilePath, gender, profession) VALUES(1001657,'Sophie Turner','','',14.724,'/2rPXotCvovNzarNUKdRCUpuQZhK.jpg',1,'Acting');
INSERT INTO SeriesCredits(seriesId, personId, job) VALUES(1399,1001657,'Actor');
INSERT INTO Personen(id, name, birthday, deathday, popularity, profilePath, gender, profession) VALUES(239019,'Kit Harington','','',8.987,'/wWTG27LBVTuHhIZ96aJcrkHuy8Z.jpg',2,'Acting');
INSERT INTO SeriesCredits(seriesId, personId, job) VALUES(1399,239019,'Actor');
INSERT INTO SeriesCredits(seriesId, personId, job) VALUES(1399,22970,'Actor');
INSERT INTO Personen(id, name, birthday, deathday, popularity, profilePath, gender, profession) VALUES(12795,'Nikolaj Coster-Waldau','','',8.728,'/dv1zRmSvSg8lDrxeM0SswYze6Z0.jpg',2,'Acting');
INSERT INTO SeriesCredits(seriesId, personId, job) VALUES(1399,12795,'Actor');
INSERT INTO Personen(id, name, birthday, deathday, popularity, profilePath, gender, profession) VALUES(33316,'David Nutter','','',3.003,'',2,'Directing');
INSERT INTO SeriesCredits(seriesId, personId, job) VALUES(1399,33316,'Executive Producer');
INSERT INTO Personen(id, name, birthday, deathday, popularity, profilePath, gender, profession) VALUES(1406855,'Duncan Muggoch','','',0.98,'/ukGjJ62Ejd4cFziald03G34Fsrp.jpg',2,'Production');
INSERT INTO SeriesCredits(seriesId, personId, job) VALUES(1399,1406855,'Producer');
INSERT INTO Personen(id, name, birthday, deathday, popularity, profilePath, gender, profession) VALUES(114404,'Miguel Sapochnik','','',2.142,'/jlZGTjiifvvFDoEtlwrKz7QxuJS.jpg',2,'Directing');
INSERT INTO SeriesCredits(seriesId, personId, job) VALUES(1399,114404,'Executive Producer');
INSERT INTO Personen(id, name, birthday, deathday, popularity, profilePath, gender, profession) VALUES(2553002,'Ronan Binding','','',0.996,'',2,'Visual Effects');
INSERT INTO SeriesCredits(seriesId, personId, job) VALUES(1399,2553002,'Animation');
INSERT INTO Personen(id, name, birthday, deathday, popularity, profilePath, gender, profession) VALUES(2818817,'Paul Zeke','','',0.6,'',0,'Visual Effects');
INSERT INTO SeriesCredits(seriesId, personId, job) VALUES(1399,2818817,'Visual Effects');
INSERT INTO Personen(id, name, birthday, deathday, popularity, profilePath, gender, profession) VALUES(1223784,'Bryan Cogman','','',0.6,'',0,'Writing');
INSERT INTO SeriesCredits(seriesId, personId, job) VALUES(1399,1223784,'Co-Executive Producer');
INSERT INTO Series(id, title, overview, popularity, seasons, episodes, posterPath, voteCount, voteAvg, firstAir, lastAir, tagline) VALUES(62286,'Fear the Walking Dead','What did the world look like as it was transforming into the horrifying apocalypse depicted in "The Walking Dead"? This spin-off set in Los Angeles, following new characters as they face the beginning of the end of the world, will answer that question.',459.043,6,85,'/4UjiPdFKJGJYdxwRs2Rzg7EmWqr.jpg',3343, 7.6,'2015-08-23', '2021-04-11', 'Every decision is life or death.');
INSERT INTO SeriesGenre(seriesId, genreId) VALUES(62286,'10759');
INSERT INTO SeriesGenre(seriesId, genreId) VALUES(62286,'18');
INSERT INTO SeriesCountry(seriesId, countryId) VALUES(62286,'US');
INSERT INTO SeriesNetwork(seriesId, networkId) VALUES(62286,'174');
INSERT INTO Personen(id, name, birthday, deathday, popularity, profilePath, gender, profession) VALUES(1120,'Lennie James','','',8.215,'/hfZrdEkBHxYYbMoGHAaVomlgMi.jpg',2,'Acting');
INSERT INTO SeriesCredits(seriesId, personId, job) VALUES(62286,1120,'Actor');
INSERT INTO Personen(id, name, birthday, deathday, popularity, profilePath, gender, profession) VALUES(1129464,'Alycia Debnam-Carey','','',10.553,'/jOGFt9WUezPQFN0xxgTekA2Fyta.jpg',1,'Acting');
INSERT INTO SeriesCredits(seriesId, personId, job) VALUES(62286,1129464,'Actor');
INSERT INTO Personen(id, name, birthday, deathday, popularity, profilePath, gender, profession) VALUES(91671,'Colman Domingo','','',4.948,'/r2usluS5vx7O7npAYfaAFfNGxc8.jpg',2,'Acting');
INSERT INTO SeriesCredits(seriesId, personId, job) VALUES(62286,91671,'Actor');
INSERT INTO Personen(id, name, birthday, deathday, popularity, profilePath, gender, profession) VALUES(1225996,'Danay García','','',4.352,'/iS4vwXHoPhOdwUQS7J9kplitvlh.jpg',1,'Acting');
INSERT INTO SeriesCredits(seriesId, personId, job) VALUES(62286,1225996,'Actor');
INSERT INTO Personen(id, name, birthday, deathday, popularity, profilePath, gender, profession) VALUES(39520,'Garret Dillahunt','','',6.383,'/4L9bdqQIdfrtqR7JQdsIhlF3Fjk.jpg',2,'Acting');
INSERT INTO SeriesCredits(seriesId, personId, job) VALUES(62286,39520,'Actor');
INSERT INTO Personen(id, name, birthday, deathday, popularity, profilePath, gender, profession) VALUES(11825,'Maggie Grace','','',6.459,'/e65jkJM8ezDeb3WApiz6wDKr5nT.jpg',1,'Acting');
INSERT INTO SeriesCredits(seriesId, personId, job) VALUES(62286,11825,'Actor');
INSERT INTO Series(id, title, overview, popularity, seasons, episodes, posterPath, voteCount, voteAvg, firstAir, lastAir, tagline) VALUES(77169,'Cobra Kai','This Karate Kid sequel series picks up 30 years after the events of the 1984 All Valley Karate Tournament and finds Johnny Lawrence on the hunt for redemption by reopening the infamous Cobra Kai karate dojo. This reignites his old rivalry with the successful Daniel LaRusso, who has been working to maintain the balance in his life without mentor Mr. Miyagi.',432.111,3,30,'/obLBdhLxheKg8Li1qO11r2SwmYO.jpg',2920, 8.1,'2018-05-02', '2021-01-01', 'Cobra Kai never dies.');
INSERT INTO SeriesGenre(seriesId, genreId) VALUES(77169,'10759');
INSERT INTO SeriesGenre(seriesId, genreId) VALUES(77169,'18');
INSERT INTO SeriesCountry(seriesId, countryId) VALUES(77169,'US');
INSERT INTO SeriesNetwork(seriesId, networkId) VALUES(77169,'213');
INSERT INTO Networks(id, nname, logo, originCountry) VALUES('1436','YouTube Premium', '/3p05CgodUb9gPayuliuhawNj1Wo.png', 'US');
INSERT INTO SeriesNetwork(seriesId, networkId) VALUES(77169,'1436');
INSERT INTO Personen(id, name, birthday, deathday, popularity, profilePath, gender, profession) VALUES(2877,'Ralph Macchio','','',6.65,'/8zw5vcKlg05Is12Fww4QxRjO1f3.jpg',2,'Acting');
INSERT INTO SeriesCredits(seriesId, personId, job) VALUES(77169,2877,'Actor');
INSERT INTO Personen(id, name, birthday, deathday, popularity, profilePath, gender, profession) VALUES(56124,'William Zabka','','',7.006,'/2BqQuz7t4zbmPwKUpzGbyUQLPy3.jpg',2,'Acting');
INSERT INTO SeriesCredits(seriesId, personId, job) VALUES(77169,56124,'Actor');
INSERT INTO Personen(id, name, birthday, deathday, popularity, profilePath, gender, profession) VALUES(43483,'Courtney Henggeler','','',5.653,'/4tIdd4tb8olTiAjt8DvcjDtHCe6.jpg',1,'Acting');
INSERT INTO SeriesCredits(seriesId, personId, job) VALUES(77169,43483,'Actor');
INSERT INTO Personen(id, name, birthday, deathday, popularity, profilePath, gender, profession) VALUES(1185997,'Xolo Mariduena','','',4.435,'/gIDJUwxXPKVd6Tr4r4PAdtctjdB.jpg',2,'Acting');
INSERT INTO SeriesCredits(seriesId, personId, job) VALUES(77169,1185997,'Actor');
INSERT INTO Personen(id, name, birthday, deathday, popularity, profilePath, gender, profession) VALUES(1130555,'Tanner Buchanan','','',10.787,'/sjxBAWkL5aSdd6GHozWEAjEA64u.jpg',2,'Acting');
INSERT INTO SeriesCredits(seriesId, personId, job) VALUES(77169,1130555,'Actor');
INSERT INTO Personen(id, name, birthday, deathday, popularity, profilePath, gender, profession) VALUES(1223084,'Mary Mouser','','',9.756,'/A5AMjqFB5SqWdZh4gOBGQNXK8vf.jpg',1,'Acting');
INSERT INTO SeriesCredits(seriesId, personId, job) VALUES(77169,1223084,'Actor');
INSERT INTO Personen(id, name, birthday, deathday, popularity, profilePath, gender, profession) VALUES(2171145,'Mallory Yund','','',0.6,'',0,'Production');
INSERT INTO SeriesCredits(seriesId, personId, job) VALUES(77169,2171145,'Co-Producer');
INSERT INTO Personen(id, name, birthday, deathday, popularity, profilePath, gender, profession) VALUES(1475805,'Bob Dearden','','',0.6,'',0,'Writing');
INSERT INTO SeriesCredits(seriesId, personId, job) VALUES(77169,1475805,'Producer');
INSERT INTO Personen(id, name, birthday, deathday, popularity, profilePath, gender, profession) VALUES(1452578,'Stacey Harman','','',0.786,'',0,'Writing');
INSERT INTO SeriesCredits(seriesId, personId, job) VALUES(77169,1452578,'Producer');
INSERT INTO Personen(id, name, birthday, deathday, popularity, profilePath, gender, profession) VALUES(1308072,'Michael Jonathan Smith','','',0.828,'',2,'Writing');
INSERT INTO SeriesCredits(seriesId, personId, job) VALUES(77169,1308072,'Supervising Producer');
INSERT INTO Personen(id, name, birthday, deathday, popularity, profilePath, gender, profession) VALUES(2710744,'Joe Piarulli','','',0.6,'',0,'Production');
INSERT INTO SeriesCredits(seriesId, personId, job) VALUES(77169,2710744,'Supervising Producer');
INSERT INTO Personen(id, name, birthday, deathday, popularity, profilePath, gender, profession) VALUES(2710745,'Luan Thomas','','',0.6,'',0,'Production');
INSERT INTO SeriesCredits(seriesId, personId, job) VALUES(77169,2710745,'Supervising Producer');
INSERT INTO Series(id, title, overview, popularity, seasons, episodes, posterPath, voteCount, voteAvg, firstAir, lastAir, tagline) VALUES(100617,'Transformers: War for Cybertron: Siege','On their dying planet, the Autobots and Decepticons battle fiercely for control of the AllSpark in the Transformers universe\'s origin story.',426.766,1,6,'/14B6I4FxCMiDoPOwzj27EcqqY6i.jpg',177, 7.7,'2020-07-30', '2020-07-30', '');
INSERT INTO SeriesGenre(seriesId, genreId) VALUES(100617,'10759');
INSERT INTO SeriesGenre(seriesId, genreId) VALUES(100617,'16');
INSERT INTO Genres(id, genre) VALUES(10762,'Kids');
INSERT INTO SeriesGenre(seriesId, genreId) VALUES(100617,'10762');
INSERT INTO SeriesGenre(seriesId, genreId) VALUES(100617,'10765');
INSERT INTO SeriesCountry(seriesId, countryId) VALUES(100617,'JP');
INSERT INTO SeriesCountry(seriesId, countryId) VALUES(100617,'US');
INSERT INTO SeriesNetwork(seriesId, networkId) VALUES(100617,'213');
INSERT INTO Personen(id, name, birthday, deathday, popularity, profilePath, gender, profession) VALUES(1676168,'Jason Marnocha','','',0.6,'/vnA49oCWTmEUHgTRktEi0obDewQ.jpg',2,'Acting');
INSERT INTO SeriesCredits(seriesId, personId, job) VALUES(100617,1676168,'Actor');
INSERT INTO Personen(id, name, birthday, deathday, popularity, profilePath, gender, profession) VALUES(1951888,'Jake Foushee','','',0.98,'/4VxXWDP5MNy6DgxLCuroakpS6d4.jpg',0,'Acting');
INSERT INTO SeriesCredits(seriesId, personId, job) VALUES(100617,1951888,'Actor');
INSERT INTO Personen(id, name, birthday, deathday, popularity, profilePath, gender, profession) VALUES(2004665,'Linsay Rousseau','','',0.6,'/9SxHZf6ez6a4X1IS7HbbZDpJUFd.jpg',1,'Acting');
INSERT INTO SeriesCredits(seriesId, personId, job) VALUES(100617,2004665,'Actor');
INSERT INTO Personen(id, name, birthday, deathday, popularity, profilePath, gender, profession) VALUES(2263505,'Frank Todaro','','',1.048,'/vuHWWdSF4pRrZkG6rxgTNx2y557.jpg',2,'Acting');
INSERT INTO SeriesCredits(seriesId, personId, job) VALUES(100617,2263505,'Actor');
INSERT INTO Personen(id, name, birthday, deathday, popularity, profilePath, gender, profession) VALUES(1714878,'Joe Zieja','','',0.98,'/htS8KWXwXaWTrpTjh8o5N8e72ZF.jpg',0,'Acting');
INSERT INTO SeriesCredits(seriesId, personId, job) VALUES(100617,1714878,'Actor');
INSERT INTO Personen(id, name, birthday, deathday, popularity, profilePath, gender, profession) VALUES(1798827,'Rafael Goldstein','','',0.6,'/UKCKjLwzc7NRqHJHeUYl7sfZsV.jpg',0,'Acting');
INSERT INTO SeriesCredits(seriesId, personId, job) VALUES(100617,1798827,'Actor');
INSERT INTO Personen(id, name, birthday, deathday, popularity, profilePath, gender, profession) VALUES(220273,'F.J. DeSanto','','',0.6,'',0,'Production');
INSERT INTO SeriesCredits(seriesId, personId, job) VALUES(100617,220273,'Executive Producer');
INSERT INTO Personen(id, name, birthday, deathday, popularity, profilePath, gender, profession) VALUES(2735008,'Matt Murray','','',0.6,'',0,'Production');
INSERT INTO SeriesCredits(seriesId, personId, job) VALUES(100617,2735008,'Supervising Producer');
INSERT INTO Personen(id, name, birthday, deathday, popularity, profilePath, gender, profession) VALUES(1695620,'Ted Biaselli','','',0.6,'',2,'Production');
INSERT INTO SeriesCredits(seriesId, personId, job) VALUES(100617,1695620,'Executive Producer');
INSERT INTO Personen(id, name, birthday, deathday, popularity, profilePath, gender, profession) VALUES(2218270,'Kohei Obara','','',0.6,'',0,'Production');
INSERT INTO SeriesCredits(seriesId, personId, job) VALUES(100617,2218270,'Executive Producer');
INSERT INTO Personen(id, name, birthday, deathday, popularity, profilePath, gender, profession) VALUES(2735015,'Joerg Bachmaier','','',0.6,'',0,'Production');
INSERT INTO SeriesCredits(seriesId, personId, job) VALUES(100617,2735015,'Executive Producer');
INSERT INTO Personen(id, name, birthday, deathday, popularity, profilePath, gender, profession) VALUES(133359,'Burnie Burns','','',2.488,'/wTmq1NuyxQpg61rzvwxpvESyGlF.jpg',2,'Acting');
INSERT INTO SeriesCredits(seriesId, personId, job) VALUES(100617,133359,'Executive Producer');
INSERT INTO Series(id, title, overview, popularity, seasons, episodes, posterPath, voteCount, voteAvg, firstAir, lastAir, tagline) VALUES(44217,'Vikings','The adventures of Ragnar Lothbrok, the greatest hero of his age. The series tells the sagas of Ragnar\'s band of Viking brothers and his family, as he rises to become King of the Viking tribes. As well as being a fearless warrior, Ragnar embodies the Norse traditions of devotion to the gods. Legend has it that he was a direct descendant of Odin, the god of war and warriors.',418.839,6,89,'/bQLrHIRNEkE3PdIWQrZHynQZazu.jpg',4327, 8,'2013-03-03', '2020-12-30', '');
INSERT INTO SeriesGenre(seriesId, genreId) VALUES(44217,'10759');
INSERT INTO SeriesGenre(seriesId, genreId) VALUES(44217,'18');
INSERT INTO SeriesCountry(seriesId, countryId) VALUES(44217,'CA');
INSERT INTO Countries(id, cname) VALUES('IE','Ireland');
INSERT INTO SeriesCountry(seriesId, countryId) VALUES(44217,'IE');
INSERT INTO SeriesNetwork(seriesId, networkId) VALUES(44217,'1024');
INSERT INTO Networks(id, nname, logo, originCountry) VALUES('2360','History', '/aeariwRHHb23lyOr3AczHz5aIhb.png', 'CA');
INSERT INTO SeriesNetwork(seriesId, networkId) VALUES(44217,'2360');
INSERT INTO SeriesCredits(seriesId, personId, job) VALUES(44217,23498,'Actor');
INSERT INTO Personen(id, name, birthday, deathday, popularity, profilePath, gender, profession) VALUES(1394429,'Jordan Patrick Smith','','',2.995,'/bGPLRUkjCHm2j8VspCOgL6mti4b.jpg',2,'Acting');
INSERT INTO SeriesCredits(seriesId, personId, job) VALUES(44217,1394429,'Actor');
INSERT INTO Personen(id, name, birthday, deathday, popularity, profilePath, gender, profession) VALUES(1372317,'Marco Ilsø','','',10.02,'/4p6Mz91vuUugQHNw4Zv2bmw5liJ.jpg',2,'Acting');
INSERT INTO SeriesCredits(seriesId, personId, job) VALUES(44217,1372317,'Actor');
INSERT INTO Personen(id, name, birthday, deathday, popularity, profilePath, gender, profession) VALUES(26723,'Katheryn Winnick','','',21.081,'/vQSqH3ybDWZHZIqX4NZKhOCXAhQ.jpg',1,'Acting');
INSERT INTO SeriesCredits(seriesId, personId, job) VALUES(44217,26723,'Actor');
INSERT INTO Personen(id, name, birthday, deathday, popularity, profilePath, gender, profession) VALUES(11263,'Peter Franzén','','',8.775,'/oyOHvNdJcOTQGZuAimene2Wlghw.jpg',2,'Acting');
INSERT INTO SeriesCredits(seriesId, personId, job) VALUES(44217,11263,'Actor');
INSERT INTO Personen(id, name, birthday, deathday, popularity, profilePath, gender, profession) VALUES(1609347,'Alex Høgh Andersen','','',7.31,'/wqtvSvC80cSbFCExptqC2s1DZO5.jpg',2,'Acting');
INSERT INTO SeriesCredits(seriesId, personId, job) VALUES(44217,1609347,'Actor');
INSERT INTO Personen(id, name, birthday, deathday, popularity, profilePath, gender, profession) VALUES(37631,'Michael Hirst','','',1.441,'',2,'Writing');
INSERT INTO SeriesCredits(seriesId, personId, job) VALUES(44217,37631,'Executive Producer');
INSERT INTO Series(id, title, overview, popularity, seasons, episodes, posterPath, voteCount, voteAvg, firstAir, lastAir, tagline) VALUES(114695,'Marvel Studios: Legends','Revisit the epic heroes, villains and moments from across the MCU in preparation for the stories still to come. Each dynamic segment feeds directly into the upcoming series — setting the stage for future events. This series weaves together the many threads that constitute the unparalleled Marvel Cinematic Universe.',414.927,1,6,'/EpDuYIK81YtCUT3gH2JDpyj8Qk.jpg',375, 7.7,'2021-01-08', '2021-03-12', 'As the universe expands, explore the stories of those destined to become legends.');
INSERT INTO Genres(id, genre) VALUES(99,'Documentary');
INSERT INTO SeriesGenre(seriesId, genreId) VALUES(114695,'99');
INSERT INTO SeriesCountry(seriesId, countryId) VALUES(114695,'US');
INSERT INTO SeriesNetwork(seriesId, networkId) VALUES(114695,'2739');
INSERT INTO Series(id, title, overview, popularity, seasons, episodes, posterPath, voteCount, voteAvg, firstAir, lastAir, tagline) VALUES(65334,'Miraculous: Tales of Ladybug & Cat Noir','Normal high school kids by day, protectors of Paris by night! Miraculous follows the heroic adventures of Marinette and Adrien as they transform into Ladybug and Cat Noir and set out to capture akumas, creatures responsible for turning the people of Paris into villains. But neither hero knows the other’s true identity – or that they’re classmates!',405.25,4,79,'/qxbW47zmgFyBVmZSIqD9NA1DEjT.jpg',2376, 7.8,'2015-10-19', '2021-04-11', 'Time to de-evilize!');
INSERT INTO SeriesGenre(seriesId, genreId) VALUES(65334,'10759');
INSERT INTO SeriesGenre(seriesId, genreId) VALUES(65334,'16');
INSERT INTO SeriesGenre(seriesId, genreId) VALUES(65334,'10762');
INSERT INTO SeriesCountry(seriesId, countryId) VALUES(65334,'FR');
INSERT INTO SeriesCountry(seriesId, countryId) VALUES(65334,'JP');
INSERT INTO SeriesCountry(seriesId, countryId) VALUES(65334,'KR');
INSERT INTO Networks(id, nname, logo, originCountry) VALUES('290','TF1', '/fqsd09CrijoGu6qfoNIdgUQmVGO.png', 'FR');
INSERT INTO SeriesNetwork(seriesId, networkId) VALUES(65334,'290');
INSERT INTO Personen(id, name, birthday, deathday, popularity, profilePath, gender, profession) VALUES(2115309,'Annouck Hautbois','','',4.137,'/tHrYesrLV2MwCNwsWQc16l4zlZv.jpg',1,'Acting');
INSERT INTO SeriesCredits(seriesId, personId, job) VALUES(65334,2115309,'Actor');
INSERT INTO Personen(id, name, birthday, deathday, popularity, profilePath, gender, profession) VALUES(1558832,'Benjamin Bollen','','',4.04,'/dEFjkdxyA2kzLtjK8OIkTkWnCXS.jpg',2,'Acting');
INSERT INTO SeriesCredits(seriesId, personId, job) VALUES(65334,1558832,'Actor');
INSERT INTO Personen(id, name, birthday, deathday, popularity, profilePath, gender, profession) VALUES(1373143,'Marie Nonnenmacher','','',1.388,'/b0F4vbkVIWEk849tWKL04WcLJ6S.jpg',1,'Acting');
INSERT INTO SeriesCredits(seriesId, personId, job) VALUES(65334,1373143,'Actor');
INSERT INTO Personen(id, name, birthday, deathday, popularity, profilePath, gender, profession) VALUES(1758915,'Antoine Tomé','','',0.6,'',2,'Acting');
INSERT INTO SeriesCredits(seriesId, personId, job) VALUES(65334,1758915,'Actor');
INSERT INTO Personen(id, name, birthday, deathday, popularity, profilePath, gender, profession) VALUES(1762590,'Fanny Bloc','','',1.607,'/7qcsMqQNNZ0Im1j0i9EUTBDdjaP.jpg',1,'Acting');
INSERT INTO SeriesCredits(seriesId, personId, job) VALUES(65334,1762590,'Actor');
INSERT INTO Personen(id, name, birthday, deathday, popularity, profilePath, gender, profession) VALUES(1762591,'Marie Chevalot','','',1.188,'',1,'Acting');
INSERT INTO SeriesCredits(seriesId, personId, job) VALUES(65334,1762591,'Actor');
INSERT INTO Series(id, title, overview, popularity, seasons, episodes, posterPath, voteCount, voteAvg, firstAir, lastAir, tagline) VALUES(91605,'I Am...','Each hour-long film follows a different women as they experience “moments that are emotionally raw, thought-provoking and utterly personal”.',389.686,1,3,'/oogunE22HDTcTxFakKQbwqfw1qo.jpg',17, 5.3,'2019-07-23', '2019-08-06', '');
INSERT INTO SeriesGenre(seriesId, genreId) VALUES(91605,'18');
INSERT INTO Networks(id, nname, logo, originCountry) VALUES('26','Channel 4', '/hbifXPpM55B1fL5wPo7t72vzN78.png', 'GB');
INSERT INTO SeriesNetwork(seriesId, networkId) VALUES(91605,'26');
INSERT INTO Personen(id, name, birthday, deathday, popularity, profilePath, gender, profession) VALUES(1017624,'Dominic Savage','','',0.6,'/qKjNTi31MGxW4ybOcN9pdKDZyW4.jpg',2,'Directing');
INSERT INTO SeriesCredits(seriesId, personId, job) VALUES(91605,1017624,'Executive Producer');
INSERT INTO Personen(id, name, birthday, deathday, popularity, profilePath, gender, profession) VALUES(2575564,'Richard Yee','','',0.6,'',0,'Production');
INSERT INTO SeriesCredits(seriesId, personId, job) VALUES(91605,2575564,'Executive Producer');
INSERT INTO Personen(id, name, birthday, deathday, popularity, profilePath, gender, profession) VALUES(2635,'Shaheen Baig','','',0.828,'',1,'Production');
INSERT INTO SeriesCredits(seriesId, personId, job) VALUES(91605,2635,'Casting Director');
INSERT INTO Series(id, title, overview, popularity, seasons, episodes, posterPath, voteCount, voteAvg, firstAir, lastAir, tagline) VALUES(96580,'Resident Alien','Crash-landed alien Harry takes on the identity of a small-town Colorado doctor. Arriving with a secret mission, he starts off living a simple life…but things get a bit rocky when he’s roped into solving a local murder and realizes he needs to assimilate into his new world. As he does, he begins to wrestle with the moral dilemma of his mission and asking the big life questions like: “Are human beings worth saving?” and “Why do they fold their pizza before eating it?”',387.639,1,10,'/bG5aqfT5lTHuSbcQofNHtH0RyyP.jpg',151, 8.4,'2021-01-27', '2021-03-31', 'The sci-fi murder mystery doctor dramedy Earth needs now.');
INSERT INTO SeriesGenre(seriesId, genreId) VALUES(96580,'10765');
INSERT INTO SeriesCountry(seriesId, countryId) VALUES(96580,'US');
INSERT INTO Networks(id, nname, logo, originCountry) VALUES('77','Syfy', '/iYfrkobwDhTOFJ4AXYPSLIEeaAT.png', 'US');
INSERT INTO SeriesNetwork(seriesId, networkId) VALUES(96580,'77');
INSERT INTO Personen(id, name, birthday, deathday, popularity, profilePath, gender, profession) VALUES(21088,'Alan Tudyk','','',14.43,'/91LuROVPKcEJvT0FwSOZZj62bZ8.jpg',2,'Acting');
INSERT INTO SeriesCredits(seriesId, personId, job) VALUES(96580,21088,'Actor');
INSERT INTO Personen(id, name, birthday, deathday, popularity, profilePath, gender, profession) VALUES(95984,'Sara Tomko','','',8.374,'/7RERjTTifM6U8NqKSoq9lvGMP3M.jpg',1,'Acting');
INSERT INTO SeriesCredits(seriesId, personId, job) VALUES(96580,95984,'Actor');
INSERT INTO Personen(id, name, birthday, deathday, popularity, profilePath, gender, profession) VALUES(8694,'Corey Reynolds','','',1.312,'/bLtKPVOoWcdvilRGTiVGXDpbH7X.jpg',2,'Acting');
INSERT INTO SeriesCredits(seriesId, personId, job) VALUES(96580,8694,'Actor');
INSERT INTO Personen(id, name, birthday, deathday, popularity, profilePath, gender, profession) VALUES(1661365,'Alice Wetterlund','','',3.205,'/qjWItJ4ItrKZPd2z5zIWPZtDGsk.jpg',1,'Acting');
INSERT INTO SeriesCredits(seriesId, personId, job) VALUES(96580,1661365,'Actor');
INSERT INTO Personen(id, name, birthday, deathday, popularity, profilePath, gender, profession) VALUES(133780,'Levi Fiehler','','',5.804,'/93p3Osbb4UkCpibOIoY7yf1Rlnd.jpg',2,'Acting');
INSERT INTO SeriesCredits(seriesId, personId, job) VALUES(96580,133780,'Actor');
INSERT INTO Personen(id, name, birthday, deathday, popularity, profilePath, gender, profession) VALUES(2955230,'Judah Prehn','','',1.456,'/wnYier5iAb7RltumB3Tv0LTALu2.jpg',0,'Acting');
INSERT INTO SeriesCredits(seriesId, personId, job) VALUES(96580,2955230,'Actor');
INSERT INTO Personen(id, name, birthday, deathday, popularity, profilePath, gender, profession) VALUES(2484544,'Peter Hogan','','',0.6,'',0,'Writing');
INSERT INTO SeriesCredits(seriesId, personId, job) VALUES(96580,2484544,'Comic Book');
INSERT INTO Personen(id, name, birthday, deathday, popularity, profilePath, gender, profession) VALUES(2484545,'Steve Parkhouse','','',0.6,'',0,'Writing');
INSERT INTO SeriesCredits(seriesId, personId, job) VALUES(96580,2484545,'Comic Book');
INSERT INTO Personen(id, name, birthday, deathday, popularity, profilePath, gender, profession) VALUES(170819,'Chris Sheridan','','',1.187,'',2,'Production');
INSERT INTO SeriesCredits(seriesId, personId, job) VALUES(96580,170819,'Executive Producer');
INSERT INTO Personen(id, name, birthday, deathday, popularity, profilePath, gender, profession) VALUES(1491096,'Noah Sorota','','',0.6,'',2,'Sound');
INSERT INTO SeriesCredits(seriesId, personId, job) VALUES(96580,1491096,'Music');
INSERT INTO Personen(id, name, birthday, deathday, popularity, profilePath, gender, profession) VALUES(1225545,'Justin Falvey','','',1.008,'',0,'Production');
INSERT INTO SeriesCredits(seriesId, personId, job) VALUES(96580,1225545,'Executive Producer');
INSERT INTO Personen(id, name, birthday, deathday, popularity, profilePath, gender, profession) VALUES(1231425,'Darryl Frank','','',1.382,'',2,'Production');
INSERT INTO SeriesCredits(seriesId, personId, job) VALUES(96580,1231425,'Executive Producer');
INSERT INTO Series(id, title, overview, popularity, seasons, episodes, posterPath, voteCount, voteAvg, firstAir, lastAir, tagline) VALUES(76669,'Elite','When three working class kids enroll in the most exclusive school in Spain, the clash between the wealthy and the poor students leads to tragedy.',385.776,5,28,'/3NTAbAiao4JLzFQw6YxP1YZppM8.jpg',6246, 8.2,'2018-10-05', '2020-03-13', '');
INSERT INTO SeriesGenre(seriesId, genreId) VALUES(76669,'80');
INSERT INTO SeriesGenre(seriesId, genreId) VALUES(76669,'9648');
INSERT INTO SeriesGenre(seriesId, genreId) VALUES(76669,'18');
INSERT INTO SeriesCountry(seriesId, countryId) VALUES(76669,'ES');
INSERT INTO SeriesNetwork(seriesId, networkId) VALUES(76669,'213');
INSERT INTO Personen(id, name, birthday, deathday, popularity, profilePath, gender, profession) VALUES(1706738,'Itzan Escamilla','','',3.257,'/rGbPPB3zSYkMfomdKpYJ8aI8MMy.jpg',2,'Acting');
INSERT INTO SeriesCredits(seriesId, personId, job) VALUES(76669,1706738,'Actor');
INSERT INTO Personen(id, name, birthday, deathday, popularity, profilePath, gender, profession) VALUES(2025253,'Mina El Hammani','','',7.827,'/qImBg8eRtM7gH85wBCm9X3OcRfj.jpg',1,'Acting');
INSERT INTO SeriesCredits(seriesId, personId, job) VALUES(76669,2025253,'Actor');
INSERT INTO Personen(id, name, birthday, deathday, popularity, profilePath, gender, profession) VALUES(2025252,'Ester Expósito','','',19.294,'/hCbXPMVo0x0ZKGNyelvOvqKYCsL.jpg',1,'Acting');
INSERT INTO SeriesCredits(seriesId, personId, job) VALUES(76669,2025252,'Actor');
INSERT INTO Personen(id, name, birthday, deathday, popularity, profilePath, gender, profession) VALUES(1846370,'Miguel Bernardeau','','',2.716,'/lXfY862eCHe5s1cWG63H7Dy6sZB.jpg',2,'Acting');
INSERT INTO SeriesCredits(seriesId, personId, job) VALUES(76669,1846370,'Actor');
INSERT INTO Personen(id, name, birthday, deathday, popularity, profilePath, gender, profession) VALUES(1246895,'Danna Paola','','',1.889,'/25Go1ewNr64ZJh54kofyp6tLNKw.jpg',1,'Acting');
INSERT INTO SeriesCredits(seriesId, personId, job) VALUES(76669,1246895,'Actor');
INSERT INTO Personen(id, name, birthday, deathday, popularity, profilePath, gender, profession) VALUES(2025255,'Álvaro Rico','','',5.69,'/q90LJq9woLdGHvy6RUlugqSW76r.jpg',2,'Acting');
INSERT INTO SeriesCredits(seriesId, personId, job) VALUES(76669,2025255,'Actor');
INSERT INTO Series(id, title, overview, popularity, seasons, episodes, posterPath, voteCount, voteAvg, firstAir, lastAir, tagline) VALUES(79744,'The Rookie','Starting over isn’t easy, especially for small-town guy John Nolan who, after a life-altering incident, is pursuing his dream of being an LAPD officer. As the force’s oldest rookie, he’s met with skepticism from some higher-ups who see him as just a walking midlife crisis.',381.621,3,52,'/6hChiX0vIjWY4y2kz1WndHVMsDu.jpg',438, 8,'2018-10-16', '2021-04-11', 'He’s got this.');
INSERT INTO SeriesGenre(seriesId, genreId) VALUES(79744,'80');
INSERT INTO SeriesGenre(seriesId, genreId) VALUES(79744,'18');
INSERT INTO SeriesCountry(seriesId, countryId) VALUES(79744,'US');
INSERT INTO SeriesNetwork(seriesId, networkId) VALUES(79744,'2');
INSERT INTO Personen(id, name, birthday, deathday, popularity, profilePath, gender, profession) VALUES(51797,'Nathan Fillion','','',5.167,'/aW6vCxkUZtwb6iH2Wf88Uq0XNVv.jpg',2,'Acting');
INSERT INTO SeriesCredits(seriesId, personId, job) VALUES(79744,51797,'Actor');
INSERT INTO Personen(id, name, birthday, deathday, popularity, profilePath, gender, profession) VALUES(1234713,'Melissa O\'Neil','','',8.663,'/wvhTunk3QuTKWbp5yKulwlXpBMJ.jpg',1,'Acting');
INSERT INTO SeriesCredits(seriesId, personId, job) VALUES(79744,1234713,'Actor');
INSERT INTO Personen(id, name, birthday, deathday, popularity, profilePath, gender, profession) VALUES(202952,'Mekia Cox','','',3.277,'/8e9wj3kX0A2L9BPgBSlgzYFpdam.jpg',1,'Acting');
INSERT INTO SeriesCredits(seriesId, personId, job) VALUES(79744,202952,'Actor');
INSERT INTO Personen(id, name, birthday, deathday, popularity, profilePath, gender, profession) VALUES(564632,'Titus Makin Jr.','','',2.167,'/etChJvOSamrR5kkm3Y9Pv9StZiX.jpg',2,'Acting');
INSERT INTO SeriesCredits(seriesId, personId, job) VALUES(79744,564632,'Actor');
INSERT INTO Personen(id, name, birthday, deathday, popularity, profilePath, gender, profession) VALUES(74409,'Eric Winter','','',5.027,'/tDQSZv5rHm4s2hwwVWpp5EMQ0w9.jpg',2,'Acting');
INSERT INTO SeriesCredits(seriesId, personId, job) VALUES(79744,74409,'Actor');
INSERT INTO Personen(id, name, birthday, deathday, popularity, profilePath, gender, profession) VALUES(134180,'Alyssa Diaz','','',3.978,'/ihLNjM4E1Fjx5h4l8EL6r3iDRTa.jpg',1,'Acting');
INSERT INTO SeriesCredits(seriesId, personId, job) VALUES(79744,134180,'Actor');
INSERT INTO Series(id, title, overview, popularity, seasons, episodes, posterPath, voteCount, voteAvg, firstAir, lastAir, tagline) VALUES(18165,'The Vampire Diaries','The story of two vampire brothers obsessed with the same girl, who bears a striking resemblance to the beautiful but ruthless vampire they knew and loved in 1864.',378.532,8,171,'/aBkVgChtyyJaHyZh1gfd8DbzQon.jpg',5644, 8.3,'2009-09-10', '2017-03-10', 'You remember your first kiss forever... and ever.');
INSERT INTO SeriesGenre(seriesId, genreId) VALUES(18165,'18');
INSERT INTO SeriesGenre(seriesId, genreId) VALUES(18165,'10765');
INSERT INTO SeriesCountry(seriesId, countryId) VALUES(18165,'US');
INSERT INTO SeriesNetwork(seriesId, networkId) VALUES(18165,'71');
INSERT INTO Personen(id, name, birthday, deathday, popularity, profilePath, gender, profession) VALUES(83141,'Paul Wesley','','',7.2,'/5Y41OJCtiYIBc4a8zbYRdNJ7Q4v.jpg',2,'Acting');
INSERT INTO SeriesCredits(seriesId, personId, job) VALUES(18165,83141,'Actor');
INSERT INTO Personen(id, name, birthday, deathday, popularity, profilePath, gender, profession) VALUES(19211,'Ian Somerhalder','','',10.263,'/egcPsSlojwiB3kXjj3rpZSxu5gq.jpg',2,'Acting');
INSERT INTO SeriesCredits(seriesId, personId, job) VALUES(18165,19211,'Actor');
INSERT INTO Personen(id, name, birthday, deathday, popularity, profilePath, gender, profession) VALUES(159962,'Kat Graham','','',9.77,'/9AvpU8NAcPJRcioeNm5kVo4rPZg.jpg',1,'Acting');
INSERT INTO SeriesCredits(seriesId, personId, job) VALUES(18165,159962,'Actor');
INSERT INTO Personen(id, name, birthday, deathday, popularity, profilePath, gender, profession) VALUES(85144,'Candice King','','',3.863,'/m6PxOADgKFyC3748DDyE7hsugNr.jpg',1,'Acting');
INSERT INTO SeriesCredits(seriesId, personId, job) VALUES(18165,85144,'Actor');
INSERT INTO Personen(id, name, birthday, deathday, popularity, profilePath, gender, profession) VALUES(221841,'Zach Roerig','','',3.215,'/mxWxwVzx5vG6wwg2z9ELtbqtz7e.jpg',2,'Acting');
INSERT INTO SeriesCredits(seriesId, personId, job) VALUES(18165,221841,'Actor');
INSERT INTO Personen(id, name, birthday, deathday, popularity, profilePath, gender, profession) VALUES(1465190,'Michael Malarkey','','',3.017,'/pgbcK2FZbUOIN0FIPYxHiXsZ9Sq.jpg',2,'Acting');
INSERT INTO SeriesCredits(seriesId, personId, job) VALUES(18165,1465190,'Actor');
INSERT INTO Personen(id, name, birthday, deathday, popularity, profilePath, gender, profession) VALUES(1553880,'L.J. Smith','','',0.6,'',1,'Writing');
INSERT INTO SeriesCredits(seriesId, personId, job) VALUES(18165,1553880,'Novel');
INSERT INTO Personen(id, name, birthday, deathday, popularity, profilePath, gender, profession) VALUES(26458,'Kevin Williamson','','',3.092,'/jWgZZoKBU1WFaCO5C7jpMBZ7xJs.jpg',2,'Writing');
INSERT INTO SeriesCredits(seriesId, personId, job) VALUES(18165,26458,'Executive Producer');
INSERT INTO Personen(id, name, birthday, deathday, popularity, profilePath, gender, profession) VALUES(1214616,'Julie Plec','','',3.645,'/kQeuOgZBKDs80W4Ssm91x6zAdWu.jpg',1,'Writing');
INSERT INTO SeriesCredits(seriesId, personId, job) VALUES(18165,1214616,'Executive Producer');
INSERT INTO Personen(id, name, birthday, deathday, popularity, profilePath, gender, profession) VALUES(74039,'Leslie Morgenstein','','',1.4,'',0,'Production');
INSERT INTO SeriesCredits(seriesId, personId, job) VALUES(18165,74039,'Executive Producer');
INSERT INTO Personen(id, name, birthday, deathday, popularity, profilePath, gender, profession) VALUES(20225,'Michael Suby','','',0.972,'',2,'Sound');
INSERT INTO SeriesCredits(seriesId, personId, job) VALUES(18165,20225,'Music');
INSERT INTO Series(id, title, overview, popularity, seasons, episodes, posterPath, voteCount, voteAvg, firstAir, lastAir, tagline) VALUES(48866,'The 100','100 years in the future, when the Earth has been abandoned due to radioactivity, the last surviving humans live on an ark orbiting the planet — but the ark won\'t last forever. So the repressive regime picks 100 expendable juvenile delinquents to send down to Earth to see if the planet is still habitable.',369.542,7,100,'/wcaDIAG1QdXQLRaj4vC1EFdBT2.jpg',5978, 7.9,'2014-03-19', '2020-09-30', 'Survival isn\'t who you are. It\'s who you become.');
INSERT INTO SeriesGenre(seriesId, genreId) VALUES(48866,'10765');
INSERT INTO SeriesGenre(seriesId, genreId) VALUES(48866,'18');
INSERT INTO SeriesGenre(seriesId, genreId) VALUES(48866,'10759');
INSERT INTO SeriesCountry(seriesId, countryId) VALUES(48866,'US');
INSERT INTO SeriesNetwork(seriesId, networkId) VALUES(48866,'71');
INSERT INTO Personen(id, name, birthday, deathday, popularity, profilePath, gender, profession) VALUES(1213278,'Eliza Taylor','','',9.648,'/igWylWFncQPoJZcmwRsACUYXtyQ.jpg',1,'Acting');
INSERT INTO SeriesCredits(seriesId, personId, job) VALUES(48866,1213278,'Actor');
INSERT INTO Personen(id, name, birthday, deathday, popularity, profilePath, gender, profession) VALUES(1390882,'Tasya Teles','','',2.744,'/9GvtSzxOq2W3Ryx0Er01qTGN9u8.jpg',1,'Acting');
INSERT INTO SeriesCredits(seriesId, personId, job) VALUES(48866,1390882,'Actor');
INSERT INTO SeriesCredits(seriesId, personId, job) VALUES(48866,140114,'Actor');
INSERT INTO Personen(id, name, birthday, deathday, popularity, profilePath, gender, profession) VALUES(118546,'Adina Porter','','',4.015,'/2mXvJkXGVCoqyV1Gxmki9WrkRke.jpg',1,'Acting');
INSERT INTO SeriesCredits(seriesId, personId, job) VALUES(48866,118546,'Actor');
INSERT INTO Personen(id, name, birthday, deathday, popularity, profilePath, gender, profession) VALUES(127733,'Bob Morley','','',5.505,'/2cmGyuIhI8pGe1W3mGXK1RtQIeK.jpg',2,'Acting');
INSERT INTO SeriesCredits(seriesId, personId, job) VALUES(48866,127733,'Actor');
INSERT INTO Personen(id, name, birthday, deathday, popularity, profilePath, gender, profession) VALUES(1610710,'Chuku Modu','','',2.09,'/taoknxCAJcuzn71YKbCqc4hsYyR.jpg',2,'Acting');
INSERT INTO SeriesCredits(seriesId, personId, job) VALUES(48866,1610710,'Actor');
INSERT INTO Personen(id, name, birthday, deathday, popularity, profilePath, gender, profession) VALUES(1252432,'Charles Lyall','','',0.6,'',0,'Production');
INSERT INTO SeriesCredits(seriesId, personId, job) VALUES(48866,1252432,'Producer');
INSERT INTO Personen(id, name, birthday, deathday, popularity, profilePath, gender, profession) VALUES(1803550,'Kim Shumway','','',0.6,'',1,'Writing');
INSERT INTO SeriesCredits(seriesId, personId, job) VALUES(48866,1803550,'Executive Producer');
INSERT INTO Personen(id, name, birthday, deathday, popularity, profilePath, gender, profession) VALUES(98159,'Miranda Kwok','','',1.958,'/7xkXqadXOlCKVBWV5B3titnN5Bt.jpg',1,'Acting');
INSERT INTO SeriesCredits(seriesId, personId, job) VALUES(48866,98159,'Supervising Producer');
INSERT INTO Personen(id, name, birthday, deathday, popularity, profilePath, gender, profession) VALUES(152209,'Ed Fraiman','','',0.6,'/lPe94qR61etT7eb3SlpYu92VXZh.jpg',2,'Directing');
INSERT INTO SeriesCredits(seriesId, personId, job) VALUES(48866,152209,'Executive Producer');
INSERT INTO Personen(id, name, birthday, deathday, popularity, profilePath, gender, profession) VALUES(1387274,'Drew Lindo','','',0.694,'',0,'Writing');
INSERT INTO SeriesCredits(seriesId, personId, job) VALUES(48866,1387274,'Co-Executive Producer');
INSERT INTO Personen(id, name, birthday, deathday, popularity, profilePath, gender, profession) VALUES(1368832,'Alyssa Clark','','',0.6,'',0,'Writing');
INSERT INTO SeriesCredits(seriesId, personId, job) VALUES(48866,1368832,'Supervising Producer');
INSERT INTO Series(id, title, overview, popularity, seasons, episodes, posterPath, voteCount, voteAvg, firstAir, lastAir, tagline) VALUES(117023,'Sky Rojo','On the run from their pimp and his henchmen, three women embark on a wild and crazy journey in search of freedom.',348.174,2,16,'/uTFX9V2dct1nKjG6zhNiThPm8Tp.jpg',161, 7.8,'2021-03-19', '2021-03-19', '');
INSERT INTO SeriesGenre(seriesId, genreId) VALUES(117023,'10759');
INSERT INTO SeriesGenre(seriesId, genreId) VALUES(117023,'80');
INSERT INTO SeriesGenre(seriesId, genreId) VALUES(117023,'18');
INSERT INTO SeriesCountry(seriesId, countryId) VALUES(117023,'ES');
INSERT INTO SeriesNetwork(seriesId, networkId) VALUES(117023,'213');
INSERT INTO Personen(id, name, birthday, deathday, popularity, profilePath, gender, profession) VALUES(2943316,'Yany Prado','','',1.176,'/qgVcujSPqsZk5jMuewWAa3UpYk4.jpg',1,'Acting');
INSERT INTO SeriesCredits(seriesId, personId, job) VALUES(117023,2943316,'Actor');
INSERT INTO Personen(id, name, birthday, deathday, popularity, profilePath, gender, profession) VALUES(90773,'Verónica Sánchez','','',2.879,'/jPJQUPuwDiZw0i7zWTxTiPUPG3q.jpg',1,'Acting');
INSERT INTO SeriesCredits(seriesId, personId, job) VALUES(117023,90773,'Actor');
INSERT INTO Personen(id, name, birthday, deathday, popularity, profilePath, gender, profession) VALUES(1246184,'Lali Espósito','','',4.135,'/yH951Sd0bHBcE77k31CfKcO1T7I.jpg',1,'Acting');
INSERT INTO SeriesCredits(seriesId, personId, job) VALUES(117023,1246184,'Actor');
INSERT INTO Personen(id, name, birthday, deathday, popularity, profilePath, gender, profession) VALUES(102228,'Asier Etxeandia','','',1.582,'/mHsHV3SWodFLpvDkQl3xdGiD5xd.jpg',2,'Acting');
INSERT INTO SeriesCredits(seriesId, personId, job) VALUES(117023,102228,'Actor');
INSERT INTO Personen(id, name, birthday, deathday, popularity, profilePath, gender, profession) VALUES(121689,'Miguel Ángel Silvestre','','',2.012,'/9RI6vIKvfXJTVyKjVoWE86icZqd.jpg',2,'Acting');
INSERT INTO SeriesCredits(seriesId, personId, job) VALUES(117023,121689,'Actor');
INSERT INTO Personen(id, name, birthday, deathday, popularity, profilePath, gender, profession) VALUES(1436707,'Enric Auquer','','',1.012,'/zAiMVhkJkND9ZMAZBiqpbaiM1Yj.jpg',0,'Acting');
INSERT INTO SeriesCredits(seriesId, personId, job) VALUES(117023,1436707,'Actor');
INSERT INTO Personen(id, name, birthday, deathday, popularity, profilePath, gender, profession) VALUES(82725,'Álex Pina','','',4.774,'/hMKcFPRKo0I4WLBvkvppyBFDGr8.jpg',2,'Creator');
INSERT INTO SeriesCredits(seriesId, personId, job) VALUES(117023,82725,'Executive Producer');
INSERT INTO Personen(id, name, birthday, deathday, popularity, profilePath, gender, profession) VALUES(1637084,'Esther Martínez Lobato','','',1.4,'',1,'Creator');
INSERT INTO SeriesCredits(seriesId, personId, job) VALUES(117023,1637084,'Executive Producer');
INSERT INTO Personen(id, name, birthday, deathday, popularity, profilePath, gender, profession) VALUES(1608537,'Jesús Colmenar','','',2.442,'/pvfNjlwcwUFFuB9CSFgVcEGzUZt.jpg',2,'Directing');
INSERT INTO SeriesCredits(seriesId, personId, job) VALUES(117023,1608537,'Executive Producer');
INSERT INTO Series(id, title, overview, popularity, seasons, episodes, posterPath, voteCount, voteAvg, firstAir, lastAir, tagline) VALUES(93693,'Are You Afraid of the Dark?','Each season of this horror anthology series follows a different group of kids, members of the Midnight Society, as they discover terrifying curses and creatures.',340.717,2,9,'/seCdnVx50nhHmDqaC6QEYM3jSG3.jpg',137, 7.5,'2019-10-11', '2021-03-19', '');
INSERT INTO SeriesGenre(seriesId, genreId) VALUES(93693,'9648');
INSERT INTO Networks(id, nname, logo, originCountry) VALUES('13','Nickelodeon', '/ikZXxg6GnwpzqiZbRPhJGaZapqB.png', 'US');
INSERT INTO SeriesNetwork(seriesId, networkId) VALUES(93693,'13');
INSERT INTO Series(id, title, overview, popularity, seasons, episodes, posterPath, voteCount, voteAvg, firstAir, lastAir, tagline) VALUES(76231,'Mayans M.C.','Set in the aftermath of Jax Teller’s death, Ezekiel "EZ" Reyes is fresh out of prison and a prospect in the Mayans M.C. charter on the Cali/Mexi border. Now, EZ must carve out his new identity in a town where he was once the golden boy with the American Dream in his grasp.',332.983,3,28,'/gaKhfksFK24N19bjlFpJxamYZ02.jpg',162, 7.9,'2018-09-04', '2021-04-06', '');
INSERT INTO SeriesGenre(seriesId, genreId) VALUES(76231,'80');
INSERT INTO SeriesGenre(seriesId, genreId) VALUES(76231,'18');
INSERT INTO SeriesCountry(seriesId, countryId) VALUES(76231,'US');
INSERT INTO Networks(id, nname, logo, originCountry) VALUES('88','FX', '/aexGjtcs42DgRtZh7zOxayiry4J.png', 'US');
INSERT INTO SeriesNetwork(seriesId, networkId) VALUES(76231,'88');
INSERT INTO Personen(id, name, birthday, deathday, popularity, profilePath, gender, profession) VALUES(81391,'J. D. Pardo','','',6.546,'/uS616imhPsa4kt8veloLGQffx6f.jpg',2,'Acting');
INSERT INTO SeriesCredits(seriesId, personId, job) VALUES(76231,81391,'Actor');
INSERT INTO Personen(id, name, birthday, deathday, popularity, profilePath, gender, profession) VALUES(1781793,'Clayton Cardenas','','',1.607,'/zvqWkRFsyvFGoh8ovKMIZVEfEEV.jpg',2,'Acting');
INSERT INTO SeriesCredits(seriesId, personId, job) VALUES(76231,1781793,'Actor');
INSERT INTO Personen(id, name, birthday, deathday, popularity, profilePath, gender, profession) VALUES(587,'Edward James Olmos','','',4.561,'/mXnilUrQBIMLHSQkPjQk99mX70x.jpg',2,'Acting');
INSERT INTO SeriesCredits(seriesId, personId, job) VALUES(76231,587,'Actor');
INSERT INTO Personen(id, name, birthday, deathday, popularity, profilePath, gender, profession) VALUES(33397,'Sarah Bolger','','',6.343,'/A3K2l5kkqTMQHtAkctzICqtbZMY.jpg',1,'Acting');
INSERT INTO SeriesCredits(seriesId, personId, job) VALUES(76231,33397,'Actor');
INSERT INTO Personen(id, name, birthday, deathday, popularity, profilePath, gender, profession) VALUES(124304,'Michael Irby','','',3.279,'/9DlWNTlVhkdKnZ76DT8nUTl5DD3.jpg',2,'Acting');
INSERT INTO SeriesCredits(seriesId, personId, job) VALUES(76231,124304,'Actor');
INSERT INTO Personen(id, name, birthday, deathday, popularity, profilePath, gender, profession) VALUES(180306,'Antonio Jaramillo','','',0.922,'/6xLThPXEOLPGxZ7Szi1X3cGRZ8g.jpg',2,'Acting');
INSERT INTO SeriesCredits(seriesId, personId, job) VALUES(76231,180306,'Actor');
INSERT INTO Series(id, title, overview, popularity, seasons, episodes, posterPath, voteCount, voteAvg, firstAir, lastAir, tagline) VALUES(82856,'The Mandalorian','After the fall of the Galactic Empire, lawlessness has spread throughout the galaxy. A lone gunfighter makes his way through the outer reaches, earning his keep as a bounty hunter.',325.804,2,16,'/sWgBv7LV2PRoQgkxwlibdGXKz1S.jpg',6213, 8.5,'2019-11-12', '2020-12-18', 'Bounty hunting is a complicated profession.');
INSERT INTO SeriesGenre(seriesId, genreId) VALUES(82856,'10765');
INSERT INTO SeriesGenre(seriesId, genreId) VALUES(82856,'10759');
INSERT INTO Genres(id, genre) VALUES(37,'Western');
INSERT INTO SeriesGenre(seriesId, genreId) VALUES(82856,'37');
INSERT INTO SeriesGenre(seriesId, genreId) VALUES(82856,'18');
INSERT INTO SeriesCountry(seriesId, countryId) VALUES(82856,'US');
INSERT INTO SeriesNetwork(seriesId, networkId) VALUES(82856,'2739');
INSERT INTO SeriesCredits(seriesId, personId, job) VALUES(82856,1253360,'Actor');
INSERT INTO Personen(id, name, birthday, deathday, popularity, profilePath, gender, profession) VALUES(23782,'Doug Chiang','','',0.6,'/4BnyjdF0N1W6naFU0Exl0krR7RJ.jpg',2,'Art');
INSERT INTO SeriesCredits(seriesId, personId, job) VALUES(82856,23782,'Production Design');
INSERT INTO Personen(id, name, birthday, deathday, popularity, profilePath, gender, profession) VALUES(1371864,'Carrie Beck','','',1.025,'',0,'Production');
INSERT INTO SeriesCredits(seriesId, personId, job) VALUES(82856,1371864,'Co-Executive Producer');
INSERT INTO Personen(id, name, birthday, deathday, popularity, profilePath, gender, profession) VALUES(2648309,'John Hampian','','',1.38,'',0,'Production');
INSERT INTO SeriesCredits(seriesId, personId, job) VALUES(82856,2648309,'Co-Producer');
INSERT INTO Personen(id, name, birthday, deathday, popularity, profilePath, gender, profession) VALUES(1423746,'Maria Sandoval','','',0.6,'',0,'Costume & Make-Up');
INSERT INTO SeriesCredits(seriesId, personId, job) VALUES(82856,1423746,'Hair Designer');
INSERT INTO Personen(id, name, birthday, deathday, popularity, profilePath, gender, profession) VALUES(1091813,'Shawna Trpcic','','',0.98,'',1,'Costume & Make-Up');
INSERT INTO SeriesCredits(seriesId, personId, job) VALUES(82856,1091813,'Costume Designer');
INSERT INTO Personen(id, name, birthday, deathday, popularity, profilePath, gender, profession) VALUES(1324261,'John B. Josselyn','','',0.6,'',0,'Art');
INSERT INTO SeriesCredits(seriesId, personId, job) VALUES(82856,1324261,'Art Direction');
INSERT INTO Series(id, title, overview, popularity, seasons, episodes, posterPath, voteCount, voteAvg, firstAir, lastAir, tagline) VALUES(95479,'Jujutsu Kaisen','With his days numbered, high schooler Yuji decides to hunt down and consume the remaining 19 fingers of a deadly curse so it can die with him.',315.117,1,24,'/g1rK2nRXSidcMwNliWDIroWWGTn.jpg',842, 8.5,'2020-10-03', '2021-03-27', 'A boy fights... for "the right death."');
INSERT INTO SeriesGenre(seriesId, genreId) VALUES(95479,'16');
INSERT INTO SeriesGenre(seriesId, genreId) VALUES(95479,'10759');
INSERT INTO SeriesGenre(seriesId, genreId) VALUES(95479,'10765');
INSERT INTO SeriesCountry(seriesId, countryId) VALUES(95479,'JP');
INSERT INTO Networks(id, nname, logo, originCountry) VALUES('94','MBS', '/7RNXnyiMbjgqtPAjja13wchcrGI.png', 'JP');
INSERT INTO SeriesNetwork(seriesId, networkId) VALUES(95479,'94');
INSERT INTO Networks(id, nname, logo, originCountry) VALUES('160','TBS', '/frMsfc7igYUd90lQXpxuasiN5x4.png', 'JP');
INSERT INTO SeriesNetwork(seriesId, networkId) VALUES(95479,'160');
INSERT INTO Networks(id, nname, logo, originCountry) VALUES('201','CBC', '/qNooLje0YQh1y3y9LUM2Y5QCtiF.png', 'JP');
INSERT INTO SeriesNetwork(seriesId, networkId) VALUES(95479,'201');
INSERT INTO Networks(id, nname, logo, originCountry) VALUES('3658','HBC', '/n77lM12X5dhGHb0I57RmbtqxFsd.png', 'JP');
INSERT INTO SeriesNetwork(seriesId, networkId) VALUES(95479,'3658');
INSERT INTO Personen(id, name, birthday, deathday, popularity, profilePath, gender, profession) VALUES(1606164,'Junya Enoki','','',2.397,'/vBnNL3Jqy0zkS3ZgsXZmvDM9Dfz.jpg',2,'Acting');
INSERT INTO SeriesCredits(seriesId, personId, job) VALUES(95479,1606164,'Actor');
INSERT INTO Personen(id, name, birthday, deathday, popularity, profilePath, gender, profession) VALUES(1492992,'Yuma Uchida','','',8.232,'/k5yOai4JnkjpTVzSwIFzXxQ2LBP.jpg',2,'Acting');
INSERT INTO SeriesCredits(seriesId, personId, job) VALUES(95479,1492992,'Actor');
INSERT INTO Personen(id, name, birthday, deathday, popularity, profilePath, gender, profession) VALUES(1254672,'Asami Seto','','',4.737,'/j88IskzIdGkyHBbjygPyg9EiE90.jpg',1,'Acting');
INSERT INTO SeriesCredits(seriesId, personId, job) VALUES(95479,1254672,'Actor');
INSERT INTO Personen(id, name, birthday, deathday, popularity, profilePath, gender, profession) VALUES(1221114,'Yuichi Nakamura','','',9.022,'/wb8behVKjBHX9XXrEydvNINCYwH.jpg',2,'Acting');
INSERT INTO SeriesCredits(seriesId, personId, job) VALUES(95479,1221114,'Actor');
INSERT INTO Personen(id, name, birthday, deathday, popularity, profilePath, gender, profession) VALUES(1466003,'Tadashi Hiramatsu','','',0.6,'/2y9QMI3ppTm1oYvIRRXDrpCPfyj.jpg',2,'Visual Effects');
INSERT INTO SeriesCredits(seriesId, personId, job) VALUES(95479,1466003,'Character Designer');
INSERT INTO Personen(id, name, birthday, deathday, popularity, profilePath, gender, profession) VALUES(2720273,'Gege Akutami','','',0.6,'',2,'Writing');
INSERT INTO SeriesCredits(seriesId, personId, job) VALUES(95479,2720273,'Comic Book');
INSERT INTO Personen(id, name, birthday, deathday, popularity, profilePath, gender, profession) VALUES(1491863,'Hiroshi Seko','','',1.89,'/rdsy2s2gEb2ketocfL3A8oX8hmm.jpg',2,'Writing');
INSERT INTO SeriesCredits(seriesId, personId, job) VALUES(95479,1491863,'Series Composition');
INSERT INTO Personen(id, name, birthday, deathday, popularity, profilePath, gender, profession) VALUES(2413516,'Yui Umemoto','','',0.6,'/T1f3QNvCZWLpzafRN2WbST17n1.jpg',2,'Directing');
INSERT INTO SeriesCredits(seriesId, personId, job) VALUES(95479,2413516,'Assistant Director');
INSERT INTO Personen(id, name, birthday, deathday, popularity, profilePath, gender, profession) VALUES(2765983,'Teppei Itō','','',0.6,'',0,'Camera');
INSERT INTO SeriesCredits(seriesId, personId, job) VALUES(95479,2765983,'Director of Photography');
INSERT INTO Personen(id, name, birthday, deathday, popularity, profilePath, gender, profession) VALUES(2045661,'Chikako Kamata','','',0.6,'',0,'Visual Effects');
INSERT INTO SeriesCredits(seriesId, personId, job) VALUES(95479,2045661,'Color Designer');
INSERT INTO Series(id, title, overview, popularity, seasons, episodes, posterPath, voteCount, voteAvg, firstAir, lastAir, tagline) VALUES(46260,'Naruto','In another world, ninja are the ultimate power, and in the Village Hidden in the Leaves live the stealthiest ninja in the land. Twelve years earlier, the fearsome Nine-Tailed Fox terrorized the village and claimed many lives before it was subdued and its spirit sealed within the body of a baby boy. That boy, Naruto Uzumaki, has grown up to become a ninja-in-training who\'s more interested in pranks than in studying ninjutsu.. but Naruto is determined to become the greatest ninja ever!',314.926,4,220,'/vauCEnR7CiyBDzRCeElKkCaXIYu.jpg',3423, 8.4,'2002-10-03', '2007-02-08', '');
INSERT INTO SeriesGenre(seriesId, genreId) VALUES(46260,'16');
INSERT INTO SeriesGenre(seriesId, genreId) VALUES(46260,'10759');
INSERT INTO SeriesGenre(seriesId, genreId) VALUES(46260,'10765');
INSERT INTO SeriesCountry(seriesId, countryId) VALUES(46260,'JP');
INSERT INTO Networks(id, nname, logo, originCountry) VALUES('98','TV Tokyo', '/kGRavMqgyx4p2X4C96bjRCj50oI.png', 'JP');
INSERT INTO SeriesNetwork(seriesId, networkId) VALUES(46260,'98');
INSERT INTO SeriesCredits(seriesId, personId, job) VALUES(46260,82055,'Actor');
INSERT INTO Personen(id, name, birthday, deathday, popularity, profilePath, gender, profession) VALUES(82056,'Noriaki Sugiyama','','',3.125,'/wurJc7y8bFhjtYDyEH46GOxJn9Z.jpg',2,'Acting');
INSERT INTO SeriesCredits(seriesId, personId, job) VALUES(46260,82056,'Actor');
INSERT INTO SeriesCredits(seriesId, personId, job) VALUES(46260,82057,'Actor');
INSERT INTO Personen(id, name, birthday, deathday, popularity, profilePath, gender, profession) VALUES(89968,'Kazuhiko Inoue','','',4.036,'/pbtAwOl8h7JU62w0IibV024No4z.jpg',2,'Acting');
INSERT INTO SeriesCredits(seriesId, personId, job) VALUES(46260,89968,'Actor');
INSERT INTO SeriesCredits(seriesId, personId, job) VALUES(46260,550662,'Actor');
INSERT INTO Personen(id, name, birthday, deathday, popularity, profilePath, gender, profession) VALUES(1213848,'Hidekatsu Shibata','','',1.988,'/hnKQe1GpuLAZY8pDnJc6eXIQzfv.jpg',2,'Acting');
INSERT INTO SeriesCredits(seriesId, personId, job) VALUES(46260,1213848,'Actor');
INSERT INTO Personen(id, name, birthday, deathday, popularity, profilePath, gender, profession) VALUES(1067794,'Hayato Date','','',4.276,'/zrnf0dYAOlV3GhJCk2SFpdc5i83.jpg',2,'Directing');
INSERT INTO SeriesCredits(seriesId, personId, job) VALUES(46260,1067794,'Director');
INSERT INTO Series(id, title, overview, popularity, seasons, episodes, posterPath, voteCount, voteAvg, firstAir, lastAir, tagline) VALUES(67335,'Sin senos sí hay paraíso','A young woman born in a mafia-controlled town seeks revenge on those who wrongfully harmed and imprisoned her family.',306.239,4,340,'/7lBJ6lOS0uQqsH13U9iMTikawQS.jpg',1999, 7.5,'2016-07-19', '2019-12-09', '');
INSERT INTO SeriesGenre(seriesId, genreId) VALUES(67335,'10759');
INSERT INTO SeriesGenre(seriesId, genreId) VALUES(67335,'80');
INSERT INTO SeriesGenre(seriesId, genreId) VALUES(67335,'18');
INSERT INTO SeriesGenre(seriesId, genreId) VALUES(67335,'9648');
INSERT INTO Countries(id, cname) VALUES('CO','Colombia');
INSERT INTO SeriesCountry(seriesId, countryId) VALUES(67335,'CO');
INSERT INTO Networks(id, nname, logo, originCountry) VALUES('193','Telemundo', '/mieMBXx82qgY8nmnyaH0rY2D943.png', 'US');
INSERT INTO SeriesNetwork(seriesId, networkId) VALUES(67335,'193');
INSERT INTO Personen(id, name, birthday, deathday, popularity, profilePath, gender, profession) VALUES(1418219,'Carmen Villalobos','','',5.747,'/7tFb9pzx1lmC9y0mcRGma5mkTKn.jpg',1,'Acting');
INSERT INTO SeriesCredits(seriesId, personId, job) VALUES(67335,1418219,'Actor');
INSERT INTO Personen(id, name, birthday, deathday, popularity, profilePath, gender, profession) VALUES(1489764,'Carolina Gaitán','','',8.023,'/lnmKScZo3GntDNIjaXOkuDeOA90.jpg',1,'Acting');
INSERT INTO SeriesCredits(seriesId, personId, job) VALUES(67335,1489764,'Actor');
INSERT INTO Personen(id, name, birthday, deathday, popularity, profilePath, gender, profession) VALUES(2982047,'Stephania Duque','','',0.6,'',0,'Acting');
INSERT INTO SeriesCredits(seriesId, personId, job) VALUES(67335,2982047,'Actor');
INSERT INTO Personen(id, name, birthday, deathday, popularity, profilePath, gender, profession) VALUES(1252026,'Fabián Ríos','','',1.178,'/jvIGKqqoDcAEbRBVCVoLsfhNCy3.jpg',2,'Acting');
INSERT INTO SeriesCredits(seriesId, personId, job) VALUES(67335,1252026,'Actor');
INSERT INTO Personen(id, name, birthday, deathday, popularity, profilePath, gender, profession) VALUES(1222609,'Catherine Siachoque','','',7.307,'/cMMlna6LChMAOttFCdRWkj9rz1C.jpg',1,'Acting');
INSERT INTO SeriesCredits(seriesId, personId, job) VALUES(67335,1222609,'Actor');
INSERT INTO Personen(id, name, birthday, deathday, popularity, profilePath, gender, profession) VALUES(1524508,'Gregorio Pernía','','',0.6,'',2,'Acting');
INSERT INTO SeriesCredits(seriesId, personId, job) VALUES(67335,1524508,'Actor');
INSERT INTO Personen(id, name, birthday, deathday, popularity, profilePath, gender, profession) VALUES(1258629,'Yesmer Uribe','','',0.6,'',0,'Creator');
INSERT INTO SeriesCredits(seriesId, personId, job) VALUES(67335,1258629,'Creator');
INSERT INTO Personen(id, name, birthday, deathday, popularity, profilePath, gender, profession) VALUES(1524489,'Gustavo Bolívar Moreno','','',0.6,'',0,'Directing');
INSERT INTO SeriesCredits(seriesId, personId, job) VALUES(67335,1524489,'Author');
INSERT INTO Series(id, title, overview, popularity, seasons, episodes, posterPath, voteCount, voteAvg, firstAir, lastAir, tagline) VALUES(97513,'The Boarding School: Las Cumbres','In an inaccessible place between the mountains and isolated from the world, a school is located next to an old monastery. The students are rebellious and problematic young people who live under the strict and severe discipline imposed by the center to reintegrate them into society. The surrounding forest is home to ancient legends, threats that are still valid and that will immerse them in terrifying adventures.',305.583,1,8,'/kl07N07l4XNjXF48oujzWXs40Dw.jpg',566, 7.5,'2021-02-19', '2021-02-19', '');
INSERT INTO SeriesGenre(seriesId, genreId) VALUES(97513,'18');
INSERT INTO SeriesGenre(seriesId, genreId) VALUES(97513,'9648');
INSERT INTO SeriesCountry(seriesId, countryId) VALUES(97513,'ES');
INSERT INTO SeriesNetwork(seriesId, networkId) VALUES(97513,'1024');
INSERT INTO Personen(id, name, birthday, deathday, popularity, profilePath, gender, profession) VALUES(2203918,'Asia Ortega','','',8.721,'/jWDoTmcQKLIggpoFXSDugsepPrc.jpg',1,'Acting');
INSERT INTO SeriesCredits(seriesId, personId, job) VALUES(97513,2203918,'Actor');
INSERT INTO Personen(id, name, birthday, deathday, popularity, profilePath, gender, profession) VALUES(2543167,'Albert Salazar','','',1.4,'/wpbfTt6VxEpm2lj6vSbzYEnwZLT.jpg',2,'Acting');
INSERT INTO SeriesCredits(seriesId, personId, job) VALUES(97513,2543167,'Actor');
INSERT INTO Personen(id, name, birthday, deathday, popularity, profilePath, gender, profession) VALUES(1300672,'Joel Bosqued','','',3.562,'/pTCPqrbf9dtHUf4be3TANv6hRSL.jpg',2,'Acting');
INSERT INTO SeriesCredits(seriesId, personId, job) VALUES(97513,1300672,'Actor');
INSERT INTO Personen(id, name, birthday, deathday, popularity, profilePath, gender, profession) VALUES(33412,'Alberto Amarilla','','',1.96,'/gv3K3xFqKdd82KyBk4FZzKESHRM.jpg',2,'Acting');
INSERT INTO SeriesCredits(seriesId, personId, job) VALUES(97513,33412,'Actor');
INSERT INTO SeriesCredits(seriesId, personId, job) VALUES(97513,2025253,'Actor');
INSERT INTO Personen(id, name, birthday, deathday, popularity, profilePath, gender, profession) VALUES(2438142,'Claudia Riera','','',4.5,'/uBMSiIXu3Vu1xGr9bB1i8u29OxD.jpg',1,'Acting');
INSERT INTO SeriesCredits(seriesId, personId, job) VALUES(97513,2438142,'Actor');
INSERT INTO Personen(id, name, birthday, deathday, popularity, profilePath, gender, profession) VALUES(1261481,'Laura Belloso','','',0.6,'',0,'Creator');
INSERT INTO SeriesCredits(seriesId, personId, job) VALUES(97513,1261481,'Executive Producer');
INSERT INTO Personen(id, name, birthday, deathday, popularity, profilePath, gender, profession) VALUES(2013085,'Sonia Martínez','','',0.6,'',0,'Production');
INSERT INTO SeriesCredits(seriesId, personId, job) VALUES(97513,2013085,'Executive Producer');
INSERT INTO Personen(id, name, birthday, deathday, popularity, profilePath, gender, profession) VALUES(1261480,'Daniel Écija','','',0.84,'',2,'Creator');
INSERT INTO SeriesCredits(seriesId, personId, job) VALUES(97513,1261480,'Original Series Creator');
INSERT INTO SeriesCredits(seriesId, personId, job) VALUES(97513,1261481,'Original Series Creator');
INSERT INTO Personen(id, name, birthday, deathday, popularity, profilePath, gender, profession) VALUES(1697440,'Rocio Martínez Llano','','',0.6,'',0,'Creator');
INSERT INTO SeriesCredits(seriesId, personId, job) VALUES(97513,1697440,'Original Series Creator');
INSERT INTO Personen(id, name, birthday, deathday, popularity, profilePath, gender, profession) VALUES(1697439,'Juan Carlos Cueto','','',1.999,'',0,'Creator');
INSERT INTO SeriesCredits(seriesId, personId, job) VALUES(97513,1697439,'Original Series Creator');
INSERT INTO Series(id, title, overview, popularity, seasons, episodes, posterPath, voteCount, voteAvg, firstAir, lastAir, tagline) VALUES(456,'The Simpsons','Set in Springfield, the average American town, the show focuses on the antics and everyday adventures of the Simpson family; Homer, Marge, Bart, Lisa and Maggie, as well as a virtual cast of thousands. Since the beginning, the series has been a pop culture icon, attracting hundreds of celebrities to guest star. The show has also made name for itself in its fearless satirical take on politics, media and American life in general.',292.315,34,706,'/2IWouZK4gkgHhJa3oyYuSWfSqbG.jpg',6370, 7.8,'1989-12-17', '2021-04-11', 'On your marks, get set, d\'oh!');
INSERT INTO SeriesGenre(seriesId, genreId) VALUES(456,'10751');
INSERT INTO SeriesGenre(seriesId, genreId) VALUES(456,'16');
INSERT INTO SeriesGenre(seriesId, genreId) VALUES(456,'35');
INSERT INTO SeriesCountry(seriesId, countryId) VALUES(456,'US');
INSERT INTO SeriesNetwork(seriesId, networkId) VALUES(456,'19');
INSERT INTO Personen(id, name, birthday, deathday, popularity, profilePath, gender, profession) VALUES(198,'Dan Castellaneta','','',6.62,'/AmeqWhP4A46AWkM4kVphg6jOTQX.jpg',2,'Acting');
INSERT INTO SeriesCredits(seriesId, personId, job) VALUES(456,198,'Actor');
INSERT INTO Personen(id, name, birthday, deathday, popularity, profilePath, gender, profession) VALUES(199,'Julie Kavner','','',4.584,'/x3oG3OXtBfTFgqXPqxI1GKVEiaQ.jpg',1,'Acting');
INSERT INTO SeriesCredits(seriesId, personId, job) VALUES(456,199,'Actor');
INSERT INTO Personen(id, name, birthday, deathday, popularity, profilePath, gender, profession) VALUES(200,'Nancy Cartwright','','',5.588,'/40qNhyYJhSE2Yiy4pnXSZhdufO6.jpg',1,'Acting');
INSERT INTO SeriesCredits(seriesId, personId, job) VALUES(456,200,'Actor');
INSERT INTO Personen(id, name, birthday, deathday, popularity, profilePath, gender, profession) VALUES(5586,'Yeardley Smith','','',4.122,'/oACYQyA8k8oDaMxsbMRHz8OP6u2.jpg',1,'Acting');
INSERT INTO SeriesCredits(seriesId, personId, job) VALUES(456,5586,'Actor');
INSERT INTO Personen(id, name, birthday, deathday, popularity, profilePath, gender, profession) VALUES(5587,'Hank Azaria','','',6.302,'/khTCh9TUT5YgMNvteLAh0D9H4Ck.jpg',2,'Acting');
INSERT INTO SeriesCredits(seriesId, personId, job) VALUES(456,5587,'Actor');
INSERT INTO Personen(id, name, birthday, deathday, popularity, profilePath, gender, profession) VALUES(6008,'Harry Shearer','','',3.797,'/au1mO0Mb9gni7h0rJCSokBTDnVf.jpg',2,'Acting');
INSERT INTO SeriesCredits(seriesId, personId, job) VALUES(456,6008,'Actor');
INSERT INTO Series(id, title, overview, popularity, seasons, episodes, posterPath, voteCount, voteAvg, firstAir, lastAir, tagline) VALUES(93808,'Tribes of Europa','2074. In the wake of a mysterious global disaster, war rages between the Tribes that have emerged from the wreckage of Europe. Three siblings from the peaceful Origine tribe are separated and forced to forge their own paths in an action-packed fight for the future of this new Europa.',290.327,1,6,'/6zZxAFOtNwHCtTgSc2hU7pVIvDl.jpg',148, 7.2,'2021-02-19', '2021-02-19', 'The future is not what you expected.');
INSERT INTO SeriesGenre(seriesId, genreId) VALUES(93808,'10765');
INSERT INTO SeriesGenre(seriesId, genreId) VALUES(93808,'18');
INSERT INTO SeriesCountry(seriesId, countryId) VALUES(93808,'DE');
INSERT INTO SeriesNetwork(seriesId, networkId) VALUES(93808,'213');
INSERT INTO Personen(id, name, birthday, deathday, popularity, profilePath, gender, profession) VALUES(1209579,'Emilio Sakraya','','',1.977,'/rWKX19bKWLHFIYhRTLmG98A6kp0.jpg',2,'Acting');
INSERT INTO SeriesCredits(seriesId, personId, job) VALUES(93808,1209579,'Actor');
INSERT INTO Personen(id, name, birthday, deathday, popularity, profilePath, gender, profession) VALUES(50293,'Henriette Confurius','','',5.261,'/zMy0wVGLEkKK1eocJdR78GuBvdl.jpg',1,'Acting');
INSERT INTO SeriesCredits(seriesId, personId, job) VALUES(93808,50293,'Actor');
INSERT INTO Personen(id, name, birthday, deathday, popularity, profilePath, gender, profession) VALUES(2669274,'David Ali Rashed','','',0.6,'/tDFm3P8d7dCLG3zbp8Oc2XiIFAQ.jpg',2,'Acting');
INSERT INTO SeriesCredits(seriesId, personId, job) VALUES(93808,2669274,'Actor');
INSERT INTO Personen(id, name, birthday, deathday, popularity, profilePath, gender, profession) VALUES(213581,'Oliver Masucci','','',5.433,'/69x45r3AuKPCf6sjo8nerwp2b8Y.jpg',2,'Acting');
INSERT INTO SeriesCredits(seriesId, personId, job) VALUES(93808,213581,'Actor');
INSERT INTO Personen(id, name, birthday, deathday, popularity, profilePath, gender, profession) VALUES(57064,'Melika Foroutan','','',4.989,'/nlXZFeqhXGbR5KePkO4UCcEUfg4.jpg',1,'Acting');
INSERT INTO SeriesCredits(seriesId, personId, job) VALUES(93808,57064,'Actor');
INSERT INTO Personen(id, name, birthday, deathday, popularity, profilePath, gender, profession) VALUES(9140,'James Faulkner','','',4.139,'/wMDpbctF9cAL5nYnSL6AcXUTG5K.jpg',2,'Acting');
INSERT INTO SeriesCredits(seriesId, personId, job) VALUES(93808,9140,'Actor');
INSERT INTO Series(id, title, overview, popularity, seasons, episodes, posterPath, voteCount, voteAvg, firstAir, lastAir, tagline) VALUES(76479,'The Boys','A group of vigilantes known informally as “The Boys” set out to take down corrupt superheroes with no more than blue-collar grit and a willingness to fight dirty.',282.98,2,16,'/mY7SeH4HFFxW1hiI6cWuwCRKptN.jpg',4374, 8.4,'2019-07-25', '2020-10-09', 'Never meet your heroes.');
INSERT INTO SeriesGenre(seriesId, genreId) VALUES(76479,'10765');
INSERT INTO SeriesGenre(seriesId, genreId) VALUES(76479,'10759');
INSERT INTO SeriesCountry(seriesId, countryId) VALUES(76479,'US');
INSERT INTO SeriesNetwork(seriesId, networkId) VALUES(76479,'1024');
INSERT INTO Personen(id, name, birthday, deathday, popularity, profilePath, gender, profession) VALUES(1372,'Karl Urban','','',11.834,'/bsAnEFgVm5kn8DbBZKfnlLNll89.jpg',2,'Acting');
INSERT INTO SeriesCredits(seriesId, personId, job) VALUES(76479,1372,'Actor');
INSERT INTO Personen(id, name, birthday, deathday, popularity, profilePath, gender, profession) VALUES(1030513,'Jack Quaid','','',6.252,'/320qW5yEbxpmyxQ3evmClJbtKag.jpg',2,'Acting');
INSERT INTO SeriesCredits(seriesId, personId, job) VALUES(76479,1030513,'Actor');
INSERT INTO Personen(id, name, birthday, deathday, popularity, profilePath, gender, profession) VALUES(60373,'Antony Starr','','',7.223,'/dyTQZSc6Jl7Ph1PvCTW7cx4ByIY.jpg',2,'Acting');
INSERT INTO SeriesCredits(seriesId, personId, job) VALUES(76479,60373,'Actor');
INSERT INTO Personen(id, name, birthday, deathday, popularity, profilePath, gender, profession) VALUES(990393,'Erin Moriarty','','',9.773,'/oioBLC6lD6CfYGjDrs8iO6iH4gS.jpg',1,'Acting');
INSERT INTO SeriesCredits(seriesId, personId, job) VALUES(76479,990393,'Actor');
INSERT INTO Personen(id, name, birthday, deathday, popularity, profilePath, gender, profession) VALUES(115146,'Dominique McElligott','','',9.75,'/99Pbu6HYwrBcX10RDf7ttUh6fO9.jpg',1,'Acting');
INSERT INTO SeriesCredits(seriesId, personId, job) VALUES(76479,115146,'Actor');
INSERT INTO Personen(id, name, birthday, deathday, popularity, profilePath, gender, profession) VALUES(198847,'Jessie T. Usher','','',1.821,'/bkFM2GHKU1rr6CRCgeaojY1TDCS.jpg',2,'Acting');
INSERT INTO SeriesCredits(seriesId, personId, job) VALUES(76479,198847,'Actor');
INSERT INTO Personen(id, name, birthday, deathday, popularity, profilePath, gender, profession) VALUES(82665,'Rebecca Sonnenshine','','',1.094,'',1,'Writing');
INSERT INTO SeriesCredits(seriesId, personId, job) VALUES(76479,82665,'Executive Producer');
INSERT INTO Personen(id, name, birthday, deathday, popularity, profilePath, gender, profession) VALUES(71225,'Michael Saltzman','','',1.96,'',2,'Production');
INSERT INTO SeriesCredits(seriesId, personId, job) VALUES(76479,71225,'Co-Executive Producer');
INSERT INTO Personen(id, name, birthday, deathday, popularity, profilePath, gender, profession) VALUES(1225933,'Philip Sgriccia','','',2.061,'',2,'Directing');
INSERT INTO SeriesCredits(seriesId, personId, job) VALUES(76479,1225933,'Executive Producer');
INSERT INTO Personen(id, name, birthday, deathday, popularity, profilePath, gender, profession) VALUES(2765494,'Gabriel Garcia','','',0.6,'',2,'Production');
INSERT INTO SeriesCredits(seriesId, personId, job) VALUES(76479,2765494,'Producer');
INSERT INTO Personen(id, name, birthday, deathday, popularity, profilePath, gender, profession) VALUES(58922,'Craig Rosenberg','','',0.98,'',2,'Writing');
INSERT INTO SeriesCredits(seriesId, personId, job) VALUES(76479,58922,'Executive Producer');
INSERT INTO Personen(id, name, birthday, deathday, popularity, profilePath, gender, profession) VALUES(1708333,'Stephan Szpak-Fleet','','',0.6,'',0,'Writing');
INSERT INTO SeriesCredits(seriesId, personId, job) VALUES(76479,1708333,'Associate Producer');
INSERT INTO Series(id, title, overview, popularity, seasons, episodes, posterPath, voteCount, voteAvg, firstAir, lastAir, tagline) VALUES(1622,'Supernatural','When they were boys, Sam and Dean Winchester lost their mother to a mysterious and demonic supernatural force. Subsequently, their father raised them to be soldiers. He taught them about the paranormal evil that lives in the dark corners and on the back roads of America ... and he taught them how to kill it. Now, the Winchester brothers crisscross the country in their \'67 Chevy Impala, battling every kind of supernatural threat they encounter along the way. ',279.673,15,327,'/KoYWXbnYuS3b0GyQPkbuexlVK9.jpg',4992, 8.2,'2005-09-13', '2020-11-19', 'Between darkness and deliverance');
INSERT INTO SeriesGenre(seriesId, genreId) VALUES(1622,'18');
INSERT INTO SeriesGenre(seriesId, genreId) VALUES(1622,'9648');
INSERT INTO SeriesGenre(seriesId, genreId) VALUES(1622,'10765');
INSERT INTO SeriesCountry(seriesId, countryId) VALUES(1622,'US');
INSERT INTO Networks(id, nname, logo, originCountry) VALUES('21','The WB', '/9GlDHjQj9c2dkfARCR3zlH87R66.png', 'US');
INSERT INTO SeriesNetwork(seriesId, networkId) VALUES(1622,'21');
INSERT INTO SeriesNetwork(seriesId, networkId) VALUES(1622,'71');
INSERT INTO Personen(id, name, birthday, deathday, popularity, profilePath, gender, profession) VALUES(49623,'Jared Padalecki','','',9.785,'/yG1LrFXnFQzmr1JighdYKD5XWW0.jpg',2,'Acting');
INSERT INTO SeriesCredits(seriesId, personId, job) VALUES(1622,49623,'Actor');
INSERT INTO Personen(id, name, birthday, deathday, popularity, profilePath, gender, profession) VALUES(49624,'Jensen Ackles','','',5.991,'/vFegIjLLQGwPn6af4SE9LAbnGNE.jpg',2,'Acting');
INSERT INTO SeriesCredits(seriesId, personId, job) VALUES(1622,49624,'Actor');
INSERT INTO Personen(id, name, birthday, deathday, popularity, profilePath, gender, profession) VALUES(2589982,'Talli Buchanan','','',0.6,'',0,'Writing');
INSERT INTO SeriesCredits(seriesId, personId, job) VALUES(1622,2589982,'Writers\' Production');
INSERT INTO Personen(id, name, birthday, deathday, popularity, profilePath, gender, profession) VALUES(1197120,'Catherine Michaud','','',0.84,'/jzCknZsbGQkxusiCeRGf3cUVQxh.jpg',1,'Acting');
INSERT INTO SeriesCredits(seriesId, personId, job) VALUES(1622,1197120,'Casting Coordinator');
INSERT INTO Personen(id, name, birthday, deathday, popularity, profilePath, gender, profession) VALUES(2589986,'Susan Milne','','',0.6,'',0,'Production');
INSERT INTO SeriesCredits(seriesId, personId, job) VALUES(1622,2589986,'Executive Assistant');
INSERT INTO Personen(id, name, birthday, deathday, popularity, profilePath, gender, profession) VALUES(1319152,'Kerry Weinrauch','','',0.6,'',0,'Costume & Make-Up');
INSERT INTO SeriesCredits(seriesId, personId, job) VALUES(1622,1319152,'Costume Designer');
INSERT INTO Personen(id, name, birthday, deathday, popularity, profilePath, gender, profession) VALUES(6992,'Serge Ladouceur','','',0.6,'',2,'Camera');
INSERT INTO SeriesCredits(seriesId, personId, job) VALUES(1622,6992,'Director of Photography');
INSERT INTO Series(id, title, overview, popularity, seasons, episodes, posterPath, voteCount, voteAvg, firstAir, lastAir, tagline) VALUES(67133,'MacGyver','20-something Angus MacGyver creates a clandestine organization where he uses his knack for solving problems in unconventional ways to help prevent disasters from happening.',269.817,5,94,'/2zAogx9dmSAu2HYxbWzHe4ZaNY5.jpg',604, 7.2,'2016-09-23', '2021-04-09', 'No man has done more with less.');
INSERT INTO SeriesGenre(seriesId, genreId) VALUES(67133,'18');
INSERT INTO SeriesGenre(seriesId, genreId) VALUES(67133,'10759');
INSERT INTO SeriesCountry(seriesId, countryId) VALUES(67133,'US');
INSERT INTO Networks(id, nname, logo, originCountry) VALUES('16','CBS', '/nm8d7P7MJNiBLdgIzUK0gkuEA4r.png', 'US');
INSERT INTO SeriesNetwork(seriesId, networkId) VALUES(67133,'16');
INSERT INTO Personen(id, name, birthday, deathday, popularity, profilePath, gender, profession) VALUES(429,'Lucas Till','','',5.218,'/xCJqL57d7TCZXxfRf9MeBwx9qgc.jpg',2,'Acting');
INSERT INTO SeriesCredits(seriesId, personId, job) VALUES(67133,429,'Actor');
INSERT INTO Personen(id, name, birthday, deathday, popularity, profilePath, gender, profession) VALUES(945846,'Tristin Mays','','',11.533,'/grVMEoLvmzgZvnOdxpAaEAtROhS.jpg',1,'Acting');
INSERT INTO SeriesCredits(seriesId, personId, job) VALUES(67133,945846,'Actor');
INSERT INTO Personen(id, name, birthday, deathday, popularity, profilePath, gender, profession) VALUES(31166,'Henry Ian Cusick','','',6.173,'/6nOzMO4bPqt7rV31GYFNOjBNfDL.jpg',2,'Acting');
INSERT INTO SeriesCredits(seriesId, personId, job) VALUES(67133,31166,'Actor');
INSERT INTO Personen(id, name, birthday, deathday, popularity, profilePath, gender, profession) VALUES(172388,'Meredith Eaton','','',2.976,'/agxaT28ahH8LbyFi7GM8pxociIs.jpg',1,'Acting');
INSERT INTO SeriesCredits(seriesId, personId, job) VALUES(67133,172388,'Actor');
INSERT INTO Personen(id, name, birthday, deathday, popularity, profilePath, gender, profession) VALUES(1566455,'Justin Hires','','',1.4,'/oXSmmnpAMFpylDXGpVtX1xrThXo.jpg',2,'Acting');
INSERT INTO SeriesCredits(seriesId, personId, job) VALUES(67133,1566455,'Actor');
INSERT INTO Personen(id, name, birthday, deathday, popularity, profilePath, gender, profession) VALUES(1578220,'Levy Tran','','',6.242,'/ungYHOdC0DETelUD8I6FR1bFdn.jpg',1,'Acting');
INSERT INTO SeriesCredits(seriesId, personId, job) VALUES(67133,1578220,'Actor');
INSERT INTO Series(id, title, overview, popularity, seasons, episodes, posterPath, voteCount, voteAvg, firstAir, lastAir, tagline) VALUES(44953,'The Lord of the Skies','Set in the 1990s, these are the life and times of Amado Carrillo Fuentes, a man who became the head of the Juárez cartel. Nicknamed “El Señor de los Cielos” (Lord of the Skies) because of the large fleet of airplanes he used to transport drugs, he was also known for washing more than $200 million through Colombia to finance his huge fleet. He is described as the most powerful drug trafficker of his time.',268.839,7,611,'/Ag7VUdnrRz5Qpq3Yn3E5OCvFnu0.jpg',1156, 7.7,'2013-04-15', '2019-12-31', '');
INSERT INTO SeriesGenre(seriesId, genreId) VALUES(44953,'80');
INSERT INTO SeriesGenre(seriesId, genreId) VALUES(44953,'18');
INSERT INTO Genres(id, genre) VALUES(10766,'Soap');
INSERT INTO SeriesGenre(seriesId, genreId) VALUES(44953,'10766');
INSERT INTO SeriesCountry(seriesId, countryId) VALUES(44953,'MX');
INSERT INTO SeriesCountry(seriesId, countryId) VALUES(44953,'US');
INSERT INTO SeriesCountry(seriesId, countryId) VALUES(44953,'CO');
INSERT INTO SeriesNetwork(seriesId, networkId) VALUES(44953,'193');
INSERT INTO Personen(id, name, birthday, deathday, popularity, profilePath, gender, profession) VALUES(237569,'Rafael Amaya','','',1.4,'/5Nv2eZsMYkdZKqUU3alruMWa49v.jpg',2,'Acting');
INSERT INTO SeriesCredits(seriesId, personId, job) VALUES(44953,237569,'Actor');
INSERT INTO Personen(id, name, birthday, deathday, popularity, profilePath, gender, profession) VALUES(1044077,'Leonardo Daniel','','',5.232,'/kPbDRhWPfuDh4Jc11AIF1Ouch8A.jpg',2,'Acting');
INSERT INTO SeriesCredits(seriesId, personId, job) VALUES(44953,1044077,'Actor');
INSERT INTO Personen(id, name, birthday, deathday, popularity, profilePath, gender, profession) VALUES(1044087,'Guillermo Quintanilla','','',2.111,'/V06zmGwn5lUzhgW7YreDMnFCt2.jpg',0,'Acting');
INSERT INTO SeriesCredits(seriesId, personId, job) VALUES(44953,1044087,'Actor');
INSERT INTO Personen(id, name, birthday, deathday, popularity, profilePath, gender, profession) VALUES(1254327,'Isabella Castillo','','',1.745,'/vmuG03Cke2UdXvKmgBs4IfGRnHn.jpg',1,'Acting');
INSERT INTO SeriesCredits(seriesId, personId, job) VALUES(44953,1254327,'Actor');
INSERT INTO Personen(id, name, birthday, deathday, popularity, profilePath, gender, profession) VALUES(2066671,'Matías Novoa','','',2.268,'/dToyCM7nLB6nUkJnSTRbU2R0KNU.jpg',2,'Acting');
INSERT INTO SeriesCredits(seriesId, personId, job) VALUES(44953,2066671,'Actor');
INSERT INTO Personen(id, name, birthday, deathday, popularity, profilePath, gender, profession) VALUES(946529,'Ninel Conde','','',0.84,'/xFmAWkDyMYazCSzeUXS7m5gIEvO.jpg',1,'Acting');
INSERT INTO SeriesCredits(seriesId, personId, job) VALUES(44953,946529,'Actor');
INSERT INTO Series(id, title, overview, popularity, seasons, episodes, posterPath, voteCount, voteAvg, firstAir, lastAir, tagline) VALUES(4604,'Smallville','The origins of the world’s greatest hero–from Krypton refugee Kal-el’s arrival on Earth through his tumultuous teen years to Clark Kent’s final steps toward embracing his destiny as the Man of Steel.',268.635,10,216,'/pUhJGETy2sec4vEkiqJ9eGeIywc.jpg',2333, 8.2,'2001-10-16', '2011-05-13', 'Every story has a beginning.');
INSERT INTO SeriesGenre(seriesId, genreId) VALUES(4604,'10765');
INSERT INTO SeriesGenre(seriesId, genreId) VALUES(4604,'10759');
INSERT INTO SeriesGenre(seriesId, genreId) VALUES(4604,'18');
INSERT INTO SeriesCountry(seriesId, countryId) VALUES(4604,'US');
INSERT INTO SeriesNetwork(seriesId, networkId) VALUES(4604,'21');
INSERT INTO SeriesNetwork(seriesId, networkId) VALUES(4604,'71');
INSERT INTO Personen(id, name, birthday, deathday, popularity, profilePath, gender, profession) VALUES(11824,'Tom Welling','','',5.442,'/uUuHSmfCGChISLWSRO8nQCuBRCo.jpg',2,'Acting');
INSERT INTO SeriesCredits(seriesId, personId, job) VALUES(4604,11824,'Actor');
INSERT INTO Personen(id, name, birthday, deathday, popularity, profilePath, gender, profession) VALUES(138770,'Cassidy Freeman','','',2.185,'/6QooKF97oaUoIrW2lbx36aYYGZH.jpg',1,'Acting');
INSERT INTO SeriesCredits(seriesId, personId, job) VALUES(4604,138770,'Actor');
INSERT INTO Personen(id, name, birthday, deathday, popularity, profilePath, gender, profession) VALUES(46897,'Erica Durance','','',3.178,'/kshDl70fwwTHOvog60VFqMjCFUL.jpg',1,'Acting');
INSERT INTO SeriesCredits(seriesId, personId, job) VALUES(4604,46897,'Actor');
INSERT INTO Personen(id, name, birthday, deathday, popularity, profilePath, gender, profession) VALUES(1222596,'Justin Hartley','','',3.869,'/oo7vqWz30pA1tY6quUOnS6O0AgB.jpg',2,'Acting');
INSERT INTO SeriesCredits(seriesId, personId, job) VALUES(4604,1222596,'Actor');
INSERT INTO Personen(id, name, birthday, deathday, popularity, profilePath, gender, profession) VALUES(72446,'Al Septien','','',1.4,'',2,'Writing');
INSERT INTO SeriesCredits(seriesId, personId, job) VALUES(4604,72446,'Co-Executive Producer');
INSERT INTO SeriesCredits(seriesId, personId, job) VALUES(4604,11824,'Executive Producer');
INSERT INTO Personen(id, name, birthday, deathday, popularity, profilePath, gender, profession) VALUES(1237458,'Tom Flores','','',0.6,'',0,'Production');
INSERT INTO SeriesCredits(seriesId, personId, job) VALUES(4604,1237458,'Producer');
INSERT INTO Personen(id, name, birthday, deathday, popularity, profilePath, gender, profession) VALUES(1223889,'Anne Cofell Saunders','','',1.048,'',1,'Writing');
INSERT INTO SeriesCredits(seriesId, personId, job) VALUES(4604,1223889,'Supervising Producer');
INSERT INTO Personen(id, name, birthday, deathday, popularity, profilePath, gender, profession) VALUES(72445,'Turi Meyer','','',1.054,'',2,'Writing');
INSERT INTO SeriesCredits(seriesId, personId, job) VALUES(4604,72445,'Co-Executive Producer');
INSERT INTO Personen(id, name, birthday, deathday, popularity, profilePath, gender, profession) VALUES(1237460,'Jae Marchant','','',1.052,'',0,'Production');
INSERT INTO SeriesCredits(seriesId, personId, job) VALUES(4604,1237460,'Co-Executive Producer');
INSERT INTO Series(id, title, overview, popularity, seasons, episodes, posterPath, voteCount, voteAvg, firstAir, lastAir, tagline) VALUES(1911,'Bones','Dr. Temperance Brennan and her colleagues at the Jeffersonian\'s Medico-Legal Lab assist Special Agent Seeley Booth with murder investigations when the remains are so badly decomposed, burned or destroyed that the standard identification methods are useless.',257.467,12,246,'/eyTu5c8LniVciRZIOSHTvvkkgJa.jpg',1935, 8.3,'2005-09-13', '2017-03-28', 'Every body has secrets.');
INSERT INTO SeriesGenre(seriesId, genreId) VALUES(1911,'80');
INSERT INTO SeriesGenre(seriesId, genreId) VALUES(1911,'18');
INSERT INTO SeriesCountry(seriesId, countryId) VALUES(1911,'US');
INSERT INTO SeriesNetwork(seriesId, networkId) VALUES(1911,'19');
INSERT INTO Personen(id, name, birthday, deathday, popularity, profilePath, gender, profession) VALUES(25933,'Emily Deschanel','','',5.536,'/bS4F39NlQAURKtO5r1CD3ivSf62.jpg',1,'Acting');
INSERT INTO SeriesCredits(seriesId, personId, job) VALUES(1911,25933,'Actor');
INSERT INTO Personen(id, name, birthday, deathday, popularity, profilePath, gender, profession) VALUES(25934,'David Boreanaz','','',6.223,'/oO619MACIfz7YoPiIGXYOfamhOE.jpg',2,'Acting');
INSERT INTO SeriesCredits(seriesId, personId, job) VALUES(1911,25934,'Actor');
INSERT INTO Personen(id, name, birthday, deathday, popularity, profilePath, gender, profession) VALUES(58621,'John Boyd','','',1.426,'/oHgkm4VtuG1kFNqRCqPd5pKKMd0.jpg',2,'Acting');
INSERT INTO SeriesCredits(seriesId, personId, job) VALUES(1911,58621,'Actor');
INSERT INTO SeriesCredits(seriesId, personId, job) VALUES(1911,122237,'Actor');
INSERT INTO Personen(id, name, birthday, deathday, popularity, profilePath, gender, profession) VALUES(39464,'Tamara Taylor','','',8.558,'/lAAQHoRQJizp8lefGUbuajwbJcI.jpg',1,'Acting');
INSERT INTO SeriesCredits(seriesId, personId, job) VALUES(1911,39464,'Actor');
INSERT INTO Personen(id, name, birthday, deathday, popularity, profilePath, gender, profession) VALUES(151263,'T. J. Thyne','','',2.395,'/wzPGaDjzimfGjIpRg6NjN9eqJxL.jpg',2,'Acting');
INSERT INTO SeriesCredits(seriesId, personId, job) VALUES(1911,151263,'Actor');
INSERT INTO Series(id, title, overview, popularity, seasons, episodes, posterPath, voteCount, voteAvg, firstAir, lastAir, tagline) VALUES(34524,'Teen Wolf','Scott McCall, a high school student living in the town of Beacon Hills has his life drastically changed when he\'s bitten by a werewolf, becoming one himself. He must henceforth learn to balance his problematic new identity with his day-to-day teenage life. The following characters are instrumental to his struggle: Stiles, his best friend; Allison, his love interest who comes from a family of werewolf hunters; and Derek, a mysterious werewolf with a dark past. Throughout the series, he strives to keep his loved ones safe while maintaining normal relationships with them.',256.842,6,100,'/vY2vfAskJTiWsQSv6bdbNCQhPLm.jpg',2305, 8.6,'2011-06-05', '2017-09-24', 'Watch your pack.');
INSERT INTO SeriesGenre(seriesId, genreId) VALUES(34524,'10765');
INSERT INTO SeriesGenre(seriesId, genreId) VALUES(34524,'18');
INSERT INTO Networks(id, nname, logo, originCountry) VALUES('33','MTV', '/e9GMyvaguUc36ktS7iSFYP0WLKa.png', 'US');
INSERT INTO SeriesNetwork(seriesId, networkId) VALUES(34524,'33');
INSERT INTO Personen(id, name, birthday, deathday, popularity, profilePath, gender, profession) VALUES(53280,'Tyler Posey','','',10.358,'/eXeus5vixCYfehHFUA0zgQfiqN6.jpg',2,'Acting');
INSERT INTO SeriesCredits(seriesId, personId, job) VALUES(34524,53280,'Actor');
INSERT INTO Personen(id, name, birthday, deathday, popularity, profilePath, gender, profession) VALUES(527393,'Dylan O\'Brien','','',15.345,'/gmU3f4aR6Bd8zkk6AiLm0dvWPaE.jpg',2,'Acting');
INSERT INTO SeriesCredits(seriesId, personId, job) VALUES(34524,527393,'Actor');
INSERT INTO Personen(id, name, birthday, deathday, popularity, profilePath, gender, profession) VALUES(208782,'Holland Roden','','',10.777,'/vtk55PbPoZskBZtiV96vHqLJUgD.jpg',1,'Acting');
INSERT INTO SeriesCredits(seriesId, personId, job) VALUES(34524,208782,'Actor');
INSERT INTO Personen(id, name, birthday, deathday, popularity, profilePath, gender, profession) VALUES(444211,'Shelley Hennig','','',5.031,'/oebUgnvPMuW74zaYDKELt9yEajM.jpg',1,'Acting');
INSERT INTO SeriesCredits(seriesId, personId, job) VALUES(34524,444211,'Actor');
INSERT INTO Personen(id, name, birthday, deathday, popularity, profilePath, gender, profession) VALUES(236302,'Dylan Sprayberry','','',5.162,'/aQvC4qmW6z4mJj5Fxb5ar1MNsyD.jpg',2,'Acting');
INSERT INTO SeriesCredits(seriesId, personId, job) VALUES(34524,236302,'Actor');
INSERT INTO Personen(id, name, birthday, deathday, popularity, profilePath, gender, profession) VALUES(57251,'Linden Ashby','','',2.839,'/nflhvj2uJAr2S9aWvnbQWCUXC9a.jpg',2,'Acting');
INSERT INTO SeriesCredits(seriesId, personId, job) VALUES(34524,57251,'Actor');
INSERT INTO Personen(id, name, birthday, deathday, popularity, profilePath, gender, profession) VALUES(1383186,'Eric Wallace','','',1.391,'/jAC9Qmm8qMlJMERSujeA1ErhNEH.jpg',2,'Writing');
INSERT INTO SeriesCredits(seriesId, personId, job) VALUES(34524,1383186,'Co-Executive Producer');
INSERT INTO Personen(id, name, birthday, deathday, popularity, profilePath, gender, profession) VALUES(1212216,'René Echevarria','','',0.6,'',2,'Writing');
INSERT INTO SeriesCredits(seriesId, personId, job) VALUES(34524,1212216,'Producer');
INSERT INTO Personen(id, name, birthday, deathday, popularity, profilePath, gender, profession) VALUES(65192,'Joseph P. Genier','','',0.75,'',2,'Production');
INSERT INTO SeriesCredits(seriesId, personId, job) VALUES(34524,65192,'Producer');
INSERT INTO Personen(id, name, birthday, deathday, popularity, profilePath, gender, profession) VALUES(1215767,'Marty Adelstein','','',0.631,'',0,'Production');
INSERT INTO SeriesCredits(seriesId, personId, job) VALUES(34524,1215767,'Executive Producer');
INSERT INTO Personen(id, name, birthday, deathday, popularity, profilePath, gender, profession) VALUES(1219632,'Liz Gateley','','',1.4,'',0,'Creator');
INSERT INTO SeriesCredits(seriesId, personId, job) VALUES(34524,1219632,'Producer');
INSERT INTO Series(id, title, overview, popularity, seasons, episodes, posterPath, voteCount, voteAvg, firstAir, lastAir, tagline) VALUES(60574,'Peaky Blinders','A gangster family epic set in 1919 Birmingham, England and centered on a gang who sew razor blades in the peaks of their caps, and their fierce boss Tommy Shelby, who means to move up in the world.',256.474,5,30,'/6PX0r5TRRU5y0jZ70y1OtbLYmoD.jpg',2375, 8.6,'2013-09-12', '2019-09-22', 'London\'s for the taking');
INSERT INTO SeriesGenre(seriesId, genreId) VALUES(60574,'80');
INSERT INTO SeriesGenre(seriesId, genreId) VALUES(60574,'18');
INSERT INTO SeriesCountry(seriesId, countryId) VALUES(60574,'GB');
INSERT INTO Networks(id, nname, logo, originCountry) VALUES('4','BBC One', '/mVn7xESaTNmjBUyUtGNvDQd3CT1.png', 'GB');
INSERT INTO SeriesNetwork(seriesId, networkId) VALUES(60574,'4');
INSERT INTO Networks(id, nname, logo, originCountry) VALUES('332','BBC Two', '/bfAVKGrJGcKTAndYktB7cf8UlBO.png', 'GB');
INSERT INTO SeriesNetwork(seriesId, networkId) VALUES(60574,'332');
INSERT INTO Personen(id, name, birthday, deathday, popularity, profilePath, gender, profession) VALUES(2037,'Cillian Murphy','','',14.29,'/i8dOTC0w6V274ev5iAAvo4Ahhpr.jpg',2,'Acting');
INSERT INTO SeriesCredits(seriesId, personId, job) VALUES(60574,2037,'Actor');
INSERT INTO Personen(id, name, birthday, deathday, popularity, profilePath, gender, profession) VALUES(220448,'Paul Anderson','','',8.077,'/nds5rTBZvJ4rEsP4N6OaoEgQDkW.jpg',2,'Acting');
INSERT INTO SeriesCredits(seriesId, personId, job) VALUES(60574,220448,'Actor');
INSERT INTO Personen(id, name, birthday, deathday, popularity, profilePath, gender, profession) VALUES(237455,'Sam Claflin','','',10.264,'/5DtmRlRZc7wPbat1INQPqsxaH4a.jpg',2,'Acting');
INSERT INTO SeriesCredits(seriesId, personId, job) VALUES(60574,237455,'Actor');
INSERT INTO Personen(id, name, birthday, deathday, popularity, profilePath, gender, profession) VALUES(1508313,'Finn Cole','','',7.395,'/yVWop3BSHbjIecYGqI1ToZIPR3T.jpg',2,'Acting');
INSERT INTO SeriesCredits(seriesId, personId, job) VALUES(60574,1508313,'Actor');
INSERT INTO SeriesCredits(seriesId, personId, job) VALUES(60574,1397778,'Actor');
INSERT INTO Personen(id, name, birthday, deathday, popularity, profilePath, gender, profession) VALUES(15737,'Helen McCrory','','',5.153,'/3FyO7Z8WigeCQsUpW4B1x3qfmFx.jpg',1,'Acting');
INSERT INTO SeriesCredits(seriesId, personId, job) VALUES(60574,15737,'Actor');
INSERT INTO Personen(id, name, birthday, deathday, popularity, profilePath, gender, profession) VALUES(1164437,'Si Bell','','',0.6,'',0,'Camera');
INSERT INTO SeriesCredits(seriesId, personId, job) VALUES(60574,1164437,'Director of Photography');
INSERT INTO Personen(id, name, birthday, deathday, popularity, profilePath, gender, profession) VALUES(2435179,'Stuart Wright','','',0.6,'',0,'Sound');
INSERT INTO SeriesCredits(seriesId, personId, job) VALUES(60574,2435179,'Sound Recordist');
INSERT INTO Personen(id, name, birthday, deathday, popularity, profilePath, gender, profession) VALUES(25515,'Paul Knight','','',0.6,'',2,'Editing');
INSERT INTO SeriesCredits(seriesId, personId, job) VALUES(60574,25515,'Editor');
INSERT INTO Personen(id, name, birthday, deathday, popularity, profilePath, gender, profession) VALUES(1922328,'Nicole Northridge','','',0.6,'',0,'Art');
INSERT INTO SeriesCredits(seriesId, personId, job) VALUES(60574,1922328,'Production Design');
INSERT INTO Personen(id, name, birthday, deathday, popularity, profilePath, gender, profession) VALUES(1238126,'Patrick Spence','','',0.608,'',0,'Production');
INSERT INTO SeriesCredits(seriesId, personId, job) VALUES(60574,1238126,'Executive Producer');
INSERT INTO Personen(id, name, birthday, deathday, popularity, profilePath, gender, profession) VALUES(1849956,'Jonathan Midlane','','',0.6,'',0,'Directing');
INSERT INTO SeriesCredits(seriesId, personId, job) VALUES(60574,1849956,'First Assistant Director');
INSERT INTO Series(id, title, overview, popularity, seasons, episodes, posterPath, voteCount, voteAvg, firstAir, lastAir, tagline) VALUES(66203,'I am Luna','Although it is difficult for Luna to live in another country, she is determined to try everything to make new friends and achieve a new style of skating.',253.424,3,220,'/mK1egVq2qMLMw4HIREUXuihKj9g.jpg',557, 7.9,'2016-03-14', '2018-08-17', '');
INSERT INTO SeriesGenre(seriesId, genreId) VALUES(66203,'10766');
INSERT INTO SeriesGenre(seriesId, genreId) VALUES(66203,'10762');
INSERT INTO SeriesCountry(seriesId, countryId) VALUES(66203,'AR');
INSERT INTO Networks(id, nname, logo, originCountry) VALUES('835','Disney Channel Latin America', '/rxhJszKVAvAZYTmF0vfRHfyo4Fb.png', '');
INSERT INTO SeriesNetwork(seriesId, networkId) VALUES(66203,'835');
INSERT INTO Personen(id, name, birthday, deathday, popularity, profilePath, gender, profession) VALUES(1250874,'Karol Sevilla','','',3.014,'/c1Q7oBCyCRBd0a5PJ7rHz7ZvmU7.jpg',1,'Acting');
INSERT INTO SeriesCredits(seriesId, personId, job) VALUES(66203,1250874,'Actor');
INSERT INTO Personen(id, name, birthday, deathday, popularity, profilePath, gender, profession) VALUES(1433621,'Ruggero Pasquarelli','','',2.836,'/4WQEWCQVISkOeIqKtkglAdbpC77.jpg',2,'Acting');
INSERT INTO SeriesCredits(seriesId, personId, job) VALUES(66203,1433621,'Actor');
INSERT INTO Personen(id, name, birthday, deathday, popularity, profilePath, gender, profession) VALUES(1731979,'Valentina Zenere','','',5.792,'/ml8u8b2xJUghP0EHHrmWb65eW9P.jpg',1,'Acting');
INSERT INTO SeriesCredits(seriesId, personId, job) VALUES(66203,1731979,'Actor');
INSERT INTO Personen(id, name, birthday, deathday, popularity, profilePath, gender, profession) VALUES(936249,'Michael Ronda','','',2.706,'/woZCHtOgAvmGrrFz4i9MyxiVNof.jpg',2,'Acting');
INSERT INTO SeriesCredits(seriesId, personId, job) VALUES(66203,936249,'Actor');
INSERT INTO Personen(id, name, birthday, deathday, popularity, profilePath, gender, profession) VALUES(1731984,'Carolina Kopelioff','','',1.615,'',1,'Acting');
INSERT INTO SeriesCredits(seriesId, personId, job) VALUES(66203,1731984,'Actor');
INSERT INTO Personen(id, name, birthday, deathday, popularity, profilePath, gender, profession) VALUES(1731981,'Malena Ratner','','',0.648,'',1,'Acting');
INSERT INTO SeriesCredits(seriesId, personId, job) VALUES(66203,1731981,'Actor');
INSERT INTO Personen(id, name, birthday, deathday, popularity, profilePath, gender, profession) VALUES(2033141,'Gabriel Gardeazabal','','',0.6,'',0,'Editing');
INSERT INTO SeriesCredits(seriesId, personId, job) VALUES(66203,2033141,'Editor');
INSERT INTO Personen(id, name, birthday, deathday, popularity, profilePath, gender, profession) VALUES(2033137,'Manuel Martí','','',0.6,'',0,'Production');
INSERT INTO SeriesCredits(seriesId, personId, job) VALUES(66203,2033137,'Producer');
INSERT INTO Personen(id, name, birthday, deathday, popularity, profilePath, gender, profession) VALUES(2033144,'Gabriela Grinman','','',0.6,'',0,'Costume & Make-Up');
INSERT INTO SeriesCredits(seriesId, personId, job) VALUES(66203,2033144,'Costume Design');
INSERT INTO Personen(id, name, birthday, deathday, popularity, profilePath, gender, profession) VALUES(2033134,'Rodolfo Antúnez','','',0.6,'',2,'Directing');
INSERT INTO SeriesCredits(seriesId, personId, job) VALUES(66203,2033134,'Director');
INSERT INTO Personen(id, name, birthday, deathday, popularity, profilePath, gender, profession) VALUES(2033164,'Leonardo Aguirre','','',0.6,'',0,'Production');
INSERT INTO SeriesCredits(seriesId, personId, job) VALUES(66203,2033164,'Production Manager');
INSERT INTO Personen(id, name, birthday, deathday, popularity, profilePath, gender, profession) VALUES(1376038,'Laura Farhi','','',0.6,'',0,'Writing');
INSERT INTO SeriesCredits(seriesId, personId, job) VALUES(66203,1376038,'Co-Writer');
INSERT INTO Series(id, title, overview, popularity, seasons, episodes, posterPath, voteCount, voteAvg, firstAir, lastAir, tagline) VALUES(75006,'The Umbrella Academy','A dysfunctional family of superheroes comes together to solve the mystery of their father\'s death, the threat of the apocalypse and more.',250.15,2,20,'/scZlQQYnDVlnpxFTxaIv2g0BWnL.jpg',6605, 8.7,'2019-02-15', '2020-07-31', 'Super. Dysfunctional. Family.');
INSERT INTO SeriesGenre(seriesId, genreId) VALUES(75006,'10759');
INSERT INTO SeriesGenre(seriesId, genreId) VALUES(75006,'10765');
INSERT INTO SeriesGenre(seriesId, genreId) VALUES(75006,'18');
INSERT INTO SeriesCountry(seriesId, countryId) VALUES(75006,'CA');
INSERT INTO SeriesCountry(seriesId, countryId) VALUES(75006,'US');
INSERT INTO SeriesNetwork(seriesId, networkId) VALUES(75006,'213');
INSERT INTO Personen(id, name, birthday, deathday, popularity, profilePath, gender, profession) VALUES(1017294,'Tom Hopper','','',4.8,'/qS8F31xn6ZoNBTOvcXZfWewgma2.jpg',2,'Acting');
INSERT INTO SeriesCredits(seriesId, personId, job) VALUES(75006,1017294,'Actor');
INSERT INTO Personen(id, name, birthday, deathday, popularity, profilePath, gender, profession) VALUES(1450392,'David Castañeda','','',5.676,'/5ClaQPDoFKBRmQrjuiomq01uSgC.jpg',2,'Acting');
INSERT INTO SeriesCredits(seriesId, personId, job) VALUES(75006,1450392,'Actor');
INSERT INTO Personen(id, name, birthday, deathday, popularity, profilePath, gender, profession) VALUES(2026050,'Emmy Raver-Lampman','','',2.534,'/cBkHUBzqoqrnkxDXWlqQmm91pD2.jpg',1,'Acting');
INSERT INTO SeriesCredits(seriesId, personId, job) VALUES(75006,2026050,'Actor');
INSERT INTO Personen(id, name, birthday, deathday, popularity, profilePath, gender, profession) VALUES(118616,'Robert Sheehan','','',3.107,'/2rum1TvJyB13RMERueiH1MrBmjZ.jpg',2,'Acting');
INSERT INTO SeriesCredits(seriesId, personId, job) VALUES(75006,118616,'Actor');
INSERT INTO Personen(id, name, birthday, deathday, popularity, profilePath, gender, profession) VALUES(1520843,'Aidan Gallagher','','',21.666,'/zwOMopF4dAAvA6Lexr2dxJ9qBlD.jpg',2,'Acting');
INSERT INTO SeriesCredits(seriesId, personId, job) VALUES(75006,1520843,'Actor');
INSERT INTO Personen(id, name, birthday, deathday, popularity, profilePath, gender, profession) VALUES(1442976,'Justin H. Min','','',4.089,'/ephzwqElc1LzIDfm9fiVf38ppkK.jpg',2,'Acting');
INSERT INTO SeriesCredits(seriesId, personId, job) VALUES(75006,1442976,'Actor');
INSERT INTO Personen(id, name, birthday, deathday, popularity, profilePath, gender, profession) VALUES(2835127,'Vladyslav Driuchyn','','',0.6,'/aZbEFdRu9qvjdfWpn4Jt7WyeCCx.jpg',2,'Visual Effects');
INSERT INTO SeriesCredits(seriesId, personId, job) VALUES(75006,2835127,'Digital Compositor');
INSERT INTO Personen(id, name, birthday, deathday, popularity, profilePath, gender, profession) VALUES(2451297,'Jamie Neese','','',0.6,'/vnkIqRLtAT2r455plaIU6Ts3PB4.jpg',2,'Production');
INSERT INTO SeriesCredits(seriesId, personId, job) VALUES(75006,2451297,'Producer');
INSERT INTO Personen(id, name, birthday, deathday, popularity, profilePath, gender, profession) VALUES(2990650,'Jason Neese','','',0.6,'',2,'Production');
INSERT INTO SeriesCredits(seriesId, personId, job) VALUES(75006,2990650,'Producer');
INSERT INTO Personen(id, name, birthday, deathday, popularity, profilePath, gender, profession) VALUES(587872,'Gerard Way','','',0.648,'/pKoyioMvwo5M04hZLKFpvEbZYE6.jpg',2,'Acting');
INSERT INTO SeriesCredits(seriesId, personId, job) VALUES(75006,587872,'Comic Book');
INSERT INTO Personen(id, name, birthday, deathday, popularity, profilePath, gender, profession) VALUES(1270336,'Gabriel Bá','','',0.6,'',0,'Writing');
INSERT INTO SeriesCredits(seriesId, personId, job) VALUES(75006,1270336,'Comic Book');
INSERT INTO Personen(id, name, birthday, deathday, popularity, profilePath, gender, profession) VALUES(1227939,'Steve Blackman','','',1.036,'/ui2tZkndNgit4Gsb4nRPzKyjPZx.jpg',2,'Writing');
INSERT INTO SeriesCredits(seriesId, personId, job) VALUES(75006,1227939,'Executive Producer');
INSERT INTO Series(id, title, overview, popularity, seasons, episodes, posterPath, voteCount, voteAvg, firstAir, lastAir, tagline) VALUES(1413,'American Horror Story','An anthology horror drama series centering on different characters and locations, including a house with a murderous past, an asylum, a witch coven, a freak show, a hotel, a farmhouse in Roanoke and a cult.',248.188,10,103,'/laAAPqhZ2dQuTZokuratKQ5EomT.jpg',3423, 8.1,'2011-10-05', '2019-11-13', '');
INSERT INTO SeriesGenre(seriesId, genreId) VALUES(1413,'18');
INSERT INTO SeriesGenre(seriesId, genreId) VALUES(1413,'9648');
INSERT INTO SeriesGenre(seriesId, genreId) VALUES(1413,'10765');
INSERT INTO SeriesCountry(seriesId, countryId) VALUES(1413,'US');
INSERT INTO SeriesNetwork(seriesId, networkId) VALUES(1413,'88');
INSERT INTO Personen(id, name, birthday, deathday, popularity, profilePath, gender, profession) VALUES(34847,'Emma Roberts','','',7.004,'/gn5rf7Nh0X0855n07XkuEn27n0n.jpg',1,'Acting');
INSERT INTO SeriesCredits(seriesId, personId, job) VALUES(1413,34847,'Actor');
INSERT INTO Personen(id, name, birthday, deathday, popularity, profilePath, gender, profession) VALUES(1399531,'Billie Lourd','','',2.16,'/ZNvGBzuLyVYzqHlWDFmBjaCW2E.jpg',1,'Acting');
INSERT INTO SeriesCredits(seriesId, personId, job) VALUES(1413,1399531,'Actor');
INSERT INTO Personen(id, name, birthday, deathday, popularity, profilePath, gender, profession) VALUES(1212123,'Leslie Grossman','','',3.696,'/kkr9KK5bua1rC8qlOW61dq8nBoq.jpg',1,'Acting');
INSERT INTO SeriesCredits(seriesId, personId, job) VALUES(1413,1212123,'Actor');
INSERT INTO Personen(id, name, birthday, deathday, popularity, profilePath, gender, profession) VALUES(1197895,'Cody Fern','','',5.282,'/bgxQmworCFDOnvBTgj7dTQ7CZ8O.jpg',2,'Acting');
INSERT INTO SeriesCredits(seriesId, personId, job) VALUES(1413,1197895,'Actor');
INSERT INTO Personen(id, name, birthday, deathday, popularity, profilePath, gender, profession) VALUES(155209,'Matthew Morrison','','',2.834,'/bOGUKhbE8QRpm1bxwla3YDLbs0m.jpg',2,'Acting');
INSERT INTO SeriesCredits(seriesId, personId, job) VALUES(1413,155209,'Actor');
INSERT INTO Personen(id, name, birthday, deathday, popularity, profilePath, gender, profession) VALUES(582155,'Gus Kenworthy','','',0.961,'/XAI1wxZIlQlhNuIhMZoc80vaVH.jpg',2,'Acting');
INSERT INTO SeriesCredits(seriesId, personId, job) VALUES(1413,582155,'Actor');
INSERT INTO Series(id, title, overview, popularity, seasons, episodes, posterPath, voteCount, voteAvg, firstAir, lastAir, tagline) VALUES(79611,'Charmed','Set in the fictional college town of Hilltowne, Charmed follows the lives of three sisters, Macy, Mel and Maggie Vera who, after the tragic death of their mother, discover they are three of the most powerful witches of all time.',246.531,3,51,'/jyArBuSbEnSoQinAZBU6pZmmL6M.jpg',250, 7.3,'2018-10-14', '2021-04-11', 'Stronger together.');
INSERT INTO SeriesGenre(seriesId, genreId) VALUES(79611,'18');
INSERT INTO SeriesGenre(seriesId, genreId) VALUES(79611,'10765');
INSERT INTO SeriesCountry(seriesId, countryId) VALUES(79611,'CA');
INSERT INTO SeriesNetwork(seriesId, networkId) VALUES(79611,'71');
INSERT INTO Personen(id, name, birthday, deathday, popularity, profilePath, gender, profession) VALUES(53936,'Melonie Diaz','','',1.269,'/bZw2waOzKDE74crNL02L9EsBiH4.jpg',1,'Acting');
INSERT INTO SeriesCredits(seriesId, personId, job) VALUES(79611,53936,'Actor');
INSERT INTO Personen(id, name, birthday, deathday, popularity, profilePath, gender, profession) VALUES(1258664,'Madeleine Mantock','','',3.79,'/mKbeNavI6HFF74mnLATY2SFLrlQ.jpg',1,'Acting');
INSERT INTO SeriesCredits(seriesId, personId, job) VALUES(79611,1258664,'Actor');
INSERT INTO Personen(id, name, birthday, deathday, popularity, profilePath, gender, profession) VALUES(1331456,'Sarah Jeffery','','',5.173,'/zlYugT4mMKCUQO2TS7PGR5rRb59.jpg',1,'Acting');
INSERT INTO SeriesCredits(seriesId, personId, job) VALUES(79611,1331456,'Actor');
INSERT INTO SeriesCredits(seriesId, personId, job) VALUES(79611,17283,'Actor');
INSERT INTO Personen(id, name, birthday, deathday, popularity, profilePath, gender, profession) VALUES(2432948,'Jordan Donica','','',0.6,'/eLTFdmU4uuyAbGwn3AHYbDqjyzd.jpg',0,'Acting');
INSERT INTO SeriesCredits(seriesId, personId, job) VALUES(79611,2432948,'Actor');
INSERT INTO Personen(id, name, birthday, deathday, popularity, profilePath, gender, profession) VALUES(1541266,'Poppy Drayton','','',9.306,'/mx81cyurTIGDtoWcNPcK4fDKxAu.jpg',1,'Acting');
INSERT INTO SeriesCredits(seriesId, personId, job) VALUES(79611,1541266,'Actor');
INSERT INTO Series(id, title, overview, popularity, seasons, episodes, posterPath, voteCount, voteAvg, firstAir, lastAir, tagline) VALUES(1396,'Breaking Bad','When Walter White, a New Mexico chemistry teacher, is diagnosed with Stage III cancer and given a prognosis of only two years left to live. He becomes filled with a sense of fearlessness and an unrelenting desire to secure his family\'s financial future at any cost as he enters the dangerous world of drugs and crime.',246.173,5,62,'/ggFHVNu6YYI5L9pCfOacjizRGt.jpg',6855, 8.7,'2008-01-20', '2013-09-29', 'Remember my name');
INSERT INTO SeriesGenre(seriesId, genreId) VALUES(1396,'18');
INSERT INTO SeriesCountry(seriesId, countryId) VALUES(1396,'US');
INSERT INTO SeriesNetwork(seriesId, networkId) VALUES(1396,'174');
INSERT INTO Personen(id, name, birthday, deathday, popularity, profilePath, gender, profession) VALUES(17419,'Bryan Cranston','','',13.524,'/7Jahy5LZX2Fo8fGJltMreAI49hC.jpg',2,'Acting');
INSERT INTO SeriesCredits(seriesId, personId, job) VALUES(1396,17419,'Actor');
INSERT INTO Personen(id, name, birthday, deathday, popularity, profilePath, gender, profession) VALUES(84497,'Aaron Paul','','',7.046,'/u8UdsB9yenM4uHEjmce4nkBn48X.jpg',2,'Acting');
INSERT INTO SeriesCredits(seriesId, personId, job) VALUES(1396,84497,'Actor');
INSERT INTO Personen(id, name, birthday, deathday, popularity, profilePath, gender, profession) VALUES(134531,'Anna Gunn','','',2.645,'/adppyeu1a4REN3khtgmXusrapFi.jpg',1,'Acting');
INSERT INTO SeriesCredits(seriesId, personId, job) VALUES(1396,134531,'Actor');
INSERT INTO Personen(id, name, birthday, deathday, popularity, profilePath, gender, profession) VALUES(14329,'Dean Norris','','',4.684,'/yV3DZ52LYRf5F605xRas5BEcJrZ.jpg',2,'Acting');
INSERT INTO SeriesCredits(seriesId, personId, job) VALUES(1396,14329,'Actor');
INSERT INTO Personen(id, name, birthday, deathday, popularity, profilePath, gender, profession) VALUES(783,'Jonathan Banks','','',3.802,'/va6APAzwv68YxvYQkB3lHhpccCi.jpg',2,'Acting');
INSERT INTO SeriesCredits(seriesId, personId, job) VALUES(1396,783,'Actor');
INSERT INTO Personen(id, name, birthday, deathday, popularity, profilePath, gender, profession) VALUES(59410,'Bob Odenkirk','','',7.524,'/rF0Lb6SBhGSTvjRffmlKRSeI3jE.jpg',2,'Acting');
INSERT INTO SeriesCredits(seriesId, personId, job) VALUES(1396,59410,'Actor');
INSERT INTO Personen(id, name, birthday, deathday, popularity, profilePath, gender, profession) VALUES(66633,'Vince Gilligan','','',3.601,'/uFh3OrBvkwKSU3N5y0XnXOhqBJz.jpg',2,'Writing');
INSERT INTO SeriesCredits(seriesId, personId, job) VALUES(1396,66633,'Executive Producer');
INSERT INTO SeriesCredits(seriesId, personId, job) VALUES(1396,5162,'Executive Producer');
INSERT INTO Personen(id, name, birthday, deathday, popularity, profilePath, gender, profession) VALUES(29779,'Michelle MacLaren','','',0.758,'',1,'Directing');
INSERT INTO SeriesCredits(seriesId, personId, job) VALUES(1396,29779,'Executive Producer');
INSERT INTO Personen(id, name, birthday, deathday, popularity, profilePath, gender, profession) VALUES(35583,'Kathleen Detoro','','',0.6,'',0,'Costume & Make-Up');
INSERT INTO SeriesCredits(seriesId, personId, job) VALUES(1396,35583,'Costume Design');
INSERT INTO Personen(id, name, birthday, deathday, popularity, profilePath, gender, profession) VALUES(1280070,'Dave Porter','','',0.652,'',2,'Sound');
INSERT INTO SeriesCredits(seriesId, personId, job) VALUES(1396,1280070,'Original Music Composer');
INSERT INTO Personen(id, name, birthday, deathday, popularity, profilePath, gender, profession) VALUES(21640,'Robb Wilson King','','',1.641,'',2,'Art');
INSERT INTO SeriesCredits(seriesId, personId, job) VALUES(1396,21640,'Production Design');
INSERT INTO Series(id, title, overview, popularity, seasons, episodes, posterPath, voteCount, voteAvg, firstAir, lastAir, tagline) VALUES(89247,'Batwoman','Kate Kane, armed with a passion for social justice and a flair for speaking her mind, soars onto the streets of Gotham as Batwoman, an out lesbian and highly trained street fighter primed to snuff out the failing city\'s criminal resurgence. But don\'t call her a hero yet. In a city desperate for a savior, Kate must overcome her own demons before embracing the call to be Gotham\'s symbol of hope',245.377,2,34,'/xjyEpcuDbB1jy0ehNQMBiO8KOdr.jpg',1020, 7.3,'2019-10-06', '2021-04-11', 'Her time is now.');
INSERT INTO SeriesGenre(seriesId, genreId) VALUES(89247,'10765');
INSERT INTO SeriesGenre(seriesId, genreId) VALUES(89247,'10759');
INSERT INTO SeriesGenre(seriesId, genreId) VALUES(89247,'9648');
INSERT INTO SeriesGenre(seriesId, genreId) VALUES(89247,'80');
INSERT INTO SeriesCountry(seriesId, countryId) VALUES(89247,'US');
INSERT INTO SeriesNetwork(seriesId, networkId) VALUES(89247,'71');
INSERT INTO Personen(id, name, birthday, deathday, popularity, profilePath, gender, profession) VALUES(1697199,'Javicia Leslie','','',3.459,'/mD4uPJZhgTAlnAMkfI2xreYzxf6.jpg',1,'Acting');
INSERT INTO SeriesCredits(seriesId, personId, job) VALUES(89247,1697199,'Actor');
INSERT INTO Personen(id, name, birthday, deathday, popularity, profilePath, gender, profession) VALUES(80018,'Rachel Skarsten','','',8.942,'/bgeqmHfkeFYMXaqr6ReSfN1TWOG.jpg',1,'Acting');
INSERT INTO SeriesCredits(seriesId, personId, job) VALUES(89247,80018,'Actor');
INSERT INTO Personen(id, name, birthday, deathday, popularity, profilePath, gender, profession) VALUES(2081650,'Nicole Kang','','',2.25,'/nU7BUc1YVWkS0pa0iSr6ZNtWxYb.jpg',1,'Acting');
INSERT INTO SeriesCredits(seriesId, personId, job) VALUES(89247,2081650,'Actor');
INSERT INTO Personen(id, name, birthday, deathday, popularity, profilePath, gender, profession) VALUES(1785142,'Camrus Johnson','','',0.84,'/opaEeDwL8wgwuwJrC0KpQe5obG5.jpg',2,'Acting');
INSERT INTO SeriesCredits(seriesId, personId, job) VALUES(89247,1785142,'Actor');
INSERT INTO Personen(id, name, birthday, deathday, popularity, profilePath, gender, profession) VALUES(15336,'Dougray Scott','','',3.723,'/zeZmtK4EKK9R2r6bp2nTxMs3ByS.jpg',2,'Acting');
INSERT INTO SeriesCredits(seriesId, personId, job) VALUES(89247,15336,'Actor');
INSERT INTO Personen(id, name, birthday, deathday, popularity, profilePath, gender, profession) VALUES(142205,'Meagan Tandy','','',3.302,'/3KSRmYTDNFfHjBeWb2y8dB7BzpX.jpg',1,'Acting');
INSERT INTO SeriesCredits(seriesId, personId, job) VALUES(89247,142205,'Actor');
INSERT INTO Personen(id, name, birthday, deathday, popularity, profilePath, gender, profession) VALUES(1368489,'Jerry Shandy','','',0.6,'',0,'Writing');
INSERT INTO SeriesCredits(seriesId, personId, job) VALUES(89247,1368489,'Co-Producer');
INSERT INTO Personen(id, name, birthday, deathday, popularity, profilePath, gender, profession) VALUES(1254582,'Daniel T. Thomsen','','',1.38,'',2,'Writing');
INSERT INTO SeriesCredits(seriesId, personId, job) VALUES(89247,1254582,'Co-Executive Producer');
INSERT INTO Personen(id, name, birthday, deathday, popularity, profilePath, gender, profession) VALUES(1521468,'Nancy Kiu','','',0.6,'',1,'Writing');
INSERT INTO SeriesCredits(seriesId, personId, job) VALUES(89247,1521468,'Co-Executive Producer');
INSERT INTO Personen(id, name, birthday, deathday, popularity, profilePath, gender, profession) VALUES(163198,'Holly Dale','','',2.136,'/7MtKPEWzYcJQtEuOtcZfht4STib.jpg',1,'Directing');
INSERT INTO SeriesCredits(seriesId, personId, job) VALUES(89247,163198,'Co-Executive Producer');
INSERT INTO Personen(id, name, birthday, deathday, popularity, profilePath, gender, profession) VALUES(1214625,'James Patrick Stoteraux','','',1.176,'/pQO1iFqCEEnk6uS3qYWq9hEsDzh.jpg',2,'Writing');
INSERT INTO SeriesCredits(seriesId, personId, job) VALUES(89247,1214625,'Executive Producer');
INSERT INTO Personen(id, name, birthday, deathday, popularity, profilePath, gender, profession) VALUES(1214624,'Chad Fiveash','','',0.716,'',2,'Writing');
INSERT INTO SeriesCredits(seriesId, personId, job) VALUES(89247,1214624,'Executive Producer');
INSERT INTO Series(id, title, overview, popularity, seasons, episodes, posterPath, voteCount, voteAvg, firstAir, lastAir, tagline) VALUES(5920,'The Mentalist','Patrick Jane, a former celebrity psychic medium, uses his razor sharp skills of observation and expertise at "reading" people to solve serious crimes with the California Bureau of Investigation.',244.52,7,151,'/acYXu4KaDj1NIkMgObnhe4C4a0T.jpg',2051, 8.4,'2008-09-23', '2015-02-18', 'Let the mind games begin.');
INSERT INTO SeriesGenre(seriesId, genreId) VALUES(5920,'80');
INSERT INTO SeriesGenre(seriesId, genreId) VALUES(5920,'18');
INSERT INTO SeriesGenre(seriesId, genreId) VALUES(5920,'9648');
INSERT INTO SeriesCountry(seriesId, countryId) VALUES(5920,'US');
INSERT INTO SeriesNetwork(seriesId, networkId) VALUES(5920,'16');
INSERT INTO Personen(id, name, birthday, deathday, popularity, profilePath, gender, profession) VALUES(1284159,'Simon Baker','','',3.428,'/oay0Lo2zl0lJdguptxgx1BK9Xq7.jpg',2,'Acting');
INSERT INTO SeriesCredits(seriesId, personId, job) VALUES(5920,1284159,'Actor');
INSERT INTO Personen(id, name, birthday, deathday, popularity, profilePath, gender, profession) VALUES(17346,'Robin Tunney','','',11.094,'/vOmWyYNoVEaPPvoto4IW8dSXn7I.jpg',1,'Acting');
INSERT INTO SeriesCredits(seriesId, personId, job) VALUES(5920,17346,'Actor');
INSERT INTO Personen(id, name, birthday, deathday, popularity, profilePath, gender, profession) VALUES(52947,'Tim Kang','','',4.715,'/Ae7qMN6fJTut145qpeSn1NOu8yx.jpg',2,'Acting');
INSERT INTO SeriesCredits(seriesId, personId, job) VALUES(5920,52947,'Actor');
INSERT INTO Personen(id, name, birthday, deathday, popularity, profilePath, gender, profession) VALUES(17345,'Rockmond Dunbar','','',5.008,'/jPeVjtCH3bo1tzbDogdXyZpNrir.jpg',2,'Acting');
INSERT INTO SeriesCredits(seriesId, personId, job) VALUES(5920,17345,'Actor');
INSERT INTO Personen(id, name, birthday, deathday, popularity, profilePath, gender, profession) VALUES(970561,'Joe Adler','','',0.928,'/bsle7zqj6HBs6NYstkwDwQY7EEf.jpg',2,'Acting');
INSERT INTO SeriesCredits(seriesId, personId, job) VALUES(5920,970561,'Actor');
INSERT INTO Personen(id, name, birthday, deathday, popularity, profilePath, gender, profession) VALUES(74289,'Amanda Righetti','','',8.739,'/u1irjBteLJvxC5FAzieqOLez2yg.jpg',1,'Acting');
INSERT INTO SeriesCredits(seriesId, personId, job) VALUES(5920,74289,'Actor');
INSERT INTO Personen(id, name, birthday, deathday, popularity, profilePath, gender, profession) VALUES(1320139,'Jordan Harper','','',0.6,'',2,'Writing');
INSERT INTO SeriesCredits(seriesId, personId, job) VALUES(5920,1320139,'Supervising Producer');
INSERT INTO Personen(id, name, birthday, deathday, popularity, profilePath, gender, profession) VALUES(1597203,'Tom Donaghy','','',0.648,'',2,'Writing');
INSERT INTO SeriesCredits(seriesId, personId, job) VALUES(5920,1597203,'Co-Executive Producer');
INSERT INTO Personen(id, name, birthday, deathday, popularity, profilePath, gender, profession) VALUES(1486893,'Alex Berger','','',0.98,'',2,'Production');
INSERT INTO SeriesCredits(seriesId, personId, job) VALUES(5920,1486893,'Producer');
INSERT INTO Personen(id, name, birthday, deathday, popularity, profilePath, gender, profession) VALUES(1557074,'John Scherer','','',0.6,'',0,'Directing');
INSERT INTO SeriesCredits(seriesId, personId, job) VALUES(5920,1557074,'Co-Producer');
INSERT INTO SeriesCredits(seriesId, personId, job) VALUES(5920,1284159,'Producer');
INSERT INTO Personen(id, name, birthday, deathday, popularity, profilePath, gender, profession) VALUES(1122804,'Nina Lopez-Corrado','','',1.952,'/bNqZOW11UesTNSFNsM0gAUjimRa.jpg',1,'Directing');
INSERT INTO SeriesCredits(seriesId, personId, job) VALUES(5920,1122804,'Co-Producer');
INSERT INTO Series(id, title, overview, popularity, seasons, episodes, posterPath, voteCount, voteAvg, firstAir, lastAir, tagline) VALUES(105009,'Tokyo Revengers','Takemichi Hanagaki is a freelancer that\'s reached the absolute pits of despair in his life. He finds out that the only girlfriend he ever had, in middle school, Hinata Tachibana, had been killed by the ruthless Tokyo Manji Gang. The day after hearing about her death, he\'s standing on the station platform and ends up being pushed over onto the tracks by a herd of people. He closes his eyes thinking he\'s about to die, but when he opens his eyes back up, he somehow had gone back in time 12 years. Now that he\'s back living the best days of his life, Takemichi decides to get revenge on his life.',244.076,1,12,'/qSEKyf0fWhrCEQ3LTwLqe41eSvR.jpg',1, 8,'2021-04-11', '2021-04-11', '');
INSERT INTO SeriesGenre(seriesId, genreId) VALUES(105009,'16');
INSERT INTO SeriesGenre(seriesId, genreId) VALUES(105009,'18');
INSERT INTO SeriesGenre(seriesId, genreId) VALUES(105009,'10759');
INSERT INTO SeriesCountry(seriesId, countryId) VALUES(105009,'JP');
INSERT INTO SeriesNetwork(seriesId, networkId) VALUES(105009,'94');
INSERT INTO Personen(id, name, birthday, deathday, popularity, profilePath, gender, profession) VALUES(2603957,'Yuuki Shin','','',1.4,'/9dxnCjr0X2gtRenGqxochT2Nh5r.jpg',2,'Acting');
INSERT INTO SeriesCredits(seriesId, personId, job) VALUES(105009,2603957,'Actor');
INSERT INTO Personen(id, name, birthday, deathday, popularity, profilePath, gender, profession) VALUES(1647634,'Azumi Waki','','',4.258,'/1yUApLJeW5Y8vazi0m8wJzjYAft.jpg',1,'Acting');
INSERT INTO SeriesCredits(seriesId, personId, job) VALUES(105009,1647634,'Actor');
INSERT INTO Personen(id, name, birthday, deathday, popularity, profilePath, gender, profession) VALUES(1324468,'Ryota Osaka','','',5.988,'/d2TGy8Qkxe90tGDr9MCXFGkhbPl.jpg',2,'Acting');
INSERT INTO SeriesCredits(seriesId, personId, job) VALUES(105009,1324468,'Actor');
INSERT INTO Personen(id, name, birthday, deathday, popularity, profilePath, gender, profession) VALUES(1254290,'Yuu Hayashi','','',1.198,'/Acy7IAZqjFbq7j2MIxRq25u00Vk.jpg',2,'Acting');
INSERT INTO SeriesCredits(seriesId, personId, job) VALUES(105009,1254290,'Actor');
INSERT INTO Personen(id, name, birthday, deathday, popularity, profilePath, gender, profession) VALUES(1154452,'Tatsuhisa Suzuki','','',2.716,'/m56WhzAdKIjQNCNyLPW1aSBRBxt.jpg',2,'Acting');
INSERT INTO SeriesCredits(seriesId, personId, job) VALUES(105009,1154452,'Actor');
INSERT INTO Personen(id, name, birthday, deathday, popularity, profilePath, gender, profession) VALUES(222350,'Takuma Terashima','','',4.424,'/k9V4VsUkx659JbDYxgB2ob0gSbI.jpg',2,'Acting');
INSERT INTO SeriesCredits(seriesId, personId, job) VALUES(105009,222350,'Actor');
INSERT INTO Personen(id, name, birthday, deathday, popularity, profilePath, gender, profession) VALUES(1424868,'Kōichi Hatsumi','','',0.98,'',2,'Directing');
INSERT INTO SeriesCredits(seriesId, personId, job) VALUES(105009,1424868,'Series Director');
INSERT INTO Personen(id, name, birthday, deathday, popularity, profilePath, gender, profession) VALUES(2596077,'Yasuyuki Muto','','',0.6,'',0,'Writing');
INSERT INTO SeriesCredits(seriesId, personId, job) VALUES(105009,2596077,'Script');
INSERT INTO Personen(id, name, birthday, deathday, popularity, profilePath, gender, profession) VALUES(1449799,'Kenichi Ohnuki','','',0.6,'',2,'Visual Effects');
INSERT INTO SeriesCredits(seriesId, personId, job) VALUES(105009,1449799,'Character Designer');
INSERT INTO Personen(id, name, birthday, deathday, popularity, profilePath, gender, profession) VALUES(2798896,'Keiko Ōta','','',0.6,'',0,'Visual Effects');
INSERT INTO SeriesCredits(seriesId, personId, job) VALUES(105009,2798896,'Character Designer');
INSERT INTO Personen(id, name, birthday, deathday, popularity, profilePath, gender, profession) VALUES(1495403,'Satoki Iida','','',0.629,'/78tjLO9mi2kjtwQ2ZE4u30YHV2V.jpg',2,'Sound');
INSERT INTO SeriesCredits(seriesId, personId, job) VALUES(105009,1495403,'Sound Director');
INSERT INTO Personen(id, name, birthday, deathday, popularity, profilePath, gender, profession) VALUES(1493763,'Hiroaki Tsutsumi','','',2.971,'/gjZTF2jtGqvGY4F6XywHCweVkMb.jpg',2,'Sound');
INSERT INTO SeriesCredits(seriesId, personId, job) VALUES(105009,1493763,'Original Music Composer');
INSERT INTO Series(id, title, overview, popularity, seasons, episodes, posterPath, voteCount, voteAvg, firstAir, lastAir, tagline) VALUES(76773,'Station 19','A group of heroic firefighters at Seattle Fire Station 19—from captain to newest recruit—risk their lives and hearts both in the line of duty and off the clock. These brave men and women are like family, literally and figuratively, and together they put their own lives in jeopardy as first responders to save the lives of others.',242.115,4,55,'/lcuCED5Ky2uM5VE6wILOwt5FEb0.jpg',757, 8.2,'2018-03-22', '2021-04-08', 'Courage under fire.');
INSERT INTO SeriesGenre(seriesId, genreId) VALUES(76773,'10759');
INSERT INTO SeriesGenre(seriesId, genreId) VALUES(76773,'18');
INSERT INTO SeriesCountry(seriesId, countryId) VALUES(76773,'US');
INSERT INTO SeriesNetwork(seriesId, networkId) VALUES(76773,'2');
INSERT INTO Personen(id, name, birthday, deathday, popularity, profilePath, gender, profession) VALUES(1338902,'Jaina Lee Ortiz','','',7.202,'/teU37jf112CCCz8CHCfgeGUPoaL.jpg',1,'Acting');
INSERT INTO SeriesCredits(seriesId, personId, job) VALUES(76773,1338902,'Actor');
INSERT INTO Personen(id, name, birthday, deathday, popularity, profilePath, gender, profession) VALUES(95475,'Jason George','','',3.896,'/eTiyxcbtEsdANo1NGFsfk3mZPW3.jpg',2,'Acting');
INSERT INTO SeriesCredits(seriesId, personId, job) VALUES(76773,95475,'Actor');
INSERT INTO Personen(id, name, birthday, deathday, popularity, profilePath, gender, profession) VALUES(80758,'Boris Kodjoe','','',5.252,'/fo6bMq96LUDEatiXlQlMctOMGI3.jpg',2,'Acting');
INSERT INTO SeriesCredits(seriesId, personId, job) VALUES(76773,80758,'Actor');
INSERT INTO Personen(id, name, birthday, deathday, popularity, profilePath, gender, profession) VALUES(130769,'Grey Damon','','',7.063,'/pI2EgN1ihdxgmzaiJ9Jy5Q0VITu.jpg',2,'Acting');
INSERT INTO SeriesCredits(seriesId, personId, job) VALUES(76773,130769,'Actor');
INSERT INTO Personen(id, name, birthday, deathday, popularity, profilePath, gender, profession) VALUES(1702827,'Barrett Doss','','',2.175,'/sYCzceQLzAOcVYQClar3gJiJoMM.jpg',1,'Acting');
INSERT INTO SeriesCredits(seriesId, personId, job) VALUES(76773,1702827,'Actor');
INSERT INTO Personen(id, name, birthday, deathday, popularity, profilePath, gender, profession) VALUES(1105796,'Jay Hayden','','',1.58,'/blBIWNzXKBEfynH15n020QWaWmh.jpg',2,'Acting');
INSERT INTO SeriesCredits(seriesId, personId, job) VALUES(76773,1105796,'Actor');
INSERT INTO Series(id, title, overview, popularity, seasons, episodes, posterPath, voteCount, voteAvg, firstAir, lastAir, tagline) VALUES(31910,'Naruto Shippūden','Naruto Shippuuden is the continuation of the original animated TV series Naruto.The story revolves around an older and slightly more matured Uzumaki Naruto and his quest to save his friend Uchiha Sasuke from the grips of the snake-like Shinobi, Orochimaru. After 2 and a half years Naruto finally returns to his village of Konoha, and sets about putting his ambitions to work, though it will not be easy, as He has amassed a few (more dangerous) enemies, in the likes of the shinobi organization; Akatsuki.',239.15,20,500,'/zAYRe2bJxpWTVrwwmBc00VFkAf4.jpg',5139, 8.6,'2007-02-15', '2017-03-23', '');
INSERT INTO SeriesGenre(seriesId, genreId) VALUES(31910,'16');
INSERT INTO SeriesGenre(seriesId, genreId) VALUES(31910,'10759');
INSERT INTO SeriesGenre(seriesId, genreId) VALUES(31910,'10765');
INSERT INTO SeriesCountry(seriesId, countryId) VALUES(31910,'JP');
INSERT INTO SeriesNetwork(seriesId, networkId) VALUES(31910,'98');
INSERT INTO SeriesCredits(seriesId, personId, job) VALUES(31910,82055,'Actor');
INSERT INTO SeriesCredits(seriesId, personId, job) VALUES(31910,82057,'Actor');
INSERT INTO SeriesCredits(seriesId, personId, job) VALUES(31910,82056,'Actor');
INSERT INTO SeriesCredits(seriesId, personId, job) VALUES(31910,89968,'Actor');
INSERT INTO SeriesCredits(seriesId, personId, job) VALUES(31910,224413,'Actor');
INSERT INTO Personen(id, name, birthday, deathday, popularity, profilePath, gender, profession) VALUES(81244,'Akira Ishida','','',5.405,'/jnW2Gn2NlR2uwOCeyOuzypnTmkH.jpg',2,'Acting');
INSERT INTO SeriesCredits(seriesId, personId, job) VALUES(31910,81244,'Actor');
INSERT INTO Series(id, title, overview, popularity, seasons, episodes, posterPath, voteCount, voteAvg, firstAir, lastAir, tagline) VALUES(89901,'Dickinson','Emily Dickinson. Poet. Daughter. Total rebel. In this coming-of-age story, Emily’s determined to become the world’s greatest poet.',235.458,2,20,'/3tvm4WdGKw3Db0sMh9Pt4dckePn.jpg',317, 8.7,'2019-11-01', '2021-02-26', 'If the rules aren’t fair, break them.');
INSERT INTO SeriesGenre(seriesId, genreId) VALUES(89901,'35');
INSERT INTO SeriesGenre(seriesId, genreId) VALUES(89901,'18');
INSERT INTO SeriesCountry(seriesId, countryId) VALUES(89901,'US');
INSERT INTO Networks(id, nname, logo, originCountry) VALUES('2552','Apple TV+', '/4KAy34EHvRM25Ih8wb82AuGU7zJ.png', 'US');
INSERT INTO SeriesNetwork(seriesId, networkId) VALUES(89901,'2552');
INSERT INTO Personen(id, name, birthday, deathday, popularity, profilePath, gender, profession) VALUES(130640,'Hailee Steinfeld','','',9.395,'/dxSDWkiVaC6JYjrV3XRAZI7HOSS.jpg',1,'Acting');
INSERT INTO SeriesCredits(seriesId, personId, job) VALUES(89901,130640,'Actor');
INSERT INTO Personen(id, name, birthday, deathday, popularity, profilePath, gender, profession) VALUES(18271,'Toby Huss','','',2.753,'/n2axLZZ3ae0mdcbEMZBf5QkOam8.jpg',2,'Acting');
INSERT INTO SeriesCredits(seriesId, personId, job) VALUES(89901,18271,'Actor');
INSERT INTO Personen(id, name, birthday, deathday, popularity, profilePath, gender, profession) VALUES(1756169,'Adrian Enscoe','','',1.737,'/6eeB8SjySeTsnlDCI0dV2Gd97L8.jpg',2,'Acting');
INSERT INTO SeriesCredits(seriesId, personId, job) VALUES(89901,1756169,'Actor');
INSERT INTO Personen(id, name, birthday, deathday, popularity, profilePath, gender, profession) VALUES(1724137,'Anna Baryshnikov','','',1.301,'/Zh2XvGptoyMlzMc19Or37mjqVD.jpg',1,'Acting');
INSERT INTO SeriesCredits(seriesId, personId, job) VALUES(89901,1724137,'Actor');
INSERT INTO Personen(id, name, birthday, deathday, popularity, profilePath, gender, profession) VALUES(989411,'Ella Hunt','','',6.629,'/j5SOv91oPkeJuyyunEFeO6hMrWa.jpg',1,'Acting');
INSERT INTO SeriesCredits(seriesId, personId, job) VALUES(89901,989411,'Actor');
INSERT INTO Personen(id, name, birthday, deathday, popularity, profilePath, gender, profession) VALUES(13636,'Jane Krakowski','','',4.374,'/mep1Pz9E3e9CLLSqIX7UrEuNx09.jpg',1,'Acting');
INSERT INTO SeriesCredits(seriesId, personId, job) VALUES(89901,13636,'Actor');
INSERT INTO Personen(id, name, birthday, deathday, popularity, profilePath, gender, profession) VALUES(1165338,'Neil Patel','','',0.6,'',0,'Art');
INSERT INTO SeriesCredits(seriesId, personId, job) VALUES(89901,1165338,'Production Design');
INSERT INTO Personen(id, name, birthday, deathday, popularity, profilePath, gender, profession) VALUES(1580140,'Alison Ford','','',0.6,'',1,'Art');
INSERT INTO SeriesCredits(seriesId, personId, job) VALUES(89901,1580140,'Art Direction');
INSERT INTO Personen(id, name, birthday, deathday, popularity, profilePath, gender, profession) VALUES(1800154,'Diana Schmidt','','',0.6,'',1,'Production');
INSERT INTO SeriesCredits(seriesId, personId, job) VALUES(89901,1800154,'Co-Executive Producer');
INSERT INTO Personen(id, name, birthday, deathday, popularity, profilePath, gender, profession) VALUES(2808272,'Robbie Macdonald','','',0.6,'',0,'Writing');
INSERT INTO SeriesCredits(seriesId, personId, job) VALUES(89901,2808272,'Producer');
INSERT INTO Personen(id, name, birthday, deathday, popularity, profilePath, gender, profession) VALUES(2927815,'Jordan Murcia','','',0.6,'',0,'Production');
INSERT INTO SeriesCredits(seriesId, personId, job) VALUES(89901,2927815,'Co-Producer');
INSERT INTO Personen(id, name, birthday, deathday, popularity, profilePath, gender, profession) VALUES(21005,'Darlene Hunt','','',0.6,'/5d1SzkMsfpfw88Va7PsMdB8yQih.jpg',1,'Acting');
INSERT INTO SeriesCredits(seriesId, personId, job) VALUES(89901,21005,'Consulting Producer');
INSERT INTO Series(id, title, overview, popularity, seasons, episodes, posterPath, voteCount, voteAvg, firstAir, lastAir, tagline) VALUES(79242,'Chilling Adventures of Sabrina','As her 16th birthday nears, Sabrina must choose between the witch world of her family and the human world of her friends. Based on the Archie comic.',233.19,2,36,'/yxMpoHO0CXP5o9gB7IfsciilQS4.jpg',2474, 8.4,'2018-10-26', '2020-12-31', 'High School is such a witch.');
INSERT INTO SeriesGenre(seriesId, genreId) VALUES(79242,'9648');
INSERT INTO SeriesGenre(seriesId, genreId) VALUES(79242,'10765');
INSERT INTO SeriesGenre(seriesId, genreId) VALUES(79242,'18');
INSERT INTO SeriesCountry(seriesId, countryId) VALUES(79242,'CA');
INSERT INTO SeriesCountry(seriesId, countryId) VALUES(79242,'US');
INSERT INTO SeriesNetwork(seriesId, networkId) VALUES(79242,'213');
INSERT INTO Personen(id, name, birthday, deathday, popularity, profilePath, gender, profession) VALUES(934289,'Kiernan Shipka','','',3.705,'/aZeL5x1QfJ9LVpXfpTzyQilJTjN.jpg',1,'Acting');
INSERT INTO SeriesCredits(seriesId, personId, job) VALUES(79242,934289,'Actor');
INSERT INTO Personen(id, name, birthday, deathday, popularity, profilePath, gender, profession) VALUES(973385,'Ross Lynch','','',1.948,'/28JyBmSa0tQu7BZLJDllxcayd8u.jpg',2,'Acting');
INSERT INTO SeriesCredits(seriesId, personId, job) VALUES(79242,973385,'Actor');
INSERT INTO Personen(id, name, birthday, deathday, popularity, profilePath, gender, profession) VALUES(11111,'Lucy Davis','','',3.876,'/A1ymILbxQA5w5TduCNaU0xD9C5a.jpg',1,'Acting');
INSERT INTO SeriesCredits(seriesId, personId, job) VALUES(79242,11111,'Actor');
INSERT INTO Personen(id, name, birthday, deathday, popularity, profilePath, gender, profession) VALUES(502,'Miranda Otto','','',9.02,'/szME1IBVTLgiKrO5D5wvOGnvUDW.jpg',1,'Acting');
INSERT INTO SeriesCredits(seriesId, personId, job) VALUES(79242,502,'Actor');
INSERT INTO Personen(id, name, birthday, deathday, popularity, profilePath, gender, profession) VALUES(2035329,'Chance Perdomo','','',2.565,'/xRRDtdHhTewrKMj5cpcmEkPNmuP.jpg',2,'Acting');
INSERT INTO SeriesCredits(seriesId, personId, job) VALUES(79242,2035329,'Actor');
INSERT INTO Personen(id, name, birthday, deathday, popularity, profilePath, gender, profession) VALUES(144250,'Michelle Gomez','','',3.786,'/jEkZsW1hviRjgGcWLwgdit7vONJ.jpg',1,'Acting');
INSERT INTO SeriesCredits(seriesId, personId, job) VALUES(79242,144250,'Actor');
INSERT INTO Personen(id, name, birthday, deathday, popularity, profilePath, gender, profession) VALUES(1721739,'Jon Goldwater','','',0.98,'',2,'Production');
INSERT INTO SeriesCredits(seriesId, personId, job) VALUES(79242,1721739,'Executive Producer');
INSERT INTO Series(id, title, overview, popularity, seasons, episodes, posterPath, voteCount, voteAvg, firstAir, lastAir, tagline) VALUES(11250,'Pasión de gavilanes','Pasión de Gavilanes is a Colombian telenovela that ran for 188 episodes, from 2003 to 2004. Written by Julio Jiménez, it was produced by RTI Colombia in conjunction with the Telemundo network and with the participation of Caracol TV company. In Colombia, it was broadcast by Caracol TV. It is based on the 1994 telenovela Las aguas mansas, also written by Jiménez and produced by RTI, broadcast on Canal Uno.',227.236,1,188,'/xwvFbtHfBTJiInXs8mYYEi2dd78.jpg',1344, 7.7,'2003-10-21', '2004-12-02', '');
INSERT INTO SeriesGenre(seriesId, genreId) VALUES(11250,'18');
INSERT INTO SeriesNetwork(seriesId, networkId) VALUES(11250,'193');
INSERT INTO Personen(id, name, birthday, deathday, popularity, profilePath, gender, profession) VALUES(1238547,'Michel Brown','','',0.6,'',0,'Acting');
INSERT INTO SeriesCredits(seriesId, personId, job) VALUES(11250,1238547,'Actor');
INSERT INTO Personen(id, name, birthday, deathday, popularity, profilePath, gender, profession) VALUES(1233727,'Paola Rey','','',0.6,'',0,'Acting');
INSERT INTO SeriesCredits(seriesId, personId, job) VALUES(11250,1233727,'Actor');
INSERT INTO Personen(id, name, birthday, deathday, popularity, profilePath, gender, profession) VALUES(1238062,'Kristina Lilley','','',1.943,'/ctYmBugMi59hQ2VSTQjk36jCab1.jpg',1,'Acting');
INSERT INTO SeriesCredits(seriesId, personId, job) VALUES(11250,1238062,'Actor');
INSERT INTO Personen(id, name, birthday, deathday, popularity, profilePath, gender, profession) VALUES(1233726,'Natasha Klauss','','',3.416,'',1,'Acting');
INSERT INTO SeriesCredits(seriesId, personId, job) VALUES(11250,1233726,'Actor');
INSERT INTO Personen(id, name, birthday, deathday, popularity, profilePath, gender, profession) VALUES(86039,'Mario Cimarro','','',1.942,'/zkMlyYdWyV7HlDWt0wjECKUOe1L.jpg',2,'Acting');
INSERT INTO SeriesCredits(seriesId, personId, job) VALUES(11250,86039,'Actor');
INSERT INTO Personen(id, name, birthday, deathday, popularity, profilePath, gender, profession) VALUES(1038680,'Jorge Cao','','',0.982,'',0,'Acting');
INSERT INTO SeriesCredits(seriesId, personId, job) VALUES(11250,1038680,'Actor');
INSERT INTO Series(id, title, overview, popularity, seasons, episodes, posterPath, voteCount, voteAvg, firstAir, lastAir, tagline) VALUES(104877,'You Knock on My Door','Connecting all her hopes in her life to her education, Eda comes face to face with Serkan Bolat, who unknowingly cuts her scholarship abroad and caused her to remain a high school graduate. Serkan Bolat offers to give Eda her scholarship back if she pretends to be engaged to him for two months. Eda first rejects the offer due to her hatred for him, but when circumstances change, she has no choice but to accept the offer. While pretending to be engaged, Serkan and Eda begin to have a passionate, challenging relationship that will make you forget all they know right, because love is hard. And that\'s why it\'s amazing!!',226.446,1,80,'/nzBenFJ2D2MCWTwTt2uc4BGWLtA.jpg',93, 8.4,'2020-07-08', '2021-04-03', '');
INSERT INTO SeriesGenre(seriesId, genreId) VALUES(104877,'18');
INSERT INTO SeriesGenre(seriesId, genreId) VALUES(104877,'35');
INSERT INTO SeriesCountry(seriesId, countryId) VALUES(104877,'TR');
INSERT INTO Networks(id, nname, logo, originCountry) VALUES('303','FOX', '/64uickn4Fz4H3Rgo20z5VJ6PKtR.png', 'TR');
INSERT INTO SeriesNetwork(seriesId, networkId) VALUES(104877,'303');
INSERT INTO Personen(id, name, birthday, deathday, popularity, profilePath, gender, profession) VALUES(1522703,'Hande Erçel','','',17.921,'/heZOn03SAJkwbmTAdk7IXA5yMTV.jpg',1,'Acting');
INSERT INTO SeriesCredits(seriesId, personId, job) VALUES(104877,1522703,'Actor');
INSERT INTO Personen(id, name, birthday, deathday, popularity, profilePath, gender, profession) VALUES(134497,'Kerem Bürsin','','',10.666,'/6abFV7TBSgaPX7E9tBbx5mrMx3C.jpg',2,'Acting');
INSERT INTO SeriesCredits(seriesId, personId, job) VALUES(104877,134497,'Actor');
INSERT INTO Personen(id, name, birthday, deathday, popularity, profilePath, gender, profession) VALUES(1893219,'Bige Önal','','',6.878,'/p8SQAYnGEvR0aAkfeINsgvsdI1I.jpg',1,'Acting');
INSERT INTO SeriesCredits(seriesId, personId, job) VALUES(104877,1893219,'Actor');
INSERT INTO Personen(id, name, birthday, deathday, popularity, profilePath, gender, profession) VALUES(2036975,'Çağrı Çıtanak','','',4.994,'/nqTLDXza08h4iOl9Jsa5SmdiV6x.jpg',0,'Acting');
INSERT INTO SeriesCredits(seriesId, personId, job) VALUES(104877,2036975,'Actor');
INSERT INTO Personen(id, name, birthday, deathday, popularity, profilePath, gender, profession) VALUES(1146738,'Neslihan Yeldan','','',3.156,'/jS9PWUQuBLxBbDgcaTkjufI89gK.jpg',0,'Acting');
INSERT INTO SeriesCredits(seriesId, personId, job) VALUES(104877,1146738,'Actor');
INSERT INTO Personen(id, name, birthday, deathday, popularity, profilePath, gender, profession) VALUES(1948895,'Alican Aytekin','','',1.356,'/bWGaFjwcJPYbrSeyi5VEHo9ruXr.jpg',0,'Acting');
INSERT INTO SeriesCredits(seriesId, personId, job) VALUES(104877,1948895,'Actor');
INSERT INTO Personen(id, name, birthday, deathday, popularity, profilePath, gender, profession) VALUES(2691039,'Ayşe Üner Kutlu','','',0.98,'',0,'Writing');
INSERT INTO SeriesCredits(seriesId, personId, job) VALUES(104877,2691039,'Writer');
INSERT INTO Personen(id, name, birthday, deathday, popularity, profilePath, gender, profession) VALUES(2691038,'Ender Mıhlar','','',0.6,'',0,'Directing');
INSERT INTO SeriesCredits(seriesId, personId, job) VALUES(104877,2691038,'Director');
INSERT INTO Personen(id, name, birthday, deathday, popularity, profilePath, gender, profession) VALUES(2691041,'Aytekin Ataş','','',0.6,'',0,'Sound');
INSERT INTO SeriesCredits(seriesId, personId, job) VALUES(104877,2691041,'Music');
INSERT INTO Series(id, title, overview, popularity, seasons, episodes, posterPath, voteCount, voteAvg, firstAir, lastAir, tagline) VALUES(66732,'Stranger Things','When a young boy vanishes, a small town uncovers a mystery involving secret experiments, terrifying supernatural forces, and one strange little girl.',224.677,4,26,'/x2LSRK2Cm7MZhjluni1msVJ3wDF.jpg',8005, 8.6,'2016-07-15', '2019-07-04', 'It only gets stranger…');
INSERT INTO SeriesGenre(seriesId, genreId) VALUES(66732,'10765');
INSERT INTO SeriesGenre(seriesId, genreId) VALUES(66732,'9648');
INSERT INTO SeriesGenre(seriesId, genreId) VALUES(66732,'18');
INSERT INTO SeriesCountry(seriesId, countryId) VALUES(66732,'US');
INSERT INTO SeriesNetwork(seriesId, networkId) VALUES(66732,'213');
INSERT INTO Personen(id, name, birthday, deathday, popularity, profilePath, gender, profession) VALUES(1920,'Winona Ryder','','',9.742,'/5yteOSY2lgGOgSWmRTlxqfY59MS.jpg',1,'Acting');
INSERT INTO SeriesCredits(seriesId, personId, job) VALUES(66732,1920,'Actor');
INSERT INTO SeriesCredits(seriesId, personId, job) VALUES(66732,35029,'Actor');
INSERT INTO Personen(id, name, birthday, deathday, popularity, profilePath, gender, profession) VALUES(1442069,'Finn Wolfhard','','',10.805,'/bi5OLYrxLwG3AZKOZL1mZjpcRQm.jpg',2,'Acting');
INSERT INTO SeriesCredits(seriesId, personId, job) VALUES(66732,1442069,'Actor');
INSERT INTO SeriesCredits(seriesId, personId, job) VALUES(66732,1356210,'Actor');
INSERT INTO Personen(id, name, birthday, deathday, popularity, profilePath, gender, profession) VALUES(1653291,'Gaten Matarazzo','','',10.154,'/gfxSa9pwafFEyzok6N4sIVbJLS.jpg',2,'Acting');
INSERT INTO SeriesCredits(seriesId, personId, job) VALUES(66732,1653291,'Actor');
INSERT INTO Personen(id, name, birthday, deathday, popularity, profilePath, gender, profession) VALUES(1474123,'Caleb McLaughlin','','',5.773,'/6YjorSZyqFBl3f4sgcCQmOc1yoi.jpg',2,'Acting');
INSERT INTO SeriesCredits(seriesId, personId, job) VALUES(66732,1474123,'Actor');
INSERT INTO Personen(id, name, birthday, deathday, popularity, profilePath, gender, profession) VALUES(1685626,'Kyle Dixon','','',0.608,'',0,'Sound');
INSERT INTO SeriesCredits(seriesId, personId, job) VALUES(66732,1685626,'Music');
INSERT INTO Personen(id, name, birthday, deathday, popularity, profilePath, gender, profession) VALUES(1729244,'Diego Garzon','','',0.6,'',2,'Production');
INSERT INTO SeriesCredits(seriesId, personId, job) VALUES(66732,1729244,'Assistant Production Coordinator');
INSERT INTO Personen(id, name, birthday, deathday, popularity, profilePath, gender, profession) VALUES(1179419,'Matt Duffer','','',1.721,'/kXO5CnSxC0znMAICGxnPeuGP73U.jpg',2,'Writing');
INSERT INTO SeriesCredits(seriesId, personId, job) VALUES(66732,1179419,'Executive Producer');
INSERT INTO Personen(id, name, birthday, deathday, popularity, profilePath, gender, profession) VALUES(17825,'Shawn Levy','','',2.255,'/b1ulkCHz8biG87LjLQQiMCebEZo.jpg',2,'Directing');
INSERT INTO SeriesCredits(seriesId, personId, job) VALUES(66732,17825,'Executive Producer');
INSERT INTO Personen(id, name, birthday, deathday, popularity, profilePath, gender, profession) VALUES(1803695,'Rand Geiger','','',0.656,'',0,'Crew');
INSERT INTO SeriesCredits(seriesId, personId, job) VALUES(66732,1803695,'Producer');
INSERT INTO Personen(id, name, birthday, deathday, popularity, profilePath, gender, profession) VALUES(1179422,'Ross Duffer','','',0.6,'/kN1HdFViQkcJOQlNcvvFJIx9Uju.jpg',2,'Writing');
INSERT INTO SeriesCredits(seriesId, personId, job) VALUES(66732,1179422,'Executive Producer');
INSERT INTO Series(id, title, overview, popularity, seasons, episodes, posterPath, voteCount, voteAvg, firstAir, lastAir, tagline) VALUES(99121,'Walker','Reboot of the 1993 series focusing on Walker as he returns from years undercover. A widower and father of two, he begins fighting crime with a new partner, who is one of the only female Rangers in history.',224.366,1,9,'/y4VHQbbY1UcAjHN7UTGu0MGyVl2.jpg',44, 7,'2021-01-21', '2021-04-08', 'Justice comes home.');
INSERT INTO SeriesGenre(seriesId, genreId) VALUES(99121,'10759');
INSERT INTO SeriesCountry(seriesId, countryId) VALUES(99121,'US');
INSERT INTO SeriesNetwork(seriesId, networkId) VALUES(99121,'71');
INSERT INTO SeriesCredits(seriesId, personId, job) VALUES(99121,49623,'Actor');
INSERT INTO SeriesCredits(seriesId, personId, job) VALUES(99121,1148626,'Actor');
INSERT INTO Personen(id, name, birthday, deathday, popularity, profilePath, gender, profession) VALUES(1193605,'Keegan Allen','','',1.732,'/zR3dDp3FAMhJzsydDEh3VlpvvoS.jpg',2,'Acting');
INSERT INTO SeriesCredits(seriesId, personId, job) VALUES(99121,1193605,'Actor');
INSERT INTO Personen(id, name, birthday, deathday, popularity, profilePath, gender, profession) VALUES(1872214,'Kale Culley','','',2.673,'/5joFLjLSwsuhQJ0IUzu8I0byMw8.jpg',2,'Acting');
INSERT INTO SeriesCredits(seriesId, personId, job) VALUES(99121,1872214,'Actor');
INSERT INTO Personen(id, name, birthday, deathday, popularity, profilePath, gender, profession) VALUES(2116445,'Violet Brinson','','',1.176,'/mW9voch1xxdd5rp43jYBIWCa97.jpg',1,'Acting');
INSERT INTO SeriesCredits(seriesId, personId, job) VALUES(99121,2116445,'Actor');
INSERT INTO Personen(id, name, birthday, deathday, popularity, profilePath, gender, profession) VALUES(12644,'Mitch Pileggi','','',5.583,'/d2lChEzBjdcWSDpqPY7AC15mtfY.jpg',2,'Acting');
INSERT INTO SeriesCredits(seriesId, personId, job) VALUES(99121,12644,'Actor');
INSERT INTO Personen(id, name, birthday, deathday, popularity, profilePath, gender, profession) VALUES(1226856,'Anna Fricke','','',0.84,'',0,'Writing');
INSERT INTO SeriesCredits(seriesId, personId, job) VALUES(99121,1226856,'Executive Producer');
INSERT INTO SeriesCredits(seriesId, personId, job) VALUES(99121,49623,'Executive Producer');
INSERT INTO Personen(id, name, birthday, deathday, popularity, profilePath, gender, profession) VALUES(2907746,'Lindsay Liberatore','','',0.6,'',0,'Production');
INSERT INTO SeriesCredits(seriesId, personId, job) VALUES(99121,2907746,'Executive Producer');
INSERT INTO Personen(id, name, birthday, deathday, popularity, profilePath, gender, profession) VALUES(112690,'Dan Lin','','',0.6,'',2,'Production');
INSERT INTO SeriesCredits(seriesId, personId, job) VALUES(99121,112690,'Executive Producer');
INSERT INTO Series(id, title, overview, popularity, seasons, episodes, posterPath, voteCount, voteAvg, firstAir, lastAir, tagline) VALUES(117581,'Ginny & Georgia','Angsty and awkward fifteen year old Ginny Miller often feels more mature than her thirty year old mother, the irresistible and dynamic Georgia Miller. After years on the run, Georgia desperately wants to put down roots in picturesque New England and give her family something they\'ve never had... a normal life. But it\'s not all carpool and Kombucha as Georgia\'s past threatens her and her family\'s new way of life... and Georgia will do anything to protect her family.',222.547,1,10,'/e4aqizYQ8eeTGNZMq6WiFfqoZbz.jpg',432, 8.1,'2021-02-24', '2021-02-24', '');
INSERT INTO SeriesGenre(seriesId, genreId) VALUES(117581,'35');
INSERT INTO SeriesGenre(seriesId, genreId) VALUES(117581,'18');
INSERT INTO SeriesCountry(seriesId, countryId) VALUES(117581,'US');
INSERT INTO SeriesNetwork(seriesId, networkId) VALUES(117581,'213');
INSERT INTO Personen(id, name, birthday, deathday, popularity, profilePath, gender, profession) VALUES(2388486,'Antonia Gentry','','',0.947,'/2XgTZZS6gPqUPN6cSXnFNR1OkxO.jpg',1,'Acting');
INSERT INTO SeriesCredits(seriesId, personId, job) VALUES(117581,2388486,'Actor');
INSERT INTO Personen(id, name, birthday, deathday, popularity, profilePath, gender, profession) VALUES(132312,'Brianne Howey','','',16.144,'/5TMOHWjWoK5xhzIgQkIGzpQ3cM7.jpg',1,'Acting');
INSERT INTO SeriesCredits(seriesId, personId, job) VALUES(117581,132312,'Actor');
INSERT INTO Personen(id, name, birthday, deathday, popularity, profilePath, gender, profession) VALUES(2989300,'Mason Temple','','',0.6,'',0,'Acting');
INSERT INTO SeriesCredits(seriesId, personId, job) VALUES(117581,2989300,'Actor');
INSERT INTO Personen(id, name, birthday, deathday, popularity, profilePath, gender, profession) VALUES(2398772,'Diesel La Torraca','','',0.6,'/u1HeT1le89d7aUXgKPwp9fl13kp.jpg',2,'Acting');
INSERT INTO SeriesCredits(seriesId, personId, job) VALUES(117581,2398772,'Actor');
INSERT INTO Personen(id, name, birthday, deathday, popularity, profilePath, gender, profession) VALUES(87571,'Jennifer Robertson','','',2.892,'',1,'Acting');
INSERT INTO SeriesCredits(seriesId, personId, job) VALUES(117581,87571,'Actor');
INSERT INTO Personen(id, name, birthday, deathday, popularity, profilePath, gender, profession) VALUES(2044036,'Felix Mallard','','',4.433,'/d4t966dq1GMfXTsqbPHBMjb0YZ2.jpg',2,'Acting');
INSERT INTO SeriesCredits(seriesId, personId, job) VALUES(117581,2044036,'Actor');
INSERT INTO Series(id, title, overview, popularity, seasons, episodes, posterPath, voteCount, voteAvg, firstAir, lastAir, tagline) VALUES(80020,'Super Dragon Ball Heroes','Trunks returns from the future to train with Goku and Vegeta. However, it disappears without warning. Then the mysterious Fu bursts in, telling them that Trunks has been imprisoned in the Prison Planet, a mysterious complex in an unknown place in the universes. The group seeks the dragon balls to free Trunks, but an endless battle awaits them! Will Goku and the others rescue Trunks and escape the Prison Planet?',221.168,4,32,'/jYeTfpxS3IzgqKkYCjmdCKwq8PW.jpg',1832, 7.5,'2018-07-01', '2021-03-17', '');
INSERT INTO SeriesGenre(seriesId, genreId) VALUES(80020,'16');
INSERT INTO SeriesGenre(seriesId, genreId) VALUES(80020,'10759');
INSERT INTO SeriesGenre(seriesId, genreId) VALUES(80020,'10765');
INSERT INTO SeriesCountry(seriesId, countryId) VALUES(80020,'JP');
INSERT INTO Networks(id, nname, logo, originCountry) VALUES('247','YouTube', '/9Ga8A5QegQmiSVHp4hyusfMfpVk.png', '');
INSERT INTO SeriesNetwork(seriesId, networkId) VALUES(80020,'247');
INSERT INTO Personen(id, name, birthday, deathday, popularity, profilePath, gender, profession) VALUES(1686,'Takeshi Kusao','','',3.704,'/gDiYLUdl9zXXJmhE0bAuB1Jm3FJ.jpg',2,'Acting');
INSERT INTO SeriesCredits(seriesId, personId, job) VALUES(80020,1686,'Actor');
INSERT INTO Personen(id, name, birthday, deathday, popularity, profilePath, gender, profession) VALUES(90496,'Masako Nozawa','','',4.473,'/jxbXdejmPoiKnNoQz7Dkb80qC26.jpg',1,'Acting');
INSERT INTO SeriesCredits(seriesId, personId, job) VALUES(80020,90496,'Actor');
INSERT INTO Personen(id, name, birthday, deathday, popularity, profilePath, gender, profession) VALUES(122501,'Ryou Horikawa','','',3.79,'/1fiJvPrzz8Fqsjr5DVQclGojxO5.jpg',2,'Acting');
INSERT INTO SeriesCredits(seriesId, personId, job) VALUES(80020,122501,'Actor');
INSERT INTO Personen(id, name, birthday, deathday, popularity, profilePath, gender, profession) VALUES(68472,'Kappei Yamaguchi','','',4.134,'/bk6Jmobb4QZNmJNxPkwwxkhRTjX.jpg',2,'Acting');
INSERT INTO SeriesCredits(seriesId, personId, job) VALUES(80020,68472,'Actor');
INSERT INTO Personen(id, name, birthday, deathday, popularity, profilePath, gender, profession) VALUES(2995849,'Yoshiyuki Suzuki','','',0.6,'',0,'Writing');
INSERT INTO SeriesCredits(seriesId, personId, job) VALUES(80020,2995849,'Writer');
INSERT INTO Personen(id, name, birthday, deathday, popularity, profilePath, gender, profession) VALUES(2512710,'Hiroyuki Sakurada','','',0.6,'',0,'Production');
INSERT INTO SeriesCredits(seriesId, personId, job) VALUES(80020,2512710,'Producer');
INSERT INTO Personen(id, name, birthday, deathday, popularity, profilePath, gender, profession) VALUES(2494491,'Yuya Mori','','',0.6,'',0,'Acting');
INSERT INTO SeriesCredits(seriesId, personId, job) VALUES(80020,2494491,'Music');
INSERT INTO Personen(id, name, birthday, deathday, popularity, profilePath, gender, profession) VALUES(1083452,'Tadayoshi Yamamuro','','',1.13,'',0,'Writing');
INSERT INTO SeriesCredits(seriesId, personId, job) VALUES(80020,1083452,'Character Designer');
INSERT INTO Series(id, title, overview, popularity, seasons, episodes, posterPath, voteCount, voteAvg, firstAir, lastAir, tagline) VALUES(12971,'Dragon Ball Z','Five years have passed since the fight with Piccolo Jr., and Goku now has a son, Gohan. The peace is interrupted when an alien named Raditz arrives on Earth in a spacecraft and tracks down Goku, revealing to him that that they are members of a near-extinct warrior race called the Saiyans.',219.71,9,291,'/f2zhRLqwRLrKhEMeIM7Z5buJFo3.jpg',2201, 8.2,'1989-04-26', '1996-01-31', '');
INSERT INTO SeriesGenre(seriesId, genreId) VALUES(12971,'16');
INSERT INTO SeriesGenre(seriesId, genreId) VALUES(12971,'10765');
INSERT INTO SeriesGenre(seriesId, genreId) VALUES(12971,'10759');
INSERT INTO SeriesCountry(seriesId, countryId) VALUES(12971,'JP');
INSERT INTO Networks(id, nname, logo, originCountry) VALUES('1','Fuji TV', '/yS5UJjsSdZXML0YikWTYYHLPKhQ.png', 'JP');
INSERT INTO SeriesNetwork(seriesId, networkId) VALUES(12971,'1');
INSERT INTO SeriesCredits(seriesId, personId, job) VALUES(12971,90496,'Actor');
INSERT INTO SeriesCredits(seriesId, personId, job) VALUES(12971,122501,'Actor');
INSERT INTO Personen(id, name, birthday, deathday, popularity, profilePath, gender, profession) VALUES(85286,'Toshio Furukawa','','',2.621,'/n4xda3RzeEP6lt7Q0GHQR5qs3gJ.jpg',2,'Acting');
INSERT INTO SeriesCredits(seriesId, personId, job) VALUES(12971,85286,'Actor');
INSERT INTO Personen(id, name, birthday, deathday, popularity, profilePath, gender, profession) VALUES(65510,'Mayumi Tanaka','','',8.215,'/dvwL1Uqqm8eyVLbTqCyyiSnpG83.jpg',1,'Acting');
INSERT INTO SeriesCredits(seriesId, personId, job) VALUES(12971,65510,'Actor');
INSERT INTO Personen(id, name, birthday, deathday, popularity, profilePath, gender, profession) VALUES(122193,'Hiromi Tsuru','','',1.756,'/oFU9CCNLUhklLhEuLutM0FyTUbt.jpg',1,'Acting');
INSERT INTO SeriesCredits(seriesId, personId, job) VALUES(12971,122193,'Actor');
INSERT INTO Personen(id, name, birthday, deathday, popularity, profilePath, gender, profession) VALUES(122373,'Naoki Tatsuta','','',2.227,'/iYGYNGRoQv0yRwKhisqfk5ARVTE.jpg',2,'Acting');
INSERT INTO SeriesCredits(seriesId, personId, job) VALUES(12971,122373,'Actor');
INSERT INTO Personen(id, name, birthday, deathday, popularity, profilePath, gender, profession) VALUES(78322,'Akira Toriyama','','',2.087,'/9YorJMvF6DgfJcpATHbGyivZpS5.jpg',2,'Writing');
INSERT INTO SeriesCredits(seriesId, personId, job) VALUES(12971,78322,'Writer');
INSERT INTO Personen(id, name, birthday, deathday, popularity, profilePath, gender, profession) VALUES(1916539,'Bruce Faulconer','','',1.159,'/32GooqAeNGAFs1hEPJdEzDF4r6w.jpg',2,'Sound');
INSERT INTO SeriesCredits(seriesId, personId, job) VALUES(12971,1916539,'Sound');
INSERT INTO Series(id, title, overview, popularity, seasons, episodes, posterPath, voteCount, voteAvg, firstAir, lastAir, tagline) VALUES(1408,'House','Dr. Gregory House, a drug-addicted, unconventional, misanthropic medical genius, leads a team of diagnosticians at the fictional Princeton–Plainsboro Teaching Hospital in New Jersey.',216.172,8,177,'/lkvhReTBZ2Ksl0Dl5Oplsf6UYkF.jpg',3404, 8.6,'2004-11-16', '2012-05-21', 'Genius has side effects.');
INSERT INTO SeriesGenre(seriesId, genreId) VALUES(1408,'18');
INSERT INTO SeriesGenre(seriesId, genreId) VALUES(1408,'35');
INSERT INTO SeriesGenre(seriesId, genreId) VALUES(1408,'9648');
INSERT INTO SeriesCountry(seriesId, countryId) VALUES(1408,'US');
INSERT INTO SeriesNetwork(seriesId, networkId) VALUES(1408,'19');
INSERT INTO Personen(id, name, birthday, deathday, popularity, profilePath, gender, profession) VALUES(41419,'Hugh Laurie','','',10.496,'/akArncggHnusP5jxzMBKmJDRrMo.jpg',2,'Acting');
INSERT INTO SeriesCredits(seriesId, personId, job) VALUES(1408,41419,'Actor');
INSERT INTO Personen(id, name, birthday, deathday, popularity, profilePath, gender, profession) VALUES(4987,'Omar Epps','','',5.082,'/yc9JiSiIykY4jbWrMqccneYBvIi.jpg',2,'Acting');
INSERT INTO SeriesCredits(seriesId, personId, job) VALUES(1408,4987,'Actor');
INSERT INTO Personen(id, name, birthday, deathday, popularity, profilePath, gender, profession) VALUES(2692,'Robert Sean Leonard','','',4.098,'/9h3Gvs96UemTK4tnBUhBry0B7C0.jpg',2,'Acting');
INSERT INTO SeriesCredits(seriesId, personId, job) VALUES(1408,2692,'Actor');
INSERT INTO Personen(id, name, birthday, deathday, popularity, profilePath, gender, profession) VALUES(41422,'Jesse Spencer','','',3.639,'/pjnjfZLbwTtToQyhIVIKkhilyIf.jpg',2,'Acting');
INSERT INTO SeriesCredits(seriesId, personId, job) VALUES(1408,41422,'Actor');
INSERT INTO Personen(id, name, birthday, deathday, popularity, profilePath, gender, profession) VALUES(31514,'Peter Jacobson','','',5.07,'/pGi9CnzEG4cLa2viUP89yvlPCyR.jpg',2,'Acting');
INSERT INTO SeriesCredits(seriesId, personId, job) VALUES(1408,31514,'Actor');
INSERT INTO Personen(id, name, birthday, deathday, popularity, profilePath, gender, profession) VALUES(51992,'Odette Annable','','',8.142,'/fWPmTC9QfqAKi3JKJKp2LKrm8Ix.jpg',1,'Acting');
INSERT INTO SeriesCredits(seriesId, personId, job) VALUES(1408,51992,'Actor');
INSERT INTO Personen(id, name, birthday, deathday, popularity, profilePath, gender, profession) VALUES(1223964,'Peter Blake','','',0.6,'',2,'Production');
INSERT INTO SeriesCredits(seriesId, personId, job) VALUES(1408,1223964,'Executive Producer');
INSERT INTO Personen(id, name, birthday, deathday, popularity, profilePath, gender, profession) VALUES(12256,'Gerrit van der Meer','','',0.6,'',2,'Production');
INSERT INTO SeriesCredits(seriesId, personId, job) VALUES(1408,12256,'Co-Executive Producer');
INSERT INTO Personen(id, name, birthday, deathday, popularity, profilePath, gender, profession) VALUES(1223966,'Thomas L. Moran','','',0.706,'',2,'Writing');
INSERT INTO SeriesCredits(seriesId, personId, job) VALUES(1408,1223966,'Executive Producer');
INSERT INTO Personen(id, name, birthday, deathday, popularity, profilePath, gender, profession) VALUES(1224008,'Marcy G. Kaplan','','',0.6,'',1,'Production');
INSERT INTO SeriesCredits(seriesId, personId, job) VALUES(1408,1224008,'Producer');
INSERT INTO Personen(id, name, birthday, deathday, popularity, profilePath, gender, profession) VALUES(1213567,'Russel Friend','','',1.571,'',2,'Writing');
INSERT INTO SeriesCredits(seriesId, personId, job) VALUES(1408,1213567,'Executive Producer');
INSERT INTO Personen(id, name, birthday, deathday, popularity, profilePath, gender, profession) VALUES(114407,'Garrett Lerner','','',1.4,'',2,'Writing');
INSERT INTO SeriesCredits(seriesId, personId, job) VALUES(1408,114407,'Executive Producer');
INSERT INTO Series(id, title, overview, popularity, seasons, episodes, posterPath, voteCount, voteAvg, firstAir, lastAir, tagline) VALUES(60797,'Scorpion','Based on a true story, Scorpion is a high-octane drama about eccentric genius Walter O’Brien and his team of brilliant misfits who comprise the last line of defense against complex, high-tech threats of the modern age. As Homeland Security’s new think tank, O’Brien’s “Scorpion” team includes Toby Curtis, an expert behaviorist who can read anyone; Happy Quinn, a mechanical prodigy; and Sylvester Dodd, a statistics guru.',216.167,4,93,'/hzeirSF6bRjssDh5JFrm5WRwFLd.jpg',2262, 8.2,'2014-09-22', '2018-04-16', 'This team is pure genius.');
INSERT INTO SeriesGenre(seriesId, genreId) VALUES(60797,'10759');
INSERT INTO SeriesGenre(seriesId, genreId) VALUES(60797,'18');
INSERT INTO SeriesGenre(seriesId, genreId) VALUES(60797,'80');
INSERT INTO SeriesCountry(seriesId, countryId) VALUES(60797,'US');
INSERT INTO SeriesNetwork(seriesId, networkId) VALUES(60797,'16');
INSERT INTO Personen(id, name, birthday, deathday, popularity, profilePath, gender, profession) VALUES(78050,'Elyes Gabel','','',2.58,'/z9IqYTYxhVR9ADxaksbPQwiYQns.jpg',2,'Acting');
INSERT INTO SeriesCredits(seriesId, personId, job) VALUES(60797,78050,'Actor');
INSERT INTO Personen(id, name, birthday, deathday, popularity, profilePath, gender, profession) VALUES(86765,'Jadyn Wong','','',1.364,'/frzndJ5wVjzBKfaHLKoEa9C7eGF.jpg',1,'Acting');
INSERT INTO SeriesCredits(seriesId, personId, job) VALUES(60797,86765,'Actor');
INSERT INTO Personen(id, name, birthday, deathday, popularity, profilePath, gender, profession) VALUES(77088,'Katharine McPhee','','',3.322,'/monrkPe0xrdfwZo32LMS9xTYDqb.jpg',1,'Acting');
INSERT INTO SeriesCredits(seriesId, personId, job) VALUES(60797,77088,'Actor');
INSERT INTO Personen(id, name, birthday, deathday, popularity, profilePath, gender, profession) VALUES(52480,'Eddie Kaye Thomas','','',5.237,'/glUDeCvXfoLXgE0JJ5CboDpFW4R.jpg',2,'Acting');
INSERT INTO SeriesCredits(seriesId, personId, job) VALUES(60797,52480,'Actor');
INSERT INTO Personen(id, name, birthday, deathday, popularity, profilePath, gender, profession) VALUES(1324186,'Ari Stidham','','',0.695,'/cjToagdNEXK3fCVTFANy29p4QyJ.jpg',2,'Acting');
INSERT INTO SeriesCredits(seriesId, personId, job) VALUES(60797,1324186,'Actor');
INSERT INTO Personen(id, name, birthday, deathday, popularity, profilePath, gender, profession) VALUES(1368490,'Riley B. Smith','','',0.78,'/uCmlKQB1c4EuupjmeaAeBJDFgta.jpg',2,'Acting');
INSERT INTO SeriesCredits(seriesId, personId, job) VALUES(60797,1368490,'Actor');
INSERT INTO Personen(id, name, birthday, deathday, popularity, profilePath, gender, profession) VALUES(1130319,'Tony Morales','','',0.6,'',2,'Sound');
INSERT INTO SeriesCredits(seriesId, personId, job) VALUES(60797,1130319,'Music');
INSERT INTO Personen(id, name, birthday, deathday, popularity, profilePath, gender, profession) VALUES(6041,'Brian Tyler','','',1.648,'/wLPLAOcEgA9vfNuXSX1QI1ajguU.jpg',2,'Sound');
INSERT INTO SeriesCredits(seriesId, personId, job) VALUES(60797,6041,'Music');
INSERT INTO Personen(id, name, birthday, deathday, popularity, profilePath, gender, profession) VALUES(15346,'Roberto Orci','','',2.869,'',2,'Production');
INSERT INTO SeriesCredits(seriesId, personId, job) VALUES(60797,15346,'Executive Producer');
INSERT INTO Personen(id, name, birthday, deathday, popularity, profilePath, gender, profession) VALUES(1039317,'Jennifer Cooper','','',0.6,'',1,'Production');
INSERT INTO SeriesCredits(seriesId, personId, job) VALUES(60797,1039317,'Casting Director');
INSERT INTO Personen(id, name, birthday, deathday, popularity, profilePath, gender, profession) VALUES(1224019,'Paul Grellong','','',0.6,'',2,'Writing');
INSERT INTO SeriesCredits(seriesId, personId, job) VALUES(60797,1224019,'Co-Executive Producer');
INSERT INTO Personen(id, name, birthday, deathday, popularity, profilePath, gender, profession) VALUES(15345,'Alex Kurtzman','','',7.743,'/uDZxuaV19OYMhN7vuuVg1bSlqUM.jpg',2,'Writing');
INSERT INTO SeriesCredits(seriesId, personId, job) VALUES(60797,15345,'Executive Producer');
INSERT INTO Series(id, title, overview, popularity, seasons, episodes, posterPath, voteCount, voteAvg, firstAir, lastAir, tagline) VALUES(4057,'Criminal Minds','An elite team of FBI profilers analyze the country\'s most twisted criminal minds, anticipating their next moves before they strike again. The Behavioral Analysis Unit\'s most experienced agent is David Rossi, a founding member of the BAU who returns to help the team solve new cases.',215.764,15,324,'/7TCwgX7oQKxcWYEhSPRmaHe6ULN.jpg',2249, 8.2,'2005-09-22', '2020-02-19', 'To catch a criminal, you have to think like one.');
INSERT INTO SeriesGenre(seriesId, genreId) VALUES(4057,'80');
INSERT INTO SeriesGenre(seriesId, genreId) VALUES(4057,'18');
INSERT INTO SeriesGenre(seriesId, genreId) VALUES(4057,'9648');
INSERT INTO SeriesCountry(seriesId, countryId) VALUES(4057,'US');
INSERT INTO SeriesNetwork(seriesId, networkId) VALUES(4057,'16');
INSERT INTO Personen(id, name, birthday, deathday, popularity, profilePath, gender, profession) VALUES(17236,'A.J. Cook','','',6.82,'/tvEjGDQVuu7jiOvWXwEU6tEE7NW.jpg',1,'Acting');
INSERT INTO SeriesCredits(seriesId, personId, job) VALUES(4057,17236,'Actor');
INSERT INTO Personen(id, name, birthday, deathday, popularity, profilePath, gender, profession) VALUES(3266,'Joe Mantegna','','',6.646,'/2MxHhMasaSRXoWdBafPxeeuhik7.jpg',2,'Acting');
INSERT INTO SeriesCredits(seriesId, personId, job) VALUES(4057,3266,'Actor');
INSERT INTO Personen(id, name, birthday, deathday, popularity, profilePath, gender, profession) VALUES(49706,'Adam Rodríguez','','',2.547,'/qFSbLvyNPZK40hY9gZXJDvq0qVK.jpg',2,'Acting');
INSERT INTO SeriesCredits(seriesId, personId, job) VALUES(4057,49706,'Actor');
INSERT INTO Personen(id, name, birthday, deathday, popularity, profilePath, gender, profession) VALUES(82093,'Daniel Henney','','',2.247,'/4cxNfiABrndn6izXAt6TsjFfYBZ.jpg',2,'Acting');
INSERT INTO SeriesCredits(seriesId, personId, job) VALUES(4057,82093,'Actor');
INSERT INTO Personen(id, name, birthday, deathday, popularity, profilePath, gender, profession) VALUES(38674,'Aisha Tyler','','',5.598,'/gVvqznx4udJMgO86IbufADinfE9.jpg',1,'Acting');
INSERT INTO SeriesCredits(seriesId, personId, job) VALUES(4057,38674,'Actor');
INSERT INTO Personen(id, name, birthday, deathday, popularity, profilePath, gender, profession) VALUES(5661,'Matthew Gray Gubler','','',6.134,'/tHjIUjHFjl4Kzc4XQ7JSd1EHYSU.jpg',2,'Acting');
INSERT INTO SeriesCredits(seriesId, personId, job) VALUES(4057,5661,'Actor');
INSERT INTO Series(id, title, overview, popularity, seasons, episodes, posterPath, voteCount, voteAvg, firstAir, lastAir, tagline) VALUES(1434,'Family Guy','Sick, twisted, politically incorrect and Freakin\' Sweet animated series featuring the adventures of the dysfunctional Griffin family. Bumbling Peter and long-suffering Lois have three kids. Stewie (a brilliant but sadistic baby bent on killing his mother and taking over the world), Meg (the oldest, and is the most unpopular girl in town) and Chris (the middle kid, he\'s not very bright but has a passion for movies). The final member of the family is Brian - a talking dog and much more than a pet, he keeps Stewie in check whilst sipping Martinis and sorting through his own life issues.',215.215,21,368,'/eWWCRjBfLyePh2tfZdvNcIvKSJe.jpg',2705, 7,'1999-01-31', '2021-04-11', 'Parental Discretion Advised, that\'s how you know it\'s good');
INSERT INTO SeriesGenre(seriesId, genreId) VALUES(1434,'16');
INSERT INTO SeriesGenre(seriesId, genreId) VALUES(1434,'35');
INSERT INTO SeriesCountry(seriesId, countryId) VALUES(1434,'US');
INSERT INTO SeriesNetwork(seriesId, networkId) VALUES(1434,'19');
INSERT INTO Personen(id, name, birthday, deathday, popularity, profilePath, gender, profession) VALUES(52139,'Seth MacFarlane','','',6.306,'/8oQJqM51Z0Qtdb7sE6ZfX1peNCB.jpg',2,'Acting');
INSERT INTO SeriesCredits(seriesId, personId, job) VALUES(1434,52139,'Actor');
INSERT INTO Personen(id, name, birthday, deathday, popularity, profilePath, gender, profession) VALUES(24357,'Alex Borstein','','',1.98,'/evbCnRe5Yfuy0B41PONLTIcvbem.jpg',1,'Acting');
INSERT INTO SeriesCredits(seriesId, personId, job) VALUES(1434,24357,'Actor');
INSERT INTO Personen(id, name, birthday, deathday, popularity, profilePath, gender, profession) VALUES(18973,'Mila Kunis','','',12.21,'/6Lp9qPkMO740Hcp8NBYZZLWWvJF.jpg',1,'Acting');
INSERT INTO SeriesCredits(seriesId, personId, job) VALUES(1434,18973,'Actor');
INSERT INTO Personen(id, name, birthday, deathday, popularity, profilePath, gender, profession) VALUES(13922,'Seth Green','','',11.879,'/l4No5Eu6j0U80hCIkaSn17AOWrj.jpg',2,'Acting');
INSERT INTO SeriesCredits(seriesId, personId, job) VALUES(1434,13922,'Actor');
INSERT INTO Personen(id, name, birthday, deathday, popularity, profilePath, gender, profession) VALUES(130836,'John Viener','','',2.188,'/yhpCMQScLbHZWz0X8ACw9mHqMxf.jpg',2,'Acting');
INSERT INTO SeriesCredits(seriesId, personId, job) VALUES(1434,130836,'Actor');
INSERT INTO Personen(id, name, birthday, deathday, popularity, profilePath, gender, profession) VALUES(1219665,'Mike Henry','','',3.084,'/zCE9EAHyu2pgxDXxdK0k8PzVdaK.jpg',2,'Acting');
INSERT INTO SeriesCredits(seriesId, personId, job) VALUES(1434,1219665,'Actor');
INSERT INTO Series(id, title, overview, popularity, seasons, episodes, posterPath, voteCount, voteAvg, firstAir, lastAir, tagline) VALUES(71446,'Money Heist','To carry out the biggest heist in history, a mysterious man called The Professor recruits a band of eight robbers who have a single characteristic: none of them has anything to lose. Five months of seclusion - memorizing every step, every detail, every probability - culminate in eleven days locked up in the National Coinage and Stamp Factory of Spain, surrounded by police forces and with dozens of hostages in their power, to find out whether their suicide wager will lead to everything or nothing.',211.863,2,31,'/MoEKaPFHABtA1xKoOteirGaHl1.jpg',12718, 8.3,'2017-05-02', '2020-04-03', 'The perfect robbery.');
INSERT INTO SeriesGenre(seriesId, genreId) VALUES(71446,'80');
INSERT INTO SeriesGenre(seriesId, genreId) VALUES(71446,'18');
INSERT INTO SeriesCountry(seriesId, countryId) VALUES(71446,'ES');
INSERT INTO SeriesNetwork(seriesId, networkId) VALUES(71446,'213');
INSERT INTO Networks(id, nname, logo, originCountry) VALUES('400','Antena 3', '/l7MngINTyv0O6mNlwNsUlhQ9iwZ.png', 'ES');
INSERT INTO SeriesNetwork(seriesId, networkId) VALUES(71446,'400');
INSERT INTO Personen(id, name, birthday, deathday, popularity, profilePath, gender, profession) VALUES(1042728,'Úrsula Corberó','','',16.879,'/wZkK15LnloSAhzs1jxI3AZbR6f0.jpg',1,'Acting');
INSERT INTO SeriesCredits(seriesId, personId, job) VALUES(71446,1042728,'Actor');
INSERT INTO Personen(id, name, birthday, deathday, popularity, profilePath, gender, profession) VALUES(1340020,'Álvaro Morte','','',8.04,'/2TGPhdpRC5wjdFEJqnLYiN5kbwg.jpg',2,'Acting');
INSERT INTO SeriesCredits(seriesId, personId, job) VALUES(71446,1340020,'Actor');
INSERT INTO Personen(id, name, birthday, deathday, popularity, profilePath, gender, profession) VALUES(947514,'Itziar Ituño','','',6.849,'/b3N8AXDUgG3rJzbTSYCh5SFAEWk.jpg',1,'Acting');
INSERT INTO SeriesCredits(seriesId, personId, job) VALUES(71446,947514,'Actor');
INSERT INTO Personen(id, name, birthday, deathday, popularity, profilePath, gender, profession) VALUES(1109836,'Pedro Alonso','','',10.493,'/llGDFMdR3xNAIHENP50KOtaUcHX.jpg',2,'Acting');
INSERT INTO SeriesCredits(seriesId, personId, job) VALUES(71446,1109836,'Actor');
INSERT INTO Personen(id, name, birthday, deathday, popularity, profilePath, gender, profession) VALUES(1283843,'Alba Flores','','',15.688,'/vWUZkQKxj63qTNBa8DvEd0CpU64.jpg',1,'Acting');
INSERT INTO SeriesCredits(seriesId, personId, job) VALUES(71446,1283843,'Actor');
INSERT INTO Personen(id, name, birthday, deathday, popularity, profilePath, gender, profession) VALUES(1428896,'Miguel Herrán','','',12.506,'/mxOxCw2yHubuXIPjRu8nIsk1VTK.jpg',2,'Acting');
INSERT INTO SeriesCredits(seriesId, personId, job) VALUES(71446,1428896,'Actor');
INSERT INTO Personen(id, name, birthday, deathday, popularity, profilePath, gender, profession) VALUES(2013084,'Cristina López Ferraz','','',1.4,'',1,'Production');
INSERT INTO SeriesCredits(seriesId, personId, job) VALUES(71446,2013084,'Producer');
INSERT INTO Personen(id, name, birthday, deathday, popularity, profilePath, gender, profession) VALUES(1801920,'Manuel Robles','','',0.6,'',2,'Sound');
INSERT INTO SeriesCredits(seriesId, personId, job) VALUES(71446,1801920,'Sound Mixer');
INSERT INTO Personen(id, name, birthday, deathday, popularity, profilePath, gender, profession) VALUES(1714782,'José Ignacio Arrufat','','',0.608,'',0,'Sound');
INSERT INTO SeriesCredits(seriesId, personId, job) VALUES(71446,1714782,'Sound Supervisor');
INSERT INTO Personen(id, name, birthday, deathday, popularity, profilePath, gender, profession) VALUES(2013081,'Eva Martínez','','',0.6,'',0,'Costume & Make-Up');
INSERT INTO SeriesCredits(seriesId, personId, job) VALUES(71446,2013081,'Hair Designer');
INSERT INTO SeriesCredits(seriesId, personId, job) VALUES(71446,2013081,'Makeup Designer');
INSERT INTO Personen(id, name, birthday, deathday, popularity, profilePath, gender, profession) VALUES(2365659,'Laia Coll','','',0.98,'',0,'Production');
INSERT INTO SeriesCredits(seriesId, personId, job) VALUES(71446,2365659,'Production Manager');
INSERT INTO Series(id, title, overview, popularity, seasons, episodes, posterPath, voteCount, voteAvg, firstAir, lastAir, tagline) VALUES(75219,'9-1-1','Explore the high-pressure experiences of police officers, paramedics and firefighters who are thrust into the most frightening, shocking and heart-stopping situations. These emergency responders must try to balance saving those who are at their most vulnerable with solving the problems in their own lives.',210.85,4,58,'/wP9Ho6PCmmrFHLK1VjSAwZKVKtX.jpg',1257, 8.1,'2018-01-03', '2021-03-08', 'What’s your emergency?');
INSERT INTO SeriesGenre(seriesId, genreId) VALUES(75219,'18');
INSERT INTO SeriesGenre(seriesId, genreId) VALUES(75219,'10759');
INSERT INTO SeriesGenre(seriesId, genreId) VALUES(75219,'80');
INSERT INTO SeriesCountry(seriesId, countryId) VALUES(75219,'US');
INSERT INTO SeriesNetwork(seriesId, networkId) VALUES(75219,'19');
INSERT INTO Personen(id, name, birthday, deathday, popularity, profilePath, gender, profession) VALUES(23119,'Peter Krause','','',6.613,'/4p42emuJrU8fFxbBuOhYFFdzmN6.jpg',2,'Acting');
INSERT INTO SeriesCredits(seriesId, personId, job) VALUES(75219,23119,'Actor');
INSERT INTO Personen(id, name, birthday, deathday, popularity, profilePath, gender, profession) VALUES(9780,'Angela Bassett','','',6.948,'/7Oz53NKdglRzAzI2MKjM3eQXwn.jpg',1,'Acting');
INSERT INTO SeriesCredits(seriesId, personId, job) VALUES(75219,9780,'Actor');
INSERT INTO Personen(id, name, birthday, deathday, popularity, profilePath, gender, profession) VALUES(1283871,'Oliver Stark','','',5.897,'/5XrJkxXtqoy1fnur95MTDPY8K3p.jpg',2,'Acting');
INSERT INTO SeriesCredits(seriesId, personId, job) VALUES(75219,1283871,'Actor');
INSERT INTO Personen(id, name, birthday, deathday, popularity, profilePath, gender, profession) VALUES(41561,'Kenneth Choi','','',4.309,'/ycHOQV42jsYXoWMaobKTzGXy9g4.jpg',2,'Acting');
INSERT INTO SeriesCredits(seriesId, personId, job) VALUES(75219,41561,'Actor');
INSERT INTO Personen(id, name, birthday, deathday, popularity, profilePath, gender, profession) VALUES(1192492,'Aisha Hinds','','',2.009,'/zk59cqqDmJMFjnjYSC2xOqwp91r.jpg',1,'Acting');
INSERT INTO SeriesCredits(seriesId, personId, job) VALUES(75219,1192492,'Actor');
INSERT INTO Personen(id, name, birthday, deathday, popularity, profilePath, gender, profession) VALUES(33259,'Jennifer Love Hewitt','','',7.836,'/6Rg9fzsDRv2PpawkLAGKdDGNZ3H.jpg',1,'Acting');
INSERT INTO SeriesCredits(seriesId, personId, job) VALUES(75219,33259,'Actor');
INSERT INTO Series(id, title, overview, popularity, seasons, episodes, posterPath, voteCount, voteAvg, firstAir, lastAir, tagline) VALUES(2734,'Law & Order: Special Victims Unit','In the criminal justice system, sexually-based offenses are considered especially heinous. In New York City, the dedicated detectives who investigate these vicious felonies are members of an elite squad known as the Special Victims Unit. These are their stories.',210.529,22,489,'/jDCgWVlejIo8sQYxw3Yf1cVQUIL.jpg',2364, 7.8,'1999-09-20', '2021-04-08', '');
INSERT INTO SeriesGenre(seriesId, genreId) VALUES(2734,'80');
INSERT INTO SeriesGenre(seriesId, genreId) VALUES(2734,'18');
INSERT INTO Networks(id, nname, logo, originCountry) VALUES('6','NBC', '/o3OedEP0f9mfZr33jz2BfXOUK5.png', 'US');
INSERT INTO SeriesNetwork(seriesId, networkId) VALUES(2734,'6');
INSERT INTO Personen(id, name, birthday, deathday, popularity, profilePath, gender, profession) VALUES(6240,'Mariska Hargitay','','',7.755,'/7tULgPSy5hksTi7mBF9uOnrrzHX.jpg',1,'Acting');
INSERT INTO SeriesCredits(seriesId, personId, job) VALUES(2734,6240,'Actor');
INSERT INTO Personen(id, name, birthday, deathday, popularity, profilePath, gender, profession) VALUES(21411,'Ice-T','','',3.614,'/iqyAw0iTgESyykWIUtMP0CoP88J.jpg',2,'Acting');
INSERT INTO SeriesCredits(seriesId, personId, job) VALUES(2734,21411,'Actor');
INSERT INTO Personen(id, name, birthday, deathday, popularity, profilePath, gender, profession) VALUES(206637,'Kelli Giddish','','',3.942,'/3zcqEyAguRhYofePyJehWm19uUX.jpg',1,'Acting');
INSERT INTO SeriesCredits(seriesId, personId, job) VALUES(2734,206637,'Actor');
INSERT INTO Personen(id, name, birthday, deathday, popularity, profilePath, gender, profession) VALUES(1217599,'Peter Scanavino','','',1.862,'/kQzX89Ar4rEC1wwHcuDMr0YxUve.jpg',2,'Acting');
INSERT INTO SeriesCredits(seriesId, personId, job) VALUES(2734,1217599,'Actor');
INSERT INTO Personen(id, name, birthday, deathday, popularity, profilePath, gender, profession) VALUES(180921,'Demore Barnes','','',2.061,'/1Uwsms7rOSRNQWVb6HvvyejbFzw.jpg',2,'Acting');
INSERT INTO SeriesCredits(seriesId, personId, job) VALUES(2734,180921,'Actor');
INSERT INTO Personen(id, name, birthday, deathday, popularity, profilePath, gender, profession) VALUES(1367620,'Jamie Gray Hyder','','',1.277,'/xVg5JQTEsdTw9IVen33g3GkisLg.jpg',1,'Acting');
INSERT INTO SeriesCredits(seriesId, personId, job) VALUES(2734,1367620,'Actor');
INSERT INTO Series(id, title, overview, popularity, seasons, episodes, posterPath, voteCount, voteAvg, firstAir, lastAir, tagline) VALUES(82883,'The Act','A seasonal anthology series that tells startling, stranger-than-fiction true crime stories with the first season following Gypsy Blanchard, a girl trying to escape the toxic relationship she has with her overprotective mother.',209.801,1,8,'/vb1sQLC2MqfCPOFqHd8SyVsyDVB.jpg',3814, 7.5,'2019-03-20', '2019-05-01', '');
INSERT INTO SeriesGenre(seriesId, genreId) VALUES(82883,'18');
INSERT INTO SeriesGenre(seriesId, genreId) VALUES(82883,'80');
INSERT INTO SeriesGenre(seriesId, genreId) VALUES(82883,'9648');
INSERT INTO SeriesCountry(seriesId, countryId) VALUES(82883,'US');
INSERT INTO Networks(id, nname, logo, originCountry) VALUES('453','Hulu', '/pqUTCleNUiTLAVlelGxUgWn1ELh.png', 'US');
INSERT INTO SeriesNetwork(seriesId, networkId) VALUES(82883,'453');
INSERT INTO Personen(id, name, birthday, deathday, popularity, profilePath, gender, profession) VALUES(4687,'Patricia Arquette','','',7.834,'/ey1hF8BPRIosiFQekASnkZgOu2h.jpg',1,'Acting');
INSERT INTO SeriesCredits(seriesId, personId, job) VALUES(82883,4687,'Actor');
INSERT INTO Personen(id, name, birthday, deathday, popularity, profilePath, gender, profession) VALUES(125025,'Joey King','','',11.28,'/jUuKlP1hjPJ6R0d6MhUytr85oRL.jpg',1,'Acting');
INSERT INTO SeriesCredits(seriesId, personId, job) VALUES(82883,125025,'Actor');
INSERT INTO Personen(id, name, birthday, deathday, popularity, profilePath, gender, profession) VALUES(1285,'AnnaSophia Robb','','',7.511,'/tWlnAuyQeFidHcAo2zUVxNv0G0T.jpg',1,'Acting');
INSERT INTO SeriesCredits(seriesId, personId, job) VALUES(82883,1285,'Actor');
INSERT INTO Personen(id, name, birthday, deathday, popularity, profilePath, gender, profession) VALUES(2838,'Chloë Sevigny','','',3.6,'/nC9jDliEnqbwSKhioUBd9gObDnr.jpg',1,'Acting');
INSERT INTO SeriesCredits(seriesId, personId, job) VALUES(82883,2838,'Actor');
INSERT INTO Personen(id, name, birthday, deathday, popularity, profilePath, gender, profession) VALUES(82626,'Calum Worthy','','',3.422,'/n4WmcFp0x7YAwwNSlDRPA1uXGQb.jpg',2,'Acting');
INSERT INTO SeriesCredits(seriesId, personId, job) VALUES(82883,82626,'Actor');
INSERT INTO SeriesCredits(seriesId, personId, job) VALUES(82883,1114792,'Executive Producer');
INSERT INTO Personen(id, name, birthday, deathday, popularity, profilePath, gender, profession) VALUES(1461620,'Michelle Dean','','',0.6,'',0,'Visual Effects');
INSERT INTO SeriesCredits(seriesId, personId, job) VALUES(82883,1461620,'Executive Producer');
INSERT INTO Personen(id, name, birthday, deathday, popularity, profilePath, gender, profession) VALUES(1394672,'Zachary Galler','','',0.98,'',2,'Camera');
INSERT INTO SeriesCredits(seriesId, personId, job) VALUES(82883,1394672,'Director of Photography');
INSERT INTO Personen(id, name, birthday, deathday, popularity, profilePath, gender, profession) VALUES(63190,'David Kirchner','','',0.6,'',2,'Production');
INSERT INTO SeriesCredits(seriesId, personId, job) VALUES(82883,63190,'Co-Producer');
INSERT INTO Series(id, title, overview, popularity, seasons, episodes, posterPath, voteCount, voteAvg, firstAir, lastAir, tagline) VALUES(104711,'Edens Zero','At Granbell Kingdom, an abandoned amusement park, Shiki has lived his entire life among machines. But one day, Rebecca and her cat companion Happy appear at the park\'s front gates. Little do these newcomers know that this is the first human contact Granbell has had in a hundred years!

As Shiki stumbles his way into making new friends, his former neighbors stir at an opportunity for a robo-rebellion… And when his old homeland becomes too dangerous, Shiki must join Rebecca and Happy on their spaceship and escape into the boundless cosmos.',207.274,1,25,'/zwj3sFZksoFsKqYPMmqGB95H3XJ.jpg',2, 8.5,'2021-04-11', '2021-04-11', '');
INSERT INTO SeriesGenre(seriesId, genreId) VALUES(104711,'16');
INSERT INTO SeriesGenre(seriesId, genreId) VALUES(104711,'35');
INSERT INTO SeriesGenre(seriesId, genreId) VALUES(104711,'10759');
INSERT INTO SeriesGenre(seriesId, genreId) VALUES(104711,'10765');
INSERT INTO SeriesCountry(seriesId, countryId) VALUES(104711,'JP');
INSERT INTO Networks(id, nname, logo, originCountry) VALUES('57','NTV', '/uxaXSoT8K0S2NE5PWsBpHUl3GGU.png', 'JP');
INSERT INTO SeriesNetwork(seriesId, networkId) VALUES(104711,'57');
INSERT INTO SeriesCredits(seriesId, personId, job) VALUES(104711,222350,'Actor');
INSERT INTO Personen(id, name, birthday, deathday, popularity, profilePath, gender, profession) VALUES(1281498,'Mikako Komatsu','','',5.442,'/13tQEZ1tLdOmi7oGoRJ4xep1ODQ.jpg',1,'Acting');
INSERT INTO SeriesCredits(seriesId, personId, job) VALUES(104711,1281498,'Actor');
INSERT INTO Personen(id, name, birthday, deathday, popularity, profilePath, gender, profession) VALUES(83928,'Rie Kugimiya','','',8.638,'/5uxG4tsx8vCfxI8yr1RoeDkrsDg.jpg',1,'Acting');
INSERT INTO SeriesCredits(seriesId, personId, job) VALUES(104711,83928,'Actor');
INSERT INTO Personen(id, name, birthday, deathday, popularity, profilePath, gender, profession) VALUES(2376045,'Hiromichi Tezuka','','',1.094,'/6fhWdRzlDtzOrxhffLyaoUun8Gy.jpg',2,'Acting');
INSERT INTO SeriesCredits(seriesId, personId, job) VALUES(104711,2376045,'Actor');
INSERT INTO Personen(id, name, birthday, deathday, popularity, profilePath, gender, profession) VALUES(1647448,'Shiori Izawa','','',2.221,'/eHptDnhb7y2ODEJJczftCFG2uHF.jpg',1,'Acting');
INSERT INTO SeriesCredits(seriesId, personId, job) VALUES(104711,1647448,'Actor');
INSERT INTO Personen(id, name, birthday, deathday, popularity, profilePath, gender, profession) VALUES(2412142,'Shiki Aoki','','',1.38,'/qaM9R2f5O2vX70HM6Oj8fuyys72.jpg',0,'Acting');
INSERT INTO SeriesCredits(seriesId, personId, job) VALUES(104711,2412142,'Actor');
INSERT INTO Personen(id, name, birthday, deathday, popularity, profilePath, gender, profession) VALUES(1294589,'Mitsutaka Hirota','','',0.94,'/6iZsaJdsEyCaUGXz7IJ1KEJPg9Q.jpg',2,'Writing');
INSERT INTO SeriesCredits(seriesId, personId, job) VALUES(104711,1294589,'Script');
INSERT INTO Personen(id, name, birthday, deathday, popularity, profilePath, gender, profession) VALUES(2792426,'Yurika Sako','','',0.6,'',0,'Visual Effects');
INSERT INTO SeriesCredits(seriesId, personId, job) VALUES(104711,2792426,'Character Designer');
INSERT INTO Personen(id, name, birthday, deathday, popularity, profilePath, gender, profession) VALUES(2792423,'Yūshi Suzuki','','',0.6,'',2,'Directing');
INSERT INTO SeriesCredits(seriesId, personId, job) VALUES(104711,2792423,'Series Director');
INSERT INTO Personen(id, name, birthday, deathday, popularity, profilePath, gender, profession) VALUES(1257425,'Hiro Mashima','','',1.052,'',0,'Creator');
INSERT INTO SeriesCredits(seriesId, personId, job) VALUES(104711,1257425,'Comic Book');
INSERT INTO Personen(id, name, birthday, deathday, popularity, profilePath, gender, profession) VALUES(222335,'Yoshihisa Hirano','','',0.6,'',2,'Sound');
INSERT INTO SeriesCredits(seriesId, personId, job) VALUES(104711,222335,'Original Music Composer');
INSERT INTO Personen(id, name, birthday, deathday, popularity, profilePath, gender, profession) VALUES(1247626,'Takanori Nishikawa','','',0.6,'/2h61TKTlYuA2q9oIFjMcx48Db9K.jpg',2,'Acting');
INSERT INTO SeriesCredits(seriesId, personId, job) VALUES(104711,1247626,'Theme Song Performance');
INSERT INTO Series(id, title, overview, popularity, seasons, episodes, posterPath, voteCount, voteAvg, firstAir, lastAir, tagline) VALUES(1429,'Attack on Titan','Several hundred years ago, humans were nearly exterminated by Titans. Titans are typically several stories tall, seem to have no intelligence, devour human beings and, worst of all, seem to do it for the pleasure rather than as a food source. A small percentage of humanity survived by walling themselves in a city protected by extremely high walls, even taller than the biggest Titans. Flash forward to the present and the city has not seen a Titan in over 100 years. Teenage boy Eren and his foster sister Mikasa witness something horrific as the city walls are destroyed by a Colossal Titan that appears out of thin air. As the smaller Titans flood the city, the two kids watch in horror as their mother is eaten alive. Eren vows that he will murder every single Titan and take revenge for all of mankind.',205.94,4,76,'/aiy35Evcofzl7hASZZvsFgltHTX.jpg',3219, 8.6,'2013-04-07', '2021-03-29', '');
INSERT INTO SeriesGenre(seriesId, genreId) VALUES(1429,'10765');
INSERT INTO SeriesGenre(seriesId, genreId) VALUES(1429,'16');
INSERT INTO SeriesGenre(seriesId, genreId) VALUES(1429,'10759');
INSERT INTO SeriesCountry(seriesId, countryId) VALUES(1429,'JP');
INSERT INTO Networks(id, nname, logo, originCountry) VALUES('12','HTB', '/eJSYeF1YIyQbZdTRNxuvVKaZOIK.png', 'JP');
INSERT INTO SeriesNetwork(seriesId, networkId) VALUES(1429,'12');
INSERT INTO SeriesNetwork(seriesId, networkId) VALUES(1429,'94');
INSERT INTO Networks(id, nname, logo, originCountry) VALUES('614','Tokyo MX', '/3qFArHw6nrFIdkH2tPht701sNhs.png', 'JP');
INSERT INTO SeriesNetwork(seriesId, networkId) VALUES(1429,'614');
INSERT INTO Networks(id, nname, logo, originCountry) VALUES('861','BS11', '/JQ5bx6n7Qmdmyqz6sqjo5Fz2iR.png', 'JP');
INSERT INTO SeriesNetwork(seriesId, networkId) VALUES(1429,'861');
INSERT INTO Networks(id, nname, logo, originCountry) VALUES('1896','FBS', '/suqJy99xiGr8PV7eQovUFRgquYT.png', 'JP');
INSERT INTO SeriesNetwork(seriesId, networkId) VALUES(1429,'1896');
INSERT INTO Networks(id, nname, logo, originCountry) VALUES('2334','NHK', '/rioX0zGJHGnuEm9iGMVL6N9guA0.png', 'JP');
INSERT INTO SeriesNetwork(seriesId, networkId) VALUES(1429,'2334');
INSERT INTO SeriesCredits(seriesId, personId, job) VALUES(1429,149894,'Actor');
INSERT INTO Personen(id, name, birthday, deathday, popularity, profilePath, gender, profession) VALUES(1224288,'Yui Ishikawa','','',8.395,'/7IUIHnRDWZq71EHMdomW3AvInd1.jpg',1,'Acting');
INSERT INTO SeriesCredits(seriesId, personId, job) VALUES(1429,1224288,'Actor');
INSERT INTO Personen(id, name, birthday, deathday, popularity, profilePath, gender, profession) VALUES(90135,'Marina Inoue','','',12.686,'/mLOmX3hKRMqwIyHKAvWrxSi1U0x.jpg',1,'Acting');
INSERT INTO SeriesCredits(seriesId, personId, job) VALUES(1429,90135,'Actor');
INSERT INTO Personen(id, name, birthday, deathday, popularity, profilePath, gender, profession) VALUES(553959,'Kisho Taniyama','','',4.067,'/9lOnUF6C6xEhZ0FQmYNzNZhcUpd.jpg',2,'Acting');
INSERT INTO SeriesCredits(seriesId, personId, job) VALUES(1429,553959,'Actor');
INSERT INTO SeriesCredits(seriesId, personId, job) VALUES(1429,119145,'Actor');
INSERT INTO Personen(id, name, birthday, deathday, popularity, profilePath, gender, profession) VALUES(1253008,'Yoshimasa Hosoya','','',5.965,'/r90gExomlgr7IEt3vZ1Y0xYkXHT.jpg',2,'Acting');
INSERT INTO SeriesCredits(seriesId, personId, job) VALUES(1429,1253008,'Actor');
INSERT INTO Personen(id, name, birthday, deathday, popularity, profilePath, gender, profession) VALUES(2522180,'Junko Suenaga','','',0.6,'',1,'Visual Effects');
INSERT INTO SeriesCredits(seriesId, personId, job) VALUES(1429,2522180,'Color Designer');
INSERT INTO Personen(id, name, birthday, deathday, popularity, profilePath, gender, profession) VALUES(1842744,'Tomohiro Kishi','','',0.6,'',0,'Visual Effects');
INSERT INTO SeriesCredits(seriesId, personId, job) VALUES(1429,1842744,'Character Designer');
INSERT INTO Personen(id, name, birthday, deathday, popularity, profilePath, gender, profession) VALUES(2018339,'Shigeki Asakawa','','',0.6,'',1,'Camera');
INSERT INTO SeriesCredits(seriesId, personId, job) VALUES(1429,2018339,'Director of Photography');
INSERT INTO Personen(id, name, birthday, deathday, popularity, profilePath, gender, profession) VALUES(2659302,'Takahiro Uezono','','',0.6,'',0,'Visual Effects');
INSERT INTO SeriesCredits(seriesId, personId, job) VALUES(1429,2659302,'3D Director');
INSERT INTO Personen(id, name, birthday, deathday, popularity, profilePath, gender, profession) VALUES(2659300,'Kohta Yamamoto','','',0.6,'/3MLPAx4RvBmjAKXhLvnp4u6CQpD.jpg',2,'Sound');
INSERT INTO SeriesCredits(seriesId, personId, job) VALUES(1429,2659300,'Original Music Composer');
INSERT INTO Personen(id, name, birthday, deathday, popularity, profilePath, gender, profession) VALUES(996639,'Jun Shishido','','',0.6,'',2,'Directing');
INSERT INTO SeriesCredits(seriesId, personId, job) VALUES(1429,996639,'Series Director');
INSERT INTO Series(id, title, overview, popularity, seasons, episodes, posterPath, voteCount, voteAvg, firstAir, lastAir, tagline) VALUES(62688,'Supergirl','Twenty-four-year-old Kara Zor-El, who was taken in by the Danvers family when she was 13 after being sent away from Krypton, must learn to embrace her powers after previously hiding them. The Danvers teach her to be careful with her powers, until she has to reveal them during an unexpected disaster, setting her on her journey of heroism.',204.124,6,113,'/zsaiq8ZclPuneuN7loLEbsh1ANJ.jpg',2945, 7.2,'2015-10-26', '2021-04-06', 'A force against fear');
INSERT INTO SeriesGenre(seriesId, genreId) VALUES(62688,'18');
INSERT INTO SeriesGenre(seriesId, genreId) VALUES(62688,'10765');
INSERT INTO SeriesGenre(seriesId, genreId) VALUES(62688,'10759');
INSERT INTO SeriesCountry(seriesId, countryId) VALUES(62688,'US');
INSERT INTO SeriesNetwork(seriesId, networkId) VALUES(62688,'16');
INSERT INTO SeriesNetwork(seriesId, networkId) VALUES(62688,'71');
INSERT INTO Personen(id, name, birthday, deathday, popularity, profilePath, gender, profession) VALUES(129104,'Melissa Benoist','','',13.489,'/1F0fCPNhb5W0WyFe8Tszfbx1DEp.jpg',1,'Acting');
INSERT INTO SeriesCredits(seriesId, personId, job) VALUES(62688,129104,'Actor');
INSERT INTO Personen(id, name, birthday, deathday, popularity, profilePath, gender, profession) VALUES(69210,'Chyler Leigh','','',6.395,'/wuNMNPmV802aIZQeP8XNfsnNfYH.jpg',1,'Acting');
INSERT INTO SeriesCredits(seriesId, personId, job) VALUES(62688,69210,'Actor');
INSERT INTO Personen(id, name, birthday, deathday, popularity, profilePath, gender, profession) VALUES(16752,'David Harewood','','',9.696,'/8scO8ISd5UH6MNMr9kyb4H6aAWD.jpg',2,'Acting');
INSERT INTO SeriesCredits(seriesId, personId, job) VALUES(62688,16752,'Actor');
INSERT INTO Personen(id, name, birthday, deathday, popularity, profilePath, gender, profession) VALUES(150587,'Katie McGrath','','',8.139,'/cq9pc7qFRUKCrkXgsi5mJkb64U5.jpg',1,'Acting');
INSERT INTO SeriesCredits(seriesId, personId, job) VALUES(62688,150587,'Actor');
INSERT INTO Personen(id, name, birthday, deathday, popularity, profilePath, gender, profession) VALUES(96593,'Jesse Rath','','',1.642,'/AphsaApS4dINg5y3oO9Y2qDDbeV.jpg',2,'Acting');
INSERT INTO SeriesCredits(seriesId, personId, job) VALUES(62688,96593,'Actor');
INSERT INTO Personen(id, name, birthday, deathday, popularity, profilePath, gender, profession) VALUES(1718957,'Nicole Maines','','',3.2,'/4LBk3R26NpjH78hJ2W1T8h3luil.jpg',1,'Acting');
INSERT INTO SeriesCredits(seriesId, personId, job) VALUES(62688,1718957,'Actor');
INSERT INTO Personen(id, name, birthday, deathday, popularity, profilePath, gender, profession) VALUES(1218135,'Rob Wright','','',1.4,'',0,'Writing');
INSERT INTO SeriesCredits(seriesId, personId, job) VALUES(62688,1218135,'Executive Producer');
INSERT INTO Personen(id, name, birthday, deathday, popularity, profilePath, gender, profession) VALUES(3031809,'Chris Pavoni','','',0.6,'',2,'Production');
INSERT INTO SeriesCredits(seriesId, personId, job) VALUES(62688,3031809,'Co-Executive Producer');
INSERT INTO Personen(id, name, birthday, deathday, popularity, profilePath, gender, profession) VALUES(1890015,'Elle Lipson','','',0.6,'',0,'Writing');
INSERT INTO SeriesCredits(seriesId, personId, job) VALUES(62688,1890015,'Co-Producer');
INSERT INTO Personen(id, name, birthday, deathday, popularity, profilePath, gender, profession) VALUES(1498016,'Emilio Ortega Aldrich','','',0.75,'',0,'Writing');
INSERT INTO SeriesCredits(seriesId, personId, job) VALUES(62688,1498016,'Producer');
INSERT INTO Personen(id, name, birthday, deathday, popularity, profilePath, gender, profession) VALUES(2339934,'J. Holtham','','',0.618,'/rdFvo1bFwqecSYTQ987SFdkU17I.jpg',2,'Writing');
INSERT INTO SeriesCredits(seriesId, personId, job) VALUES(62688,2339934,'Supervising Producer');
INSERT INTO Personen(id, name, birthday, deathday, popularity, profilePath, gender, profession) VALUES(1378801,'Jay Faerber','','',0.6,'',0,'Writing');
INSERT INTO SeriesCredits(seriesId, personId, job) VALUES(62688,1378801,'Supervising Producer');
INSERT INTO Series(id, title, overview, popularity, seasons, episodes, posterPath, voteCount, voteAvg, firstAir, lastAir, tagline) VALUES(87083,'Formula 1: Drive to Survive','Drivers, managers and team owners live life in the fast lane -- both on and off the track -- during one cutthroat season of Formula 1 racing.',203.022,3,30,'/hZZpqv9bKo9tUMmQY54HIJcgyqx.jpg',79, 8.3,'2019-03-08', '2021-03-19', '');
INSERT INTO SeriesGenre(seriesId, genreId) VALUES(87083,'99');
INSERT INTO SeriesCountry(seriesId, countryId) VALUES(87083,'US');
INSERT INTO SeriesNetwork(seriesId, networkId) VALUES(87083,'213');
INSERT INTO Personen(id, name, birthday, deathday, popularity, profilePath, gender, profession) VALUES(216294,'Lewis Hamilton','','',1.22,'/comoEMUsDcj9f9HX4tRNOzIHpVQ.jpg',2,'Acting');
INSERT INTO SeriesCredits(seriesId, personId, job) VALUES(87083,216294,'Actor');
INSERT INTO Personen(id, name, birthday, deathday, popularity, profilePath, gender, profession) VALUES(1448046,'Valtteri Bottas','','',1.22,'/7ufjyJta2jpNYtXqbeNVASYPf2V.jpg',2,'Acting');
INSERT INTO SeriesCredits(seriesId, personId, job) VALUES(87083,1448046,'Actor');
INSERT INTO Personen(id, name, birthday, deathday, popularity, profilePath, gender, profession) VALUES(1448051,'Max Verstappen','','',1.553,'/bYFOKgT9Tipris3qpuGeLwu4xuc.jpg',2,'Acting');
INSERT INTO SeriesCredits(seriesId, personId, job) VALUES(87083,1448051,'Actor');
INSERT INTO Personen(id, name, birthday, deathday, popularity, profilePath, gender, profession) VALUES(1448059,'Sergio Pérez','','',0.6,'/t8VB9hdi6nFGw9ujaKu6fUyMH0c.jpg',2,'Acting');
INSERT INTO SeriesCredits(seriesId, personId, job) VALUES(87083,1448059,'Actor');
INSERT INTO Personen(id, name, birthday, deathday, popularity, profilePath, gender, profession) VALUES(1448048,'Daniel Ricciardo','','',0.636,'/6cBg7flasXgBPvcdbGZiFPGJfAF.jpg',2,'Acting');
INSERT INTO SeriesCredits(seriesId, personId, job) VALUES(87083,1448048,'Actor');
INSERT INTO Personen(id, name, birthday, deathday, popularity, profilePath, gender, profession) VALUES(2309871,'Carlos Sainz Jr.','','',1.38,'/vv68ZzpJLiSKPfxdMyd0HU0FCda.jpg',2,'Acting');
INSERT INTO SeriesCredits(seriesId, personId, job) VALUES(87083,2309871,'Actor');
INSERT INTO Series(id, title, overview, popularity, seasons, episodes, posterPath, voteCount, voteAvg, firstAir, lastAir, tagline) VALUES(46952,'The Blacklist','Raymond "Red" Reddington, one of the FBI\'s most wanted fugitives, surrenders in person at FBI Headquarters in Washington, D.C. He claims that he and the FBI have the same interests: bringing down dangerous criminals and terrorists. In the last two decades, he\'s made a list of criminals and terrorists that matter the most but the FBI cannot find because it does not know they exist. Reddington calls this "The Blacklist". Reddington will co-operate, but insists that he will speak only to Elizabeth Keen, a rookie FBI profiler.',201.763,8,167,'/htJzeRcYI2ewMm4PTrg98UMXShe.jpg',1921, 7.4,'2013-09-23', '2021-04-02', 'Family. Business.');
INSERT INTO SeriesGenre(seriesId, genreId) VALUES(46952,'18');
INSERT INTO SeriesGenre(seriesId, genreId) VALUES(46952,'80');
INSERT INTO SeriesGenre(seriesId, genreId) VALUES(46952,'9648');
INSERT INTO SeriesNetwork(seriesId, networkId) VALUES(46952,'6');
INSERT INTO Personen(id, name, birthday, deathday, popularity, profilePath, gender, profession) VALUES(13548,'James Spader','','',8.601,'/ccSBn22AdxXVbbjfzBrMkKlJKV9.jpg',2,'Acting');
INSERT INTO SeriesCredits(seriesId, personId, job) VALUES(46952,13548,'Actor');
INSERT INTO Personen(id, name, birthday, deathday, popularity, profilePath, gender, profession) VALUES(222141,'Megan Boone','','',7.503,'/8SjSPu2IJQVvuM2rP0KPNmze6Dz.jpg',1,'Acting');
INSERT INTO SeriesCredits(seriesId, personId, job) VALUES(46952,222141,'Actor');
INSERT INTO Personen(id, name, birthday, deathday, popularity, profilePath, gender, profession) VALUES(9464,'Harry Lennix','','',4.888,'/kNGiizWpetf4pyAkINkjkWacmCL.jpg',2,'Acting');
INSERT INTO SeriesCredits(seriesId, personId, job) VALUES(46952,9464,'Actor');
INSERT INTO Personen(id, name, birthday, deathday, popularity, profilePath, gender, profession) VALUES(142193,'Diego Klattenhoff','','',7.658,'/6OV26Iq6qTXg4S3M7UnJglHBwHZ.jpg',2,'Acting');
INSERT INTO SeriesCredits(seriesId, personId, job) VALUES(46952,142193,'Actor');
INSERT INTO Personen(id, name, birthday, deathday, popularity, profilePath, gender, profession) VALUES(144583,'Hisham Tawfiq','','',5.123,'/go8XkwY6pbqfUDExs7o1U6O1r5u.jpg',2,'Acting');
INSERT INTO SeriesCredits(seriesId, personId, job) VALUES(46952,144583,'Actor');
INSERT INTO Personen(id, name, birthday, deathday, popularity, profilePath, gender, profession) VALUES(164431,'Amir Arison','','',4.656,'/5oecIPqgmQIcB0VEzBJVL9v5YBx.jpg',2,'Acting');
INSERT INTO SeriesCredits(seriesId, personId, job) VALUES(46952,164431,'Actor');
INSERT INTO Series(id, title, overview, popularity, seasons, episodes, posterPath, voteCount, voteAvg, firstAir, lastAir, tagline) VALUES(118956,'DOTA: Dragon\'s Blood','After encounters with a dragon and a princess on her own mission, a Dragon Knight becomes embroiled in events larger than he could have ever imagined.',200.733,1,8,'/s1wP1YeQS9fgSHiXZ3yJb2ufB2D.jpg',91, 8.2,'2021-03-25', '2021-03-25', 'Against all odds, heroes will rise.');
INSERT INTO SeriesGenre(seriesId, genreId) VALUES(118956,'10759');
INSERT INTO SeriesGenre(seriesId, genreId) VALUES(118956,'16');
INSERT INTO SeriesGenre(seriesId, genreId) VALUES(118956,'10765');
INSERT INTO SeriesCountry(seriesId, countryId) VALUES(118956,'KR');
INSERT INTO SeriesCountry(seriesId, countryId) VALUES(118956,'US');
INSERT INTO SeriesNetwork(seriesId, networkId) VALUES(118956,'213');
INSERT INTO Personen(id, name, birthday, deathday, popularity, profilePath, gender, profession) VALUES(213083,'Lara Pulver','','',4.512,'/cJxfjquWo9p03Y27gEDUHD8QUPC.jpg',1,'Acting');
INSERT INTO SeriesCredits(seriesId, personId, job) VALUES(118956,213083,'Actor');
INSERT INTO Personen(id, name, birthday, deathday, popularity, profilePath, gender, profession) VALUES(19384,'Tony Todd','','',5.268,'/Tl2wuhRon93SkcAj1jyC52bQaG.jpg',2,'Acting');
INSERT INTO SeriesCredits(seriesId, personId, job) VALUES(118956,19384,'Actor');
INSERT INTO Personen(id, name, birthday, deathday, popularity, profilePath, gender, profession) VALUES(127387,'Yuri Lowenthal','','',6.446,'/68tBtkEmCUws4BAr2TQ5OIs2hIR.jpg',2,'Acting');
INSERT INTO SeriesCredits(seriesId, personId, job) VALUES(118956,127387,'Actor');
INSERT INTO Personen(id, name, birthday, deathday, popularity, profilePath, gender, profession) VALUES(963818,'Troy Baker','','',4.234,'/k3eNrfCd6tEH7RKDwn6ZUpmjMnf.jpg',2,'Acting');
INSERT INTO SeriesCredits(seriesId, personId, job) VALUES(118956,963818,'Actor');
INSERT INTO Personen(id, name, birthday, deathday, popularity, profilePath, gender, profession) VALUES(67484,'Ashley Edward Miller','','',1.886,'/dvWGQk1DXtZii0rfAAzLjWbIJPP.jpg',2,'Writing');
INSERT INTO SeriesCredits(seriesId, personId, job) VALUES(118956,67484,'Executive Producer');
INSERT INTO Personen(id, name, birthday, deathday, popularity, profilePath, gender, profession) VALUES(1252487,'Ki Hyun Ryu','','',0.6,'/igGe9ln2CxcMlRkv3Eo2UMgSSv4.jpg',2,'Art');
INSERT INTO SeriesCredits(seriesId, personId, job) VALUES(118956,1252487,'Co-Executive Producer');
INSERT INTO Personen(id, name, birthday, deathday, popularity, profilePath, gender, profession) VALUES(71540,'Steven Melching','','',0.6,'',0,'Writing');
INSERT INTO SeriesCredits(seriesId, personId, job) VALUES(118956,71540,'Supervising Producer');
INSERT INTO Personen(id, name, birthday, deathday, popularity, profilePath, gender, profession) VALUES(3024124,'Cheong-Il Han','','',0.6,'',0,'Production');
INSERT INTO SeriesCredits(seriesId, personId, job) VALUES(118956,3024124,'Supervising Producer');
INSERT INTO Personen(id, name, birthday, deathday, popularity, profilePath, gender, profession) VALUES(1116126,'Meredith Layne','','',0.6,'',1,'Production');
INSERT INTO SeriesCredits(seriesId, personId, job) VALUES(118956,1116126,'Casting');
INSERT INTO Personen(id, name, birthday, deathday, popularity, profilePath, gender, profession) VALUES(3024202,'Dino Meneghin','','',0.6,'',2,'Sound');
INSERT INTO SeriesCredits(seriesId, personId, job) VALUES(118956,3024202,'Original Music Composer');
INSERT INTO Series(id, title, overview, popularity, seasons, episodes, posterPath, voteCount, voteAvg, firstAir, lastAir, tagline) VALUES(79680,'Snowpiercer','Set more than seven years after the world has become a frozen wasteland, the remnants of humanity inhabit a gigantic, perpetually-moving train that circles the globe as class warfare, social injustice and the politics of survival play out.',199.932,2,20,'/95xQPSqwvQDRoB3rXUn4lRyJrBW.jpg',610, 7.4,'2020-05-17', '2021-03-29', 'Prepare to brace.');
INSERT INTO SeriesGenre(seriesId, genreId) VALUES(79680,'10765');
INSERT INTO SeriesCountry(seriesId, countryId) VALUES(79680,'US');
INSERT INTO Networks(id, nname, logo, originCountry) VALUES('41','TNT', '/6ISsKwa2XUhSC6oBtHZjYf6xFqv.png', 'US');
INSERT INTO SeriesNetwork(seriesId, networkId) VALUES(79680,'41');
INSERT INTO Personen(id, name, birthday, deathday, popularity, profilePath, gender, profession) VALUES(6161,'Jennifer Connelly','','',11.5,'/egh1eOHuYgeoqdlLQgaXMl6cPOm.jpg',1,'Acting');
INSERT INTO SeriesCredits(seriesId, personId, job) VALUES(79680,6161,'Actor');
INSERT INTO SeriesCredits(seriesId, personId, job) VALUES(79680,1652371,'Actor');
INSERT INTO Personen(id, name, birthday, deathday, popularity, profilePath, gender, profession) VALUES(1175394,'Mickey Sumner','','',2.855,'/cJzv6ClDQFUWu8QVsszbfVOqLE1.jpg',1,'Acting');
INSERT INTO SeriesCredits(seriesId, personId, job) VALUES(79680,1175394,'Actor');
INSERT INTO Personen(id, name, birthday, deathday, popularity, profilePath, gender, profession) VALUES(1257565,'Alison Wright','','',1.682,'/yVdCk5eWk5syRrBdxjrnJ1O2Rpg.jpg',1,'Acting');
INSERT INTO SeriesCredits(seriesId, personId, job) VALUES(79680,1257565,'Actor');
INSERT INTO Personen(id, name, birthday, deathday, popularity, profilePath, gender, profession) VALUES(1545427,'Lena Hall','','',1.533,'/iVH6raaj451XmMZ99uaIQFLTDCf.jpg',1,'Acting');
INSERT INTO SeriesCredits(seriesId, personId, job) VALUES(79680,1545427,'Actor');
INSERT INTO Personen(id, name, birthday, deathday, popularity, profilePath, gender, profession) VALUES(94958,'Iddo Goldberg','','',3.382,'/dJGHbLmYKxLy87jduKGm5jDtBnR.jpg',2,'Acting');
INSERT INTO SeriesCredits(seriesId, personId, job) VALUES(79680,94958,'Actor');
INSERT INTO Personen(id, name, birthday, deathday, popularity, profilePath, gender, profession) VALUES(1795935,'Jay Prychidny','','',0.6,'/yynPLgFssTsCziiOU1dVBnTt7QO.jpg',2,'Editing');
INSERT INTO SeriesCredits(seriesId, personId, job) VALUES(79680,1795935,'Co-Producer');
INSERT INTO Personen(id, name, birthday, deathday, popularity, profilePath, gender, profession) VALUES(2653341,'Donald Joh','','',0.6,'',0,'Writing');
INSERT INTO SeriesCredits(seriesId, personId, job) VALUES(79680,2653341,'Co-Producer');
INSERT INTO Personen(id, name, birthday, deathday, popularity, profilePath, gender, profession) VALUES(1735045,'Bill Balas','','',0.6,'',2,'Writing');
INSERT INTO SeriesCredits(seriesId, personId, job) VALUES(79680,1735045,'Producer');
INSERT INTO Personen(id, name, birthday, deathday, popularity, profilePath, gender, profession) VALUES(1447826,'Zak Schwartz','','',0.6,'',0,'Writing');
INSERT INTO SeriesCredits(seriesId, personId, job) VALUES(79680,1447826,'Co-Executive Producer');
INSERT INTO Personen(id, name, birthday, deathday, popularity, profilePath, gender, profession) VALUES(2354528,'Kiersten Van Horne','','',0.6,'',0,'Writing');
INSERT INTO SeriesCredits(seriesId, personId, job) VALUES(79680,2354528,'Co-Executive Producer');
INSERT INTO Personen(id, name, birthday, deathday, popularity, profilePath, gender, profession) VALUES(68580,'Christoph Schrewe','','',1.4,'/sOvgFEpBsGj49JUBfKn7mJv0jak.jpg',2,'Directing');
INSERT INTO SeriesCredits(seriesId, personId, job) VALUES(79680,68580,'Co-Executive Producer');
INSERT INTO Series(id, title, overview, popularity, seasons, episodes, posterPath, voteCount, voteAvg, firstAir, lastAir, tagline) VALUES(115857,'Daughter From Another Mother','After realizing their babies were exchanged at birth, two women develop a plan to adjust to their new lives: creating a single —and peculiar— family.',198.82,1,9,'/6chvnAakKI2cYW69ODBHZHm8clb.jpg',768, 7.4,'2021-01-20', '2021-01-20', '');
INSERT INTO SeriesGenre(seriesId, genreId) VALUES(115857,'35');
INSERT INTO SeriesGenre(seriesId, genreId) VALUES(115857,'18');
INSERT INTO SeriesCountry(seriesId, countryId) VALUES(115857,'MX');
INSERT INTO SeriesNetwork(seriesId, networkId) VALUES(115857,'213');
INSERT INTO SeriesCredits(seriesId, personId, job) VALUES(115857,947296,'Actor');
INSERT INTO Personen(id, name, birthday, deathday, popularity, profilePath, gender, profession) VALUES(1641653,'Paulina Goto','','',2.728,'/n2gF9t1ytWIlA6BsVBd9NqyXG7K.jpg',1,'Acting');
INSERT INTO SeriesCredits(seriesId, personId, job) VALUES(115857,1641653,'Actor');
INSERT INTO Personen(id, name, birthday, deathday, popularity, profilePath, gender, profession) VALUES(941689,'Martín Altomaro','','',1.96,'/mwIiaS58KQ9VSDdTRChoHkD4GYq.jpg',2,'Acting');
INSERT INTO SeriesCredits(seriesId, personId, job) VALUES(115857,941689,'Actor');
INSERT INTO Personen(id, name, birthday, deathday, popularity, profilePath, gender, profession) VALUES(2941496,'Roy Verdiguel','','',1.176,'',0,'Acting');
INSERT INTO SeriesCredits(seriesId, personId, job) VALUES(115857,2941496,'Actor');
INSERT INTO Personen(id, name, birthday, deathday, popularity, profilePath, gender, profession) VALUES(1997061,'Javier Ponce Gambirazio','','',0.6,'',0,'Directing');
INSERT INTO SeriesCredits(seriesId, personId, job) VALUES(115857,1997061,'Actor');
INSERT INTO Personen(id, name, birthday, deathday, popularity, profilePath, gender, profession) VALUES(2652827,'Rocío Leal','','',1.788,'',0,'Acting');
INSERT INTO SeriesCredits(seriesId, personId, job) VALUES(115857,2652827,'Actor');
INSERT INTO Series(id, title, overview, popularity, seasons, episodes, posterPath, voteCount, voteAvg, firstAir, lastAir, tagline) VALUES(44006,'Chicago Fire','An edge-of-your-seat view into the lives of everyday heroes committed to one of America\'s noblest professions. For the firefighters, rescue squad and paramedics of Chicago Firehouse 51, no occupation is more stressful or dangerous, yet so rewarding and exhilarating. These courageous men and women are among the elite who forge headfirst into danger when everyone else is running the other way and whose actions make the difference between life and death.',198.325,9,192,'/6AccYL0eb7uzHn98IKaNjvJbyuA.jpg',1306, 8.3,'2012-10-10', '2021-04-07', 'Feel the heat.');
INSERT INTO SeriesGenre(seriesId, genreId) VALUES(44006,'18');
INSERT INTO SeriesCountry(seriesId, countryId) VALUES(44006,'US');
INSERT INTO SeriesNetwork(seriesId, networkId) VALUES(44006,'6');
INSERT INTO SeriesCredits(seriesId, personId, job) VALUES(44006,41422,'Actor');
INSERT INTO Personen(id, name, birthday, deathday, popularity, profilePath, gender, profession) VALUES(210271,'Taylor Kinney','','',4.946,'/zpeJHKf73rnxd4Dvq3lfAkX6Zkq.jpg',2,'Acting');
INSERT INTO SeriesCredits(seriesId, personId, job) VALUES(44006,210271,'Actor');
INSERT INTO Personen(id, name, birthday, deathday, popularity, profilePath, gender, profession) VALUES(1371298,'Kara Killmer','','',5.449,'/bfiSQa9YZXrYhlXgKazWc4jtoqD.jpg',1,'Acting');
INSERT INTO SeriesCredits(seriesId, personId, job) VALUES(44006,1371298,'Actor');
INSERT INTO Personen(id, name, birthday, deathday, popularity, profilePath, gender, profession) VALUES(27552,'David Eigenberg','','',4.208,'/3JOY715n7Low0Y1a9YZAzhNjvZM.jpg',2,'Acting');
INSERT INTO SeriesCredits(seriesId, personId, job) VALUES(44006,27552,'Actor');
INSERT INTO Personen(id, name, birthday, deathday, popularity, profilePath, gender, profession) VALUES(1368157,'Joe Minoso','','',1.827,'/je6BoStc1WicNZQNJWSrf0kNhAG.jpg',2,'Acting');
INSERT INTO SeriesCredits(seriesId, personId, job) VALUES(44006,1368157,'Actor');
INSERT INTO Personen(id, name, birthday, deathday, popularity, profilePath, gender, profession) VALUES(36091,'Christian Stolte','','',3.136,'/xpjZXfLG5FFVQiiUFtHleLXCmFi.jpg',2,'Acting');
INSERT INTO SeriesCredits(seriesId, personId, job) VALUES(44006,36091,'Actor');
INSERT INTO Personen(id, name, birthday, deathday, popularity, profilePath, gender, profession) VALUES(1396324,'Steve Chikerotis','','',0.84,'',2,'Writing');
INSERT INTO SeriesCredits(seriesId, personId, job) VALUES(44006,1396324,'Consulting Producer');
INSERT INTO Personen(id, name, birthday, deathday, popularity, profilePath, gender, profession) VALUES(1457688,'Jonathan Strauss','','',0.84,'',2,'Production');
INSERT INTO SeriesCredits(seriesId, personId, job) VALUES(44006,1457688,'Co-Producer');
INSERT INTO Personen(id, name, birthday, deathday, popularity, profilePath, gender, profession) VALUES(1554574,'Tim Deluca','','',0.6,'',0,'Production');
INSERT INTO SeriesCredits(seriesId, personId, job) VALUES(44006,1554574,'Supervising Producer');
INSERT INTO Personen(id, name, birthday, deathday, popularity, profilePath, gender, profession) VALUES(2579153,'David Brownfield','','',0.6,'',0,'Production');
INSERT INTO SeriesCredits(seriesId, personId, job) VALUES(44006,2579153,'Co-Executive Producer');
INSERT INTO Personen(id, name, birthday, deathday, popularity, profilePath, gender, profession) VALUES(212800,'Matt Whitney','','',0.658,'',0,'Writing');
INSERT INTO SeriesCredits(seriesId, personId, job) VALUES(44006,212800,'Co-Executive Producer');
INSERT INTO Personen(id, name, birthday, deathday, popularity, profilePath, gender, profession) VALUES(1405245,'Reza Tabrizi','','',0.753,'',2,'Directing');
INSERT INTO SeriesCredits(seriesId, personId, job) VALUES(44006,1405245,'Executive Producer');
INSERT INTO Series(id, title, overview, popularity, seasons, episodes, posterPath, voteCount, voteAvg, firstAir, lastAir, tagline) VALUES(71789,'SEAL Team','The lives of the elite Navy Seals as they train, plan and execute the most dangerous, high-stakes missions our country can ask.',195.575,4,79,'/uTSLeQTeHevt4fplegmQ6bOnE0Z.jpg',880, 7.8,'2017-09-27', '2021-04-07', '');
INSERT INTO SeriesGenre(seriesId, genreId) VALUES(71789,'10759');
INSERT INTO SeriesGenre(seriesId, genreId) VALUES(71789,'18');
INSERT INTO SeriesGenre(seriesId, genreId) VALUES(71789,'10768');
INSERT INTO SeriesCountry(seriesId, countryId) VALUES(71789,'US');
INSERT INTO SeriesNetwork(seriesId, networkId) VALUES(71789,'16');
INSERT INTO SeriesCredits(seriesId, personId, job) VALUES(71789,25934,'Actor');
INSERT INTO Personen(id, name, birthday, deathday, popularity, profilePath, gender, profession) VALUES(41883,'Max Thieriot','','',8.099,'/ceCeFvmzTrADF1HYU0jIlcKUBvQ.jpg',2,'Acting');
INSERT INTO SeriesCredits(seriesId, personId, job) VALUES(71789,41883,'Actor');
INSERT INTO Personen(id, name, birthday, deathday, popularity, profilePath, gender, profession) VALUES(55091,'Neil Brown Jr.','','',3.089,'/z5oYLrCNGh48EoRQYqyIklYiCs9.jpg',2,'Acting');
INSERT INTO SeriesCredits(seriesId, personId, job) VALUES(71789,55091,'Actor');
INSERT INTO Personen(id, name, birthday, deathday, popularity, profilePath, gender, profession) VALUES(60460,'A.J. Buckley','','',3.116,'/7mdIM5QdxnccD4YWC03FrI78EPc.jpg',2,'Acting');
INSERT INTO SeriesCredits(seriesId, personId, job) VALUES(71789,60460,'Actor');
INSERT INTO Personen(id, name, birthday, deathday, popularity, profilePath, gender, profession) VALUES(105831,'Toni Trucks','','',1.578,'/s2qfaRUh8oEt78HqkXTagbeVNE7.jpg',1,'Acting');
INSERT INTO SeriesCredits(seriesId, personId, job) VALUES(71789,105831,'Actor');
INSERT INTO Personen(id, name, birthday, deathday, popularity, profilePath, gender, profession) VALUES(990136,'Judd Lormand','','',2.345,'/jeZBWgcjiTaXZM6FwcHm9QW1F6w.jpg',2,'Acting');
INSERT INTO SeriesCredits(seriesId, personId, job) VALUES(71789,990136,'Actor');
INSERT INTO Series(id, title, overview, popularity, seasons, episodes, posterPath, voteCount, voteAvg, firstAir, lastAir, tagline) VALUES(37680,'Suits','While running from a drug deal gone bad, Mike Ross, a brilliant young college-dropout, slips into a job interview with one of New York City\'s best legal closers, Harvey Specter. Tired of cookie-cutter law school grads, Harvey takes a gamble by hiring Mike on the spot after he recognizes his raw talent and photographic memory.',195.53,9,134,'/vQiryp6LioFxQThywxbC6TuoDjy.jpg',2039, 7.9,'2011-06-23', '2019-09-25', 'Nothing is ever black and white');
INSERT INTO SeriesGenre(seriesId, genreId) VALUES(37680,'18');
INSERT INTO SeriesCountry(seriesId, countryId) VALUES(37680,'US');
INSERT INTO Networks(id, nname, logo, originCountry) VALUES('30','USA Network', '/g1e0H0Ka97IG5SyInMXdJkHGKiH.png', 'US');
INSERT INTO SeriesNetwork(seriesId, networkId) VALUES(37680,'30');
INSERT INTO Personen(id, name, birthday, deathday, popularity, profilePath, gender, profession) VALUES(16856,'Gabriel Macht','','',6.946,'/mc0zlgOviaVnfrIQ0igHDg4sHH0.jpg',2,'Acting');
INSERT INTO SeriesCredits(seriesId, personId, job) VALUES(37680,16856,'Actor');
INSERT INTO Personen(id, name, birthday, deathday, popularity, profilePath, gender, profession) VALUES(1216133,'Rick Hoffman','','',1.96,'/yRjH4z0lKgvjxZ07P7bvRpZy95q.jpg',2,'Acting');
INSERT INTO SeriesCredits(seriesId, personId, job) VALUES(37680,1216133,'Actor');
INSERT INTO Personen(id, name, birthday, deathday, popularity, profilePath, gender, profession) VALUES(154856,'Sarah Rafferty','','',4.515,'/d2oJRayMQPd8r97usqdoLZo0QC5.jpg',1,'Acting');
INSERT INTO SeriesCredits(seriesId, personId, job) VALUES(37680,154856,'Actor');
INSERT INTO Personen(id, name, birthday, deathday, popularity, profilePath, gender, profession) VALUES(65871,'Amanda Schull','','',5.053,'/nakdxAUxYobF7TgPa6uzMXtiycs.jpg',1,'Acting');
INSERT INTO SeriesCredits(seriesId, personId, job) VALUES(37680,65871,'Actor');
INSERT INTO Personen(id, name, birthday, deathday, popularity, profilePath, gender, profession) VALUES(122756,'Dulé Hill','','',2.344,'/fPJ8lIx6WwBgO2AhnHQSeiZiAUy.jpg',2,'Acting');
INSERT INTO SeriesCredits(seriesId, personId, job) VALUES(37680,122756,'Actor');
INSERT INTO SeriesCredits(seriesId, personId, job) VALUES(37680,25541,'Actor');
INSERT INTO Series(id, title, overview, popularity, seasons, episodes, posterPath, voteCount, voteAvg, firstAir, lastAir, tagline) VALUES(80350,'New Amsterdam','Dr. Max Goodwin, the hospital\'s newest medical director, sets out to tear up the bureaucracy and provide exceptional care.',194.594,3,49,'/wKTAz8fkoXJoHqPpi4ArAUGDtco.jpg',310, 8.4,'2018-09-25', '2021-04-06', 'Break the rules. Heal the system.');
INSERT INTO SeriesGenre(seriesId, genreId) VALUES(80350,'18');
INSERT INTO SeriesCountry(seriesId, countryId) VALUES(80350,'US');
INSERT INTO SeriesNetwork(seriesId, networkId) VALUES(80350,'6');
INSERT INTO Personen(id, name, birthday, deathday, popularity, profilePath, gender, profession) VALUES(1181353,'Ryan Eggold','','',5.853,'/6YZfGMzcugWwMquOIzGlsgx4wYN.jpg',2,'Acting');
INSERT INTO SeriesCredits(seriesId, personId, job) VALUES(80350,1181353,'Actor');
INSERT INTO Personen(id, name, birthday, deathday, popularity, profilePath, gender, profession) VALUES(90755,'Janet Montgomery','','',10.216,'/jn9tU6mAAkdtjgw2JPlS2vFG1jM.jpg',1,'Acting');
INSERT INTO SeriesCredits(seriesId, personId, job) VALUES(80350,90755,'Actor');
INSERT INTO Personen(id, name, birthday, deathday, popularity, profilePath, gender, profession) VALUES(1182929,'Freema Agyeman','','',5.123,'/7guKF8RnTLcC7kTZAsMHPNoxqtb.jpg',1,'Acting');
INSERT INTO SeriesCredits(seriesId, personId, job) VALUES(80350,1182929,'Actor');
INSERT INTO Personen(id, name, birthday, deathday, popularity, profilePath, gender, profession) VALUES(51383,'Tyler Labine','','',3.986,'/jTAiEJxTiPxW87dfVILW8pmuyid.jpg',2,'Acting');
INSERT INTO SeriesCredits(seriesId, personId, job) VALUES(80350,51383,'Actor');
INSERT INTO Personen(id, name, birthday, deathday, popularity, profilePath, gender, profession) VALUES(6217,'Anupam Kher','','',2.848,'/62IEjVcbXTzgM29lP2vDSPfeHae.jpg',2,'Acting');
INSERT INTO SeriesCredits(seriesId, personId, job) VALUES(80350,6217,'Actor');
INSERT INTO Personen(id, name, birthday, deathday, popularity, profilePath, gender, profession) VALUES(2552984,'Alejandro Hernandez','','',2.268,'/mo68a8xt97OmPJvXkI25xgleS8A.jpg',0,'Acting');
INSERT INTO SeriesCredits(seriesId, personId, job) VALUES(80350,2552984,'Actor');
INSERT INTO Personen(id, name, birthday, deathday, popularity, profilePath, gender, profession) VALUES(160161,'Shaun Cassidy','','',1.274,'/8nWo1iTOwjvOxVmccFdgVwO09mX.jpg',2,'Acting');
INSERT INTO SeriesCredits(seriesId, personId, job) VALUES(80350,160161,'Consulting Producer');
INSERT INTO Series(id, title, overview, popularity, seasons, episodes, posterPath, voteCount, voteAvg, firstAir, lastAir, tagline) VALUES(106519,'Higehiro: After Being Rejected, I Shaved and Took in a High School Runaway','Office worker Yoshida has been crushing on his coworker, Airi Gotō, for five years. Despite finally scoring a date with her, his confession is promptly rejected. Drunk and disappointed, he stumbles home, only to find a high school girl sitting on the side of the road. The girl, needing a place to stay the night, attempts to seduce Yoshida. Despite rejecting her advances, he nevertheless invites her into his apartment.

The next morning, the girl, introducing herself as Sayu Ogiwara, reveals that she has run away from Hokkaido all the way to Tokyo. During her six-month spree, she continually traded sexual favors for a roof over her head. Yoshida, however, remains unswayed by her seduction. Instead, he has her do a different kind of work—one that entails washing dishes and doing laundry. And so, a touching relationship between a heartbroken adult and a runaway high school girl begins.',193.013,1,13,'/aNpf4vaeZiucPqrOlIKs5Sqxzbs.jpg',6, 7.8,'2021-04-05', '2021-04-12', '');
INSERT INTO SeriesGenre(seriesId, genreId) VALUES(106519,'16');
INSERT INTO SeriesGenre(seriesId, genreId) VALUES(106519,'35');
INSERT INTO SeriesGenre(seriesId, genreId) VALUES(106519,'18');
INSERT INTO SeriesCountry(seriesId, countryId) VALUES(106519,'JP');
INSERT INTO Networks(id, nname, logo, originCountry) VALUES('173','AT-X', '/fERjndErEpveJmQZccJbJDi93rj.png', 'JP');
INSERT INTO SeriesNetwork(seriesId, networkId) VALUES(106519,'173');
INSERT INTO Personen(id, name, birthday, deathday, popularity, profilePath, gender, profession) VALUES(1254260,'Kazuyuki Okitsu','','',3.932,'/yxtDLuC82tSUzr2FWkqWU1lowhI.jpg',2,'Acting');
INSERT INTO SeriesCredits(seriesId, personId, job) VALUES(106519,1254260,'Actor');
INSERT INTO Personen(id, name, birthday, deathday, popularity, profilePath, gender, profession) VALUES(1972402,'Kana Ichinose','','',4.572,'/3MmHWf5pa1i4s64T2mI6npc26TY.jpg',1,'Acting');
INSERT INTO SeriesCredits(seriesId, personId, job) VALUES(106519,1972402,'Actor');
INSERT INTO Personen(id, name, birthday, deathday, popularity, profilePath, gender, profession) VALUES(1116333,'Hisako Kanemoto','','',5.803,'/qyJPQaehMc4Sy5jaTfIJLdrll2v.jpg',1,'Acting');
INSERT INTO SeriesCredits(seriesId, personId, job) VALUES(106519,1116333,'Actor');
INSERT INTO Personen(id, name, birthday, deathday, popularity, profilePath, gender, profession) VALUES(1350418,'Yusuke Kobayashi','','',5.091,'/r5hRCRBz1kMPBIVERUYPzwHPaIN.jpg',2,'Acting');
INSERT INTO SeriesCredits(seriesId, personId, job) VALUES(106519,1350418,'Actor');
INSERT INTO Personen(id, name, birthday, deathday, popularity, profilePath, gender, profession) VALUES(2382852,'Takayuki Noguchi','','',0.6,'',0,'Visual Effects');
INSERT INTO SeriesCredits(seriesId, personId, job) VALUES(106519,2382852,'Character Designer');
INSERT INTO Personen(id, name, birthday, deathday, popularity, profilePath, gender, profession) VALUES(1149042,'Deko Akao','','',1.795,'',1,'Writing');
INSERT INTO SeriesCredits(seriesId, personId, job) VALUES(106519,1149042,'Series Composition');
INSERT INTO Personen(id, name, birthday, deathday, popularity, profilePath, gender, profession) VALUES(1071391,'Kaori Ishihara','','',3.775,'/7siy87VMyhC6NtuVKZI3mpEGF4G.jpg',1,'Acting');
INSERT INTO SeriesCredits(seriesId, personId, job) VALUES(106519,1071391,'Theme Song Performance');
INSERT INTO Personen(id, name, birthday, deathday, popularity, profilePath, gender, profession) VALUES(1787321,'Tomoki Kikuya','','',0.6,'/whhiOgmicUMbSqWJPPKy8R8TTGR.jpg',2,'Sound');
INSERT INTO SeriesCredits(seriesId, personId, job) VALUES(106519,1787321,'Original Music Composer');
INSERT INTO Personen(id, name, birthday, deathday, popularity, profilePath, gender, profession) VALUES(3050308,'Manabu Kamikita','','',0,'',0,'Directing');
INSERT INTO SeriesCredits(seriesId, personId, job) VALUES(106519,3050308,'Series Director');
INSERT INTO Personen(id, name, birthday, deathday, popularity, profilePath, gender, profession) VALUES(570486,'Jin Aketagawa','','',0.748,'/hBTgREhoQ4hYUdu2i5yDES96hIB.jpg',2,'Sound');
INSERT INTO SeriesCredits(seriesId, personId, job) VALUES(106519,570486,'Sound Director');
INSERT INTO Series(id, title, overview, popularity, seasons, episodes, posterPath, voteCount, voteAvg, firstAir, lastAir, tagline) VALUES(46639,'American Gods','An ex-con becomes the traveling partner of a conman who turns out to be one of the older gods trying to recruit troops to battle the upstart deities. Based on Neil Gaiman\'s fantasy novel.',192.222,3,26,'/3KCAZaKHmoMIN9dHutqaMtubQqD.jpg',1034, 7.1,'2017-04-30', '2021-03-21', 'Believe.');
INSERT INTO SeriesGenre(seriesId, genreId) VALUES(46639,'18');
INSERT INTO SeriesGenre(seriesId, genreId) VALUES(46639,'9648');
INSERT INTO SeriesGenre(seriesId, genreId) VALUES(46639,'10765');
INSERT INTO SeriesCountry(seriesId, countryId) VALUES(46639,'US');
INSERT INTO Networks(id, nname, logo, originCountry) VALUES('318','Starz', '/8GJjw3HHsAJYwIWKIPBPfqMxlEa.png', 'US');
INSERT INTO SeriesNetwork(seriesId, networkId) VALUES(46639,'318');
INSERT INTO Personen(id, name, birthday, deathday, popularity, profilePath, gender, profession) VALUES(195675,'Ricky Whittle','','',1.194,'/cjeDbVfBp6Qvb3C74Dfy7BKDTQN.jpg',2,'Acting');
INSERT INTO SeriesCredits(seriesId, personId, job) VALUES(46639,195675,'Actor');
INSERT INTO Personen(id, name, birthday, deathday, popularity, profilePath, gender, profession) VALUES(6972,'Ian McShane','','',6.649,'/q9qKbux5Jo76Sj8g3luxBt6rYtz.jpg',2,'Acting');
INSERT INTO SeriesCredits(seriesId, personId, job) VALUES(46639,6972,'Actor');
INSERT INTO Personen(id, name, birthday, deathday, popularity, profilePath, gender, profession) VALUES(70456,'Emily Browning','','',16.131,'/fa1Kyj02wxwcdS6EHb2i27TNXvU.jpg',1,'Acting');
INSERT INTO SeriesCredits(seriesId, personId, job) VALUES(46639,70456,'Actor');
INSERT INTO Personen(id, name, birthday, deathday, popularity, profilePath, gender, profession) VALUES(1644151,'Bruce Langley','','',1.553,'/f4EOWUmznLqboq8Ce7jnlkHVK3Y.jpg',2,'Acting');
INSERT INTO SeriesCredits(seriesId, personId, job) VALUES(46639,1644151,'Actor');
INSERT INTO Personen(id, name, birthday, deathday, popularity, profilePath, gender, profession) VALUES(1576364,'Yetide Badaki','','',1.966,'/qfzkREHuI1JvMxBteIAjKX8qMEr.jpg',0,'Acting');
INSERT INTO SeriesCredits(seriesId, personId, job) VALUES(46639,1576364,'Actor');
INSERT INTO Series(id, title, overview, popularity, seasons, episodes, posterPath, voteCount, voteAvg, firstAir, lastAir, tagline) VALUES(97175,'Fate: The Winx Saga','The coming-of-age journey of five fairies attending Alfea, a magical boarding school in the Otherworld where they must learn to master their powers while navigating love, rivalries, and the monsters that threaten their very existence.',192.206,2,6,'/oHj6guMrLfQcBzo3uxwBJc8Y736.jpg',650, 8.5,'2021-01-22', '2021-01-22', 'Channel your element. Change your fate.');
INSERT INTO SeriesGenre(seriesId, genreId) VALUES(97175,'10765');
INSERT INTO SeriesGenre(seriesId, genreId) VALUES(97175,'18');
INSERT INTO SeriesCountry(seriesId, countryId) VALUES(97175,'IT');
INSERT INTO SeriesCountry(seriesId, countryId) VALUES(97175,'GB');
INSERT INTO SeriesCountry(seriesId, countryId) VALUES(97175,'US');
INSERT INTO SeriesNetwork(seriesId, networkId) VALUES(97175,'213');
INSERT INTO Personen(id, name, birthday, deathday, popularity, profilePath, gender, profession) VALUES(1371456,'Abigail Cowen','','',10.553,'/ovv8pAF4eEKikyjXWxB56B98kJe.jpg',1,'Acting');
INSERT INTO SeriesCredits(seriesId, personId, job) VALUES(97175,1371456,'Actor');
INSERT INTO Personen(id, name, birthday, deathday, popularity, profilePath, gender, profession) VALUES(1540185,'Hannah van der Westhuysen','','',6.263,'/v1pWVLqNDSLUjvuH2yCtsxA6OxT.jpg',1,'Acting');
INSERT INTO SeriesCredits(seriesId, personId, job) VALUES(97175,1540185,'Actor');
INSERT INTO Personen(id, name, birthday, deathday, popularity, profilePath, gender, profession) VALUES(2356696,'Precious Mustapha','','',3.842,'/anywefRxTwbETE3u2RkAYezWRrQ.jpg',1,'Acting');
INSERT INTO SeriesCredits(seriesId, personId, job) VALUES(97175,2356696,'Actor');
INSERT INTO Personen(id, name, birthday, deathday, popularity, profilePath, gender, profession) VALUES(1577369,'Elisha Applebaum','','',3.176,'/62OOS8AHSXfxJ5nxmLVrMdJtq2i.jpg',1,'Acting');
INSERT INTO SeriesCredits(seriesId, personId, job) VALUES(97175,1577369,'Actor');
INSERT INTO Personen(id, name, birthday, deathday, popularity, profilePath, gender, profession) VALUES(2477613,'Eliot Salt','','',1.829,'/7wE2fgucCBqtapjI2eJSlwBxnlN.jpg',1,'Acting');
INSERT INTO SeriesCredits(seriesId, personId, job) VALUES(97175,2477613,'Actor');
INSERT INTO Personen(id, name, birthday, deathday, popularity, profilePath, gender, profession) VALUES(2244576,'Danny Griffin','','',0.6,'/tzDaITUDXfLviME37mqp80vJz9J.jpg',2,'Acting');
INSERT INTO SeriesCredits(seriesId, personId, job) VALUES(97175,2244576,'Actor');
INSERT INTO Personen(id, name, birthday, deathday, popularity, profilePath, gender, profession) VALUES(587933,'Iginio Straffi','','',0.648,'',0,'Creator');
INSERT INTO SeriesCredits(seriesId, personId, job) VALUES(97175,587933,'Characters');
INSERT INTO Personen(id, name, birthday, deathday, popularity, profilePath, gender, profession) VALUES(1214634,'Brian Young','','',0.6,'',2,'Production');
INSERT INTO SeriesCredits(seriesId, personId, job) VALUES(97175,1214634,'Executive Producer');
INSERT INTO Personen(id, name, birthday, deathday, popularity, profilePath, gender, profession) VALUES(1513078,'Speed Weed','','',0.652,'',2,'Writing');
INSERT INTO SeriesCredits(seriesId, personId, job) VALUES(97175,1513078,'Co-Executive Producer');
INSERT INTO Personen(id, name, birthday, deathday, popularity, profilePath, gender, profession) VALUES(2042546,'Niceole R. Levy','','',1.4,'',1,'Writing');
INSERT INTO SeriesCredits(seriesId, personId, job) VALUES(97175,2042546,'Supervising Producer');
INSERT INTO Personen(id, name, birthday, deathday, popularity, profilePath, gender, profession) VALUES(1818678,'Sarah Hooper','','',0.6,'',0,'Writing');
INSERT INTO SeriesCredits(seriesId, personId, job) VALUES(97175,1818678,'Consulting Producer');
INSERT INTO Personen(id, name, birthday, deathday, popularity, profilePath, gender, profession) VALUES(1743679,'Judy Counihan','','',0.6,'',0,'Production');
INSERT INTO SeriesCredits(seriesId, personId, job) VALUES(97175,1743679,'Executive Producer');
INSERT INTO Series(id, title, overview, popularity, seasons, episodes, posterPath, voteCount, voteAvg, firstAir, lastAir, tagline) VALUES(71728,'Young Sheldon','The early life of child genius Sheldon Cooper, later seen in The Big Bang Theory.',190.021,4,80,'/aESxB2HblKlDzma39xVefa20pbW.jpg',1193, 8,'2017-09-25', '2021-04-08', '');
INSERT INTO SeriesGenre(seriesId, genreId) VALUES(71728,'35');
INSERT INTO SeriesCountry(seriesId, countryId) VALUES(71728,'US');
INSERT INTO SeriesNetwork(seriesId, networkId) VALUES(71728,'16');
INSERT INTO Personen(id, name, birthday, deathday, popularity, profilePath, gender, profession) VALUES(1684536,'Iain Armitage','','',5.995,'/wwBzIjjBLJAOnCXMEuH03JSmXmD.jpg',2,'Acting');
INSERT INTO SeriesCredits(seriesId, personId, job) VALUES(71728,1684536,'Actor');
INSERT INTO Personen(id, name, birthday, deathday, popularity, profilePath, gender, profession) VALUES(133450,'Zoe Perry','','',3.581,'/dpdoE1SdfXqFum0xMbg1Yl8ciWE.jpg',1,'Acting');
INSERT INTO SeriesCredits(seriesId, personId, job) VALUES(71728,133450,'Actor');
INSERT INTO Personen(id, name, birthday, deathday, popularity, profilePath, gender, profession) VALUES(1212111,'Lance Barber','','',5.13,'/dCIcGDmlHPOwohzQwf1wOWgawHk.jpg',2,'Acting');
INSERT INTO SeriesCredits(seriesId, personId, job) VALUES(71728,1212111,'Actor');
INSERT INTO Personen(id, name, birthday, deathday, popularity, profilePath, gender, profession) VALUES(1817307,'Montana Jordan','','',6.118,'/vDmv2p8ZDabInqtubeuM5iEgk4L.jpg',2,'Acting');
INSERT INTO SeriesCredits(seriesId, personId, job) VALUES(71728,1817307,'Actor');
INSERT INTO Personen(id, name, birthday, deathday, popularity, profilePath, gender, profession) VALUES(1575317,'Raegan Revord','','',7.184,'/zIHQyMQZipJ2GCF2r10K7MM7Ue9.jpg',1,'Acting');
INSERT INTO SeriesCredits(seriesId, personId, job) VALUES(71728,1575317,'Actor');
INSERT INTO Personen(id, name, birthday, deathday, popularity, profilePath, gender, profession) VALUES(8873,'Annie Potts','','',6.525,'/xXlYEoCoCYbhcPH6YXheOktOnqr.jpg',1,'Acting');
INSERT INTO SeriesCredits(seriesId, personId, job) VALUES(71728,8873,'Actor');
INSERT INTO Series(id, title, overview, popularity, seasons, episodes, posterPath, voteCount, voteAvg, firstAir, lastAir, tagline) VALUES(31132,'Regular Show','Two bored groundskeepers, Mordecai (a six-foot-tall blue jay) and Rigby (a hyperactive raccoon) are best friends who spend their days trying to entertain themselves by any means necessary, much to the displeasure of their boss. Their everyday pursuits often lead to things spiraling out of control and into the surreal.',188.215,8,261,'/mS5SLxMYcKfUxA0utBSR5MOAWWr.jpg',1042, 8.7,'2010-09-06', '2017-01-16', 'It\'s anything but');
INSERT INTO SeriesGenre(seriesId, genreId) VALUES(31132,'16');
INSERT INTO SeriesGenre(seriesId, genreId) VALUES(31132,'35');
INSERT INTO Networks(id, nname, logo, originCountry) VALUES('56','Cartoon Network', '/c5OC6oVCg6QP4eqzW6XIq17CQjI.png', 'US');
INSERT INTO SeriesNetwork(seriesId, networkId) VALUES(31132,'56');
INSERT INTO Personen(id, name, birthday, deathday, popularity, profilePath, gender, profession) VALUES(222169,'J.G. Quintel','','',1.192,'/iVrY1k1ggfYUy8o9eY8XHAhu6f1.jpg',2,'Writing');
INSERT INTO SeriesCredits(seriesId, personId, job) VALUES(31132,222169,'Actor');
INSERT INTO Personen(id, name, birthday, deathday, popularity, profilePath, gender, profession) VALUES(1215264,'William Salyers','','',1.819,'/7h5yGKp6eROxRrzTkHE6FeKicmT.jpg',2,'Acting');
INSERT INTO SeriesCredits(seriesId, personId, job) VALUES(31132,1215264,'Actor');
INSERT INTO Personen(id, name, birthday, deathday, popularity, profilePath, gender, profession) VALUES(2,'Mark Hamill','','',6.616,'/zMQ93JTLW8KxusKhOlHFZhih3YQ.jpg',2,'Acting');
INSERT INTO SeriesCredits(seriesId, personId, job) VALUES(31132,2,'Actor');
INSERT INTO Personen(id, name, birthday, deathday, popularity, profilePath, gender, profession) VALUES(1251102,'Sam Marin','','',1.025,'/7ga9UBGfoHMTXzYiyZLA9T2DiH8.jpg',2,'Acting');
INSERT INTO SeriesCredits(seriesId, personId, job) VALUES(31132,1251102,'Actor');
INSERT INTO Personen(id, name, birthday, deathday, popularity, profilePath, gender, profession) VALUES(75038,'Roger Craig Smith','','',4.99,'/oWrBIEULh80xAQ210njikYk70C4.jpg',2,'Acting');
INSERT INTO SeriesCredits(seriesId, personId, job) VALUES(31132,75038,'Actor');
INSERT INTO Personen(id, name, birthday, deathday, popularity, profilePath, gender, profession) VALUES(34982,'Jeff Bennett','','',8.902,'/p78svoOr99IA2oBOUzAH9cnPOwf.jpg',2,'Acting');
INSERT INTO SeriesCredits(seriesId, personId, job) VALUES(31132,34982,'Actor');
INSERT INTO Series(id, title, overview, popularity, seasons, episodes, posterPath, voteCount, voteAvg, firstAir, lastAir, tagline) VALUES(72637,'Once','The series revolves around Gabo, a soccer-loving teenager who, upon receiving a scholarship from the prestigious Sports Academic Institute (IAD) of Buenos Aires, will see his dream of playing at Los Halcones Dorados, the renowned amateur team of the school, and also his longing to become a professional footballer.',187.506,3,220,'/d4vPg3QsTJJh6C5MHARTb5CyqOu.jpg',318, 8.7,'2017-06-19', '2020-08-01', '');
INSERT INTO SeriesGenre(seriesId, genreId) VALUES(72637,'35');
INSERT INTO SeriesGenre(seriesId, genreId) VALUES(72637,'10751');
INSERT INTO SeriesCountry(seriesId, countryId) VALUES(72637,'AR');
INSERT INTO SeriesNetwork(seriesId, networkId) VALUES(72637,'835');
INSERT INTO Networks(id, nname, logo, originCountry) VALUES('2326','Disney XD', '/nKM9EnV7jTpt3MKRbhBusJ03lAY.png', '');
INSERT INTO SeriesNetwork(seriesId, networkId) VALUES(72637,'2326');
INSERT INTO Personen(id, name, birthday, deathday, popularity, profilePath, gender, profession) VALUES(1944059,'Mariano González','','',0.6,'',2,'Acting');
INSERT INTO SeriesCredits(seriesId, personId, job) VALUES(72637,1944059,'Actor');
INSERT INTO Personen(id, name, birthday, deathday, popularity, profilePath, gender, profession) VALUES(1943997,'Sebastián Athié','','',0.648,'',2,'Acting');
INSERT INTO SeriesCredits(seriesId, personId, job) VALUES(72637,1943997,'Actor');
INSERT INTO Personen(id, name, birthday, deathday, popularity, profilePath, gender, profession) VALUES(1591216,'Juan David Penagos','','',0.6,'',0,'Acting');
INSERT INTO SeriesCredits(seriesId, personId, job) VALUES(72637,1591216,'Actor');
INSERT INTO Personen(id, name, birthday, deathday, popularity, profilePath, gender, profession) VALUES(1943999,'Luan Brum','','',0.6,'',0,'Acting');
INSERT INTO SeriesCredits(seriesId, personId, job) VALUES(72637,1943999,'Actor');
INSERT INTO Personen(id, name, birthday, deathday, popularity, profilePath, gender, profession) VALUES(1944000,'Paulina Vetrano','','',0.6,'',0,'Acting');
INSERT INTO SeriesCredits(seriesId, personId, job) VALUES(72637,1944000,'Actor');
INSERT INTO Personen(id, name, birthday, deathday, popularity, profilePath, gender, profession) VALUES(1944001,'Javier Eloy Bonanno','','',0.694,'',0,'Acting');
INSERT INTO SeriesCredits(seriesId, personId, job) VALUES(72637,1944001,'Actor');
INSERT INTO Series(id, title, overview, popularity, seasons, episodes, posterPath, voteCount, voteAvg, firstAir, lastAir, tagline) VALUES(71663,'Black Lightning','Jefferson Pierce is a man wrestling with a secret. As the father of two daughters and principal of a charter high school that also serves as a safe haven for young people in a New Orleans neighborhood overrun by gang violence, he is a hero to his community.',185.446,4,58,'/h1xbvvO6oqchfLe6xh0yLNnQxeM.jpg',558, 7.2,'2018-01-16', '2021-04-12', 'High voltage action');
INSERT INTO SeriesGenre(seriesId, genreId) VALUES(71663,'10759');
INSERT INTO SeriesGenre(seriesId, genreId) VALUES(71663,'10765');
INSERT INTO SeriesGenre(seriesId, genreId) VALUES(71663,'18');
INSERT INTO SeriesCountry(seriesId, countryId) VALUES(71663,'US');
INSERT INTO SeriesNetwork(seriesId, networkId) VALUES(71663,'71');
INSERT INTO Personen(id, name, birthday, deathday, popularity, profilePath, gender, profession) VALUES(157847,'Cress Williams','','',5.628,'/pIOyAg9U0eAUvs8N2Xca7uRKlOe.jpg',2,'Acting');
INSERT INTO SeriesCredits(seriesId, personId, job) VALUES(71663,157847,'Actor');
INSERT INTO Personen(id, name, birthday, deathday, popularity, profilePath, gender, profession) VALUES(1532331,'Nafessa Williams','','',4.717,'/AcLdJGn4fLINIXCdDMDk1fcMx1k.jpg',1,'Acting');
INSERT INTO SeriesCredits(seriesId, personId, job) VALUES(71663,1532331,'Actor');
INSERT INTO SeriesCredits(seriesId, personId, job) VALUES(71663,87194,'Actor');
INSERT INTO Personen(id, name, birthday, deathday, popularity, profilePath, gender, profession) VALUES(1962692,'Marvin \'Krondon\' Jones III','','',4.292,'/7RU4jjZel3ab4l7eVjEFTl2qUkn.jpg',2,'Acting');
INSERT INTO SeriesCredits(seriesId, personId, job) VALUES(71663,1962692,'Actor');
INSERT INTO Personen(id, name, birthday, deathday, popularity, profilePath, gender, profession) VALUES(1451923,'Chantal Thuy','','',1.772,'/6tjhoI5tHfXEeVAIfX1c6Myfs0Y.jpg',1,'Acting');
INSERT INTO SeriesCredits(seriesId, personId, job) VALUES(71663,1451923,'Actor');
INSERT INTO Personen(id, name, birthday, deathday, popularity, profilePath, gender, profession) VALUES(1736,'James Remar','','',5.801,'/ctMVpFDKKWCty60lLORf3IoJcv9.jpg',2,'Acting');
INSERT INTO SeriesCredits(seriesId, personId, job) VALUES(71663,1736,'Actor');
INSERT INTO Personen(id, name, birthday, deathday, popularity, profilePath, gender, profession) VALUES(2971861,'Gabrielle Greig','','',0.6,'',0,'Production');
INSERT INTO SeriesCredits(seriesId, personId, job) VALUES(71663,2971861,'Co-Producer');
INSERT INTO Personen(id, name, birthday, deathday, popularity, profilePath, gender, profession) VALUES(2000111,'Jamila Daniel','','',0.6,'',1,'Writing');
INSERT INTO SeriesCredits(seriesId, personId, job) VALUES(71663,2000111,'Co-Producer');
INSERT INTO Personen(id, name, birthday, deathday, popularity, profilePath, gender, profession) VALUES(1533684,'Lamont Magee','','',0.6,'/qjx6RMxTI3BVm5JLT5VCDj8rylh.jpg',2,'Writing');
INSERT INTO SeriesCredits(seriesId, personId, job) VALUES(71663,1533684,'Co-Producer');
INSERT INTO Personen(id, name, birthday, deathday, popularity, profilePath, gender, profession) VALUES(1372651,'Brusta Brown','','',0.6,'',0,'Writing');
INSERT INTO SeriesCredits(seriesId, personId, job) VALUES(71663,1372651,'Producer');
INSERT INTO Personen(id, name, birthday, deathday, popularity, profilePath, gender, profession) VALUES(1372652,'John Mitchell Todd','','',0.6,'',0,'Writing');
INSERT INTO SeriesCredits(seriesId, personId, job) VALUES(71663,1372652,'Producer');
INSERT INTO SeriesCredits(seriesId, personId, job) VALUES(71663,1512010,'Producer');
INSERT INTO Series(id, title, overview, popularity, seasons, episodes, posterPath, voteCount, voteAvg, firstAir, lastAir, tagline) VALUES(12637,'Rebelde','The series is set at the Elite Way School, a prestigious private boarding high school in Mexico City with a major plot line revolving around a group of students forming a pop band. Additional subplots involve the school\'s faculty and the students\' parents. One trademark of the show is the random use of English words and phrases, often used by fresa characters.',185.276,3,440,'/iehrrb9CmYCiV1hXp5pdGQQmGNe.jpg',3813, 8.5,'2004-10-04', '2006-06-09', '');
INSERT INTO SeriesGenre(seriesId, genreId) VALUES(12637,'35');
INSERT INTO SeriesGenre(seriesId, genreId) VALUES(12637,'10766');
INSERT INTO SeriesGenre(seriesId, genreId) VALUES(12637,'18');
INSERT INTO SeriesCountry(seriesId, countryId) VALUES(12637,'MX');
INSERT INTO Networks(id, nname, logo, originCountry) VALUES('487','Las Estrellas', '/6ROTTOqsZo3XefxZAYowukFdJ6w.png', 'MX');
INSERT INTO SeriesNetwork(seriesId, networkId) VALUES(12637,'487');
INSERT INTO Personen(id, name, birthday, deathday, popularity, profilePath, gender, profession) VALUES(970753,'Maite Perroni','','',1.599,'/ghbXlNZ4qEqVleKGGQ6mxanXr7x.jpg',1,'Acting');
INSERT INTO SeriesCredits(seriesId, personId, job) VALUES(12637,970753,'Actor');
INSERT INTO Personen(id, name, birthday, deathday, popularity, profilePath, gender, profession) VALUES(1234164,'Anahí','','',0.6,'/1YfJlpMsq1aeavZGm0FQYCWVnTZ.jpg',1,'Acting');
INSERT INTO SeriesCredits(seriesId, personId, job) VALUES(12637,1234164,'Actor');
INSERT INTO Personen(id, name, birthday, deathday, popularity, profilePath, gender, profession) VALUES(1234166,'Dulce María','','',1.976,'/ehpAyM03ssd1dzBfy2aVmsKm0yk.jpg',1,'Acting');
INSERT INTO SeriesCredits(seriesId, personId, job) VALUES(12637,1234166,'Actor');
INSERT INTO Personen(id, name, birthday, deathday, popularity, profilePath, gender, profession) VALUES(1234169,'Christopher Von Uckermann','','',2.744,'/7VSPcejVdZc18DGhgBkyostCzOm.jpg',2,'Acting');
INSERT INTO SeriesCredits(seriesId, personId, job) VALUES(12637,1234169,'Actor');
INSERT INTO Personen(id, name, birthday, deathday, popularity, profilePath, gender, profession) VALUES(220496,'Alfonso Herrera','','',0.6,'/sGvrnDiGA5L9Qfh147U6NkOGIF0.jpg',2,'Acting');
INSERT INTO SeriesCredits(seriesId, personId, job) VALUES(12637,220496,'Actor');
INSERT INTO Personen(id, name, birthday, deathday, popularity, profilePath, gender, profession) VALUES(1234163,'Christian Chávez','','',1.96,'/uXD6n4yFBamLQXnRCVmauJX9XNW.jpg',2,'Acting');
INSERT INTO SeriesCredits(seriesId, personId, job) VALUES(12637,1234163,'Actor');
INSERT INTO Personen(id, name, birthday, deathday, popularity, profilePath, gender, profession) VALUES(1855646,'Luis Pardo','','',0.6,'',2,'Directing');
INSERT INTO SeriesCredits(seriesId, personId, job) VALUES(12637,1855646,'Director');
INSERT INTO Personen(id, name, birthday, deathday, popularity, profilePath, gender, profession) VALUES(1852524,'Martha Góngora','','',0.6,'',1,'Production');
INSERT INTO SeriesCredits(seriesId, personId, job) VALUES(12637,1852524,'Casting');
INSERT INTO Personen(id, name, birthday, deathday, popularity, profilePath, gender, profession) VALUES(2363936,'Saúl Hernández','','',0.6,'/1JGhAWsCs1tRonsHVhs4Q2BZT7Y.jpg',2,'Crew');
INSERT INTO SeriesCredits(seriesId, personId, job) VALUES(12637,2363936,'Video Assist Operator');
INSERT INTO SeriesCredits(seriesId, personId, job) VALUES(12637,1234163,'Theme Song Performance');
INSERT INTO Personen(id, name, birthday, deathday, popularity, profilePath, gender, profession) VALUES(1852513,'María Eugenia Cervantes','','',0.6,'',1,'Writing');
INSERT INTO SeriesCredits(seriesId, personId, job) VALUES(12637,1852513,'Adaptation');
INSERT INTO Personen(id, name, birthday, deathday, popularity, profilePath, gender, profession) VALUES(2363923,'José A. García','','',0.6,'',2,'Sound');
INSERT INTO SeriesCredits(seriesId, personId, job) VALUES(12637,2363923,'Boom Operator');
INSERT INTO Series(id, title, overview, popularity, seasons, episodes, posterPath, voteCount, voteAvg, firstAir, lastAir, tagline) VALUES(4614,'NCIS','From murder and espionage to terrorism and stolen submarines, a team of special agents investigates any crime that has a shred of evidence connected to Navy and Marine Corps personnel, regardless of rank or position.',184.769,18,412,'/fi8EvaWtL5CvoielOjjVvTr7ux3.jpg',1451, 7.4,'2003-09-23', '2021-04-06', '');
INSERT INTO SeriesGenre(seriesId, genreId) VALUES(4614,'80');
INSERT INTO SeriesGenre(seriesId, genreId) VALUES(4614,'10759');
INSERT INTO SeriesGenre(seriesId, genreId) VALUES(4614,'18');
INSERT INTO SeriesNetwork(seriesId, networkId) VALUES(4614,'16');
INSERT INTO Personen(id, name, birthday, deathday, popularity, profilePath, gender, profession) VALUES(19728,'Mark Harmon','','',3.263,'/lMqKPig7zBoGfou7wWf88sZEGHo.jpg',2,'Acting');
INSERT INTO SeriesCredits(seriesId, personId, job) VALUES(4614,19728,'Actor');
INSERT INTO Personen(id, name, birthday, deathday, popularity, profilePath, gender, profession) VALUES(1230381,'Sean Murray','','',1.505,'/mqxeD2ZMyOXvcurReKUtctNmS4Z.jpg',2,'Acting');
INSERT INTO SeriesCredits(seriesId, personId, job) VALUES(4614,1230381,'Actor');
INSERT INTO Personen(id, name, birthday, deathday, popularity, profilePath, gender, profession) VALUES(18975,'Wilmer Valderrama','','',4.814,'/ApA03vxxobrGauXmQ3LpGM5EKjD.jpg',2,'Acting');
INSERT INTO SeriesCredits(seriesId, personId, job) VALUES(4614,18975,'Actor');
INSERT INTO Personen(id, name, birthday, deathday, popularity, profilePath, gender, profession) VALUES(204679,'Emily Wickersham','','',6.519,'/oWxiSZFx4QO1VQZQFtLqzWKyiAK.jpg',1,'Acting');
INSERT INTO SeriesCredits(seriesId, personId, job) VALUES(4614,204679,'Actor');
INSERT INTO Personen(id, name, birthday, deathday, popularity, profilePath, gender, profession) VALUES(49,'Maria Bello','','',7.324,'/tFkbad0JoWvYc6XYBITv6EfeLwR.jpg',1,'Acting');
INSERT INTO SeriesCredits(seriesId, personId, job) VALUES(4614,49,'Actor');
INSERT INTO Personen(id, name, birthday, deathday, popularity, profilePath, gender, profession) VALUES(1470346,'Diona Reasonover','','',2.915,'/1X7UkPIA6hnGlOMAoq4gHxIChY2.jpg',1,'Acting');
INSERT INTO SeriesCredits(seriesId, personId, job) VALUES(4614,1470346,'Actor');
INSERT INTO Personen(id, name, birthday, deathday, popularity, profilePath, gender, profession) VALUES(2857027,'Brian Kirk','','',0.6,'',0,'Sound');
INSERT INTO SeriesCredits(seriesId, personId, job) VALUES(4614,2857027,'Original Music Composer');
INSERT INTO Series(id, title, overview, popularity, seasons, episodes, posterPath, voteCount, voteAvg, firstAir, lastAir, tagline) VALUES(1418,'The Big Bang Theory','The sitcom is centered on five characters living in Pasadena, California: roommates Leonard Hofstadter and Sheldon Cooper; Penny, a waitress and aspiring actress who lives across the hall; and Leonard and Sheldon\'s equally geeky and socially awkward friends and co-workers, mechanical engineer Howard Wolowitz and astrophysicist Raj Koothrappali. The geekiness and intellect of the four guys is contrasted for comic effect with Penny\'s social skills and common sense.',182.904,12,279,'/ooBGRQBdbGzBxAVfExiO8r7kloA.jpg',7059, 7.7,'2007-09-24', '2019-05-16', '');
INSERT INTO SeriesGenre(seriesId, genreId) VALUES(1418,'35');
INSERT INTO SeriesCountry(seriesId, countryId) VALUES(1418,'US');
INSERT INTO SeriesNetwork(seriesId, networkId) VALUES(1418,'16');
INSERT INTO Personen(id, name, birthday, deathday, popularity, profilePath, gender, profession) VALUES(5374,'Jim Parsons','','',8.491,'/sa05slVgacuXe94UFnQs4rfqZL4.jpg',2,'Acting');
INSERT INTO SeriesCredits(seriesId, personId, job) VALUES(1418,5374,'Actor');
INSERT INTO Personen(id, name, birthday, deathday, popularity, profilePath, gender, profession) VALUES(16478,'Johnny Galecki','','',4.467,'/ta3YYBteR0qB2h5Qx1r42pFYcda.jpg',2,'Acting');
INSERT INTO SeriesCredits(seriesId, personId, job) VALUES(1418,16478,'Actor');
INSERT INTO Personen(id, name, birthday, deathday, popularity, profilePath, gender, profession) VALUES(53862,'Kaley Cuoco','','',12.402,'/jZdgOfncpYjks4AFd6ndYIwpAez.jpg',1,'Acting');
INSERT INTO SeriesCredits(seriesId, personId, job) VALUES(1418,53862,'Actor');
INSERT INTO Personen(id, name, birthday, deathday, popularity, profilePath, gender, profession) VALUES(53863,'Simon Helberg','','',4.267,'/9tLEc6N4lImJX4FohLWHRHFbFXD.jpg',2,'Acting');
INSERT INTO SeriesCredits(seriesId, personId, job) VALUES(1418,53863,'Actor');
INSERT INTO Personen(id, name, birthday, deathday, popularity, profilePath, gender, profession) VALUES(208099,'Kunal Nayyar','','',3.375,'/4e2zbGYxBTHHzDDGKo5SnNyOUx3.jpg',2,'Acting');
INSERT INTO SeriesCredits(seriesId, personId, job) VALUES(1418,208099,'Actor');
INSERT INTO Personen(id, name, birthday, deathday, popularity, profilePath, gender, profession) VALUES(1221716,'Melissa Rauch','','',3.23,'/pYcQdUodRdZLpDM2FA0LhW5KhkF.jpg',1,'Acting');
INSERT INTO SeriesCredits(seriesId, personId, job) VALUES(1418,1221716,'Actor');
INSERT INTO Personen(id, name, birthday, deathday, popularity, profilePath, gender, profession) VALUES(1379356,'Jeremy Howe','','',0.6,'',2,'Writing');
INSERT INTO SeriesCredits(seriesId, personId, job) VALUES(1418,1379356,'Co-Executive Producer');
INSERT INTO Personen(id, name, birthday, deathday, popularity, profilePath, gender, profession) VALUES(581616,'Tara Hernandez','','',1.4,'',1,'Writing');
INSERT INTO SeriesCredits(seriesId, personId, job) VALUES(1418,581616,'Co-Executive Producer');
INSERT INTO Personen(id, name, birthday, deathday, popularity, profilePath, gender, profession) VALUES(1480277,'Anthony Del Broccolo','','',1.284,'',2,'Writing');
INSERT INTO SeriesCredits(seriesId, personId, job) VALUES(1418,1480277,'Co-Executive Producer');
INSERT INTO Personen(id, name, birthday, deathday, popularity, profilePath, gender, profession) VALUES(2153496,'Shannon Timberlake','','',0.6,'',1,'Production');
INSERT INTO SeriesCredits(seriesId, personId, job) VALUES(1418,2153496,'Production Coordinator');
INSERT INTO Personen(id, name, birthday, deathday, popularity, profilePath, gender, profession) VALUES(2153483,'Jamie Hitchcock','','',0.6,'',0,'Camera');
INSERT INTO SeriesCredits(seriesId, personId, job) VALUES(1418,2153483,'Camera Operator');
INSERT INTO Personen(id, name, birthday, deathday, popularity, profilePath, gender, profession) VALUES(2153471,'Rick Puccio','','',0.6,'',2,'Art');
INSERT INTO SeriesCredits(seriesId, personId, job) VALUES(1418,2153471,'Construction Coordinator');
INSERT INTO Series(id, title, overview, popularity, seasons, episodes, posterPath, voteCount, voteAvg, firstAir, lastAir, tagline) VALUES(75875,'Attack on Titan: Lost Girls','Shingeki no Kyojin OVA that is bundled with manga volumes 24, 25, and 26. Several hundred years ago, mankind was nearly extinct because of the Titans. The Titans are big, have no intellect, hate people, and worst of all, they think of humans as food. The survivors of the humans built a very high wall to protect them from the Titans.',181.363,1,3,'/3mtcwmGAwjNrIlLveYBKhLC3Fqh.jpg',10, 8.7,'2017-12-08', '2018-08-09', '');
INSERT INTO SeriesGenre(seriesId, genreId) VALUES(75875,'16');
INSERT INTO SeriesGenre(seriesId, genreId) VALUES(75875,'18');
INSERT INTO SeriesGenre(seriesId, genreId) VALUES(75875,'10759');
INSERT INTO SeriesCountry(seriesId, countryId) VALUES(75875,'JP');
INSERT INTO Personen(id, name, birthday, deathday, popularity, profilePath, gender, profession) VALUES(1253896,'Yu Shimamura','','',2.641,'/uwfGYR10w70RLH8z00eqWIx5YOY.jpg',1,'Acting');
INSERT INTO SeriesCredits(seriesId, personId, job) VALUES(75875,1253896,'Actor');
INSERT INTO SeriesCredits(seriesId, personId, job) VALUES(75875,1224288,'Actor');
INSERT INTO Personen(id, name, birthday, deathday, popularity, profilePath, gender, profession) VALUES(23987,'Jouji Nakata','','',6.925,'/aFx0ForDkSc119U3nTC7NymStkn.jpg',2,'Acting');
INSERT INTO SeriesCredits(seriesId, personId, job) VALUES(75875,23987,'Actor');
INSERT INTO SeriesCredits(seriesId, personId, job) VALUES(75875,1324666,'Actor');
INSERT INTO Personen(id, name, birthday, deathday, popularity, profilePath, gender, profession) VALUES(1243645,'Kiyomitsu Mizuuchi','','',1.026,'/t0ZNI3BY55LopxcvYbljVpK2fk0.jpg',2,'Acting');
INSERT INTO SeriesCredits(seriesId, personId, job) VALUES(75875,1243645,'Actor');
INSERT INTO Personen(id, name, birthday, deathday, popularity, profilePath, gender, profession) VALUES(68916,'Unsho Ishizuka','','',4.739,'/jSQPB45PbMYmSFGnlX9nGM9DRr4.jpg',2,'Acting');
INSERT INTO SeriesCredits(seriesId, personId, job) VALUES(75875,68916,'Actor');
INSERT INTO Personen(id, name, birthday, deathday, popularity, profilePath, gender, profession) VALUES(1363967,'Hajime Isayama','','',1.646,'/9DMChEwnZFZiDpa18jIbXllAkIU.jpg',2,'Writing');
INSERT INTO SeriesCredits(seriesId, personId, job) VALUES(75875,1363967,'Original Concept');
INSERT INTO Personen(id, name, birthday, deathday, popularity, profilePath, gender, profession) VALUES(2395502,'Gemie','','',0.6,'/pZO1gJzUjOqQOiZrLIJlAXXiBlS.jpg',1,'Sound');
INSERT INTO SeriesCredits(seriesId, personId, job) VALUES(75875,2395502,'Theme Song Performance');
INSERT INTO SeriesCredits(seriesId, personId, job) VALUES(75875,1491863,'Original Series Creator');
INSERT INTO Personen(id, name, birthday, deathday, popularity, profilePath, gender, profession) VALUES(2393593,'Mpi','','',0.6,'/mAG3axuFm0Euoem01Es3ChaQNRX.jpg',2,'Sound');
INSERT INTO SeriesCredits(seriesId, personId, job) VALUES(75875,2393593,'Lyricist');
INSERT INTO Personen(id, name, birthday, deathday, popularity, profilePath, gender, profession) VALUES(1811430,'Masashi Koizuka','','',1.108,'/2InwmTzNHqR6zvXbQrJbS3e8rOk.jpg',2,'Directing');
INSERT INTO SeriesCredits(seriesId, personId, job) VALUES(75875,1811430,'Series Director');
INSERT INTO Personen(id, name, birthday, deathday, popularity, profilePath, gender, profession) VALUES(1208426,'Hiroyuki Sawano','','',2.023,'/uytvaUKXU4wiQtQX1civNHsgw2B.jpg',2,'Sound');
INSERT INTO SeriesCredits(seriesId, personId, job) VALUES(75875,1208426,'Original Music Composer');
INSERT INTO Series(id, title, overview, popularity, seasons, episodes, posterPath, voteCount, voteAvg, firstAir, lastAir, tagline) VALUES(1668,'Friends','The misadventures of a group of friends as they navigate the pitfalls of work, life and love in Manhattan.',180.565,10,236,'/f496cm9enuEsZkSPzCwnTESEK5s.jpg',4331, 8.4,'1994-09-22', '2004-05-06', 'I\'ll be there for you');
INSERT INTO SeriesGenre(seriesId, genreId) VALUES(1668,'35');
INSERT INTO SeriesGenre(seriesId, genreId) VALUES(1668,'18');
INSERT INTO SeriesCountry(seriesId, countryId) VALUES(1668,'US');
INSERT INTO SeriesNetwork(seriesId, networkId) VALUES(1668,'6');
INSERT INTO Personen(id, name, birthday, deathday, popularity, profilePath, gender, profession) VALUES(14408,'Matthew Perry','','',5.063,'/ecDzkLWPV1z0x31I1GTjNmLxAHk.jpg',2,'Acting');
INSERT INTO SeriesCredits(seriesId, personId, job) VALUES(1668,14408,'Actor');
INSERT INTO Personen(id, name, birthday, deathday, popularity, profilePath, gender, profession) VALUES(14407,'Matt LeBlanc','','',3.622,'/a7Fl1sLUq1UDJ4pHsnwpBdEiDEZ.jpg',2,'Acting');
INSERT INTO SeriesCredits(seriesId, personId, job) VALUES(1668,14407,'Actor');
INSERT INTO Personen(id, name, birthday, deathday, popularity, profilePath, gender, profession) VALUES(14405,'Courteney Cox','','',9.212,'/7gN0094Y5cl4boLZRrvgAYAd9c1.jpg',1,'Acting');
INSERT INTO SeriesCredits(seriesId, personId, job) VALUES(1668,14405,'Actor');
INSERT INTO Personen(id, name, birthday, deathday, popularity, profilePath, gender, profession) VALUES(14409,'David Schwimmer','','',4.191,'/oBsK1ql5bo3zxepbQCclIwnapXM.jpg',2,'Acting');
INSERT INTO SeriesCredits(seriesId, personId, job) VALUES(1668,14409,'Actor');
INSERT INTO Personen(id, name, birthday, deathday, popularity, profilePath, gender, profession) VALUES(4491,'Jennifer Aniston','','',11.802,'/qPXG41rYdUGldZhMhuZFvmpZKRp.jpg',1,'Acting');
INSERT INTO SeriesCredits(seriesId, personId, job) VALUES(1668,4491,'Actor');
INSERT INTO Personen(id, name, birthday, deathday, popularity, profilePath, gender, profession) VALUES(14406,'Lisa Kudrow','','',5.116,'/lHbNHsHrlDxaUA1JHQjWSUCY89P.jpg',1,'Acting');
INSERT INTO SeriesCredits(seriesId, personId, job) VALUES(1668,14406,'Actor');
INSERT INTO Personen(id, name, birthday, deathday, popularity, profilePath, gender, profession) VALUES(1226589,'Nicholas Caprio','','',0.6,'',0,'Production');
INSERT INTO SeriesCredits(seriesId, personId, job) VALUES(1668,1226589,'Producer');
INSERT INTO Personen(id, name, birthday, deathday, popularity, profilePath, gender, profession) VALUES(1226546,'Todd Stevens','','',0.6,'',0,'Production');
INSERT INTO SeriesCredits(seriesId, personId, job) VALUES(1668,1226546,'Producer');
INSERT INTO Personen(id, name, birthday, deathday, popularity, profilePath, gender, profession) VALUES(1226543,'Wendy Knoller','','',0.84,'',0,'Production');
INSERT INTO SeriesCredits(seriesId, personId, job) VALUES(1668,1226543,'Producer');
INSERT INTO Personen(id, name, birthday, deathday, popularity, profilePath, gender, profession) VALUES(1215936,'Ted Cohen','','',1.301,'',2,'Writing');
INSERT INTO SeriesCredits(seriesId, personId, job) VALUES(1668,1215936,'Producer');
INSERT INTO Personen(id, name, birthday, deathday, popularity, profilePath, gender, profession) VALUES(1217286,'Scott Silveri','','',0.6,'',2,'Writing');
INSERT INTO SeriesCredits(seriesId, personId, job) VALUES(1668,1217286,'Producer');
INSERT INTO Personen(id, name, birthday, deathday, popularity, profilePath, gender, profession) VALUES(1224767,'Michael Borkow','','',1.894,'',2,'Writing');
INSERT INTO SeriesCredits(seriesId, personId, job) VALUES(1668,1224767,'Producer');
INSERT INTO Series(id, title, overview, popularity, seasons, episodes, posterPath, voteCount, voteAvg, firstAir, lastAir, tagline) VALUES(81356,'Sex Education','Inexperienced Otis channels his sex therapist mom when he teams up with rebellious Maeve to set up an underground sex therapy clinic at school.',180.063,3,16,'/4Bph0hhnDH6dpc0SZIV522bLm4P.jpg',3626, 8.3,'2019-01-11', '2020-01-17', 'Messy is normal');
INSERT INTO SeriesGenre(seriesId, genreId) VALUES(81356,'35');
INSERT INTO SeriesGenre(seriesId, genreId) VALUES(81356,'18');
INSERT INTO SeriesCountry(seriesId, countryId) VALUES(81356,'GB');
INSERT INTO SeriesNetwork(seriesId, networkId) VALUES(81356,'213');
INSERT INTO Personen(id, name, birthday, deathday, popularity, profilePath, gender, profession) VALUES(77996,'Asa Butterfield','','',13.27,'/wy20YeD36WvaAuwAKkrDe8bzyY0.jpg',2,'Acting');
INSERT INTO SeriesCredits(seriesId, personId, job) VALUES(81356,77996,'Actor');
INSERT INTO Personen(id, name, birthday, deathday, popularity, profilePath, gender, profession) VALUES(12214,'Gillian Anderson','','',7.015,'/pLHyyHwLID7icND29spleuM0mPQ.jpg',1,'Acting');
INSERT INTO SeriesCredits(seriesId, personId, job) VALUES(81356,12214,'Actor');
INSERT INTO Personen(id, name, birthday, deathday, popularity, profilePath, gender, profession) VALUES(1475239,'Ncuti Gatwa','','',2.076,'/zc7x4xSaSUb85PBYUj7sXu17NvT.jpg',2,'Acting');
INSERT INTO SeriesCredits(seriesId, personId, job) VALUES(81356,1475239,'Actor');
INSERT INTO Personen(id, name, birthday, deathday, popularity, profilePath, gender, profession) VALUES(2201315,'Emma Mackey','','',7.367,'/9OZBcFSS3Yz0Oqr8mssbQa4suW8.jpg',1,'Acting');
INSERT INTO SeriesCredits(seriesId, personId, job) VALUES(81356,2201315,'Actor');
INSERT INTO Personen(id, name, birthday, deathday, popularity, profilePath, gender, profession) VALUES(126169,'Kedar Williams-Stirling','','',1.568,'/dhXjEwdKhhObMgU1Y8cA1MgZnUL.jpg',2,'Acting');
INSERT INTO SeriesCredits(seriesId, personId, job) VALUES(81356,126169,'Actor');
INSERT INTO Personen(id, name, birthday, deathday, popularity, profilePath, gender, profession) VALUES(2201317,'Aimee Lou Wood','','',3.93,'/4mBtmJ4MAkP1fRPhQC7lHTpntW3.jpg',1,'Acting');
INSERT INTO SeriesCredits(seriesId, personId, job) VALUES(81356,2201317,'Actor');
INSERT INTO Personen(id, name, birthday, deathday, popularity, profilePath, gender, profession) VALUES(2955529,'Tolga Kahraman','','',0.6,'',0,'Sound');
INSERT INTO SeriesCredits(seriesId, personId, job) VALUES(81356,2955529,'Music');
INSERT INTO Series(id, title, overview, popularity, seasons, episodes, posterPath, voteCount, voteAvg, firstAir, lastAir, tagline) VALUES(96677,'Lupin','Inspired by the adventures of Arsène Lupin, gentleman thief Assane Diop sets out to avenge his father for an injustice inflicted by a wealthy family.',176.846,1,5,'/mevKJG6otv3FJEhsmp40ravG3tW.jpg',740, 7.9,'2021-01-08', '2021-01-08', '');
INSERT INTO SeriesGenre(seriesId, genreId) VALUES(96677,'80');
INSERT INTO SeriesGenre(seriesId, genreId) VALUES(96677,'18');
INSERT INTO SeriesGenre(seriesId, genreId) VALUES(96677,'9648');
INSERT INTO SeriesCountry(seriesId, countryId) VALUES(96677,'FR');
INSERT INTO SeriesNetwork(seriesId, networkId) VALUES(96677,'213');
INSERT INTO Personen(id, name, birthday, deathday, popularity, profilePath, gender, profession) VALUES(78423,'Omar Sy','','',5.339,'/o34IwFPlOvE00yJA2E4nvp5RQB7.jpg',2,'Acting');
INSERT INTO SeriesCredits(seriesId, personId, job) VALUES(96677,78423,'Actor');
INSERT INTO Personen(id, name, birthday, deathday, popularity, profilePath, gender, profession) VALUES(24767,'Maurice Leblanc','','',1.553,'/zG7PxV1AL150f4HUXE1CnkK4L3v.jpg',2,'Writing');
INSERT INTO SeriesCredits(seriesId, personId, job) VALUES(96677,24767,'Characters');
INSERT INTO Personen(id, name, birthday, deathday, popularity, profilePath, gender, profession) VALUES(935703,'Sidonie Dumas','','',1.4,'/qijvlubKz2o1npBxI9J4hxdCnNb.jpg',1,'Production');
INSERT INTO SeriesCredits(seriesId, personId, job) VALUES(96677,935703,'Producer');
INSERT INTO Personen(id, name, birthday, deathday, popularity, profilePath, gender, profession) VALUES(968710,'Christophe Riandee','','',0.6,'',0,'Production');
INSERT INTO SeriesCredits(seriesId, personId, job) VALUES(96677,968710,'Producer');
INSERT INTO Personen(id, name, birthday, deathday, popularity, profilePath, gender, profession) VALUES(2705674,'Nathan Franck','','',0.6,'',0,'Production');
INSERT INTO SeriesCredits(seriesId, personId, job) VALUES(96677,2705674,'Producer');
INSERT INTO Personen(id, name, birthday, deathday, popularity, profilePath, gender, profession) VALUES(1953711,'Isabelle Degeorges','','',0.6,'',0,'Production');
INSERT INTO SeriesCredits(seriesId, personId, job) VALUES(96677,1953711,'Producer');
INSERT INTO SeriesCredits(seriesId, personId, job) VALUES(96677,78423,'Creative Producer');
INSERT INTO Series(id, title, overview, popularity, seasons, episodes, posterPath, voteCount, voteAvg, firstAir, lastAir, tagline) VALUES(2190,'South Park','Follows the misadventures of four irreverent grade-schoolers in the quiet, dysfunctional town of South Park, Colorado.',176.433,24,309,'/iiCY2QIGSnmtVkIdjkKAfwDs0KF.jpg',2306, 8.2,'1997-08-13', '2021-03-10', '');
INSERT INTO SeriesGenre(seriesId, genreId) VALUES(2190,'35');
INSERT INTO SeriesGenre(seriesId, genreId) VALUES(2190,'16');
INSERT INTO Networks(id, nname, logo, originCountry) VALUES('47','Comedy Central', '/6ooPjtXufjsoskdJqj6pxuvHEno.png', 'US');
INSERT INTO SeriesNetwork(seriesId, networkId) VALUES(2190,'47');
INSERT INTO Personen(id, name, birthday, deathday, popularity, profilePath, gender, profession) VALUES(34517,'Trey Parker','','',4.294,'/A6kLY5TLykcqhzl7tk9Fwp8XRIX.jpg',2,'Acting');
INSERT INTO SeriesCredits(seriesId, personId, job) VALUES(2190,34517,'Actor');
INSERT INTO Personen(id, name, birthday, deathday, popularity, profilePath, gender, profession) VALUES(34518,'Matt Stone','','',1.073,'/ActhebxBVSeRtwwVPSPGTmLSUuP.jpg',2,'Acting');
INSERT INTO SeriesCredits(seriesId, personId, job) VALUES(2190,34518,'Actor');
INSERT INTO Personen(id, name, birthday, deathday, popularity, profilePath, gender, profession) VALUES(111467,'April Stewart','','',1.615,'/qmPAms01P6ZHp5wjQW2XkymwjCx.jpg',1,'Acting');
INSERT INTO SeriesCredits(seriesId, personId, job) VALUES(2190,111467,'Actor');
INSERT INTO Personen(id, name, birthday, deathday, popularity, profilePath, gender, profession) VALUES(111466,'Mona Marshall','','',1.56,'/A2RCAt0Xmm3jLBKZogQAJX6eD9n.jpg',1,'Acting');
INSERT INTO SeriesCredits(seriesId, personId, job) VALUES(2190,111466,'Actor');
INSERT INTO Series(id, title, overview, popularity, seasons, episodes, posterPath, voteCount, voteAvg, firstAir, lastAir, tagline) VALUES(58841,'Chicago P.D.','A riveting police drama about the men and women of the Chicago Police Department\'s District 21 who put it all on the line to serve and protect their community. District 21 is made up of two distinctly different groups: the uniformed cops who patrol the beat and go head-to-head with the city\'s street crimes and the Intelligence Unit that combats the city\'s major offenses - organized crime, drug trafficking, high profile murders and beyond.',176.16,8,161,'/OlPR1kctwXzSUJQkZINDDhNlHV.jpg',1399, 8.4,'2014-01-08', '2021-04-07', 'Break the rules. Not the law.');
INSERT INTO SeriesGenre(seriesId, genreId) VALUES(58841,'80');
INSERT INTO SeriesGenre(seriesId, genreId) VALUES(58841,'18');
INSERT INTO SeriesCountry(seriesId, countryId) VALUES(58841,'US');
INSERT INTO SeriesNetwork(seriesId, networkId) VALUES(58841,'6');
INSERT INTO Personen(id, name, birthday, deathday, popularity, profilePath, gender, profession) VALUES(37203,'Jason Beghe','','',6.233,'/hrTwOPWek7nkPJgFhh6inFu7vSS.jpg',2,'Acting');
INSERT INTO SeriesCredits(seriesId, personId, job) VALUES(58841,37203,'Actor');
INSERT INTO Personen(id, name, birthday, deathday, popularity, profilePath, gender, profession) VALUES(1011102,'Jesse Lee Soffer','','',5.48,'/xzcWZerW0h7p4Bb3X4mYn0G4PwY.jpg',2,'Acting');
INSERT INTO SeriesCredits(seriesId, personId, job) VALUES(58841,1011102,'Actor');
INSERT INTO Personen(id, name, birthday, deathday, popularity, profilePath, gender, profession) VALUES(208678,'Tracy Spiridakos','','',3.644,'/qgJCSPbPSy94f6qWTesZeBcJIGa.jpg',1,'Acting');
INSERT INTO SeriesCredits(seriesId, personId, job) VALUES(58841,208678,'Actor');
INSERT INTO Personen(id, name, birthday, deathday, popularity, profilePath, gender, profession) VALUES(1100549,'Marina Squerciati','','',10.21,'/j8OI9j2HUnKCIWgu8DBn7Mm3ryl.jpg',1,'Acting');
INSERT INTO SeriesCredits(seriesId, personId, job) VALUES(58841,1100549,'Actor');
INSERT INTO Personen(id, name, birthday, deathday, popularity, profilePath, gender, profession) VALUES(115730,'Patrick John Flueger','','',5.185,'/pnERPmUO3o0tNdDuyq67wdJP430.jpg',2,'Acting');
INSERT INTO SeriesCredits(seriesId, personId, job) VALUES(58841,115730,'Actor');
INSERT INTO Personen(id, name, birthday, deathday, popularity, profilePath, gender, profession) VALUES(1261395,'Laroyce Hawkins','','',2.65,'/vdBrE8uJNo8u0HZKudnctQ6gdOx.jpg',2,'Acting');
INSERT INTO SeriesCredits(seriesId, personId, job) VALUES(58841,1261395,'Actor');
INSERT INTO Personen(id, name, birthday, deathday, popularity, profilePath, gender, profession) VALUES(2574774,'Gregory Van Horn','','',0.6,'',0,'Art');
INSERT INTO SeriesCredits(seriesId, personId, job) VALUES(58841,2574774,'Production Design');
INSERT INTO Personen(id, name, birthday, deathday, popularity, profilePath, gender, profession) VALUES(57164,'Terry Blythe','','',0.6,'',0,'Editing');
INSERT INTO SeriesCredits(seriesId, personId, job) VALUES(58841,57164,'Producer');
INSERT INTO SeriesCredits(seriesId, personId, job) VALUES(58841,1735045,'Supervising Producer');
INSERT INTO SeriesCredits(seriesId, personId, job) VALUES(58841,2579153,'Co-Executive Producer');
INSERT INTO Personen(id, name, birthday, deathday, popularity, profilePath, gender, profession) VALUES(1214632,'Daniel Arkin','','',0.84,'',2,'Writing');
INSERT INTO SeriesCredits(seriesId, personId, job) VALUES(58841,1214632,'Co-Executive Producer');
INSERT INTO Personen(id, name, birthday, deathday, popularity, profilePath, gender, profession) VALUES(1868485,'Gwen Sigan','','',1.62,'',1,'Writing');
INSERT INTO SeriesCredits(seriesId, personId, job) VALUES(58841,1868485,'Co-Executive Producer');
INSERT INTO Series(id, title, overview, popularity, seasons, episodes, posterPath, voteCount, voteAvg, firstAir, lastAir, tagline) VALUES(102966,'100 días para enamorarnos','Two couples who struggle to be near each other decide to give another chance for each other, 100 days for them to fall back in love.',175.982,2,92,'/r13t1ohRQAlZpsjxgTKY7ypkWPc.jpg',791, 7.7,'2020-04-28', '2021-04-08', '');
INSERT INTO SeriesCountry(seriesId, countryId) VALUES(102966,'US');
INSERT INTO SeriesNetwork(seriesId, networkId) VALUES(102966,'193');
INSERT INTO Personen(id, name, birthday, deathday, popularity, profilePath, gender, profession) VALUES(1304459,'Ilse Salas','','',2.705,'/crGLfFHPFAqB4AK4saHQOg72Ehp.jpg',1,'Acting');
INSERT INTO SeriesCredits(seriesId, personId, job) VALUES(102966,1304459,'Actor');
INSERT INTO Personen(id, name, birthday, deathday, popularity, profilePath, gender, profession) VALUES(1309844,'Mariana Treviño','','',1.646,'/d1N3CLQzrARgFLTLTJdKNgtlapB.jpg',1,'Acting');
INSERT INTO SeriesCredits(seriesId, personId, job) VALUES(102966,1309844,'Actor');
INSERT INTO Personen(id, name, birthday, deathday, popularity, profilePath, gender, profession) VALUES(1240883,'Erick Elías','','',3.188,'/npoMDCYD7SVUyrDzvkA4jrUQ3pA.jpg',2,'Acting');
INSERT INTO SeriesCredits(seriesId, personId, job) VALUES(102966,1240883,'Actor');
INSERT INTO Personen(id, name, birthday, deathday, popularity, profilePath, gender, profession) VALUES(1641668,'David Chocarro','','',3.197,'/ldtTyMLNvcub8e6Hrr5vll0xBes.jpg',2,'Acting');
INSERT INTO SeriesCredits(seriesId, personId, job) VALUES(102966,1641668,'Actor');
INSERT INTO Personen(id, name, birthday, deathday, popularity, profilePath, gender, profession) VALUES(2561320,'Sylvia Sáenz','','',0.6,'',1,'Acting');
INSERT INTO SeriesCredits(seriesId, personId, job) VALUES(102966,2561320,'Actor');
INSERT INTO Personen(id, name, birthday, deathday, popularity, profilePath, gender, profession) VALUES(1464672,'Héctor Suárez Gomís','','',0.6,'',2,'Acting');
INSERT INTO SeriesCredits(seriesId, personId, job) VALUES(102966,1464672,'Actor');
INSERT INTO Series(id, title, overview, popularity, seasons, episodes, posterPath, voteCount, voteAvg, firstAir, lastAir, tagline) VALUES(89641,'Love Alarm','Love Alarm is an app that tells you if someone within a 10-meter radius has a crush on you. It quickly becomes a social phenomenon. While everyone talks about it and uses it to test their love and popularity, Jojo is one of the few people who have yet to download the app. However, she soon faces a love triangle situation between Sun-oh whom she starts to have feelings for, and Hye-young, who has had a huge crush on her.',175.312,2,14,'/hQ8Hobo1RpYuZVQJQOCycNMHAG.jpg',1369, 8.5,'2019-08-22', '2021-03-12', 'When you turn on the application, your heart will ring');
INSERT INTO SeriesGenre(seriesId, genreId) VALUES(89641,'18');
INSERT INTO SeriesGenre(seriesId, genreId) VALUES(89641,'10765');
INSERT INTO SeriesCountry(seriesId, countryId) VALUES(89641,'KR');
INSERT INTO SeriesNetwork(seriesId, networkId) VALUES(89641,'213');
INSERT INTO Personen(id, name, birthday, deathday, popularity, profilePath, gender, profession) VALUES(235731,'Kim So-hyun','','',9.808,'/4rmnKUGykuYKBDPsmypYKrklw64.jpg',1,'Acting');
INSERT INTO SeriesCredits(seriesId, personId, job) VALUES(89641,235731,'Actor');
INSERT INTO Personen(id, name, birthday, deathday, popularity, profilePath, gender, profession) VALUES(1865300,'Jung Ga-ram','','',3.373,'/vKk9FIHPRQlHXnxFZKTGVLHcIRV.jpg',2,'Acting');
INSERT INTO SeriesCredits(seriesId, personId, job) VALUES(89641,1865300,'Actor');
INSERT INTO Personen(id, name, birthday, deathday, popularity, profilePath, gender, profession) VALUES(1878952,'Song Kang','','',7.893,'/cFBkErXLX1cIzv7R3y9d5DY7bwF.jpg',2,'Acting');
INSERT INTO SeriesCredits(seriesId, personId, job) VALUES(89641,1878952,'Actor');
INSERT INTO Personen(id, name, birthday, deathday, popularity, profilePath, gender, profession) VALUES(1787992,'Go Min-si','','',5.952,'/tgBb9dDyewLlautcmJH9KSXZz1O.jpg',1,'Acting');
INSERT INTO SeriesCredits(seriesId, personId, job) VALUES(89641,1787992,'Actor');
INSERT INTO Personen(id, name, birthday, deathday, popularity, profilePath, gender, profession) VALUES(1307736,'Lee Jae-eung','','',3.96,'/eXet0PJzTzYZkmI6yyfVVfOFmzC.jpg',2,'Acting');
INSERT INTO SeriesCredits(seriesId, personId, job) VALUES(89641,1307736,'Actor');
INSERT INTO Personen(id, name, birthday, deathday, popularity, profilePath, gender, profession) VALUES(2369771,'Kim Si-eun','','',2.17,'/ffG6awnRhK1IwWsprvpWtwrpwhI.jpg',1,'Acting');
INSERT INTO SeriesCredits(seriesId, personId, job) VALUES(89641,2369771,'Actor');
INSERT INTO Personen(id, name, birthday, deathday, popularity, profilePath, gender, profession) VALUES(1796973,'Kim Jin-woo','','',0.6,'',0,'Directing');
INSERT INTO SeriesCredits(seriesId, personId, job) VALUES(89641,1796973,'Director');
INSERT INTO Personen(id, name, birthday, deathday, popularity, profilePath, gender, profession) VALUES(2884028,'Cha Yeon-su','','',0.98,'',0,'Writing');
INSERT INTO SeriesCredits(seriesId, personId, job) VALUES(89641,2884028,'Writer');
INSERT INTO Personen(id, name, birthday, deathday, popularity, profilePath, gender, profession) VALUES(2884030,'Kim Seo-hee','','',0.6,'',0,'Writing');
INSERT INTO SeriesCredits(seriesId, personId, job) VALUES(89641,2884030,'Writer');
INSERT INTO Personen(id, name, birthday, deathday, popularity, profilePath, gender, profession) VALUES(1806407,'Chon Kye-young','','',0.6,'',1,'Writing');
INSERT INTO SeriesCredits(seriesId, personId, job) VALUES(89641,1806407,'Comic Book');
INSERT INTO SeriesWeekPopularity(seriesId, weekNr, popularity, voteAVG, voteCount) VALUES ('88396', 15, 4323.528, 7.8, 3585);
INSERT INTO SeriesWeekPopularity(seriesId, weekNr, popularity, voteAVG, voteCount) VALUES ('71712', 15, 1871.878, 8.6, 7620);
INSERT INTO SeriesWeekPopularity(seriesId, weekNr, popularity, voteAVG, voteCount) VALUES ('60735', 15, 1276.118, 7.7, 7320);
INSERT INTO SeriesWeekPopularity(seriesId, weekNr, popularity, voteAVG, voteCount) VALUES ('69050', 15, 1038.162, 8.6, 10955);
INSERT INTO SeriesWeekPopularity(seriesId, weekNr, popularity, voteAVG, voteCount) VALUES ('95557', 15, 938.02, 8.9, 566);
INSERT INTO SeriesWeekPopularity(seriesId, weekNr, popularity, voteAVG, voteCount) VALUES ('1416', 15, 927.829, 8.2, 5821);
INSERT INTO SeriesWeekPopularity(seriesId, weekNr, popularity, voteAVG, voteCount) VALUES ('120168', 15, 904.362, 7.9, 285);
INSERT INTO SeriesWeekPopularity(seriesId, weekNr, popularity, voteAVG, voteCount) VALUES ('1402', 15, 795.883, 8.1, 10511);
INSERT INTO SeriesWeekPopularity(seriesId, weekNr, popularity, voteAVG, voteCount) VALUES ('63174', 15, 789.89, 8.5, 8198);
INSERT INTO SeriesWeekPopularity(seriesId, weekNr, popularity, voteAVG, voteCount) VALUES ('95057', 15, 775.869, 8.3, 704);
INSERT INTO SeriesWeekPopularity(seriesId, weekNr, popularity, voteAVG, voteCount) VALUES ('85271', 15, 625.058, 8.4, 8075);
INSERT INTO SeriesWeekPopularity(seriesId, weekNr, popularity, voteAVG, voteCount) VALUES ('79460', 15, 541.296, 8.6, 1770);
INSERT INTO SeriesWeekPopularity(seriesId, weekNr, popularity, voteAVG, voteCount) VALUES ('1399', 15, 469.293, 8.4, 13892);
INSERT INTO SeriesWeekPopularity(seriesId, weekNr, popularity, voteAVG, voteCount) VALUES ('62286', 15, 459.043, 7.6, 3339);
INSERT INTO SeriesWeekPopularity(seriesId, weekNr, popularity, voteAVG, voteCount) VALUES ('77169', 15, 432.111, 8.1, 2916);
INSERT INTO SeriesWeekPopularity(seriesId, weekNr, popularity, voteAVG, voteCount) VALUES ('100617', 15, 426.766, 7.7, 177);
INSERT INTO SeriesWeekPopularity(seriesId, weekNr, popularity, voteAVG, voteCount) VALUES ('44217', 15, 418.839, 8, 4326);
INSERT INTO SeriesWeekPopularity(seriesId, weekNr, popularity, voteAVG, voteCount) VALUES ('114695', 15, 414.927, 7.7, 375);
INSERT INTO SeriesWeekPopularity(seriesId, weekNr, popularity, voteAVG, voteCount) VALUES ('65334', 15, 405.25, 7.8, 2373);
INSERT INTO SeriesWeekPopularity(seriesId, weekNr, popularity, voteAVG, voteCount) VALUES ('91605', 15, 389.686, 5.3, 17);
INSERT INTO SeriesWeekPopularity(seriesId, weekNr, popularity, voteAVG, voteCount) VALUES ('96580', 15, 387.639, 8.4, 150);
INSERT INTO SeriesWeekPopularity(seriesId, weekNr, popularity, voteAVG, voteCount) VALUES ('76669', 15, 385.776, 8.2, 6243);
INSERT INTO SeriesWeekPopularity(seriesId, weekNr, popularity, voteAVG, voteCount) VALUES ('79744', 15, 381.621, 8, 437);
INSERT INTO SeriesWeekPopularity(seriesId, weekNr, popularity, voteAVG, voteCount) VALUES ('18165', 15, 378.532, 8.3, 5640);
INSERT INTO SeriesWeekPopularity(seriesId, weekNr, popularity, voteAVG, voteCount) VALUES ('48866', 15, 369.542, 7.9, 5977);
INSERT INTO SeriesWeekPopularity(seriesId, weekNr, popularity, voteAVG, voteCount) VALUES ('117023', 15, 348.174, 7.8, 158);
INSERT INTO SeriesWeekPopularity(seriesId, weekNr, popularity, voteAVG, voteCount) VALUES ('93693', 15, 340.717, 7.5, 137);
INSERT INTO SeriesWeekPopularity(seriesId, weekNr, popularity, voteAVG, voteCount) VALUES ('76231', 15, 332.983, 7.9, 162);
INSERT INTO SeriesWeekPopularity(seriesId, weekNr, popularity, voteAVG, voteCount) VALUES ('82856', 15, 325.804, 8.5, 6207);
INSERT INTO SeriesWeekPopularity(seriesId, weekNr, popularity, voteAVG, voteCount) VALUES ('95479', 15, 315.117, 8.5, 841);
INSERT INTO SeriesWeekPopularity(seriesId, weekNr, popularity, voteAVG, voteCount) VALUES ('46260', 15, 314.926, 8.4, 3421);
INSERT INTO SeriesWeekPopularity(seriesId, weekNr, popularity, voteAVG, voteCount) VALUES ('67335', 15, 306.239, 7.5, 1999);
INSERT INTO SeriesWeekPopularity(seriesId, weekNr, popularity, voteAVG, voteCount) VALUES ('97513', 15, 305.583, 7.5, 563);
INSERT INTO SeriesWeekPopularity(seriesId, weekNr, popularity, voteAVG, voteCount) VALUES ('456', 15, 292.315, 7.8, 6369);
INSERT INTO SeriesWeekPopularity(seriesId, weekNr, popularity, voteAVG, voteCount) VALUES ('93808', 15, 290.327, 7.2, 148);
INSERT INTO SeriesWeekPopularity(seriesId, weekNr, popularity, voteAVG, voteCount) VALUES ('76479', 15, 282.98, 8.4, 4370);
INSERT INTO SeriesWeekPopularity(seriesId, weekNr, popularity, voteAVG, voteCount) VALUES ('1622', 15, 279.673, 8.2, 4992);
INSERT INTO SeriesWeekPopularity(seriesId, weekNr, popularity, voteAVG, voteCount) VALUES ('67133', 15, 269.817, 7.2, 604);
INSERT INTO SeriesWeekPopularity(seriesId, weekNr, popularity, voteAVG, voteCount) VALUES ('44953', 15, 268.839, 7.7, 1154);
INSERT INTO SeriesWeekPopularity(seriesId, weekNr, popularity, voteAVG, voteCount) VALUES ('4604', 15, 268.635, 8.2, 2333);
INSERT INTO SeriesWeekPopularity(seriesId, weekNr, popularity, voteAVG, voteCount) VALUES ('1911', 15, 257.467, 8.3, 1932);
INSERT INTO SeriesWeekPopularity(seriesId, weekNr, popularity, voteAVG, voteCount) VALUES ('34524', 15, 256.842, 8.6, 2303);
INSERT INTO SeriesWeekPopularity(seriesId, weekNr, popularity, voteAVG, voteCount) VALUES ('60574', 15, 256.474, 8.6, 2373);
INSERT INTO SeriesWeekPopularity(seriesId, weekNr, popularity, voteAVG, voteCount) VALUES ('66203', 15, 253.424, 7.9, 555);
INSERT INTO SeriesWeekPopularity(seriesId, weekNr, popularity, voteAVG, voteCount) VALUES ('75006', 15, 250.15, 8.7, 6602);
INSERT INTO SeriesWeekPopularity(seriesId, weekNr, popularity, voteAVG, voteCount) VALUES ('1413', 15, 248.188, 8.1, 3423);
INSERT INTO SeriesWeekPopularity(seriesId, weekNr, popularity, voteAVG, voteCount) VALUES ('79611', 15, 246.531, 7.3, 250);
INSERT INTO SeriesWeekPopularity(seriesId, weekNr, popularity, voteAVG, voteCount) VALUES ('1396', 15, 246.173, 8.7, 6851);
INSERT INTO SeriesWeekPopularity(seriesId, weekNr, popularity, voteAVG, voteCount) VALUES ('89247', 15, 245.377, 7.3, 1020);
INSERT INTO SeriesWeekPopularity(seriesId, weekNr, popularity, voteAVG, voteCount) VALUES ('5920', 15, 244.52, 8.4, 2051);
INSERT INTO SeriesWeekPopularity(seriesId, weekNr, popularity, voteAVG, voteCount) VALUES ('105009', 15, 244.076, 8, 1);
INSERT INTO SeriesWeekPopularity(seriesId, weekNr, popularity, voteAVG, voteCount) VALUES ('76773', 15, 242.115, 8.2, 757);
INSERT INTO SeriesWeekPopularity(seriesId, weekNr, popularity, voteAVG, voteCount) VALUES ('31910', 15, 239.15, 8.6, 5135);
INSERT INTO SeriesWeekPopularity(seriesId, weekNr, popularity, voteAVG, voteCount) VALUES ('89901', 15, 235.458, 8.7, 317);
INSERT INTO SeriesWeekPopularity(seriesId, weekNr, popularity, voteAVG, voteCount) VALUES ('79242', 15, 233.19, 8.4, 2474);
INSERT INTO SeriesWeekPopularity(seriesId, weekNr, popularity, voteAVG, voteCount) VALUES ('11250', 15, 227.236, 7.7, 1344);
INSERT INTO SeriesWeekPopularity(seriesId, weekNr, popularity, voteAVG, voteCount) VALUES ('104877', 15, 226.446, 8.4, 92);
INSERT INTO SeriesWeekPopularity(seriesId, weekNr, popularity, voteAVG, voteCount) VALUES ('66732', 15, 224.677, 8.6, 8003);
INSERT INTO SeriesWeekPopularity(seriesId, weekNr, popularity, voteAVG, voteCount) VALUES ('99121', 15, 224.366, 7, 44);
INSERT INTO SeriesWeekPopularity(seriesId, weekNr, popularity, voteAVG, voteCount) VALUES ('117581', 15, 222.547, 8.1, 432);
INSERT INTO SeriesWeekPopularity(seriesId, weekNr, popularity, voteAVG, voteCount) VALUES ('80020', 15, 221.168, 7.5, 1831);
INSERT INTO SeriesWeekPopularity(seriesId, weekNr, popularity, voteAVG, voteCount) VALUES ('12971', 15, 219.71, 8.2, 2201);
INSERT INTO SeriesWeekPopularity(seriesId, weekNr, popularity, voteAVG, voteCount) VALUES ('1408', 15, 216.172, 8.6, 3404);
INSERT INTO SeriesWeekPopularity(seriesId, weekNr, popularity, voteAVG, voteCount) VALUES ('60797', 15, 216.167, 8.2, 2260);
INSERT INTO SeriesWeekPopularity(seriesId, weekNr, popularity, voteAVG, voteCount) VALUES ('4057', 15, 215.764, 8.2, 2248);
INSERT INTO SeriesWeekPopularity(seriesId, weekNr, popularity, voteAVG, voteCount) VALUES ('1434', 15, 215.215, 7, 2705);
INSERT INTO SeriesWeekPopularity(seriesId, weekNr, popularity, voteAVG, voteCount) VALUES ('71446', 15, 211.863, 8.3, 12714);
INSERT INTO SeriesWeekPopularity(seriesId, weekNr, popularity, voteAVG, voteCount) VALUES ('75219', 15, 210.85, 8.1, 1255);
INSERT INTO SeriesWeekPopularity(seriesId, weekNr, popularity, voteAVG, voteCount) VALUES ('2734', 15, 210.529, 7.8, 2364);
INSERT INTO SeriesWeekPopularity(seriesId, weekNr, popularity, voteAVG, voteCount) VALUES ('82883', 15, 209.801, 7.5, 3812);
INSERT INTO SeriesWeekPopularity(seriesId, weekNr, popularity, voteAVG, voteCount) VALUES ('104711', 15, 207.274, 8.5, 2);
INSERT INTO SeriesWeekPopularity(seriesId, weekNr, popularity, voteAVG, voteCount) VALUES ('1429', 15, 205.94, 8.6, 3218);
INSERT INTO SeriesWeekPopularity(seriesId, weekNr, popularity, voteAVG, voteCount) VALUES ('62688', 15, 204.124, 7.2, 2944);
INSERT INTO SeriesWeekPopularity(seriesId, weekNr, popularity, voteAVG, voteCount) VALUES ('87083', 15, 203.022, 8.3, 79);
INSERT INTO SeriesWeekPopularity(seriesId, weekNr, popularity, voteAVG, voteCount) VALUES ('46952', 15, 201.763, 7.4, 1920);
INSERT INTO SeriesWeekPopularity(seriesId, weekNr, popularity, voteAVG, voteCount) VALUES ('118956', 15, 200.733, 8.2, 90);
INSERT INTO SeriesWeekPopularity(seriesId, weekNr, popularity, voteAVG, voteCount) VALUES ('79680', 15, 199.932, 7.4, 609);
INSERT INTO SeriesWeekPopularity(seriesId, weekNr, popularity, voteAVG, voteCount) VALUES ('115857', 15, 198.82, 7.4, 768);
INSERT INTO SeriesWeekPopularity(seriesId, weekNr, popularity, voteAVG, voteCount) VALUES ('44006', 15, 198.325, 8.3, 1305);
INSERT INTO SeriesWeekPopularity(seriesId, weekNr, popularity, voteAVG, voteCount) VALUES ('71789', 15, 195.575, 7.8, 880);
INSERT INTO SeriesWeekPopularity(seriesId, weekNr, popularity, voteAVG, voteCount) VALUES ('37680', 15, 195.53, 8, 2038);
INSERT INTO SeriesWeekPopularity(seriesId, weekNr, popularity, voteAVG, voteCount) VALUES ('80350', 15, 194.594, 8.4, 308);
INSERT INTO SeriesWeekPopularity(seriesId, weekNr, popularity, voteAVG, voteCount) VALUES ('106519', 15, 193.013, 7.4, 5);
INSERT INTO SeriesWeekPopularity(seriesId, weekNr, popularity, voteAVG, voteCount) VALUES ('46639', 15, 192.222, 7.1, 1033);
INSERT INTO SeriesWeekPopularity(seriesId, weekNr, popularity, voteAVG, voteCount) VALUES ('97175', 15, 192.206, 8.5, 648);
INSERT INTO SeriesWeekPopularity(seriesId, weekNr, popularity, voteAVG, voteCount) VALUES ('71728', 15, 190.021, 8, 1191);
INSERT INTO SeriesWeekPopularity(seriesId, weekNr, popularity, voteAVG, voteCount) VALUES ('31132', 15, 188.215, 8.7, 1042);
INSERT INTO SeriesWeekPopularity(seriesId, weekNr, popularity, voteAVG, voteCount) VALUES ('72637', 15, 187.506, 8.8, 311);
INSERT INTO SeriesWeekPopularity(seriesId, weekNr, popularity, voteAVG, voteCount) VALUES ('71663', 15, 185.446, 7.2, 557);
INSERT INTO SeriesWeekPopularity(seriesId, weekNr, popularity, voteAVG, voteCount) VALUES ('12637', 15, 185.276, 8.5, 3813);
INSERT INTO SeriesWeekPopularity(seriesId, weekNr, popularity, voteAVG, voteCount) VALUES ('4614', 15, 184.769, 7.4, 1450);
INSERT INTO SeriesWeekPopularity(seriesId, weekNr, popularity, voteAVG, voteCount) VALUES ('1418', 15, 182.904, 7.7, 7057);
INSERT INTO SeriesWeekPopularity(seriesId, weekNr, popularity, voteAVG, voteCount) VALUES ('75875', 15, 181.363, 8.7, 10);
INSERT INTO SeriesWeekPopularity(seriesId, weekNr, popularity, voteAVG, voteCount) VALUES ('1668', 15, 180.565, 8.4, 4331);
INSERT INTO SeriesWeekPopularity(seriesId, weekNr, popularity, voteAVG, voteCount) VALUES ('81356', 15, 180.063, 8.3, 3625);
INSERT INTO SeriesWeekPopularity(seriesId, weekNr, popularity, voteAVG, voteCount) VALUES ('96677', 15, 176.846, 7.9, 740);
INSERT INTO SeriesWeekPopularity(seriesId, weekNr, popularity, voteAVG, voteCount) VALUES ('2190', 15, 176.433, 8.2, 2306);
INSERT INTO SeriesWeekPopularity(seriesId, weekNr, popularity, voteAVG, voteCount) VALUES ('58841', 15, 176.16, 8.4, 1398);
INSERT INTO SeriesWeekPopularity(seriesId, weekNr, popularity, voteAVG, voteCount) VALUES ('102966', 15, 175.982, 7.7, 789);
INSERT INTO SeriesWeekPopularity(seriesId, weekNr, popularity, voteAVG, voteCount) VALUES ('89641', 15, 175.312, 8.5, 1368);
INSERT INTO Personen(id, name, birthday, deathday, popularity, profilePath, gender, profession) VALUES(48,'Sean Bean','1959-04-17','',31.686,'/kTjiABk3TJ3yI0Cto5RsvyT6V3o.jpg',2,'Acting');
INSERT INTO Personen(id, name, birthday, deathday, popularity, profilePath, gender, profession) VALUES(85,'Johnny Depp','1963-06-09','',27.93,'/ilPBHd3r3ahlipNQtjr4E3G04jJ.jpg',2,'Acting');
INSERT INTO Personen(id, name, birthday, deathday, popularity, profilePath, gender, profession) VALUES(31,'Tom Hanks','1956-07-09','',26.29,'/xndWFsBlClOJFRdhSt4NBwiPq2o.jpg',2,'Acting');
INSERT INTO Personen(id, name, birthday, deathday, popularity, profilePath, gender, profession) VALUES(2067860,'Jeon Yeo-been','1989-07-26','',24.776,'/yfWBjcdX0xPBpDOHXQTBnnxTqwQ.jpg',1,'Acting');
INSERT INTO Personen(id, name, birthday, deathday, popularity, profilePath, gender, profession) VALUES(1670767,'Trey Tucker','','',24.73,'/sw9M6LMsfUtFxLUHmB0y2VjON5a.jpg',2,'Acting');
INSERT INTO Personen(id, name, birthday, deathday, popularity, profilePath, gender, profession) VALUES(1166983,'Jennie Silfverhjelm','1979-12-15','',21.972,'/tgFWvnh6idwctPPo9nHJSLQ6Ofk.jpg',1,'Acting');
INSERT INTO Personen(id, name, birthday, deathday, popularity, profilePath, gender, profession) VALUES(1793925,'William Brand','','',21.799,'/7NXZlFmsVZ861bpbFeM0Nnm0Mto.jpg',0,'Acting');
INSERT INTO Personen(id, name, birthday, deathday, popularity, profilePath, gender, profession) VALUES(500,'Tom Cruise','1962-07-03','',21.675,'/gThaIXgpCm3PCiXwFNDBJCme85y.jpg',2,'Acting');
INSERT INTO Personen(id, name, birthday, deathday, popularity, profilePath, gender, profession) VALUES(224513,'Ana de Armas','1988-04-30','',21.243,'/14uxt0jH28J9zn4vNQNTae3Bmr7.jpg',1,'Acting');
INSERT INTO Personen(id, name, birthday, deathday, popularity, profilePath, gender, profession) VALUES(53573,'Olek Krupa','1955-08-31','',21.025,'/jTVCCZCm16aZeUCXnoSd4EldfyN.jpg',2,'Acting');
INSERT INTO Personen(id, name, birthday, deathday, popularity, profilePath, gender, profession) VALUES(109513,'Alexandra Daddario','1986-03-16','',20.27,'/lh5zibQXYH1MNqkuX8TmxyNYHhK.jpg',1,'Acting');
INSERT INTO Personen(id, name, birthday, deathday, popularity, profilePath, gender, profession) VALUES(57395,'Natasha Henstridge','1974-08-15','',19.998,'/A2e6Fq2yyqQrouYn27MdYuv0pXv.jpg',1,'Acting');
INSERT INTO Personen(id, name, birthday, deathday, popularity, profilePath, gender, profession) VALUES(10297,'Matthew McConaughey','1969-11-04','',19.807,'/wJiGedOCZhwMx9DezY8uwbNxmAY.jpg',2,'Acting');
INSERT INTO Personen(id, name, birthday, deathday, popularity, profilePath, gender, profession) VALUES(287,'Brad Pitt','1963-12-18','',19.717,'/oTB9vGIBacH5aQNS0pUM74QSWuf.jpg',2,'Acting');
INSERT INTO Personen(id, name, birthday, deathday, popularity, profilePath, gender, profession) VALUES(53714,'Rachel McAdams','1978-11-17','',19.702,'/1PoAxIDpFnc91QNumrtTUZF8LCE.jpg',1,'Acting');
INSERT INTO Personen(id, name, birthday, deathday, popularity, profilePath, gender, profession) VALUES(56731,'Jessica Alba','1981-04-28','',19.449,'/tyZ2r0tiPtTkE2udDEVbNXnMV4v.jpg',1,'Acting');
INSERT INTO Personen(id, name, birthday, deathday, popularity, profilePath, gender, profession) VALUES(4391,'Charles Dance','1946-10-10','',19.156,'/nENJ1857GJWdRY7JGhyiROoI2rN.jpg',2,'Acting');
INSERT INTO Personen(id, name, birthday, deathday, popularity, profilePath, gender, profession) VALUES(55085,'Amber Heard','1986-04-22','',19.109,'/1cb5mGzGB6Sj2JPkWt9W16B19Bf.jpg',1,'Acting');
INSERT INTO Personen(id, name, birthday, deathday, popularity, profilePath, gender, profession) VALUES(2093355,'Yoo Sul-young','1995-03-17','',19.067,'',1,'Acting');
INSERT INTO Personen(id, name, birthday, deathday, popularity, profilePath, gender, profession) VALUES(112,'Cate Blanchett','1969-05-14','',18.967,'/vUuEHiAR0eD3XEJhg2DWIjymUAA.jpg',1,'Acting');
INSERT INTO Personen(id, name, birthday, deathday, popularity, profilePath, gender, profession) VALUES(2472212,'Sae Bom','','',18.6,'/w9AHNGm7NGxeXMYj3NskLV0QrY4.jpg',1,'Acting');
INSERT INTO Personen(id, name, birthday, deathday, popularity, profilePath, gender, profession) VALUES(10882,'Rosamund Pike','1979-01-27','',18.117,'/8ObNklHDi2hjdz0ayzJFB9jtqzm.jpg',1,'Acting');
INSERT INTO Personen(id, name, birthday, deathday, popularity, profilePath, gender, profession) VALUES(8170,'Eva Mendes','1974-03-05','',18.053,'/3mlMH6a26FSdBDWTjznSOKLBLDp.jpg',1,'Acting');
INSERT INTO Personen(id, name, birthday, deathday, popularity, profilePath, gender, profession) VALUES(5293,'Willem Dafoe','1955-07-22','',17.853,'/ui8e4sgZAwMPi3hzEO53jyBJF9B.jpg',2,'Acting');
INSERT INTO Personen(id, name, birthday, deathday, popularity, profilePath, gender, profession) VALUES(72129,'Jennifer Lawrence','1990-08-15','',17.831,'/hvMB8ItfetI8baJJ15XgI4gITqf.jpg',1,'Acting');
INSERT INTO Personen(id, name, birthday, deathday, popularity, profilePath, gender, profession) VALUES(114019,'Luke Evans','1979-04-15','',17.765,'/qUkYJcrDc4M0LHNYASs30luFvw0.jpg',2,'Acting');
INSERT INTO Personen(id, name, birthday, deathday, popularity, profilePath, gender, profession) VALUES(1929457,'Nicky Torchia','2003-09-24','',17.536,'/iGjseMk269eiAzKBwNnbFLi5fNI.jpg',2,'Acting');
INSERT INTO Personen(id, name, birthday, deathday, popularity, profilePath, gender, profession) VALUES(11705,'Michelle Monaghan','1976-03-23','',17.51,'/jB47BoGdudHELszn9ZAZqnnUy8N.jpg',1,'Acting');
INSERT INTO Personen(id, name, birthday, deathday, popularity, profilePath, gender, profession) VALUES(3,'Harrison Ford','1942-07-13','',17.102,'/klPehAfaQDatLLQ8dN4lMcb4ESo.jpg',2,'Acting');
INSERT INTO Personen(id, name, birthday, deathday, popularity, profilePath, gender, profession) VALUES(1894505,'Walaipech Link Khunthira','','',16.952,'/al32bKQdLGyCljkkIVfpAEQJiWC.jpg',0,'Acting');
INSERT INTO Personen(id, name, birthday, deathday, popularity, profilePath, gender, profession) VALUES(2282,'Ben Kingsley','1943-12-31','',16.793,'/k3Dmu49B2akwDvgqy52MOxznI59.jpg',2,'Acting');
INSERT INTO Personen(id, name, birthday, deathday, popularity, profilePath, gender, profession) VALUES(6193,'Leonardo DiCaprio','1974-11-11','',16.712,'/wo2hJpn04vbtmh0B9utCFdsQhxM.jpg',2,'Acting');
INSERT INTO Personen(id, name, birthday, deathday, popularity, profilePath, gender, profession) VALUES(10990,'Emma Watson','1990-04-15','',16.692,'/dMbd2Rx9ZD5Gl9VXAkGcIKGrAxJ.jpg',1,'Acting');
INSERT INTO Personen(id, name, birthday, deathday, popularity, profilePath, gender, profession) VALUES(10980,'Daniel Radcliffe','1989-07-23','',16.594,'/f9WKorjfanW4PxTxhjRvHtCmfKf.jpg',2,'Acting');
INSERT INTO Personen(id, name, birthday, deathday, popularity, profilePath, gender, profession) VALUES(19292,'Adam Sandler','1966-09-09','',16.473,'/gLkLCsQdwDDPabRhKPB25nGtKwS.jpg',2,'Acting');
INSERT INTO Personen(id, name, birthday, deathday, popularity, profilePath, gender, profession) VALUES(1173223,'Danny Chan Kwok-Kwan','1975-08-01','',16.466,'/5Fp99uq0tb3lQmFjEvdkWxAjwoW.jpg',2,'Acting');
INSERT INTO Personen(id, name, birthday, deathday, popularity, profilePath, gender, profession) VALUES(1173984,'Olivia Cooke','1993-12-27','',16.434,'/mfsn4aFhIEKDSoj7tjsbbWpb9tf.jpg',1,'Acting');
INSERT INTO Personen(id, name, birthday, deathday, popularity, profilePath, gender, profession) VALUES(131,'Jake Gyllenhaal','1980-12-19','',16.38,'/rJdYHYNhlcOBwbPvDZVvt1xw7bi.jpg',2,'Acting');
INSERT INTO Personen(id, name, birthday, deathday, popularity, profilePath, gender, profession) VALUES(8784,'Daniel Craig','1968-03-02','',16.278,'/iFerDZUmC5Fu26i4qI8xnUVEHc7.jpg',2,'Acting');
INSERT INTO Personen(id, name, birthday, deathday, popularity, profilePath, gender, profession) VALUES(10696,'Famke Janssen','1964-11-05','',15.912,'/npeMlVf2hkYj6MDIEcVv7UONDPi.jpg',1,'Acting');
INSERT INTO Personen(id, name, birthday, deathday, popularity, profilePath, gender, profession) VALUES(9642,'Jude Law','1972-12-29','',15.742,'/A6Y0m7qEe04ZTHKyYDLbnyCHNzn.jpg',2,'Acting');
INSERT INTO Personen(id, name, birthday, deathday, popularity, profilePath, gender, profession) VALUES(1954,'Billy Zane','1966-02-24','',15.709,'/9HIubetYWAVLlHNb9aObL0fc0sT.jpg',2,'Acting');
INSERT INTO Personen(id, name, birthday, deathday, popularity, profilePath, gender, profession) VALUES(115150,'Kaya Scodelario','1992-03-13','',15.705,'/4SgZ9Th41WpzUYMyfy0NnJodRtE.jpg',1,'Acting');
INSERT INTO Personen(id, name, birthday, deathday, popularity, profilePath, gender, profession) VALUES(1161472,'Mao Ichimichi','1992-02-01','',15.67,'/2srDQKoMUmBnzVKDARkGIlYRZQy.jpg',1,'Acting');
INSERT INTO Personen(id, name, birthday, deathday, popularity, profilePath, gender, profession) VALUES(116,'Keira Knightley','1985-03-26','',15.668,'/bRC1B2VwV0wK3ElciFAK6QZf2wD.jpg',1,'Acting');
INSERT INTO PersonWeek(personId, weekNr) VALUES (90633, 15);
INSERT INTO PersonWeek(personId, weekNr) VALUES (73968, 15);
INSERT INTO PersonWeek(personId, weekNr) VALUES (1356210, 15);
INSERT INTO PersonWeek(personId, weekNr) VALUES (1245, 15);
INSERT INTO PersonWeek(personId, weekNr) VALUES (18918, 15);
INSERT INTO PersonWeek(personId, weekNr) VALUES (976, 15);
INSERT INTO PersonWeek(personId, weekNr) VALUES (48, 15);
INSERT INTO PersonWeek(personId, weekNr) VALUES (1136406, 15);
INSERT INTO PersonWeek(personId, weekNr) VALUES (2524, 15);
INSERT INTO PersonWeek(personId, weekNr) VALUES (234352, 15);
INSERT INTO PersonWeek(personId, weekNr) VALUES (6384, 15);
INSERT INTO PersonWeek(personId, weekNr) VALUES (85, 15);
INSERT INTO PersonWeek(personId, weekNr) VALUES (56734, 15);
INSERT INTO PersonWeek(personId, weekNr) VALUES (12835, 15);
INSERT INTO PersonWeek(personId, weekNr) VALUES (1222992, 15);
INSERT INTO PersonWeek(personId, weekNr) VALUES (18897, 15);
INSERT INTO PersonWeek(personId, weekNr) VALUES (31, 15);
INSERT INTO PersonWeek(personId, weekNr) VALUES (5292, 15);
INSERT INTO PersonWeek(personId, weekNr) VALUES (1100, 15);
INSERT INTO PersonWeek(personId, weekNr) VALUES (1397778, 15);
INSERT INTO PersonWeek(personId, weekNr) VALUES (2067860, 15);
INSERT INTO PersonWeek(personId, weekNr) VALUES (1670767, 15);
INSERT INTO PersonWeek(personId, weekNr) VALUES (53650, 15);
INSERT INTO PersonWeek(personId, weekNr) VALUES (1813, 15);
INSERT INTO PersonWeek(personId, weekNr) VALUES (1315036, 15);
INSERT INTO PersonWeek(personId, weekNr) VALUES (60898, 15);
INSERT INTO PersonWeek(personId, weekNr) VALUES (1166983, 15);
INSERT INTO PersonWeek(personId, weekNr) VALUES (1793925, 15);
INSERT INTO PersonWeek(personId, weekNr) VALUES (500, 15);
INSERT INTO PersonWeek(personId, weekNr) VALUES (1520843, 15);
INSERT INTO PersonWeek(personId, weekNr) VALUES (117642, 15);
INSERT INTO PersonWeek(personId, weekNr) VALUES (1019, 15);
INSERT INTO PersonWeek(personId, weekNr) VALUES (224513, 15);
INSERT INTO PersonWeek(personId, weekNr) VALUES (26723, 15);
INSERT INTO PersonWeek(personId, weekNr) VALUES (53573, 15);
INSERT INTO PersonWeek(personId, weekNr) VALUES (550843, 15);
INSERT INTO PersonWeek(personId, weekNr) VALUES (109513, 15);
INSERT INTO PersonWeek(personId, weekNr) VALUES (17628, 15);
INSERT INTO PersonWeek(personId, weekNr) VALUES (2963, 15);
INSERT INTO PersonWeek(personId, weekNr) VALUES (57395, 15);
INSERT INTO PersonWeek(personId, weekNr) VALUES (74568, 15);
INSERT INTO PersonWeek(personId, weekNr) VALUES (63, 15);
INSERT INTO PersonWeek(personId, weekNr) VALUES (10297, 15);
INSERT INTO PersonWeek(personId, weekNr) VALUES (287, 15);
INSERT INTO PersonWeek(personId, weekNr) VALUES (53714, 15);
INSERT INTO PersonWeek(personId, weekNr) VALUES (3223, 15);
INSERT INTO PersonWeek(personId, weekNr) VALUES (56731, 15);
INSERT INTO PersonWeek(personId, weekNr) VALUES (2025252, 15);
INSERT INTO PersonWeek(personId, weekNr) VALUES (4391, 15);
INSERT INTO PersonWeek(personId, weekNr) VALUES (880, 15);
INSERT INTO PersonWeek(personId, weekNr) VALUES (55085, 15);
INSERT INTO PersonWeek(personId, weekNr) VALUES (2093355, 15);
INSERT INTO PersonWeek(personId, weekNr) VALUES (543261, 15);
INSERT INTO PersonWeek(personId, weekNr) VALUES (112, 15);
INSERT INTO PersonWeek(personId, weekNr) VALUES (2888, 15);
INSERT INTO PersonWeek(personId, weekNr) VALUES (2472212, 15);
INSERT INTO PersonWeek(personId, weekNr) VALUES (84247, 15);
INSERT INTO PersonWeek(personId, weekNr) VALUES (10882, 15);
INSERT INTO PersonWeek(personId, weekNr) VALUES (1223786, 15);
INSERT INTO PersonWeek(personId, weekNr) VALUES (3896, 15);
INSERT INTO PersonWeek(personId, weekNr) VALUES (8170, 15);
INSERT INTO PersonWeek(personId, weekNr) VALUES (1522703, 15);
INSERT INTO PersonWeek(personId, weekNr) VALUES (5293, 15);
INSERT INTO PersonWeek(personId, weekNr) VALUES (72129, 15);
INSERT INTO PersonWeek(personId, weekNr) VALUES (114019, 15);
INSERT INTO PersonWeek(personId, weekNr) VALUES (71580, 15);
INSERT INTO PersonWeek(personId, weekNr) VALUES (935, 15);
INSERT INTO PersonWeek(personId, weekNr) VALUES (1929457, 15);
INSERT INTO PersonWeek(personId, weekNr) VALUES (28846, 15);
INSERT INTO PersonWeek(personId, weekNr) VALUES (11705, 15);
INSERT INTO PersonWeek(personId, weekNr) VALUES (144216, 15);
INSERT INTO PersonWeek(personId, weekNr) VALUES (1246972, 15);
INSERT INTO PersonWeek(personId, weekNr) VALUES (3, 15);
INSERT INTO PersonWeek(personId, weekNr) VALUES (1894505, 15);
INSERT INTO PersonWeek(personId, weekNr) VALUES (16828, 15);
INSERT INTO PersonWeek(personId, weekNr) VALUES (1042728, 15);
INSERT INTO PersonWeek(personId, weekNr) VALUES (2282, 15);
INSERT INTO PersonWeek(personId, weekNr) VALUES (6193, 15);
INSERT INTO PersonWeek(personId, weekNr) VALUES (10990, 15);
INSERT INTO PersonWeek(personId, weekNr) VALUES (10980, 15);
INSERT INTO PersonWeek(personId, weekNr) VALUES (62, 15);
INSERT INTO PersonWeek(personId, weekNr) VALUES (19292, 15);
INSERT INTO PersonWeek(personId, weekNr) VALUES (1173223, 15);
INSERT INTO PersonWeek(personId, weekNr) VALUES (1173984, 15);
INSERT INTO PersonWeek(personId, weekNr) VALUES (131, 15);
INSERT INTO PersonWeek(personId, weekNr) VALUES (1457461, 15);
INSERT INTO PersonWeek(personId, weekNr) VALUES (8784, 15);
INSERT INTO PersonWeek(personId, weekNr) VALUES (132312, 15);
INSERT INTO PersonWeek(personId, weekNr) VALUES (70456, 15);
INSERT INTO PersonWeek(personId, weekNr) VALUES (10859, 15);
INSERT INTO PersonWeek(personId, weekNr) VALUES (1281, 15);
INSERT INTO PersonWeek(personId, weekNr) VALUES (54693, 15);
INSERT INTO PersonWeek(personId, weekNr) VALUES (10696, 15);
INSERT INTO PersonWeek(personId, weekNr) VALUES (61697, 15);
INSERT INTO PersonWeek(personId, weekNr) VALUES (9642, 15);
INSERT INTO PersonWeek(personId, weekNr) VALUES (1954, 15);
INSERT INTO PersonWeek(personId, weekNr) VALUES (115150, 15);
INSERT INTO PersonWeek(personId, weekNr) VALUES (1283843, 15);
INSERT INTO PersonWeek(personId, weekNr) VALUES (1161472, 15);
INSERT INTO PersonWeek(personId, weekNr) VALUES (116, 15);
